fecha,valor
04-01-1999,553.04
05-01-1999,557.59
06-01-1999,556.82
07-01-1999,553.29
08-01-1999,549.2
09-01-1999,NaN
10-01-1999,NaN
11-01-1999,544.44
12-01-1999,544.14
13-01-1999,547.43
14-01-1999,559.48
15-01-1999,556.61
16-01-1999,NaN
17-01-1999,NaN
18-01-1999,555.74
19-01-1999,553.13
20-01-1999,556.12
21-01-1999,553.9
22-01-1999,554.19
23-01-1999,NaN
24-01-1999,NaN
25-01-1999,555.53
26-01-1999,553.83
27-01-1999,554.21
28-01-1999,551.6
29-01-1999,551.28
30-01-1999,NaN
31-01-1999,NaN
01-02-1999,554.81
02-02-1999,552.78
03-02-1999,556.05
04-02-1999,558.45
05-02-1999,555.28
06-02-1999,NaN
07-02-1999,NaN
08-02-1999,549.56
09-02-1999,553.33
10-02-1999,557.29
11-02-1999,558.49
12-02-1999,556.92
13-02-1999,NaN
14-02-1999,NaN
15-02-1999,557.15
16-02-1999,558.34
17-02-1999,556.5
18-02-1999,559.16
19-02-1999,557.53
20-02-1999,NaN
21-02-1999,NaN
22-02-1999,549.21
23-02-1999,545.63
24-02-1999,544.36
25-02-1999,545.06
26-02-1999,552.19
27-02-1999,NaN
28-02-1999,NaN
01-03-1999,552.17
02-03-1999,549.02
03-03-1999,549.86
04-03-1999,544.91
05-03-1999,537.02
06-03-1999,NaN
07-03-1999,NaN
08-03-1999,541.92
09-03-1999,539.41
10-03-1999,536.15
11-03-1999,539.77
12-03-1999,538.97
13-03-1999,NaN
14-03-1999,NaN
15-03-1999,536.42
16-03-1999,538.86
17-03-1999,536.07
18-03-1999,540.78
19-03-1999,539.22
20-03-1999,NaN
21-03-1999,NaN
22-03-1999,533.38
23-03-1999,534.28
24-03-1999,534.7
25-03-1999,535.68
26-03-1999,530.31
27-03-1999,NaN
28-03-1999,NaN
29-03-1999,521.73
30-03-1999,521.13
31-03-1999,519.52
01-04-1999,523.05
02-04-1999,NaN
03-04-1999,NaN
04-04-1999,NaN
05-04-1999,524.45
06-04-1999,521.09
07-04-1999,523.37
08-04-1999,522.47
09-04-1999,524.02
10-04-1999,NaN
11-04-1999,NaN
12-04-1999,522.93
13-04-1999,523.54
14-04-1999,519.87
15-04-1999,517.05
16-04-1999,512.6
17-04-1999,NaN
18-04-1999,NaN
19-04-1999,511.16
20-04-1999,505.89
21-04-1999,505.85
22-04-1999,508.41
23-04-1999,511
24-04-1999,NaN
25-04-1999,NaN
26-04-1999,514.52
27-04-1999,513.16
28-04-1999,518.65
29-04-1999,516.02
30-04-1999,515.69
01-05-1999,NaN
02-05-1999,NaN
03-05-1999,512.52
04-05-1999,510.85
05-05-1999,511.47
06-05-1999,514.31
07-05-1999,516.92
08-05-1999,NaN
09-05-1999,NaN
10-05-1999,515.38
11-05-1999,514.53
12-05-1999,510.72
13-05-1999,510.89
14-05-1999,513.88
15-05-1999,NaN
16-05-1999,NaN
17-05-1999,519.2
18-05-1999,519.24
19-05-1999,520.18
20-05-1999,519.3
21-05-1999,NaN
22-05-1999,NaN
23-05-1999,NaN
24-05-1999,521.3
25-05-1999,520.19
26-05-1999,524.49
27-05-1999,519.66
28-05-1999,515.06
29-05-1999,NaN
30-05-1999,NaN
31-05-1999,513.81
01-06-1999,512.84
02-06-1999,515.87
03-06-1999,NaN
04-06-1999,512.07
05-06-1999,NaN
06-06-1999,NaN
07-06-1999,512.39
08-06-1999,508.68
09-06-1999,515.75
10-06-1999,520.36
11-06-1999,522.22
12-06-1999,NaN
13-06-1999,NaN
14-06-1999,525.87
15-06-1999,520.11
16-06-1999,518.46
17-06-1999,516.07
18-06-1999,520.28
19-06-1999,NaN
20-06-1999,NaN
21-06-1999,525.12
22-06-1999,530.16
23-06-1999,528.09
24-06-1999,525.24
25-06-1999,533.34
26-06-1999,NaN
27-06-1999,NaN
28-06-1999,540.51
29-06-1999,NaN
30-06-1999,538.56
01-07-1999,534.17
02-07-1999,530.27
03-07-1999,NaN
04-07-1999,NaN
05-07-1999,530.3
06-07-1999,524.92
07-07-1999,525.15
08-07-1999,527.55
09-07-1999,529.24
10-07-1999,NaN
11-07-1999,NaN
12-07-1999,527.7
13-07-1999,526.61
14-07-1999,529.17
15-07-1999,529.21
16-07-1999,528.75
17-07-1999,NaN
18-07-1999,NaN
19-07-1999,527.71
20-07-1999,531.16
21-07-1999,536.77
22-07-1999,544.69
23-07-1999,547.01
24-07-1999,NaN
25-07-1999,NaN
26-07-1999,545.69
27-07-1999,551.16
28-07-1999,547.05
29-07-1999,548.35
30-07-1999,553.73
31-07-1999,NaN
01-08-1999,NaN
02-08-1999,550.12
03-08-1999,548.33
04-08-1999,548.7
05-08-1999,553.84
06-08-1999,552.52
07-08-1999,NaN
08-08-1999,NaN
09-08-1999,551.21
10-08-1999,547.85
11-08-1999,547.02
12-08-1999,545.14
13-08-1999,545.23
14-08-1999,NaN
15-08-1999,NaN
16-08-1999,541.09
17-08-1999,541.12
18-08-1999,538.9
19-08-1999,538.88
20-08-1999,546.23
21-08-1999,NaN
22-08-1999,NaN
23-08-1999,548.9
24-08-1999,539.72
25-08-1999,542.06
26-08-1999,537.63
27-08-1999,537.89
28-08-1999,NaN
29-08-1999,NaN
30-08-1999,539.18
31-08-1999,540.83
01-09-1999,547.9
02-09-1999,547.61
03-09-1999,555.66
04-09-1999,NaN
05-09-1999,NaN
06-09-1999,NaN
07-09-1999,554.53
08-09-1999,554.62
09-09-1999,552.71
10-09-1999,551.33
11-09-1999,NaN
12-09-1999,NaN
13-09-1999,546.73
14-09-1999,546.01
15-09-1999,541.21
16-09-1999,545.78
17-09-1999,546.54
18-09-1999,NaN
19-09-1999,NaN
20-09-1999,545.21
21-09-1999,546.45
22-09-1999,550.07
23-09-1999,550.31
24-09-1999,550.95
25-09-1999,NaN
26-09-1999,NaN
27-09-1999,553.25
28-09-1999,552.59
29-09-1999,559.62
30-09-1999,565.13
01-10-1999,567.65
02-10-1999,NaN
03-10-1999,NaN
04-10-1999,571.07
05-10-1999,569.6
06-10-1999,566.68
07-10-1999,568.41
08-10-1999,570.02
09-10-1999,NaN
10-10-1999,NaN
11-10-1999,565.55
12-10-1999,NaN
13-10-1999,567.41
14-10-1999,576.72
15-10-1999,578.87
16-10-1999,NaN
17-10-1999,NaN
18-10-1999,587.6
19-10-1999,588.59
20-10-1999,589.12
21-10-1999,583.06
22-10-1999,585.71
23-10-1999,NaN
24-10-1999,NaN
25-10-1999,578.15
26-10-1999,580.42
27-10-1999,576.98
28-10-1999,576.69
29-10-1999,576.69
30-10-1999,NaN
31-10-1999,NaN
01-11-1999,NaN
02-11-1999,578.35
03-11-1999,577.21
04-11-1999,577.45
05-11-1999,569.96
06-11-1999,NaN
07-11-1999,NaN
08-11-1999,573.41
09-11-1999,569.48
10-11-1999,566.22
11-11-1999,566.11
12-11-1999,565.47
13-11-1999,NaN
14-11-1999,NaN
15-11-1999,558.54
16-11-1999,554.68
17-11-1999,555.81
18-11-1999,561.13
19-11-1999,556.42
20-11-1999,NaN
21-11-1999,NaN
22-11-1999,558.87
23-11-1999,559.6
24-11-1999,554.61
25-11-1999,550.78
26-11-1999,554.4
27-11-1999,NaN
28-11-1999,NaN
29-11-1999,554.87
30-11-1999,551.13
01-12-1999,550.53
02-12-1999,549.6
03-12-1999,548.05
04-12-1999,NaN
05-12-1999,NaN
06-12-1999,545.16
07-12-1999,555.53
08-12-1999,NaN
09-12-1999,553.75
10-12-1999,552.64
11-12-1999,NaN
12-12-1999,NaN
13-12-1999,550.81
14-12-1999,545.92
15-12-1999,541.5
16-12-1999,541.25
17-12-1999,545.23
18-12-1999,NaN
19-12-1999,NaN
20-12-1999,539.72
21-12-1999,540.91
22-12-1999,542.66
23-12-1999,542.16
24-12-1999,543.23
25-12-1999,NaN
26-12-1999,NaN
27-12-1999,541.61
28-12-1999,539.04
29-12-1999,534.99
30-12-1999,530.83
31-12-1999,NaN
01-01-2000,NaN
02-01-2000,NaN
03-01-2000,532.89
04-01-2000,538.15
05-01-2000,545.22
06-01-2000,548.5
07-01-2000,543.97
08-01-2000,NaN
09-01-2000,NaN
10-01-2000,539.59
11-01-2000,534.98
12-01-2000,536.81
13-01-2000,537.37
14-01-2000,530.88
15-01-2000,NaN
16-01-2000,NaN
17-01-2000,523.39
18-01-2000,522.25
19-01-2000,519.83
20-01-2000,522.34
21-01-2000,525.1
22-01-2000,NaN
23-01-2000,NaN
24-01-2000,523.31
25-01-2000,517.53
26-01-2000,518.47
27-01-2000,517.79
28-01-2000,512.33
29-01-2000,NaN
30-01-2000,NaN
31-01-2000,505.55
01-02-2000,504.91
02-02-2000,503.48
03-02-2000,505.24
04-02-2000,511.25
05-02-2000,NaN
06-02-2000,NaN
07-02-2000,504.07
08-02-2000,503.61
09-02-2000,508.73
10-02-2000,510.87
11-02-2000,509.81
12-02-2000,NaN
13-02-2000,NaN
14-02-2000,508.51
15-02-2000,504.8
16-02-2000,506.78
17-02-2000,505.75
18-02-2000,504.97
19-02-2000,NaN
20-02-2000,NaN
21-02-2000,504.29
22-02-2000,505.1
23-02-2000,512.51
24-02-2000,509.65
25-02-2000,504.07
26-02-2000,NaN
27-02-2000,NaN
28-02-2000,495.04
29-02-2000,488.45
01-03-2000,484.22
02-03-2000,490.3
03-03-2000,485.26
04-03-2000,NaN
05-03-2000,NaN
06-03-2000,485.64
07-03-2000,484.01
08-03-2000,482.09
09-03-2000,485.99
10-03-2000,489.57
11-03-2000,NaN
12-03-2000,NaN
13-03-2000,490.53
14-03-2000,488.88
15-03-2000,488.69
16-03-2000,492.31
17-03-2000,491.6
18-03-2000,NaN
19-03-2000,NaN
20-03-2000,491.78
21-03-2000,491.64
22-03-2000,490.49
23-03-2000,484.55
24-03-2000,487.89
25-03-2000,NaN
26-03-2000,NaN
27-03-2000,488.58
28-03-2000,485.64
29-03-2000,483.64
30-03-2000,477.95
31-03-2000,482.45
01-04-2000,NaN
02-04-2000,NaN
03-04-2000,481.05
04-04-2000,481.34
05-04-2000,481.8
06-04-2000,487.06
07-04-2000,485.24
08-04-2000,NaN
09-04-2000,NaN
10-04-2000,485.3
11-04-2000,485.49
12-04-2000,486.07
13-04-2000,482.19
14-04-2000,482.01
15-04-2000,NaN
16-04-2000,NaN
17-04-2000,486.1
18-04-2000,490.92
19-04-2000,486.01
20-04-2000,476.75
21-04-2000,NaN
22-04-2000,NaN
23-04-2000,NaN
24-04-2000,478.44
25-04-2000,482.33
26-04-2000,474.06
27-04-2000,473.91
28-04-2000,468.52
29-04-2000,NaN
30-04-2000,NaN
01-05-2000,NaN
02-05-2000,469.31
03-05-2000,466.42
04-05-2000,460.33
05-05-2000,462.05
06-05-2000,NaN
07-05-2000,NaN
08-05-2000,465.97
09-05-2000,468.81
10-05-2000,475.01
11-05-2000,477
12-05-2000,473.63
13-05-2000,NaN
14-05-2000,NaN
15-05-2000,472.83
16-05-2000,476.35
17-05-2000,467.49
18-05-2000,464.6
19-05-2000,466.01
20-05-2000,NaN
21-05-2000,NaN
22-05-2000,470.35
23-05-2000,475.58
24-05-2000,473.71
25-05-2000,478.46
26-05-2000,477.27
27-05-2000,NaN
28-05-2000,NaN
29-05-2000,489.18
30-05-2000,486.77
31-05-2000,489.43
01-06-2000,490.09
02-06-2000,487.19
03-06-2000,NaN
04-06-2000,NaN
05-06-2000,490.78
06-06-2000,493.38
07-06-2000,501.65
08-06-2000,505.12
09-06-2000,502.51
10-06-2000,NaN
11-06-2000,NaN
12-06-2000,503.78
13-06-2000,507.19
14-06-2000,511.92
15-06-2000,509.36
16-06-2000,507.62
17-06-2000,NaN
18-06-2000,NaN
19-06-2000,NaN
20-06-2000,514.26
21-06-2000,507.83
22-06-2000,503.26
23-06-2000,501.7
24-06-2000,NaN
25-06-2000,NaN
26-06-2000,NaN
27-06-2000,503.49
28-06-2000,507.35
29-06-2000,506.68
30-06-2000,512.18
01-07-2000,NaN
02-07-2000,NaN
03-07-2000,514.79
04-07-2000,512.21
05-07-2000,507.92
06-07-2000,511.14
07-07-2000,512.66
08-07-2000,NaN
09-07-2000,NaN
10-07-2000,508.19
11-07-2000,510.2
12-07-2000,508.81
13-07-2000,505.82
14-07-2000,506.07
15-07-2000,NaN
16-07-2000,NaN
17-07-2000,509.32
18-07-2000,507.75
19-07-2000,508.51
20-07-2000,506.25
21-07-2000,507.34
22-07-2000,NaN
23-07-2000,NaN
24-07-2000,510.31
25-07-2000,511.36
26-07-2000,517.34
27-07-2000,522.22
28-07-2000,518.87
29-07-2000,NaN
30-07-2000,NaN
31-07-2000,514.88
01-08-2000,517.9
02-08-2000,512.24
03-08-2000,503.69
04-08-2000,498.88
05-08-2000,NaN
06-08-2000,NaN
07-08-2000,503.48
08-08-2000,505.54
09-08-2000,499.07
10-08-2000,498.25
11-08-2000,501.61
12-08-2000,NaN
13-08-2000,NaN
14-08-2000,497.53
15-08-2000,NaN
16-08-2000,494.45
17-08-2000,498.51
18-08-2000,500.42
19-08-2000,NaN
20-08-2000,NaN
21-08-2000,497.72
22-08-2000,497.19
23-08-2000,490.68
24-08-2000,490.7
25-08-2000,492.73
26-08-2000,NaN
27-08-2000,NaN
28-08-2000,494.71
29-08-2000,492.24
30-08-2000,498.8
31-08-2000,502.04
01-09-2000,499.35
02-09-2000,NaN
03-09-2000,NaN
04-09-2000,NaN
05-09-2000,506.5
06-09-2000,505.47
07-09-2000,496.4
08-09-2000,498.49
09-09-2000,NaN
10-09-2000,NaN
11-09-2000,491.35
12-09-2000,487.63
13-09-2000,487.02
14-09-2000,489.32
15-09-2000,484.47
16-09-2000,NaN
17-09-2000,NaN
18-09-2000,NaN
19-09-2000,NaN
20-09-2000,482.92
21-09-2000,482.96
22-09-2000,488.83
23-09-2000,NaN
24-09-2000,NaN
25-09-2000,500.34
26-09-2000,490.47
27-09-2000,497.42
28-09-2000,500.73
29-09-2000,499.8
30-09-2000,NaN
01-10-2000,NaN
02-10-2000,498.58
03-10-2000,494.84
04-10-2000,491.33
05-10-2000,490.19
06-10-2000,486.12
07-10-2000,NaN
08-10-2000,NaN
09-10-2000,NaN
10-10-2000,486.22
11-10-2000,490.09
12-10-2000,492.98
13-10-2000,490.43
14-10-2000,NaN
15-10-2000,NaN
16-10-2000,488.09
17-10-2000,481.51
18-10-2000,483.21
19-10-2000,478.06
20-10-2000,479.54
21-10-2000,NaN
22-10-2000,NaN
23-10-2000,481.51
24-10-2000,479.57
25-10-2000,479.55
26-10-2000,476.69
27-10-2000,478.19
28-10-2000,NaN
29-10-2000,NaN
30-10-2000,484.28
31-10-2000,481.71
01-11-2000,NaN
02-11-2000,483.99
03-11-2000,491.07
04-11-2000,NaN
05-11-2000,NaN
06-11-2000,495.05
07-11-2000,490.77
08-11-2000,495.98
09-11-2000,490.33
10-11-2000,494.78
11-11-2000,NaN
12-11-2000,NaN
13-11-2000,495.37
14-11-2000,495.37
15-11-2000,490.94
16-11-2000,491.19
17-11-2000,488
18-11-2000,NaN
19-11-2000,NaN
20-11-2000,489.24
21-11-2000,487.87
22-11-2000,485.31
23-11-2000,484.32
24-11-2000,484.45
25-11-2000,NaN
26-11-2000,NaN
27-11-2000,484
28-11-2000,491.5
29-11-2000,496.52
30-11-2000,498.26
01-12-2000,505.63
02-12-2000,NaN
03-12-2000,NaN
04-12-2000,505.89
05-12-2000,507.18
06-12-2000,507.75
07-12-2000,510.7
08-12-2000,NaN
09-12-2000,NaN
10-12-2000,NaN
11-12-2000,512.52
12-12-2000,506.43
13-12-2000,506.24
14-12-2000,503.61
15-12-2000,510.67
16-12-2000,NaN
17-12-2000,NaN
18-12-2000,515.41
19-12-2000,512.31
20-12-2000,509.32
21-12-2000,518.92
22-12-2000,523.69
23-12-2000,NaN
24-12-2000,NaN
25-12-2000,NaN
26-12-2000,529.28
27-12-2000,533.19
28-12-2000,535.2
29-12-2000,530.36
30-12-2000,NaN
31-12-2000,NaN
01-01-2001,NaN
02-01-2001,538.84
03-01-2001,545.5
04-01-2001,544.37
05-01-2001,540.62
06-01-2001,NaN
07-01-2001,NaN
08-01-2001,547.79
09-01-2001,544.96
10-01-2001,540.9
11-01-2001,540.85
12-01-2001,545.35
13-01-2001,NaN
14-01-2001,NaN
15-01-2001,544.09
16-01-2001,541.15
17-01-2001,537.86
18-01-2001,533.46
19-01-2001,539.99
20-01-2001,NaN
21-01-2001,NaN
22-01-2001,535.61
23-01-2001,532.75
24-01-2001,532.81
25-01-2001,525.96
26-01-2001,523.92
27-01-2001,NaN
28-01-2001,NaN
29-01-2001,522.41
30-01-2001,519.31
31-01-2001,522.55
01-02-2001,523.45
02-02-2001,529.43
03-02-2001,NaN
04-02-2001,NaN
05-02-2001,527.85
06-02-2001,530.62
07-02-2001,523.96
08-02-2001,524.77
09-02-2001,515.58
10-02-2001,NaN
11-02-2001,NaN
12-02-2001,518.7
13-02-2001,519.76
14-02-2001,512.02
15-02-2001,513.4
16-02-2001,508.82
17-02-2001,NaN
18-02-2001,NaN
19-02-2001,516.32
20-02-2001,518.76
21-02-2001,511.69
22-02-2001,513.8
23-02-2001,514.2
24-02-2001,NaN
25-02-2001,NaN
26-02-2001,522.5
27-02-2001,517.37
28-02-2001,517.86
01-03-2001,529.01
02-03-2001,533.97
03-03-2001,NaN
04-03-2001,NaN
05-03-2001,538.56
06-03-2001,547.88
07-03-2001,549.44
08-03-2001,545.49
09-03-2001,548.11
10-03-2001,NaN
11-03-2001,NaN
12-03-2001,553.57
13-03-2001,551.98
14-03-2001,538.27
15-03-2001,536.89
16-03-2001,528.04
17-03-2001,NaN
18-03-2001,NaN
19-03-2001,530.6
20-03-2001,529.72
21-03-2001,529.88
22-03-2001,524.64
23-03-2001,524.52
24-03-2001,NaN
25-03-2001,NaN
26-03-2001,532.1
27-03-2001,528.63
28-03-2001,526.67
29-03-2001,525.58
30-03-2001,523.49
31-03-2001,NaN
01-04-2001,NaN
02-04-2001,521.72
03-04-2001,524.59
04-04-2001,536.67
05-04-2001,539
06-04-2001,534.35
07-04-2001,NaN
08-04-2001,NaN
09-04-2001,537.74
10-04-2001,535.04
11-04-2001,529
12-04-2001,527.94
13-04-2001,NaN
14-04-2001,NaN
15-04-2001,NaN
16-04-2001,534.35
17-04-2001,532.71
18-04-2001,530.18
19-04-2001,530.56
20-04-2001,532.07
21-04-2001,NaN
22-04-2001,NaN
23-04-2001,544.72
24-04-2001,540.94
25-04-2001,540.14
26-04-2001,544.1
27-04-2001,542.59
28-04-2001,NaN
29-04-2001,NaN
30-04-2001,534.95
01-05-2001,NaN
02-05-2001,531.81
03-05-2001,538.55
04-05-2001,536.9
05-05-2001,NaN
06-05-2001,NaN
07-05-2001,538.26
08-05-2001,535.01
09-05-2001,531.22
10-05-2001,534.68
11-05-2001,531.28
12-05-2001,NaN
13-05-2001,NaN
14-05-2001,529.08
15-05-2001,529.3
16-05-2001,531.79
17-05-2001,535.79
18-05-2001,535.71
19-05-2001,NaN
20-05-2001,NaN
21-05-2001,NaN
22-05-2001,533.54
23-05-2001,524.21
24-05-2001,519.19
25-05-2001,518.76
26-05-2001,NaN
27-05-2001,NaN
28-05-2001,520.75
29-05-2001,520.97
30-05-2001,519.05
31-05-2001,523.16
01-06-2001,516.88
02-06-2001,NaN
03-06-2001,NaN
04-06-2001,519.08
05-06-2001,514.63
06-06-2001,517.56
07-06-2001,514.2
08-06-2001,517.42
09-06-2001,NaN
10-06-2001,NaN
11-06-2001,NaN
12-06-2001,517.35
13-06-2001,518.46
14-06-2001,523.4
15-06-2001,529.46
16-06-2001,NaN
17-06-2001,NaN
18-06-2001,529.21
19-06-2001,533.7
20-06-2001,532.31
21-06-2001,532.44
22-06-2001,532.73
23-06-2001,NaN
24-06-2001,NaN
25-06-2001,532.67
26-06-2001,535.91
27-06-2001,538.02
28-06-2001,537.96
29-06-2001,529.53
30-06-2001,NaN
01-07-2001,NaN
02-07-2001,NaN
03-07-2001,534.23
04-07-2001,535.94
05-07-2001,541.83
06-07-2001,541.22
07-07-2001,NaN
08-07-2001,NaN
09-07-2001,547.81
10-07-2001,543.95
11-07-2001,552.52
12-07-2001,571.08
13-07-2001,572.5
14-07-2001,NaN
15-07-2001,NaN
16-07-2001,569.99
17-07-2001,572.12
18-07-2001,569.26
19-07-2001,572.25
20-07-2001,581.53
21-07-2001,NaN
22-07-2001,NaN
23-07-2001,577.86
24-07-2001,573.39
25-07-2001,578.82
26-07-2001,584.58
27-07-2001,583.42
28-07-2001,NaN
29-07-2001,NaN
30-07-2001,585.54
31-07-2001,581.31
01-08-2001,585.58
02-08-2001,597.28
03-08-2001,597.96
04-08-2001,NaN
05-08-2001,NaN
06-08-2001,594.64
07-08-2001,594.8
08-08-2001,594.24
09-08-2001,598.45
10-08-2001,605.42
11-08-2001,NaN
12-08-2001,NaN
13-08-2001,607.81
14-08-2001,613.59
15-08-2001,NaN
16-08-2001,621.79
17-08-2001,630.58
18-08-2001,NaN
19-08-2001,NaN
20-08-2001,622.67
21-08-2001,618.8
22-08-2001,615.73
23-08-2001,611.13
24-08-2001,609.69
25-08-2001,NaN
26-08-2001,NaN
27-08-2001,606.65
28-08-2001,604.81
29-08-2001,603.43
30-08-2001,598.29
31-08-2001,605.53
01-09-2001,NaN
02-09-2001,NaN
03-09-2001,NaN
04-09-2001,603.33
05-09-2001,587.97
06-09-2001,589.72
07-09-2001,597.24
08-09-2001,NaN
09-09-2001,NaN
10-09-2001,603.71
11-09-2001,600.29
12-09-2001,627.22
13-09-2001,615.54
14-09-2001,619.39
15-09-2001,NaN
16-09-2001,NaN
17-09-2001,634.56
18-09-2001,NaN
19-09-2001,NaN
20-09-2001,641.27
21-09-2001,644.31
22-09-2001,NaN
23-09-2001,NaN
24-09-2001,634.4
25-09-2001,633.02
26-09-2001,637.81
27-09-2001,641.58
28-09-2001,638.74
29-09-2001,NaN
30-09-2001,NaN
01-10-2001,632.53
02-10-2001,638.1
03-10-2001,638.94
04-10-2001,636.86
05-10-2001,642.85
06-10-2001,NaN
07-10-2001,NaN
08-10-2001,649.83
09-10-2001,656.38
10-10-2001,652.36
11-10-2001,651.06
12-10-2001,637.34
13-10-2001,NaN
14-10-2001,NaN
15-10-2001,NaN
16-10-2001,643.9
17-10-2001,643.06
18-10-2001,633.84
19-10-2001,640.52
20-10-2001,NaN
21-10-2001,NaN
22-10-2001,640.98
23-10-2001,635.08
24-10-2001,629.69
25-10-2001,636.54
26-10-2001,639.23
27-10-2001,NaN
28-10-2001,NaN
29-10-2001,638.07
30-10-2001,647.87
31-10-2001,649.17
01-11-2001,NaN
02-11-2001,641.82
03-11-2001,NaN
04-11-2001,NaN
05-11-2001,645.27
06-11-2001,637.71
07-11-2001,633.12
08-11-2001,630.44
09-11-2001,622.24
10-11-2001,NaN
11-11-2001,NaN
12-11-2001,623.16
13-11-2001,628.29
14-11-2001,613.36
15-11-2001,605.66
16-11-2001,601.39
17-11-2001,NaN
18-11-2001,NaN
19-11-2001,601.93
20-11-2001,595.52
21-11-2001,599.13
22-11-2001,600.18
23-11-2001,593.05
24-11-2001,NaN
25-11-2001,NaN
26-11-2001,594.05
27-11-2001,591.16
28-11-2001,590.74
29-11-2001,597.71
30-11-2001,605.27
01-12-2001,NaN
02-12-2001,NaN
03-12-2001,617.79
04-12-2001,607.83
05-12-2001,597.49
06-12-2001,596.92
07-12-2001,604.3
08-12-2001,NaN
09-12-2001,NaN
10-12-2001,596.34
11-12-2001,592.08
12-12-2001,592.74
13-12-2001,600.67
14-12-2001,600.16
15-12-2001,NaN
16-12-2001,NaN
17-12-2001,605.13
18-12-2001,602.6
19-12-2001,598.24
20-12-2001,595.49
21-12-2001,597.62
22-12-2001,NaN
23-12-2001,NaN
24-12-2001,593.9
25-12-2001,NaN
26-12-2001,582.86
27-12-2001,580.83
28-12-2001,579.63
29-12-2001,NaN
30-12-2001,NaN
31-12-2001,NaN
01-01-2002,NaN
02-01-2002,578.18
03-01-2002,594.3
04-01-2002,583.04
05-01-2002,NaN
06-01-2002,NaN
07-01-2002,582.01
08-01-2002,584.91
09-01-2002,585.99
10-01-2002,593.68
11-01-2002,602.57
12-01-2002,NaN
13-01-2002,NaN
14-01-2002,608.51
15-01-2002,602.25
16-01-2002,588.63
17-01-2002,593.82
18-01-2002,587.51
19-01-2002,NaN
20-01-2002,NaN
21-01-2002,592.13
22-01-2002,591.94
23-01-2002,590.53
24-01-2002,586.78
25-01-2002,590.25
26-01-2002,NaN
27-01-2002,NaN
28-01-2002,579.46
29-01-2002,580.64
30-01-2002,586.44
31-01-2002,584.8
01-02-2002,580.8
02-02-2002,NaN
03-02-2002,NaN
04-02-2002,583.97
05-02-2002,595.27
06-02-2002,596.46
07-02-2002,596.71
08-02-2002,598.44
09-02-2002,NaN
10-02-2002,NaN
11-02-2002,599.24
12-02-2002,601.53
13-02-2002,596.99
14-02-2002,589.14
15-02-2002,590.05
16-02-2002,NaN
17-02-2002,NaN
18-02-2002,590.87
19-02-2002,588.23
20-02-2002,590.24
21-02-2002,584.79
22-02-2002,586.08
23-02-2002,NaN
24-02-2002,NaN
25-02-2002,591.57
26-02-2002,586.69
27-02-2002,579.99
28-02-2002,583.31
01-03-2002,583.09
02-03-2002,NaN
03-03-2002,NaN
04-03-2002,580.06
05-03-2002,580.24
06-03-2002,579.14
07-03-2002,585.35
08-03-2002,587.82
09-03-2002,NaN
10-03-2002,NaN
11-03-2002,578.84
12-03-2002,579.55
13-03-2002,580.3
14-03-2002,578.35
15-03-2002,578.45
16-03-2002,NaN
17-03-2002,NaN
18-03-2002,579.35
19-03-2002,578.77
20-03-2002,579.26
21-03-2002,581.42
22-03-2002,582.54
23-03-2002,NaN
24-03-2002,NaN
25-03-2002,583.46
26-03-2002,587.67
27-03-2002,583.9
28-03-2002,579.99
29-03-2002,NaN
30-03-2002,NaN
31-03-2002,NaN
01-04-2002,570.94
02-04-2002,578.8
03-04-2002,576.39
04-04-2002,579.79
05-04-2002,581.9
06-04-2002,NaN
07-04-2002,NaN
08-04-2002,574.04
09-04-2002,566.59
10-04-2002,569.73
11-04-2002,564.92
12-04-2002,568.55
13-04-2002,NaN
14-04-2002,NaN
15-04-2002,567.97
16-04-2002,568.74
17-04-2002,570.02
18-04-2002,572.96
19-04-2002,577.95
20-04-2002,NaN
21-04-2002,NaN
22-04-2002,577.23
23-04-2002,580.16
24-04-2002,NaN
25-04-2002,580.66
26-04-2002,589.69
27-04-2002,NaN
28-04-2002,NaN
29-04-2002,587.65
30-04-2002,586.46
01-05-2002,NaN
02-05-2002,581.8
03-05-2002,587.37
04-05-2002,NaN
05-05-2002,NaN
06-05-2002,598.95
07-05-2002,601.06
08-05-2002,599.29
09-05-2002,591.59
10-05-2002,596.97
11-05-2002,NaN
12-05-2002,NaN
13-05-2002,602.06
14-05-2002,597.05
15-05-2002,591.61
16-05-2002,594.75
17-05-2002,593.08
18-05-2002,NaN
19-05-2002,NaN
20-05-2002,600.13
21-05-2002,NaN
22-05-2002,600.92
23-05-2002,605.78
24-05-2002,603.79
25-05-2002,NaN
26-05-2002,NaN
27-05-2002,NaN
28-05-2002,603.39
29-05-2002,609.18
30-05-2002,612.15
31-05-2002,613.35
01-06-2002,NaN
02-06-2002,NaN
03-06-2002,612.3
04-06-2002,616.28
05-06-2002,621.81
06-06-2002,621.2
07-06-2002,626.14
08-06-2002,NaN
09-06-2002,NaN
10-06-2002,625.67
11-06-2002,624.21
12-06-2002,628.33
13-06-2002,629.6
14-06-2002,627.57
15-06-2002,NaN
16-06-2002,NaN
17-06-2002,631.84
18-06-2002,629.67
19-06-2002,635.94
20-06-2002,646.02
21-06-2002,661.29
22-06-2002,NaN
23-06-2002,NaN
24-06-2002,673.37
25-06-2002,681.39
26-06-2002,679.41
27-06-2002,692.24
28-06-2002,689.62
29-06-2002,NaN
30-06-2002,NaN
01-07-2002,681.91
02-07-2002,682.65
03-07-2002,688.96
04-07-2002,683.39
05-07-2002,677.94
06-07-2002,NaN
07-07-2002,NaN
08-07-2002,675.94
09-07-2002,690.84
10-07-2002,695.18
11-07-2002,690.83
12-07-2002,688.31
13-07-2002,NaN
14-07-2002,NaN
15-07-2002,687.4
16-07-2002,699.6
17-07-2002,704.05
18-07-2002,699.57
19-07-2002,699.86
20-07-2002,NaN
21-07-2002,NaN
22-07-2002,701.98
23-07-2002,696.93
24-07-2002,686.37
25-07-2002,697.74
26-07-2002,704.09
27-07-2002,NaN
28-07-2002,NaN
29-07-2002,693.3
30-07-2002,685.66
31-07-2002,689.47
01-08-2002,687.01
02-08-2002,692.79
03-08-2002,NaN
04-08-2002,NaN
05-08-2002,688.89
06-08-2002,685.25
07-08-2002,677.18
08-08-2002,679.29
09-08-2002,668.87
10-08-2002,NaN
11-08-2002,NaN
12-08-2002,674.76
13-08-2002,686.07
14-08-2002,688.1
15-08-2002,NaN
16-08-2002,689.12
17-08-2002,NaN
18-08-2002,NaN
19-08-2002,689
20-08-2002,682.14
21-08-2002,685.01
22-08-2002,688.33
23-08-2002,683.76
24-08-2002,NaN
25-08-2002,NaN
26-08-2002,687.1
27-08-2002,686.29
28-08-2002,694.29
29-08-2002,698.93
30-08-2002,703.62
31-08-2002,NaN
01-09-2002,NaN
02-09-2002,697.31
03-09-2002,698.23
04-09-2002,712.37
05-09-2002,710.67
06-09-2002,711.64
07-09-2002,NaN
08-09-2002,NaN
09-09-2002,703.14
10-09-2002,701.35
11-09-2002,701.38
12-09-2002,702.28
13-09-2002,708.07
14-09-2002,NaN
15-09-2002,NaN
16-09-2002,701.05
17-09-2002,703.72
18-09-2002,NaN
19-09-2002,NaN
20-09-2002,707.41
21-09-2002,NaN
22-09-2002,NaN
23-09-2002,726.92
24-09-2002,731.94
25-09-2002,732.03
26-09-2002,727.57
27-09-2002,727.62
28-09-2002,NaN
29-09-2002,NaN
30-09-2002,732.82
01-10-2002,738.39
02-10-2002,734.02
03-10-2002,732.7
04-10-2002,734.27
05-10-2002,NaN
06-10-2002,NaN
07-10-2002,728.65
08-10-2002,730.61
09-10-2002,728.38
10-10-2002,742.88
11-10-2002,745.23
12-10-2002,NaN
13-10-2002,NaN
14-10-2002,733.19
15-10-2002,735.54
16-10-2002,729.73
17-10-2002,732.2
18-10-2002,724.39
19-10-2002,NaN
20-10-2002,NaN
21-10-2002,724.05
22-10-2002,720.42
23-10-2002,720.91
24-10-2002,716.82
25-10-2002,718.86
26-10-2002,NaN
27-10-2002,NaN
28-10-2002,718.85
29-10-2002,719.64
30-10-2002,722.52
31-10-2002,720.98
01-11-2002,NaN
02-11-2002,NaN
03-11-2002,NaN
04-11-2002,720.46
05-11-2002,718.77
06-11-2002,718.73
07-11-2002,716.17
08-11-2002,723.59
09-11-2002,NaN
10-11-2002,NaN
11-11-2002,717.39
12-11-2002,717.64
13-11-2002,717.37
14-11-2002,712.95
15-11-2002,712.27
16-11-2002,NaN
17-11-2002,NaN
18-11-2002,712.67
19-11-2002,706.77
20-11-2002,700.28
21-11-2002,698.76
22-11-2002,697.49
23-11-2002,NaN
24-11-2002,NaN
25-11-2002,704.85
26-11-2002,703.33
27-11-2002,702.41
28-11-2002,700.3
29-11-2002,700.96
30-11-2002,NaN
01-12-2002,NaN
02-12-2002,699.06
03-12-2002,697.17
04-12-2002,700.99
05-12-2002,710.58
06-12-2002,709.25
07-12-2002,NaN
08-12-2002,NaN
09-12-2002,711.55
10-12-2002,712.37
11-12-2002,709.43
12-12-2002,704.61
13-12-2002,705.5
14-12-2002,NaN
15-12-2002,NaN
16-12-2002,709.62
17-12-2002,710.61
18-12-2002,712.8
19-12-2002,712.67
20-12-2002,716.04
21-12-2002,NaN
22-12-2002,NaN
23-12-2002,714.95
24-12-2002,719.71
25-12-2002,NaN
26-12-2002,726.66
27-12-2002,735.17
28-12-2002,NaN
29-12-2002,NaN
30-12-2002,741.75
31-12-2002,NaN
01-01-2003,NaN
02-01-2003,752.55
03-01-2003,744.18
04-01-2003,NaN
05-01-2003,NaN
06-01-2003,745.43
07-01-2003,744.12
08-01-2003,743.13
09-01-2003,743.73
10-01-2003,746.38
11-01-2003,NaN
12-01-2003,NaN
13-01-2003,753.06
14-01-2003,750.29
15-01-2003,752.57
16-01-2003,756.93
17-01-2003,765.19
18-01-2003,NaN
19-01-2003,NaN
20-01-2003,774.46
21-01-2003,775.01
22-01-2003,778.23
23-01-2003,785.16
24-01-2003,783.75
25-01-2003,NaN
26-01-2003,NaN
27-01-2003,795.78
28-01-2003,799.48
29-01-2003,798.05
30-01-2003,799.38
31-01-2003,791.23
01-02-2003,NaN
02-02-2003,NaN
03-02-2003,790.88
04-02-2003,789.64
05-02-2003,803.62
06-02-2003,802.97
07-02-2003,805.65
08-02-2003,NaN
09-02-2003,NaN
10-02-2003,802.03
11-02-2003,799.32
12-02-2003,797.14
13-02-2003,801.18
14-02-2003,811.29
15-02-2003,NaN
16-02-2003,NaN
17-02-2003,806.36
18-02-2003,796.71
19-02-2003,791.3
20-02-2003,799.32
21-02-2003,808.83
22-02-2003,NaN
23-02-2003,NaN
24-02-2003,806.72
25-02-2003,811.66
26-02-2003,814.47
27-02-2003,813.18
28-02-2003,811.22
01-03-2003,NaN
02-03-2003,NaN
03-03-2003,809.01
04-03-2003,814.49
05-03-2003,820.75
06-03-2003,829.15
07-03-2003,828.59
08-03-2003,NaN
09-03-2003,NaN
10-03-2003,832.83
11-03-2003,837.25
12-03-2003,832.44
13-03-2003,830.59
14-03-2003,808.05
15-03-2003,NaN
16-03-2003,NaN
17-03-2003,795.34
18-03-2003,787.44
19-03-2003,782.72
20-03-2003,779.31
21-03-2003,787.46
22-03-2003,NaN
23-03-2003,NaN
24-03-2003,773.55
25-03-2003,780.68
26-03-2003,774.92
27-03-2003,775.25
28-03-2003,779.94
29-03-2003,NaN
30-03-2003,NaN
31-03-2003,784.81
01-04-2003,797.34
02-04-2003,793.33
03-04-2003,776.51
04-04-2003,774.71
05-04-2003,NaN
06-04-2003,NaN
07-04-2003,773.69
08-04-2003,766.65
09-04-2003,771.33
10-04-2003,776.27
11-04-2003,782.73
12-04-2003,NaN
13-04-2003,NaN
14-04-2003,777.5
15-04-2003,776.81
16-04-2003,776.95
17-04-2003,780.52
18-04-2003,NaN
19-04-2003,NaN
20-04-2003,NaN
21-04-2003,776.38
22-04-2003,776.16
23-04-2003,785.84
24-04-2003,781.26
25-04-2003,782.22
26-04-2003,NaN
27-04-2003,NaN
28-04-2003,785.16
29-04-2003,779.97
30-04-2003,780.83
01-05-2003,NaN
02-05-2003,787.24
03-05-2003,NaN
04-05-2003,NaN
05-05-2003,786.8
06-05-2003,789.41
07-05-2003,800.82
08-05-2003,791.6
09-05-2003,799.2
10-05-2003,NaN
11-05-2003,NaN
12-05-2003,798.71
13-05-2003,804.03
14-05-2003,799.33
15-05-2003,803.76
16-05-2003,805.26
17-05-2003,NaN
18-05-2003,NaN
19-05-2003,819.99
20-05-2003,827.75
21-05-2003,NaN
22-05-2003,835.85
23-05-2003,829.05
24-05-2003,NaN
25-05-2003,NaN
26-05-2003,834.48
27-05-2003,836.76
28-05-2003,838.72
29-05-2003,837.81
30-05-2003,843.87
31-05-2003,NaN
01-06-2003,NaN
02-06-2003,840.91
03-06-2003,835.29
04-06-2003,837.4
05-06-2003,832.26
06-06-2003,848.76
07-06-2003,NaN
08-06-2003,NaN
09-06-2003,832.65
10-06-2003,841.33
11-06-2003,837.69
12-06-2003,842.27
13-06-2003,833.21
14-06-2003,NaN
15-06-2003,NaN
16-06-2003,NaN
17-06-2003,839.54
18-06-2003,831.65
19-06-2003,825.19
20-06-2003,828.87
21-06-2003,NaN
22-06-2003,NaN
23-06-2003,817.88
24-06-2003,814.43
25-06-2003,809.39
26-06-2003,812.81
27-06-2003,802.6
28-06-2003,NaN
29-06-2003,NaN
30-06-2003,796.56
01-07-2003,803.86
02-07-2003,807.46
03-07-2003,803.21
04-07-2003,801.37
05-07-2003,NaN
06-07-2003,NaN
07-07-2003,801.83
08-07-2003,790.28
09-07-2003,796.99
10-07-2003,798.31
11-07-2003,802.68
12-07-2003,NaN
13-07-2003,NaN
14-07-2003,796.57
15-07-2003,792.23
16-07-2003,782.69
17-07-2003,782.69
18-07-2003,783.3
19-07-2003,NaN
20-07-2003,NaN
21-07-2003,791.13
22-07-2003,796.48
23-07-2003,796.92
24-07-2003,808.69
25-07-2003,806.65
26-07-2003,NaN
27-07-2003,NaN
28-07-2003,807.47
29-07-2003,804.29
30-07-2003,804.56
31-07-2003,800.77
01-08-2003,793.49
02-08-2003,NaN
03-08-2003,NaN
04-08-2003,798.13
05-08-2003,810.2
06-08-2003,809.2
07-08-2003,806.79
08-08-2003,804.13
09-08-2003,NaN
10-08-2003,NaN
11-08-2003,793.39
12-08-2003,797.01
13-08-2003,794.94
14-08-2003,796.67
15-08-2003,NaN
16-08-2003,NaN
17-08-2003,NaN
18-08-2003,790.9
19-08-2003,783.8
20-08-2003,784.59
21-08-2003,781.1
22-08-2003,763.46
23-08-2003,NaN
24-08-2003,NaN
25-08-2003,759.18
26-08-2003,757.98
27-08-2003,759.56
28-08-2003,761.08
29-08-2003,760.45
30-08-2003,NaN
31-08-2003,NaN
01-09-2003,766.6
02-09-2003,764.8
03-09-2003,752.66
04-09-2003,750.74
05-09-2003,749.41
06-09-2003,NaN
07-09-2003,NaN
08-09-2003,757.5
09-09-2003,756.6
10-09-2003,767.22
11-09-2003,763.36
12-09-2003,755.09
13-09-2003,NaN
14-09-2003,NaN
15-09-2003,757.34
16-09-2003,757.01
17-09-2003,746.06
18-09-2003,NaN
19-09-2003,NaN
20-09-2003,NaN
21-09-2003,NaN
22-09-2003,752.72
23-09-2003,756.99
24-09-2003,751.34
25-09-2003,755.04
26-09-2003,756.37
27-09-2003,NaN
28-09-2003,NaN
29-09-2003,761.62
30-09-2003,771.25
01-10-2003,770.81
02-10-2003,771.14
03-10-2003,773.2
04-10-2003,NaN
05-10-2003,NaN
06-10-2003,763.54
07-10-2003,772.85
08-10-2003,770.3
09-10-2003,763.55
10-10-2003,757.13
11-10-2003,NaN
12-10-2003,NaN
13-10-2003,763
14-10-2003,753.3
15-10-2003,753
16-10-2003,752.63
17-10-2003,749.72
18-10-2003,NaN
19-10-2003,NaN
20-10-2003,754.74
21-10-2003,754.05
22-10-2003,752.29
23-10-2003,758.84
24-10-2003,747.97
25-10-2003,NaN
26-10-2003,NaN
27-10-2003,750.93
28-10-2003,747.54
29-10-2003,742.68
30-10-2003,740.82
31-10-2003,730.52
01-11-2003,NaN
02-11-2003,NaN
03-11-2003,726.2
04-11-2003,718.38
05-11-2003,718.82
06-11-2003,716.84
07-11-2003,717.71
08-11-2003,NaN
09-11-2003,NaN
10-11-2003,712.86
11-11-2003,709.09
12-11-2003,717.61
13-11-2003,730.45
14-11-2003,733.92
15-11-2003,NaN
16-11-2003,NaN
17-11-2003,734.14
18-11-2003,730.74
19-11-2003,750.24
20-11-2003,752.03
21-11-2003,750.8
22-11-2003,NaN
23-11-2003,NaN
24-11-2003,749.38
25-11-2003,736.37
26-11-2003,733.67
27-11-2003,744.46
28-11-2003,743.2
29-11-2003,NaN
30-11-2003,NaN
01-12-2003,745.02
02-12-2003,740.65
03-12-2003,741.55
04-12-2003,732.71
05-12-2003,735.28
06-12-2003,NaN
07-12-2003,NaN
08-12-2003,NaN
09-12-2003,739.34
10-12-2003,738.05
11-12-2003,741.97
12-12-2003,735.6
13-12-2003,NaN
14-12-2003,NaN
15-12-2003,738.32
16-12-2003,733.56
17-12-2003,736.3
18-12-2003,743.31
19-12-2003,744.49
20-12-2003,NaN
21-12-2003,NaN
22-12-2003,736.77
23-12-2003,737.64
24-12-2003,739.12
25-12-2003,NaN
26-12-2003,741.41
27-12-2003,NaN
28-12-2003,NaN
29-12-2003,737.14
30-12-2003,748.81
31-12-2003,NaN
01-01-2004,NaN
02-01-2004,744.95
03-01-2004,NaN
04-01-2004,NaN
05-01-2004,740.16
06-01-2004,733.92
07-01-2004,721.35
08-01-2004,718.95
09-01-2004,725.73
10-01-2004,NaN
11-01-2004,NaN
12-01-2004,719.34
13-01-2004,715.01
14-01-2004,718.21
15-01-2004,725.9
16-01-2004,716.79
17-01-2004,NaN
18-01-2004,NaN
19-01-2004,714.34
20-01-2004,707.81
21-01-2004,713.01
22-01-2004,714.16
23-01-2004,718.7
24-01-2004,NaN
25-01-2004,NaN
26-01-2004,721.27
27-01-2004,722.36
28-01-2004,729.35
29-01-2004,734.87
30-01-2004,739.5
31-01-2004,NaN
01-02-2004,NaN
02-02-2004,736.33
03-02-2004,716.39
04-02-2004,728.2
05-02-2004,737.07
06-02-2004,747.07
07-02-2004,NaN
08-02-2004,NaN
09-02-2004,760.03
10-02-2004,744.31
11-02-2004,740.8
12-02-2004,746.25
13-02-2004,739.76
14-02-2004,NaN
15-02-2004,NaN
16-02-2004,734.83
17-02-2004,740.2
18-02-2004,735.64
19-02-2004,729.97
20-02-2004,738.65
21-02-2004,NaN
22-02-2004,NaN
23-02-2004,733.43
24-02-2004,735.33
25-02-2004,748.6
26-02-2004,734.75
27-02-2004,739.39
28-02-2004,NaN
29-02-2004,NaN
01-03-2004,739.79
02-03-2004,732.03
03-03-2004,721
04-03-2004,728.89
05-03-2004,733.12
06-03-2004,NaN
07-03-2004,NaN
08-03-2004,734.55
09-03-2004,733.31
10-03-2004,736.47
11-03-2004,735.11
12-03-2004,738.81
13-03-2004,NaN
14-03-2004,NaN
15-03-2004,733.59
16-03-2004,740.79
17-03-2004,742.38
18-03-2004,744.71
19-03-2004,746.35
20-03-2004,NaN
21-03-2004,NaN
22-03-2004,744.83
23-03-2004,749.25
24-03-2004,752.92
25-03-2004,746.8
26-03-2004,746.13
27-03-2004,NaN
28-03-2004,NaN
29-03-2004,747.52
30-03-2004,750.35
31-03-2004,759.73
01-04-2004,758.38
02-04-2004,754.42
03-04-2004,NaN
04-04-2004,NaN
05-04-2004,739.42
06-04-2004,727.74
07-04-2004,730.24
08-04-2004,738.42
09-04-2004,NaN
10-04-2004,NaN
11-04-2004,NaN
12-04-2004,726.54
13-04-2004,723.84
14-04-2004,712.12
15-04-2004,722.39
16-04-2004,725.51
17-04-2004,NaN
18-04-2004,NaN
19-04-2004,721.8
20-04-2004,720.12
21-04-2004,711.87
22-04-2004,721.21
23-04-2004,731.63
24-04-2004,NaN
25-04-2004,NaN
26-04-2004,725.57
27-04-2004,725.63
28-04-2004,735.51
29-04-2004,736.53
30-04-2004,748.22
01-05-2004,NaN
02-05-2004,NaN
03-05-2004,748.84
04-05-2004,745
05-05-2004,751.69
06-05-2004,757.63
07-05-2004,761.15
08-05-2004,NaN
09-05-2004,NaN
10-05-2004,759.56
11-05-2004,764.26
12-05-2004,760.5
13-05-2004,763.27
14-05-2004,759.33
15-05-2004,NaN
16-05-2004,NaN
17-05-2004,758.52
18-05-2004,771.54
19-05-2004,763.6
20-05-2004,763.2
21-05-2004,NaN
22-05-2004,NaN
23-05-2004,NaN
24-05-2004,767.67
25-05-2004,769.61
26-05-2004,770.92
27-05-2004,773.11
28-05-2004,778.62
29-05-2004,NaN
30-05-2004,NaN
31-05-2004,771.88
01-06-2004,775.26
02-06-2004,785.99
03-06-2004,784.42
04-06-2004,786.23
05-06-2004,NaN
06-06-2004,NaN
07-06-2004,NaN
08-06-2004,791.71
09-06-2004,785.97
10-06-2004,776.34
11-06-2004,786.04
12-06-2004,NaN
13-06-2004,NaN
14-06-2004,780.21
15-06-2004,781.89
16-06-2004,788.62
17-06-2004,779.86
18-06-2004,781.57
19-06-2004,NaN
20-06-2004,NaN
21-06-2004,784.72
22-06-2004,782.84
23-06-2004,778.49
24-06-2004,775.37
25-06-2004,772.19
26-06-2004,NaN
27-06-2004,NaN
28-06-2004,NaN
29-06-2004,771.12
30-06-2004,768.83
01-07-2004,775.88
02-07-2004,769.74
03-07-2004,NaN
04-07-2004,NaN
05-07-2004,776.34
06-07-2004,774.93
07-07-2004,776.9
08-07-2004,781.84
09-07-2004,782.89
10-07-2004,NaN
11-07-2004,NaN
12-07-2004,789.41
13-07-2004,786.49
14-07-2004,782.06
15-07-2004,782.88
16-07-2004,777.35
17-07-2004,NaN
18-07-2004,NaN
19-07-2004,774.73
20-07-2004,773.84
21-07-2004,768.19
22-07-2004,768.74
23-07-2004,768.37
24-07-2004,NaN
25-07-2004,NaN
26-07-2004,764.69
27-07-2004,776.51
28-07-2004,776.72
29-07-2004,774.47
30-07-2004,768.1
31-07-2004,NaN
01-08-2004,NaN
02-08-2004,771.19
03-08-2004,774.49
04-08-2004,773.48
05-08-2004,775.02
06-08-2004,774.07
07-08-2004,NaN
08-08-2004,NaN
09-08-2004,785.46
10-08-2004,783.66
11-08-2004,780.22
12-08-2004,781.23
13-08-2004,785.56
14-08-2004,NaN
15-08-2004,NaN
16-08-2004,792.09
17-08-2004,789.29
18-08-2004,784
19-08-2004,783.86
20-08-2004,781.12
21-08-2004,NaN
22-08-2004,NaN
23-08-2004,779.16
24-08-2004,765.24
25-08-2004,756.38
26-08-2004,757.92
27-08-2004,760.94
28-08-2004,NaN
29-08-2004,NaN
30-08-2004,752.53
31-08-2004,758.05
01-09-2004,761.11
02-09-2004,763.69
03-09-2004,761.01
04-09-2004,NaN
05-09-2004,NaN
06-09-2004,752.52
07-09-2004,750.67
08-09-2004,753.52
09-09-2004,756.03
10-09-2004,752.98
11-09-2004,NaN
12-09-2004,NaN
13-09-2004,758.5
14-09-2004,754.73
15-09-2004,754.43
16-09-2004,747.71
17-09-2004,NaN
18-09-2004,NaN
19-09-2004,NaN
20-09-2004,745.1
21-09-2004,742.08
22-09-2004,755.31
23-09-2004,751.64
24-09-2004,753.38
25-09-2004,NaN
26-09-2004,NaN
27-09-2004,752.13
28-09-2004,751.87
29-09-2004,746.87
30-09-2004,748.32
01-10-2004,757.34
02-10-2004,NaN
03-10-2004,NaN
04-10-2004,754.56
05-10-2004,741.27
06-10-2004,739.39
07-10-2004,737.68
08-10-2004,740.87
09-10-2004,NaN
10-10-2004,NaN
11-10-2004,NaN
12-10-2004,740.47
13-10-2004,736.79
14-10-2004,744.12
15-10-2004,754.55
16-10-2004,NaN
17-10-2004,NaN
18-10-2004,762.36
19-10-2004,760.22
20-10-2004,761.95
21-10-2004,775.34
22-10-2004,772.75
23-10-2004,NaN
24-10-2004,NaN
25-10-2004,768.03
26-10-2004,783.38
27-10-2004,781.73
28-10-2004,775.67
29-10-2004,783.1
30-10-2004,NaN
31-10-2004,NaN
01-11-2004,NaN
02-11-2004,785.33
03-11-2004,772.89
04-11-2004,774.8
05-11-2004,774.11
06-11-2004,NaN
07-11-2004,NaN
08-11-2004,777.6
09-11-2004,775.67
10-11-2004,778.67
11-11-2004,774.48
12-11-2004,777.32
13-11-2004,NaN
14-11-2004,NaN
15-11-2004,775.89
16-11-2004,765.47
17-11-2004,769.71
18-11-2004,767.4
19-11-2004,765.5
20-11-2004,NaN
21-11-2004,NaN
22-11-2004,768.79
23-11-2004,776.09
24-11-2004,773.98
25-11-2004,775.08
26-11-2004,778.8
27-11-2004,NaN
28-11-2004,NaN
29-11-2004,780.18
30-11-2004,781.12
01-12-2004,781.53
02-12-2004,780.79
03-12-2004,774.69
04-12-2004,NaN
05-12-2004,NaN
06-12-2004,782.43
07-12-2004,781.16
08-12-2004,NaN
09-12-2004,781.35
10-12-2004,787.22
11-12-2004,NaN
12-12-2004,NaN
13-12-2004,789.73
14-12-2004,785.37
15-12-2004,769.79
16-12-2004,775.73
17-12-2004,763.12
18-12-2004,NaN
19-12-2004,NaN
20-12-2004,767.65
21-12-2004,756.96
22-12-2004,757.1
23-12-2004,758.79
24-12-2004,760.84
25-12-2004,NaN
26-12-2004,NaN
27-12-2004,759.41
28-12-2004,765
29-12-2004,761.96
30-12-2004,759.71
31-12-2004,NaN
01-01-2005,NaN
02-01-2005,NaN
03-01-2005,760.13
04-01-2005,754.92
05-01-2005,757.19
06-01-2005,758.73
07-01-2005,750.36
08-01-2005,NaN
09-01-2005,NaN
10-01-2005,741.55
11-01-2005,741.99
12-01-2005,745.28
13-01-2005,755.46
14-01-2005,748.88
15-01-2005,NaN
16-01-2005,NaN
17-01-2005,748.15
18-01-2005,751.25
19-01-2005,756.52
20-01-2005,754.05
21-01-2005,757.35
22-01-2005,NaN
23-01-2005,NaN
24-01-2005,757.77
25-01-2005,753.63
26-01-2005,758.36
27-01-2005,765.04
28-01-2005,764.09
29-01-2005,NaN
30-01-2005,NaN
31-01-2005,763.95
01-02-2005,763.63
02-02-2005,761.3
03-02-2005,758.63
04-02-2005,748.42
05-02-2005,NaN
06-02-2005,NaN
07-02-2005,741.1
08-02-2005,736.23
09-02-2005,740.67
10-02-2005,742.82
11-02-2005,741.72
12-02-2005,NaN
13-02-2005,NaN
14-02-2005,736.3
15-02-2005,739.2
16-02-2005,739.06
17-02-2005,742.31
18-02-2005,741.09
19-02-2005,NaN
20-02-2005,NaN
21-02-2005,740.31
22-02-2005,739.81
23-02-2005,745.39
24-02-2005,749.07
25-02-2005,752.61
26-02-2005,NaN
27-02-2005,NaN
28-02-2005,764.02
01-03-2005,760.17
02-03-2005,762.62
03-03-2005,770.14
04-03-2005,768.79
05-03-2005,NaN
06-03-2005,NaN
07-03-2005,778.27
08-03-2005,773.78
09-03-2005,781.47
10-03-2005,790.99
11-03-2005,790.26
12-03-2005,NaN
13-03-2005,NaN
14-03-2005,786.58
15-03-2005,786.95
16-03-2005,785.83
17-03-2005,793.79
18-03-2005,789.83
19-03-2005,NaN
20-03-2005,NaN
21-03-2005,778.51
22-03-2005,772.69
23-03-2005,767.19
24-03-2005,762.51
25-03-2005,NaN
26-03-2005,NaN
27-03-2005,NaN
28-03-2005,760.1
29-03-2005,759.62
30-03-2005,759.26
31-03-2005,758.77
01-04-2005,759.57
02-04-2005,NaN
03-04-2005,NaN
04-04-2005,754.79
05-04-2005,756.91
06-04-2005,755.45
07-04-2005,752.95
08-04-2005,745.62
09-04-2005,NaN
10-04-2005,NaN
11-04-2005,745.45
12-04-2005,744.81
13-04-2005,744.12
14-04-2005,739.32
15-04-2005,740.47
16-04-2005,NaN
17-04-2005,NaN
18-04-2005,748.86
19-04-2005,760.6
20-04-2005,757.49
21-04-2005,756.59
22-04-2005,756.97
23-04-2005,NaN
24-04-2005,NaN
25-04-2005,753.93
26-04-2005,750.1
27-04-2005,752.23
28-04-2005,750.05
29-04-2005,751.41
30-04-2005,NaN
01-05-2005,NaN
02-05-2005,749.4
03-05-2005,746.39
04-05-2005,744.44
05-05-2005,743.89
06-05-2005,741.82
07-05-2005,NaN
08-05-2005,NaN
09-05-2005,732.02
10-05-2005,734.86
11-05-2005,738.3
12-05-2005,739.14
13-05-2005,731.78
14-05-2005,NaN
15-05-2005,NaN
16-05-2005,728.55
17-05-2005,731.55
18-05-2005,731.93
19-05-2005,737.07
20-05-2005,732.38
21-05-2005,NaN
22-05-2005,NaN
23-05-2005,NaN
24-05-2005,732.6
25-05-2005,730.64
26-05-2005,731.04
27-05-2005,728.78
28-05-2005,NaN
29-05-2005,NaN
30-05-2005,729.89
31-05-2005,723.26
01-06-2005,717.54
02-06-2005,716.72
03-06-2005,719.5
04-06-2005,NaN
05-06-2005,NaN
06-06-2005,717.31
07-06-2005,727.39
08-06-2005,726.46
09-06-2005,720.97
10-06-2005,723.66
11-06-2005,NaN
12-06-2005,NaN
13-06-2005,717.76
14-06-2005,716.82
15-06-2005,709.16
16-06-2005,712.24
17-06-2005,707.43
18-06-2005,NaN
19-06-2005,NaN
20-06-2005,712.68
21-06-2005,707.58
22-06-2005,705.09
23-06-2005,700.7
24-06-2005,698.25
25-06-2005,NaN
26-06-2005,NaN
27-06-2005,NaN
28-06-2005,701.57
29-06-2005,700.4
30-06-2005,698.93
01-07-2005,700.8
02-07-2005,NaN
03-07-2005,NaN
04-07-2005,691.22
05-07-2005,692.03
06-07-2005,693.64
07-07-2005,696.53
08-07-2005,700.5
09-07-2005,NaN
10-07-2005,NaN
11-07-2005,698.96
12-07-2005,704.25
13-07-2005,709.64
14-07-2005,702.2
15-07-2005,700.76
16-07-2005,NaN
17-07-2005,NaN
18-07-2005,695.93
19-07-2005,691.48
20-07-2005,687.58
21-07-2005,696.66
22-07-2005,690.76
23-07-2005,NaN
24-07-2005,NaN
25-07-2005,683.15
26-07-2005,684.07
27-07-2005,679.86
28-07-2005,681.02
29-07-2005,683.79
30-07-2005,NaN
31-07-2005,NaN
01-08-2005,681.1
02-08-2005,683.26
03-08-2005,683
04-08-2005,689.96
05-08-2005,685.71
06-08-2005,NaN
07-08-2005,NaN
08-08-2005,673.94
09-08-2005,673.95
10-08-2005,675.92
11-08-2005,671.42
12-08-2005,671.27
13-08-2005,NaN
14-08-2005,NaN
15-08-2005,NaN
16-08-2005,669
17-08-2005,659.52
18-08-2005,654.4
19-08-2005,657.36
20-08-2005,NaN
21-08-2005,NaN
22-08-2005,664.16
23-08-2005,662.74
24-08-2005,665.45
25-08-2005,674.42
26-08-2005,670.99
27-08-2005,NaN
28-08-2005,NaN
29-08-2005,668.59
30-08-2005,669.63
31-08-2005,666.28
01-09-2005,667.73
02-09-2005,674.3
03-09-2005,NaN
04-09-2005,NaN
05-09-2005,670.85
06-09-2005,670.17
07-09-2005,668.27
08-09-2005,668.64
09-09-2005,662.31
10-09-2005,NaN
11-09-2005,NaN
12-09-2005,664.07
13-09-2005,658.48
14-09-2005,660.27
15-09-2005,658.64
16-09-2005,655.25
17-09-2005,NaN
18-09-2005,NaN
19-09-2005,NaN
20-09-2005,652.92
21-09-2005,648.48
22-09-2005,652.48
23-09-2005,651.89
24-09-2005,NaN
25-09-2005,NaN
26-09-2005,648.96
27-09-2005,649.62
28-09-2005,647.16
29-09-2005,647.09
30-09-2005,642.54
01-10-2005,NaN
02-10-2005,NaN
03-10-2005,636.13
04-10-2005,629.37
05-10-2005,627.9
06-10-2005,630.45
07-10-2005,644.65
08-10-2005,NaN
09-10-2005,NaN
10-10-2005,NaN
11-10-2005,643.19
12-10-2005,632.49
13-10-2005,636.46
14-10-2005,642.7
15-10-2005,NaN
16-10-2005,NaN
17-10-2005,650.68
18-10-2005,644.77
19-10-2005,640.3
20-10-2005,644.27
21-10-2005,640.92
22-10-2005,NaN
23-10-2005,NaN
24-10-2005,643.4
25-10-2005,651.55
26-10-2005,657.95
27-10-2005,659.86
28-10-2005,663.5
29-10-2005,NaN
30-10-2005,NaN
31-10-2005,655.8
01-11-2005,NaN
02-11-2005,651.2
03-11-2005,657.26
04-11-2005,650.57
05-11-2005,NaN
06-11-2005,NaN
07-11-2005,638.38
08-11-2005,631.08
09-11-2005,630.24
10-11-2005,624.62
11-11-2005,623.59
12-11-2005,NaN
13-11-2005,NaN
14-11-2005,616.66
15-11-2005,617.79
16-11-2005,614.55
17-11-2005,611.96
18-11-2005,614.49
19-11-2005,NaN
20-11-2005,NaN
21-11-2005,619.89
22-11-2005,616.4
23-11-2005,619.29
24-11-2005,620.22
25-11-2005,618.88
26-11-2005,NaN
27-11-2005,NaN
28-11-2005,613.55
29-11-2005,616.89
30-11-2005,611.91
01-12-2005,611.3
02-12-2005,604.81
03-12-2005,NaN
04-12-2005,NaN
05-12-2005,601.24
06-12-2005,606.39
07-12-2005,602.63
08-12-2005,NaN
09-12-2005,597.05
10-12-2005,NaN
11-12-2005,NaN
12-12-2005,609.82
13-12-2005,612.85
14-12-2005,610.09
15-12-2005,618.53
16-12-2005,618.01
17-12-2005,NaN
18-12-2005,NaN
19-12-2005,621.38
20-12-2005,621.41
21-12-2005,610.6
22-12-2005,604.28
23-12-2005,608.9
24-12-2005,NaN
25-12-2005,NaN
26-12-2005,610.38
27-12-2005,609.33
28-12-2005,610.22
29-12-2005,609.24
30-12-2005,608.6
31-12-2005,NaN
01-01-2006,NaN
02-01-2006,606.08
03-01-2006,606.38
04-01-2006,620.63
05-01-2006,624.94
06-01-2006,624.65
07-01-2006,NaN
08-01-2006,NaN
09-01-2006,634.11
10-01-2006,630.52
11-01-2006,632.39
12-01-2006,634.85
13-01-2006,629.93
14-01-2006,NaN
15-01-2006,NaN
16-01-2006,637.89
17-01-2006,637.62
18-01-2006,640.13
19-01-2006,647.35
20-01-2006,646.77
21-01-2006,NaN
22-01-2006,NaN
23-01-2006,643.76
24-01-2006,652.26
25-01-2006,649.1
26-01-2006,645.23
27-01-2006,646.21
28-01-2006,NaN
29-01-2006,NaN
30-01-2006,637.04
31-01-2006,634.18
01-02-2006,638.46
02-02-2006,638.03
03-02-2006,640.17
04-02-2006,NaN
05-02-2006,NaN
06-02-2006,636.61
07-02-2006,628.7
08-02-2006,630.7
09-02-2006,633.99
10-02-2006,632.55
11-02-2006,NaN
12-02-2006,NaN
13-02-2006,628.46
14-02-2006,632.81
15-02-2006,633.22
16-02-2006,630.73
17-02-2006,628.01
18-02-2006,NaN
19-02-2006,NaN
20-02-2006,623.28
21-02-2006,625.84
22-02-2006,618.12
23-02-2006,619.49
24-02-2006,616.18
25-02-2006,NaN
26-02-2006,NaN
27-02-2006,614.69
28-02-2006,614.04
01-03-2006,617.12
02-03-2006,615.47
03-03-2006,622.8
04-03-2006,NaN
05-03-2006,NaN
06-03-2006,628.34
07-03-2006,630.83
08-03-2006,629.16
09-03-2006,636.25
10-03-2006,631.76
11-03-2006,NaN
12-03-2006,NaN
13-03-2006,631.89
14-03-2006,636.15
15-03-2006,637.82
16-03-2006,636.23
17-03-2006,641.06
18-03-2006,NaN
19-03-2006,NaN
20-03-2006,642.08
21-03-2006,644.42
22-03-2006,645.27
23-03-2006,642.49
24-03-2006,635.42
25-03-2006,NaN
26-03-2006,NaN
27-03-2006,642.03
28-03-2006,642.57
29-03-2006,644.35
30-03-2006,643.03
31-03-2006,641.58
01-04-2006,NaN
02-04-2006,NaN
03-04-2006,637.56
04-04-2006,637.93
05-04-2006,638.75
06-04-2006,639.78
07-04-2006,634.76
08-04-2006,NaN
09-04-2006,NaN
10-04-2006,627.75
11-04-2006,626.38
12-04-2006,626.39
13-04-2006,620.24
14-04-2006,NaN
15-04-2006,NaN
16-04-2006,NaN
17-04-2006,623.58
18-04-2006,626.88
19-04-2006,629.62
20-04-2006,635.81
21-04-2006,637.29
22-04-2006,NaN
23-04-2006,NaN
24-04-2006,637.14
25-04-2006,639
26-04-2006,640.66
27-04-2006,644.43
28-04-2006,650.06
29-04-2006,NaN
30-04-2006,NaN
01-05-2006,NaN
02-05-2006,649.72
03-05-2006,651.6
04-05-2006,652.75
05-05-2006,654.11
06-05-2006,NaN
07-05-2006,NaN
08-05-2006,653.74
09-05-2006,652.23
10-05-2006,657.41
11-05-2006,656.96
12-05-2006,659.52
13-05-2006,NaN
14-05-2006,NaN
15-05-2006,666.69
16-05-2006,668.1
17-05-2006,667.06
18-05-2006,663.99
19-05-2006,670.58
20-05-2006,NaN
21-05-2006,NaN
22-05-2006,668.98
23-05-2006,681.26
24-05-2006,679.79
25-05-2006,680.61
26-05-2006,676.27
27-05-2006,NaN
28-05-2006,NaN
29-05-2006,668.6
30-05-2006,670.55
31-05-2006,683.63
01-06-2006,681.54
02-06-2006,680.66
03-06-2006,NaN
04-06-2006,NaN
05-06-2006,684.46
06-06-2006,689.13
07-06-2006,688.82
08-06-2006,693.04
09-06-2006,690.09
10-06-2006,NaN
11-06-2006,NaN
12-06-2006,NaN
13-06-2006,683.98
14-06-2006,685.74
15-06-2006,686.3
16-06-2006,683.78
17-06-2006,NaN
18-06-2006,NaN
19-06-2006,686.51
20-06-2006,687.26
21-06-2006,689.35
22-06-2006,690.86
23-06-2006,687.68
24-06-2006,NaN
25-06-2006,NaN
26-06-2006,NaN
27-06-2006,687.81
28-06-2006,689.8
29-06-2006,689.38
30-06-2006,692.62
01-07-2006,NaN
02-07-2006,NaN
03-07-2006,689.91
04-07-2006,688.21
05-07-2006,688.53
06-07-2006,688.32
07-07-2006,688.44
08-07-2006,NaN
09-07-2006,NaN
10-07-2006,690.22
11-07-2006,685.87
12-07-2006,690.29
13-07-2006,685.01
14-07-2006,687.22
15-07-2006,NaN
16-07-2006,NaN
17-07-2006,688.65
18-07-2006,683.61
19-07-2006,680.64
20-07-2006,683.23
21-07-2006,681.81
22-07-2006,NaN
23-07-2006,NaN
24-07-2006,686.18
25-07-2006,683.64
26-07-2006,679.71
27-07-2006,688.8
28-07-2006,685.72
29-07-2006,NaN
30-07-2006,NaN
31-07-2006,687.94
01-08-2006,689.42
02-08-2006,695.45
03-08-2006,692.49
04-08-2006,695.56
05-08-2006,NaN
06-08-2006,NaN
07-08-2006,697.72
08-08-2006,697.7
09-08-2006,700.24
10-08-2006,699.5
11-08-2006,697.75
12-08-2006,NaN
13-08-2006,NaN
14-08-2006,689.59
15-08-2006,NaN
16-08-2006,689.23
17-08-2006,688.28
18-08-2006,680.72
19-08-2006,NaN
20-08-2006,NaN
21-08-2006,682.33
22-08-2006,684.44
23-08-2006,679.87
24-08-2006,681.11
25-08-2006,681.83
26-08-2006,NaN
27-08-2006,NaN
28-08-2006,685.16
29-08-2006,686.79
30-08-2006,690.34
31-08-2006,690.16
01-09-2006,691.1
02-09-2006,NaN
03-09-2006,NaN
04-09-2006,692.02
05-09-2006,690.47
06-09-2006,689
07-09-2006,691.61
08-09-2006,688.3
09-09-2006,NaN
10-09-2006,NaN
11-09-2006,683.81
12-09-2006,686.13
13-09-2006,682.79
14-09-2006,682.42
15-09-2006,684.26
16-09-2006,NaN
17-09-2006,NaN
18-09-2006,NaN
19-09-2006,NaN
20-09-2006,679.99
21-09-2006,682.37
22-09-2006,690.02
23-09-2006,NaN
24-09-2006,NaN
25-09-2006,690.33
26-09-2006,688.52
27-09-2006,682.91
28-09-2006,682.46
29-09-2006,683.89
30-09-2006,NaN
01-10-2006,NaN
02-10-2006,680.99
03-10-2006,680.21
04-10-2006,679.99
05-10-2006,680.39
06-10-2006,681.27
07-10-2006,NaN
08-10-2006,NaN
09-10-2006,NaN
10-10-2006,677.2
11-10-2006,672.74
12-10-2006,671.83
13-10-2006,669.79
14-10-2006,NaN
15-10-2006,NaN
16-10-2006,665.52
17-10-2006,665.01
18-10-2006,666.24
19-10-2006,660.99
20-10-2006,665.37
21-10-2006,NaN
22-10-2006,NaN
23-10-2006,664.04
24-10-2006,661.14
25-10-2006,662.88
26-10-2006,660.98
27-10-2006,664.96
28-10-2006,NaN
29-10-2006,NaN
30-10-2006,667.89
31-10-2006,669.37
01-11-2006,NaN
02-11-2006,669.75
03-11-2006,671.63
04-11-2006,NaN
05-11-2006,NaN
06-11-2006,668.07
07-11-2006,667.36
08-11-2006,670.18
09-11-2006,671.24
10-11-2006,673.83
11-11-2006,NaN
12-11-2006,NaN
13-11-2006,675.55
14-11-2006,674.74
15-11-2006,675.84
16-11-2006,676.63
17-11-2006,675.16
18-11-2006,NaN
19-11-2006,NaN
20-11-2006,678.89
21-11-2006,677.64
22-11-2006,679.05
23-11-2006,684.58
24-11-2006,685.01
25-11-2006,NaN
26-11-2006,NaN
27-11-2006,694.07
28-11-2006,695.01
29-11-2006,699.46
30-11-2006,695.7
01-12-2006,699.48
02-12-2006,NaN
03-12-2006,NaN
04-12-2006,700.47
05-12-2006,700.51
06-12-2006,699.43
07-12-2006,698.87
08-12-2006,NaN
09-12-2006,NaN
10-12-2006,NaN
11-12-2006,697.66
12-12-2006,695.69
13-12-2006,696.77
14-12-2006,696.3
15-12-2006,693.11
16-12-2006,NaN
17-12-2006,NaN
18-12-2006,685.82
19-12-2006,687.61
20-12-2006,695.37
21-12-2006,694.12
22-12-2006,696.25
23-12-2006,NaN
24-12-2006,NaN
25-12-2006,NaN
26-12-2006,695.88
27-12-2006,697.42
28-12-2006,700.89
29-12-2006,703.38
30-12-2006,NaN
31-12-2006,NaN
01-01-2007,NaN
02-01-2007,702.08
03-01-2007,709.63
04-01-2007,708.18
05-01-2007,707.99
06-01-2007,NaN
07-01-2007,NaN
08-01-2007,702.38
09-01-2007,707.41
10-01-2007,705.53
11-01-2007,702.92
12-01-2007,694
13-01-2007,NaN
14-01-2007,NaN
15-01-2007,697.16
16-01-2007,698.98
17-01-2007,700.84
18-01-2007,702.5
19-01-2007,700.21
20-01-2007,NaN
21-01-2007,NaN
22-01-2007,702.3
23-01-2007,699.34
24-01-2007,703.85
25-01-2007,698.43
26-01-2007,698.48
27-01-2007,NaN
28-01-2007,NaN
29-01-2007,700.23
30-01-2007,704.43
31-01-2007,706.37
01-02-2007,708.42
02-02-2007,707.31
03-02-2007,NaN
04-02-2007,NaN
05-02-2007,707.66
06-02-2007,707.27
07-02-2007,710.7
08-02-2007,714.14
09-02-2007,714.29
10-02-2007,NaN
11-02-2007,NaN
12-02-2007,709.9
13-02-2007,708.27
14-02-2007,708.44
15-02-2007,709.45
16-02-2007,708.09
17-02-2007,NaN
18-02-2007,NaN
19-02-2007,709.18
20-02-2007,709.6
21-02-2007,708.36
22-02-2007,708.91
23-02-2007,704.24
24-02-2007,NaN
25-02-2007,NaN
26-02-2007,706.03
27-02-2007,704.79
28-02-2007,713.04
01-03-2007,714.19
02-03-2007,713.24
03-03-2007,NaN
04-03-2007,NaN
05-03-2007,713.14
06-03-2007,709.45
07-03-2007,705.19
08-03-2007,706.77
09-03-2007,704.75
10-03-2007,NaN
11-03-2007,NaN
12-03-2007,706.19
13-03-2007,711.25
14-03-2007,711.59
15-03-2007,714.01
16-03-2007,711.94
17-03-2007,NaN
18-03-2007,NaN
19-03-2007,714.72
20-03-2007,712.98
21-03-2007,713.45
22-03-2007,716.85
23-03-2007,713.91
24-03-2007,NaN
25-03-2007,NaN
26-03-2007,714.12
27-03-2007,717.99
28-03-2007,720.19
29-03-2007,719.87
30-03-2007,719.26
31-03-2007,NaN
01-04-2007,NaN
02-04-2007,720
03-04-2007,721.32
04-04-2007,716.86
05-04-2007,718.24
06-04-2007,NaN
07-04-2007,NaN
08-04-2007,NaN
09-04-2007,720.74
10-04-2007,715.17
11-04-2007,718.22
12-04-2007,715.39
13-04-2007,718.07
14-04-2007,NaN
15-04-2007,NaN
16-04-2007,719.82
17-04-2007,718.56
18-04-2007,718.25
19-04-2007,719.17
20-04-2007,721.48
21-04-2007,NaN
22-04-2007,NaN
23-04-2007,718.74
24-04-2007,716.92
25-04-2007,720.84
26-04-2007,719.71
27-04-2007,717.48
28-04-2007,NaN
29-04-2007,NaN
30-04-2007,719.07
01-05-2007,NaN
02-05-2007,718.03
03-05-2007,713.82
04-05-2007,709.5
05-05-2007,NaN
06-05-2007,NaN
07-05-2007,707.88
08-05-2007,704.24
09-05-2007,703.32
10-05-2007,702.1
11-05-2007,699.11
12-05-2007,NaN
13-05-2007,NaN
14-05-2007,701.11
15-05-2007,702.37
16-05-2007,704.14
17-05-2007,699.7
18-05-2007,703.47
19-05-2007,NaN
20-05-2007,NaN
21-05-2007,NaN
22-05-2007,705.13
23-05-2007,702.19
24-05-2007,706.78
25-05-2007,705.8
26-05-2007,NaN
27-05-2007,NaN
28-05-2007,703.54
29-05-2007,708.07
30-05-2007,707.54
31-05-2007,708.46
01-06-2007,706.44
02-06-2007,NaN
03-06-2007,NaN
04-06-2007,704.8
05-06-2007,709.16
06-06-2007,709.63
07-06-2007,711.07
08-06-2007,708.51
09-06-2007,NaN
10-06-2007,NaN
11-06-2007,707.18
12-06-2007,704.93
13-06-2007,703.58
14-06-2007,704.35
15-06-2007,704.02
16-06-2007,NaN
17-06-2007,NaN
18-06-2007,704.35
19-06-2007,703.49
20-06-2007,703.58
21-06-2007,702.8
22-06-2007,703.36
23-06-2007,NaN
24-06-2007,NaN
25-06-2007,708.2
26-06-2007,710.47
27-06-2007,710.96
28-06-2007,712.17
29-06-2007,708.38
30-06-2007,NaN
01-07-2007,NaN
02-07-2007,NaN
03-07-2007,713.03
04-07-2007,715.14
05-07-2007,713.03
06-07-2007,712.5
07-07-2007,NaN
08-07-2007,NaN
09-07-2007,711.2
10-07-2007,707.74
11-07-2007,713.91
12-07-2007,713.67
13-07-2007,712.15
14-07-2007,NaN
15-07-2007,NaN
16-07-2007,NaN
17-07-2007,709.58
18-07-2007,710.21
19-07-2007,711.84
20-07-2007,707.98
21-07-2007,NaN
22-07-2007,NaN
23-07-2007,712.81
24-07-2007,710.68
25-07-2007,715.19
26-07-2007,714.06
27-07-2007,719.88
28-07-2007,NaN
29-07-2007,NaN
30-07-2007,715.46
31-07-2007,716.84
01-08-2007,713.15
02-08-2007,715.91
03-08-2007,713.84
04-08-2007,NaN
05-08-2007,NaN
06-08-2007,720.03
07-08-2007,721.36
08-08-2007,717.6
09-08-2007,715.34
10-08-2007,712.03
11-08-2007,NaN
12-08-2007,NaN
13-08-2007,716.04
14-08-2007,707.03
15-08-2007,NaN
16-08-2007,705.78
17-08-2007,708.37
18-08-2007,NaN
19-08-2007,NaN
20-08-2007,707.28
21-08-2007,704.79
22-08-2007,704.82
23-08-2007,707.15
24-08-2007,710.64
25-08-2007,NaN
26-08-2007,NaN
27-08-2007,717.06
28-08-2007,715.46
29-08-2007,716.16
30-08-2007,717.84
31-08-2007,715.14
01-09-2007,NaN
02-09-2007,NaN
03-09-2007,713.26
04-09-2007,713.96
05-09-2007,712.44
06-09-2007,715.54
07-09-2007,713.48
08-09-2007,NaN
09-09-2007,NaN
10-09-2007,717
11-09-2007,714.34
12-09-2007,713.96
13-09-2007,716.43
14-09-2007,713.05
15-09-2007,NaN
16-09-2007,NaN
17-09-2007,NaN
18-09-2007,NaN
19-09-2007,NaN
20-09-2007,713.9
21-09-2007,718.48
22-09-2007,NaN
23-09-2007,NaN
24-09-2007,721.33
25-09-2007,722.5
26-09-2007,727.12
27-09-2007,723.71
28-09-2007,723.89
29-09-2007,NaN
30-09-2007,NaN
01-10-2007,729.29
02-10-2007,724.99
03-10-2007,718.62
04-10-2007,713.13
05-10-2007,715.81
06-10-2007,NaN
07-10-2007,NaN
08-10-2007,712.31
09-10-2007,703.33
10-10-2007,702.55
11-10-2007,702.23
12-10-2007,700.54
13-10-2007,NaN
14-10-2007,NaN
15-10-2007,NaN
16-10-2007,703.35
17-10-2007,707.49
18-10-2007,709.91
19-10-2007,719.17
20-10-2007,NaN
21-10-2007,NaN
22-10-2007,715.31
23-10-2007,713.73
24-10-2007,717.4
25-10-2007,719.08
26-10-2007,716.78
27-10-2007,NaN
28-10-2007,NaN
29-10-2007,711.59
30-10-2007,713.76
31-10-2007,713.56
01-11-2007,NaN
02-11-2007,712.73
03-11-2007,NaN
04-11-2007,NaN
05-11-2007,720.07
06-11-2007,725.37
07-11-2007,728.9
08-11-2007,738.67
09-11-2007,740.66
10-11-2007,NaN
11-11-2007,NaN
12-11-2007,741.86
13-11-2007,738.13
14-11-2007,740.07
15-11-2007,740.63
16-11-2007,740.75
17-11-2007,NaN
18-11-2007,NaN
19-11-2007,744.28
20-11-2007,744.6
21-11-2007,752.53
22-11-2007,759.88
23-11-2007,761.86
24-11-2007,NaN
25-11-2007,NaN
26-11-2007,762.32
27-11-2007,764.02
28-11-2007,765.72
29-11-2007,756.86
30-11-2007,750.51
01-12-2007,NaN
02-12-2007,NaN
03-12-2007,742.33
04-12-2007,743.2
05-12-2007,747.31
06-12-2007,737.09
07-12-2007,727.44
08-12-2007,NaN
09-12-2007,NaN
10-12-2007,727.82
11-12-2007,732.13
12-12-2007,731.3
13-12-2007,732.52
14-12-2007,729.75
15-12-2007,NaN
16-12-2007,NaN
17-12-2007,719.28
18-12-2007,720.41
19-12-2007,718.74
20-12-2007,717.57
21-12-2007,714.17
22-12-2007,NaN
23-12-2007,NaN
24-12-2007,712.49
25-12-2007,NaN
26-12-2007,713.71
27-12-2007,718.62
28-12-2007,725.73
29-12-2007,NaN
30-12-2007,NaN
31-12-2007,NaN
01-01-2008,NaN
02-01-2008,730.94
03-01-2008,733.72
04-01-2008,733.22
05-01-2008,NaN
06-01-2008,NaN
07-01-2008,732.14
08-01-2008,727.92
09-01-2008,721.32
10-01-2008,714.44
11-01-2008,717.52
12-01-2008,NaN
13-01-2008,NaN
14-01-2008,710.39
15-01-2008,701.58
16-01-2008,699.94
17-01-2008,701.29
18-01-2008,699.37
19-01-2008,NaN
20-01-2008,NaN
21-01-2008,696.58
22-01-2008,696.81
23-01-2008,702.7
24-01-2008,697.36
25-01-2008,694.68
26-01-2008,NaN
27-01-2008,NaN
28-01-2008,686.34
29-01-2008,694.57
30-01-2008,684.76
31-01-2008,688.93
01-02-2008,691.13
02-02-2008,NaN
03-02-2008,NaN
04-02-2008,688.47
05-02-2008,692.04
06-02-2008,691.68
07-02-2008,694.69
08-02-2008,688.2
09-02-2008,NaN
10-02-2008,NaN
11-02-2008,687.81
12-02-2008,680.3
13-02-2008,679.49
14-02-2008,680.2
15-02-2008,679.65
16-02-2008,NaN
17-02-2008,NaN
18-02-2008,682.27
19-02-2008,678.65
20-02-2008,684.19
21-02-2008,688.84
22-02-2008,694.38
23-02-2008,NaN
24-02-2008,NaN
25-02-2008,692.08
26-02-2008,692.66
27-02-2008,696.58
28-02-2008,700.32
29-02-2008,697.35
01-03-2008,NaN
02-03-2008,NaN
03-03-2008,689.27
04-03-2008,690.87
05-03-2008,689.56
06-03-2008,687.08
07-03-2008,683.68
08-03-2008,NaN
09-03-2008,NaN
10-03-2008,681.77
11-03-2008,675.74
12-03-2008,666.82
13-03-2008,670.98
14-03-2008,674.67
15-03-2008,NaN
16-03-2008,NaN
17-03-2008,679.39
18-03-2008,689.4
19-03-2008,680.27
20-03-2008,681.48
21-03-2008,NaN
22-03-2008,NaN
23-03-2008,NaN
24-03-2008,690.8
25-03-2008,696.98
26-03-2008,703.7
27-03-2008,705.71
28-03-2008,696.89
29-03-2008,NaN
30-03-2008,NaN
31-03-2008,692.57
01-04-2008,690.94
02-04-2008,683.92
03-04-2008,685.25
04-04-2008,689.36
05-04-2008,NaN
06-04-2008,NaN
07-04-2008,686.53
08-04-2008,681.5
09-04-2008,687.02
10-04-2008,688.72
11-04-2008,683.52
12-04-2008,NaN
13-04-2008,NaN
14-04-2008,710.37
15-04-2008,710.19
16-04-2008,715.57
17-04-2008,727.58
18-04-2008,725.94
19-04-2008,NaN
20-04-2008,NaN
21-04-2008,720.52
22-04-2008,726.65
23-04-2008,723.51
24-04-2008,708.01
25-04-2008,703.4
26-04-2008,NaN
27-04-2008,NaN
28-04-2008,708.27
29-04-2008,710.56
30-04-2008,714.65
01-05-2008,NaN
02-05-2008,720.74
03-05-2008,NaN
04-05-2008,NaN
05-05-2008,716.45
06-05-2008,722.39
07-05-2008,725.93
08-05-2008,722.85
09-05-2008,725.05
10-05-2008,NaN
11-05-2008,NaN
12-05-2008,729.26
13-05-2008,727.12
14-05-2008,722.25
15-05-2008,724.38
16-05-2008,722.11
17-05-2008,NaN
18-05-2008,NaN
19-05-2008,725.46
20-05-2008,724.22
21-05-2008,NaN
22-05-2008,737.86
23-05-2008,740.94
24-05-2008,NaN
25-05-2008,NaN
26-05-2008,744.75
27-05-2008,748.69
28-05-2008,752.55
29-05-2008,750.12
30-05-2008,743.77
31-05-2008,NaN
01-06-2008,NaN
02-06-2008,746.02
03-06-2008,750.61
04-06-2008,750.15
05-06-2008,755.52
06-06-2008,752.07
07-06-2008,NaN
08-06-2008,NaN
09-06-2008,761.39
10-06-2008,755.66
11-06-2008,749.57
12-06-2008,755.58
13-06-2008,766.94
14-06-2008,NaN
15-06-2008,NaN
16-06-2008,768.78
17-06-2008,773.59
18-06-2008,763.93
19-06-2008,761.66
20-06-2008,757.08
21-06-2008,NaN
22-06-2008,NaN
23-06-2008,770.83
24-06-2008,778.19
25-06-2008,786.65
26-06-2008,796.08
27-06-2008,807.41
28-06-2008,NaN
29-06-2008,NaN
30-06-2008,821.32
01-07-2008,828.16
02-07-2008,835.57
03-07-2008,821.59
04-07-2008,802.32
05-07-2008,NaN
06-07-2008,NaN
07-07-2008,801.49
08-07-2008,797.67
09-07-2008,791.72
10-07-2008,790.83
11-07-2008,794.63
12-07-2008,NaN
13-07-2008,NaN
14-07-2008,802.76
15-07-2008,793.19
16-07-2008,NaN
17-07-2008,782.99
18-07-2008,773.93
19-07-2008,NaN
20-07-2008,NaN
21-07-2008,784.23
22-07-2008,787.12
23-07-2008,773.63
24-07-2008,776.48
25-07-2008,773.62
26-07-2008,NaN
27-07-2008,NaN
28-07-2008,771.74
29-07-2008,777.18
30-07-2008,770.39
31-07-2008,782.66
01-08-2008,790.27
02-08-2008,NaN
03-08-2008,NaN
04-08-2008,786.38
05-08-2008,796.2
06-08-2008,790.66
07-08-2008,790.69
08-08-2008,784.67
09-08-2008,NaN
10-08-2008,NaN
11-08-2008,776.17
12-08-2008,774.34
13-08-2008,775.5
14-08-2008,773.35
15-08-2008,NaN
16-08-2008,NaN
17-08-2008,NaN
18-08-2008,762.4
19-08-2008,763.03
20-08-2008,773.46
21-08-2008,767.56
22-08-2008,774.27
23-08-2008,NaN
24-08-2008,NaN
25-08-2008,768.4
26-08-2008,768.35
27-08-2008,766.3
28-08-2008,765.59
29-08-2008,759.29
30-08-2008,NaN
31-08-2008,NaN
01-09-2008,752.47
02-09-2008,752.13
03-09-2008,750.05
04-09-2008,749.65
05-09-2008,739.44
06-09-2008,NaN
07-09-2008,NaN
08-09-2008,744.85
09-09-2008,739.8
10-09-2008,749.54
11-09-2008,744.8
12-09-2008,743.78
13-09-2008,NaN
14-09-2008,NaN
15-09-2008,750.36
16-09-2008,758.76
17-09-2008,764.81
18-09-2008,NaN
19-09-2008,NaN
20-09-2008,NaN
21-09-2008,NaN
22-09-2008,779.48
23-09-2008,789.52
24-09-2008,785.17
25-09-2008,790.79
26-09-2008,788.5
27-09-2008,NaN
28-09-2008,NaN
29-09-2008,788.91
30-09-2008,798.71
01-10-2008,775.51
02-10-2008,778.75
03-10-2008,790.27
04-10-2008,NaN
05-10-2008,NaN
06-10-2008,785.88
07-10-2008,795.58
08-10-2008,801.16
09-10-2008,830.16
10-10-2008,832.35
11-10-2008,NaN
12-10-2008,NaN
13-10-2008,852.57
14-10-2008,834.08
15-10-2008,825.65
16-10-2008,854.19
17-10-2008,846.3
18-10-2008,NaN
19-10-2008,NaN
20-10-2008,829.33
21-10-2008,815.05
22-10-2008,829.12
23-10-2008,838.79
24-10-2008,837.46
25-10-2008,NaN
26-10-2008,NaN
27-10-2008,841.35
28-10-2008,846.78
29-10-2008,840.92
30-10-2008,854.92
31-10-2008,NaN
01-11-2008,NaN
02-11-2008,NaN
03-11-2008,867.8
04-11-2008,846.24
05-11-2008,835.54
06-11-2008,823.59
07-11-2008,801.44
08-11-2008,NaN
09-11-2008,NaN
10-11-2008,811.28
11-11-2008,803.15
12-11-2008,805.6
13-11-2008,809.33
14-11-2008,801.49
15-11-2008,NaN
16-11-2008,NaN
17-11-2008,814.19
18-11-2008,820.93
19-11-2008,813.51
20-11-2008,822.47
21-11-2008,831.52
22-11-2008,NaN
23-11-2008,NaN
24-11-2008,842.09
25-11-2008,870.8
26-11-2008,876.54
27-11-2008,853.93
28-11-2008,849.56
29-11-2008,NaN
30-11-2008,NaN
01-12-2008,843.58
02-12-2008,847.98
03-12-2008,847.53
04-12-2008,853.89
05-12-2008,861.11
06-12-2008,NaN
07-12-2008,NaN
08-12-2008,NaN
09-12-2008,853.15
10-12-2008,860.25
11-12-2008,867.08
12-12-2008,878.1
13-12-2008,NaN
14-12-2008,NaN
15-12-2008,872.48
16-12-2008,879.94
17-12-2008,881.51
18-12-2008,908.29
19-12-2008,895.34
20-12-2008,NaN
21-12-2008,NaN
22-12-2008,880.23
23-12-2008,881.24
24-12-2008,875.82
25-12-2008,NaN
26-12-2008,874.22
27-12-2008,NaN
28-12-2008,NaN
29-12-2008,883.41
30-12-2008,889.33
31-12-2008,NaN
01-01-2009,NaN
02-01-2009,898.81
03-01-2009,NaN
04-01-2009,NaN
05-01-2009,890.4
06-01-2009,873.87
07-01-2009,852.84
08-01-2009,861.15
09-01-2009,861.86
10-01-2009,NaN
11-01-2009,NaN
12-01-2009,830.13
13-01-2009,817.16
14-01-2009,810.61
15-01-2009,810.65
16-01-2009,818.24
17-01-2009,NaN
18-01-2009,NaN
19-01-2009,815.1
20-01-2009,816.82
21-01-2009,807.14
22-01-2009,802.11
23-01-2009,806.19
24-01-2009,NaN
25-01-2009,NaN
26-01-2009,805.67
27-01-2009,810.48
28-01-2009,812.18
29-01-2009,809.81
30-01-2009,794.74
31-01-2009,NaN
01-02-2009,NaN
02-02-2009,790.65
03-02-2009,799.31
04-02-2009,807.18
05-02-2009,793.83
06-02-2009,796.56
07-02-2009,NaN
08-02-2009,NaN
09-02-2009,797.07
10-02-2009,794.65
11-02-2009,780.64
12-02-2009,773.73
13-02-2009,760.38
14-02-2009,NaN
15-02-2009,NaN
16-02-2009,753.25
17-02-2009,745.82
18-02-2009,745.59
19-02-2009,744.56
20-02-2009,767.1
21-02-2009,NaN
22-02-2009,NaN
23-02-2009,795.48
24-02-2009,792.11
25-02-2009,767.14
26-02-2009,764.92
27-02-2009,760.38
28-02-2009,NaN
01-03-2009,NaN
02-03-2009,761.27
03-03-2009,758.93
04-03-2009,765.82
05-03-2009,775.54
06-03-2009,767.81
07-03-2009,NaN
08-03-2009,NaN
09-03-2009,766.14
10-03-2009,770.33
11-03-2009,764.12
12-03-2009,768.65
13-03-2009,766.39
14-03-2009,NaN
15-03-2009,NaN
16-03-2009,766.16
17-03-2009,760.28
18-03-2009,758.6
19-03-2009,795.32
20-03-2009,798.14
21-03-2009,NaN
22-03-2009,NaN
23-03-2009,795.37
24-03-2009,790.43
25-03-2009,777.61
26-03-2009,780.74
27-03-2009,778
28-03-2009,NaN
29-03-2009,NaN
30-03-2009,760.95
31-03-2009,768.04
01-04-2009,775.41
02-04-2009,770.35
03-04-2009,773.32
04-04-2009,NaN
05-04-2009,NaN
06-04-2009,782.14
07-04-2009,779.91
08-04-2009,773.37
09-04-2009,768.61
10-04-2009,NaN
11-04-2009,NaN
12-04-2009,NaN
13-04-2009,759.52
14-04-2009,772.77
15-04-2009,767.54
16-04-2009,764.5
17-04-2009,760.37
18-04-2009,NaN
19-04-2009,NaN
20-04-2009,753.66
21-04-2009,754.86
22-04-2009,754.37
23-04-2009,759.79
24-04-2009,765.9
25-04-2009,NaN
26-04-2009,NaN
27-04-2009,778.2
28-04-2009,781.7
29-04-2009,789.7
30-04-2009,780.15
01-05-2009,NaN
02-05-2009,NaN
03-05-2009,NaN
04-05-2009,767.53
05-05-2009,767.29
06-05-2009,757.36
07-05-2009,760.68
08-05-2009,755
09-05-2009,NaN
10-05-2009,NaN
11-05-2009,765.56
12-05-2009,772.77
13-05-2009,775.13
14-05-2009,774.97
15-05-2009,770.24
16-05-2009,NaN
17-05-2009,NaN
18-05-2009,755.68
19-05-2009,756.27
20-05-2009,764.43
21-05-2009,NaN
22-05-2009,770.54
23-05-2009,NaN
24-05-2009,NaN
25-05-2009,786.7
26-05-2009,787.88
27-05-2009,789.05
28-05-2009,785.77
29-05-2009,787.39
30-05-2009,NaN
31-05-2009,NaN
01-06-2009,792.34
02-06-2009,794.08
03-06-2009,805.67
04-06-2009,799.19
05-06-2009,802.21
06-06-2009,NaN
07-06-2009,NaN
08-06-2009,789.96
09-06-2009,790.97
10-06-2009,796.97
11-06-2009,789.75
12-06-2009,796.95
13-06-2009,NaN
14-06-2009,NaN
15-06-2009,786.91
16-06-2009,778.53
17-06-2009,766.02
18-06-2009,767.61
19-06-2009,749.94
20-06-2009,NaN
21-06-2009,NaN
22-06-2009,748.99
23-06-2009,741.22
24-06-2009,751.62
25-06-2009,741.6
26-06-2009,744.37
27-06-2009,NaN
28-06-2009,NaN
29-06-2009,NaN
30-06-2009,744.33
01-07-2009,746.33
02-07-2009,757.03
03-07-2009,761.44
04-07-2009,NaN
05-07-2009,NaN
06-07-2009,756.63
07-07-2009,754.47
08-07-2009,752.36
09-07-2009,756.41
10-07-2009,768.2
11-07-2009,NaN
12-07-2009,NaN
13-07-2009,769.56
14-07-2009,767.17
15-07-2009,764.14
16-07-2009,NaN
17-07-2009,764.01
18-07-2009,NaN
19-07-2009,NaN
20-07-2009,750.8
21-07-2009,755.59
22-07-2009,755.88
23-07-2009,758.72
24-07-2009,758.8
25-07-2009,NaN
26-07-2009,NaN
27-07-2009,764.73
28-07-2009,769.78
29-07-2009,771.56
30-07-2009,762.74
31-07-2009,762.7
01-08-2009,NaN
02-08-2009,NaN
03-08-2009,772.07
04-08-2009,775.64
05-08-2009,776.34
06-08-2009,779.86
07-08-2009,777.2
08-08-2009,NaN
09-08-2009,NaN
10-08-2009,769.53
11-08-2009,772.04
12-08-2009,778.08
13-08-2009,777.2
14-08-2009,779.09
15-08-2009,NaN
16-08-2009,NaN
17-08-2009,782.83
18-08-2009,786.8
19-08-2009,786.53
20-08-2009,786.69
21-08-2009,781.83
22-08-2009,NaN
23-08-2009,NaN
24-08-2009,779.43
25-08-2009,781.2
26-08-2009,781.61
27-08-2009,781.33
28-08-2009,787.47
29-08-2009,NaN
30-08-2009,NaN
31-08-2009,787.19
01-09-2009,792.2
02-09-2009,789.32
03-09-2009,796.54
04-09-2009,792.06
05-09-2009,NaN
06-09-2009,NaN
07-09-2009,789.96
08-09-2009,790.02
09-09-2009,800.51
10-09-2009,802.27
11-09-2009,807.62
12-09-2009,NaN
13-09-2009,NaN
14-09-2009,803.05
15-09-2009,806.02
16-09-2009,808.93
17-09-2009,803.36
18-09-2009,NaN
19-09-2009,NaN
20-09-2009,NaN
21-09-2009,804.42
22-09-2009,799.68
23-09-2009,799.76
24-09-2009,797.33
25-09-2009,793.08
26-09-2009,NaN
27-09-2009,NaN
28-09-2009,799.21
29-09-2009,796.5
30-09-2009,796.02
01-10-2009,805.09
02-10-2009,803.63
03-10-2009,NaN
04-10-2009,NaN
05-10-2009,812.67
06-10-2009,815.17
07-10-2009,815.69
08-10-2009,812.64
09-10-2009,813.94
10-10-2009,NaN
11-10-2009,NaN
12-10-2009,NaN
13-10-2009,815.47
14-10-2009,821.96
15-10-2009,824.11
16-10-2009,819.47
17-10-2009,NaN
18-10-2009,NaN
19-10-2009,815.75
20-10-2009,816.27
21-10-2009,810.02
22-10-2009,815.88
23-10-2009,806.54
24-10-2009,NaN
25-10-2009,NaN
26-10-2009,798.48
27-10-2009,791.58
28-10-2009,788.47
29-10-2009,781.33
30-10-2009,789.05
31-10-2009,NaN
01-11-2009,NaN
02-11-2009,783.6
03-11-2009,781
04-11-2009,780.68
05-11-2009,783.15
06-11-2009,778.82
07-11-2009,NaN
08-11-2009,NaN
09-11-2009,774.25
10-11-2009,772.89
11-11-2009,762.31
12-11-2009,757.5
13-11-2009,755.22
14-11-2009,NaN
15-11-2009,NaN
16-11-2009,752.15
17-11-2009,744.32
18-11-2009,733.51
19-11-2009,734.18
20-11-2009,742.7
21-11-2009,NaN
22-11-2009,NaN
23-11-2009,747.82
24-11-2009,740.06
25-11-2009,738.19
26-11-2009,742.8
27-11-2009,740.41
28-11-2009,NaN
29-11-2009,NaN
30-11-2009,741.72
01-12-2009,742.53
02-12-2009,748.91
03-12-2009,751.18
04-12-2009,758.47
05-12-2009,NaN
06-12-2009,NaN
07-12-2009,745.49
08-12-2009,NaN
09-12-2009,748.38
10-12-2009,739.64
11-12-2009,729.36
12-12-2009,NaN
13-12-2009,NaN
14-12-2009,724.54
15-12-2009,728.37
16-12-2009,723.69
17-12-2009,724.99
18-12-2009,717.44
19-12-2009,NaN
20-12-2009,NaN
21-12-2009,718.91
22-12-2009,720.62
23-12-2009,723.11
24-12-2009,730.12
25-12-2009,NaN
26-12-2009,NaN
27-12-2009,NaN
28-12-2009,727.38
29-12-2009,728.66
30-12-2009,727.21
31-12-2009,NaN
01-01-2010,NaN
02-01-2010,NaN
03-01-2010,NaN
04-01-2010,726.82
05-01-2010,729.3
06-01-2010,724.66
07-01-2010,716.34
08-01-2010,707.8
09-01-2010,NaN
10-01-2010,NaN
11-01-2010,710.08
12-01-2010,710.61
13-01-2010,711.72
14-01-2010,710.16
15-01-2010,715.22
16-01-2010,NaN
17-01-2010,NaN
18-01-2010,708.6
19-01-2010,706.62
20-01-2010,703.16
21-01-2010,698.55
22-01-2010,703.85
23-01-2010,NaN
24-01-2010,NaN
25-01-2010,717.02
26-01-2010,717.25
27-01-2010,721.5
28-01-2010,730.38
29-01-2010,743.5
30-01-2010,NaN
31-01-2010,NaN
01-02-2010,726.12
02-02-2010,735.74
03-02-2010,738.55
04-02-2010,744.9
05-02-2010,751.8
06-02-2010,NaN
07-02-2010,NaN
08-02-2010,739.55
09-02-2010,740.41
10-02-2010,745.91
11-02-2010,736.36
12-02-2010,729.69
13-02-2010,NaN
14-02-2010,NaN
15-02-2010,720.54
16-02-2010,714.55
17-02-2010,725.99
18-02-2010,718.79
19-02-2010,723.65
20-02-2010,NaN
21-02-2010,NaN
22-02-2010,724.08
23-02-2010,718.91
24-02-2010,714.8
25-02-2010,718.87
26-02-2010,716.28
27-02-2010,NaN
28-02-2010,NaN
01-03-2010,718.93
02-03-2010,710.92
03-03-2010,709.51
04-03-2010,707.46
05-03-2010,698.93
06-03-2010,NaN
07-03-2010,NaN
08-03-2010,695.84
09-03-2010,693.28
10-03-2010,697.58
11-03-2010,702.82
12-03-2010,711.88
13-03-2010,NaN
14-03-2010,NaN
15-03-2010,710.42
16-03-2010,705.73
17-03-2010,717.84
18-03-2010,725.14
19-03-2010,716.75
20-03-2010,NaN
21-03-2010,NaN
22-03-2010,714.47
23-03-2010,722.16
24-03-2010,720.76
25-03-2010,711.01
26-03-2010,707.6
27-03-2010,NaN
28-03-2010,NaN
29-03-2010,713.79
30-03-2010,716.49
31-03-2010,705.77
01-04-2010,709.3
02-04-2010,NaN
03-04-2010,NaN
04-04-2010,NaN
05-04-2010,708.31
06-04-2010,700.24
07-04-2010,696.85
08-04-2010,690.96
09-04-2010,690.35
10-04-2010,NaN
11-04-2010,NaN
12-04-2010,694.7
13-04-2010,699.48
14-04-2010,700.68
15-04-2010,705.09
16-04-2010,706.93
17-04-2010,NaN
18-04-2010,NaN
19-04-2010,706.13
20-04-2010,707.82
21-04-2010,708.94
22-04-2010,702.05
23-04-2010,693.93
24-04-2010,NaN
25-04-2010,NaN
26-04-2010,697.04
27-04-2010,693.53
28-04-2010,690.15
29-04-2010,693.25
30-04-2010,689.6
01-05-2010,NaN
02-05-2010,NaN
03-05-2010,688.45
04-05-2010,684.41
05-05-2010,680.02
06-05-2010,676.24
07-05-2010,664.14
08-05-2010,NaN
09-05-2010,NaN
10-05-2010,677.41
11-05-2010,674.51
12-05-2010,672.71
13-05-2010,668.29
14-05-2010,667.88
15-05-2010,NaN
16-05-2010,NaN
17-05-2010,661.46
18-05-2010,666.75
19-05-2010,661.97
20-05-2010,680
21-05-2010,NaN
22-05-2010,NaN
23-05-2010,NaN
24-05-2010,688.15
25-05-2010,669.14
26-05-2010,671.26
27-05-2010,657.02
28-05-2010,657.13
29-05-2010,NaN
30-05-2010,NaN
31-05-2010,650.08
01-06-2010,653.07
02-06-2010,653.07
03-06-2010,654.73
04-06-2010,651.31
05-06-2010,NaN
06-06-2010,NaN
07-06-2010,647.26
08-06-2010,650.43
09-06-2010,654.6
10-06-2010,650.34
11-06-2010,651.34
12-06-2010,NaN
13-06-2010,NaN
14-06-2010,649.32
15-06-2010,655.09
16-06-2010,661.34
17-06-2010,652.18
18-06-2010,655.98
19-06-2010,NaN
20-06-2010,NaN
21-06-2010,658.92
22-06-2010,652.86
23-06-2010,653.88
24-06-2010,659.48
25-06-2010,665.45
26-06-2010,NaN
27-06-2010,NaN
28-06-2010,NaN
29-06-2010,665.68
30-06-2010,662.22
01-07-2010,669.51
02-07-2010,681.04
03-07-2010,NaN
04-07-2010,NaN
05-07-2010,675.82
06-07-2010,674.07
07-07-2010,676.1
08-07-2010,678.36
09-07-2010,679.91
10-07-2010,NaN
11-07-2010,NaN
12-07-2010,680.37
13-07-2010,678.7
14-07-2010,680.74
15-07-2010,681.5
16-07-2010,NaN
17-07-2010,NaN
18-07-2010,NaN
19-07-2010,686
20-07-2010,689.15
21-07-2010,683.34
22-07-2010,669.5
23-07-2010,668.33
24-07-2010,NaN
25-07-2010,NaN
26-07-2010,671.78
27-07-2010,675.88
28-07-2010,674.62
29-07-2010,678.42
30-07-2010,683.9
31-07-2010,NaN
01-08-2010,NaN
02-08-2010,682.44
03-08-2010,681.46
04-08-2010,684.84
05-08-2010,679.96
06-08-2010,679.75
07-08-2010,NaN
08-08-2010,NaN
09-08-2010,683.56
10-08-2010,677.42
11-08-2010,677
12-08-2010,661.43
13-08-2010,654.02
14-08-2010,NaN
15-08-2010,NaN
16-08-2010,650.39
17-08-2010,648.66
18-08-2010,647.74
19-08-2010,642.81
20-08-2010,647.28
21-08-2010,NaN
22-08-2010,NaN
23-08-2010,645.24
24-08-2010,638.13
25-08-2010,642.06
26-08-2010,641.85
27-08-2010,640.63
28-08-2010,NaN
29-08-2010,NaN
30-08-2010,637.72
31-08-2010,632.13
01-09-2010,637.8
02-09-2010,637.35
03-09-2010,636.44
04-09-2010,NaN
05-09-2010,NaN
06-09-2010,638.66
07-09-2010,639.64
08-09-2010,631.76
09-09-2010,632.6
10-09-2010,629.25
11-09-2010,NaN
12-09-2010,NaN
13-09-2010,630.82
14-09-2010,636.76
15-09-2010,642.87
16-09-2010,643.98
17-09-2010,NaN
18-09-2010,NaN
19-09-2010,NaN
20-09-2010,NaN
21-09-2010,649.36
22-09-2010,658.87
23-09-2010,661.14
24-09-2010,652.46
25-09-2010,NaN
26-09-2010,NaN
27-09-2010,655.2
28-09-2010,654.23
29-09-2010,658.33
30-09-2010,661.26
01-10-2010,659.46
02-10-2010,NaN
03-10-2010,NaN
04-10-2010,662.52
05-10-2010,663.96
06-10-2010,670.04
07-10-2010,671.46
08-10-2010,670.94
09-10-2010,NaN
10-10-2010,NaN
11-10-2010,NaN
12-10-2010,672.7
13-10-2010,666.98
14-10-2010,664.61
15-10-2010,672.24
16-10-2010,NaN
17-10-2010,NaN
18-10-2010,667.61
19-10-2010,673.61
20-10-2010,666.91
21-10-2010,678.59
22-10-2010,676.58
23-10-2010,NaN
24-10-2010,NaN
25-10-2010,678.43
26-10-2010,678.56
27-10-2010,679.22
28-10-2010,680.02
29-10-2010,685
30-10-2010,NaN
31-10-2010,NaN
01-11-2010,NaN
02-11-2010,679.82
03-11-2010,683.49
04-11-2010,684.39
05-11-2010,683.68
06-11-2010,NaN
07-11-2010,NaN
08-11-2010,672.46
09-11-2010,669.67
10-11-2010,660.09
11-11-2010,661.57
12-11-2010,654.97
13-11-2010,NaN
14-11-2010,NaN
15-11-2010,657.69
16-11-2010,657.86
17-11-2010,652.01
18-11-2010,656.58
19-11-2010,655.75
20-11-2010,NaN
21-11-2010,NaN
22-11-2010,656.19
23-11-2010,650.9
24-11-2010,644.94
25-11-2010,643.58
26-11-2010,643.95
27-11-2010,NaN
28-11-2010,NaN
29-11-2010,638.77
30-11-2010,637.3
01-12-2010,635.74
02-12-2010,636.34
03-12-2010,639.75
04-12-2010,NaN
05-12-2010,NaN
06-12-2010,644.69
07-12-2010,637.82
08-12-2010,NaN
09-12-2010,633.2
10-12-2010,629.33
11-12-2010,NaN
12-12-2010,NaN
13-12-2010,627.92
14-12-2010,636.04
15-12-2010,635.69
16-12-2010,628.81
17-12-2010,626.3
18-12-2010,NaN
19-12-2010,NaN
20-12-2010,621.5
21-12-2010,617.97
22-12-2010,613.23
23-12-2010,614.63
24-12-2010,615.65
25-12-2010,NaN
26-12-2010,NaN
27-12-2010,615.6
28-12-2010,619.2
29-12-2010,615.6
30-12-2010,619.87
31-12-2010,NaN
01-01-2011,NaN
02-01-2011,NaN
03-01-2011,621.53
04-01-2011,623.73
05-01-2011,648.4
06-01-2011,650.14
07-01-2011,643.52
08-01-2011,NaN
09-01-2011,NaN
10-01-2011,642.48
11-01-2011,646.08
12-01-2011,643.03
13-01-2011,647.42
14-01-2011,653.33
15-01-2011,NaN
16-01-2011,NaN
17-01-2011,656.83
18-01-2011,652.11
19-01-2011,655.89
20-01-2011,662.02
21-01-2011,664.47
22-01-2011,NaN
23-01-2011,NaN
24-01-2011,669.6
25-01-2011,672.95
26-01-2011,671.73
27-01-2011,669.73
28-01-2011,664.8
29-01-2011,NaN
30-01-2011,NaN
31-01-2011,656.86
01-02-2011,662.75
02-02-2011,664.72
03-02-2011,662.48
04-02-2011,656.52
05-02-2011,NaN
06-02-2011,NaN
07-02-2011,649.86
08-02-2011,649.35
09-02-2011,654.56
10-02-2011,654.68
11-02-2011,648.23
12-02-2011,NaN
13-02-2011,NaN
14-02-2011,640.19
15-02-2011,633.75
16-02-2011,635.59
17-02-2011,643.41
18-02-2011,643.76
19-02-2011,NaN
20-02-2011,NaN
21-02-2011,642.04
22-02-2011,641.33
23-02-2011,643.73
24-02-2011,651.2
25-02-2011,659.85
26-02-2011,NaN
27-02-2011,NaN
28-02-2011,654.06
01-03-2011,654.92
02-03-2011,657.74
03-03-2011,662.75
04-03-2011,660.68
05-03-2011,NaN
06-03-2011,NaN
07-03-2011,661.27
08-03-2011,660.64
09-03-2011,661.33
10-03-2011,661.41
11-03-2011,666.43
12-03-2011,NaN
13-03-2011,NaN
14-03-2011,669.12
15-03-2011,672.32
16-03-2011,676.76
17-03-2011,671.4
18-03-2011,680.36
19-03-2011,NaN
20-03-2011,NaN
21-03-2011,682.73
22-03-2011,683.86
23-03-2011,684.44
24-03-2011,681.67
25-03-2011,680.99
26-03-2011,NaN
27-03-2011,NaN
28-03-2011,674.93
29-03-2011,677.5
30-03-2011,678.82
31-03-2011,680.71
01-04-2011,680.47
02-04-2011,NaN
03-04-2011,NaN
04-04-2011,679.25
05-04-2011,674.36
06-04-2011,676.2
07-04-2011,677.69
08-04-2011,676.36
09-04-2011,NaN
10-04-2011,NaN
11-04-2011,678.88
12-04-2011,679.95
13-04-2011,686.62
14-04-2011,682.43
15-04-2011,684.77
16-04-2011,NaN
17-04-2011,NaN
18-04-2011,681.86
19-04-2011,675.43
20-04-2011,679.12
21-04-2011,681.86
22-04-2011,NaN
23-04-2011,NaN
24-04-2011,NaN
25-04-2011,680.49
26-04-2011,681.88
27-04-2011,680.75
28-04-2011,680.26
29-04-2011,681.54
30-04-2011,NaN
01-05-2011,NaN
02-05-2011,683.44
03-05-2011,686.06
04-05-2011,686.95
05-05-2011,688.24
06-05-2011,681.73
07-05-2011,NaN
08-05-2011,NaN
09-05-2011,671.22
10-05-2011,670.91
11-05-2011,670.56
12-05-2011,664.63
13-05-2011,666.39
14-05-2011,NaN
15-05-2011,NaN
16-05-2011,656.15
17-05-2011,665.96
18-05-2011,674.33
19-05-2011,672.09
20-05-2011,670.84
21-05-2011,NaN
22-05-2011,NaN
23-05-2011,664.59
24-05-2011,664.29
25-05-2011,665.47
26-05-2011,664.1
27-05-2011,664.4
28-05-2011,NaN
29-05-2011,NaN
30-05-2011,668.06
31-05-2011,667.01
01-06-2011,669.35
02-06-2011,669.99
03-06-2011,676.7
04-06-2011,NaN
05-06-2011,NaN
06-06-2011,684.75
07-06-2011,682.27
08-06-2011,685.51
09-06-2011,681.45
10-06-2011,678.47
11-06-2011,NaN
12-06-2011,NaN
13-06-2011,671.91
14-06-2011,673.08
15-06-2011,674.06
16-06-2011,662.96
17-06-2011,667.33
18-06-2011,NaN
19-06-2011,NaN
20-06-2011,673.52
21-06-2011,676.22
22-06-2011,678.65
23-06-2011,677.93
24-06-2011,675.28
25-06-2011,NaN
26-06-2011,NaN
27-06-2011,NaN
28-06-2011,670.97
29-06-2011,678.86
30-06-2011,679.55
01-07-2011,679.66
02-07-2011,NaN
03-07-2011,NaN
04-07-2011,676.61
05-07-2011,676.86
06-07-2011,671.62
07-07-2011,665.47
08-07-2011,663.05
09-07-2011,NaN
10-07-2011,NaN
11-07-2011,659.39
12-07-2011,653.76
13-07-2011,654.35
14-07-2011,655.61
15-07-2011,652.94
16-07-2011,NaN
17-07-2011,NaN
18-07-2011,653.71
19-07-2011,653.71
20-07-2011,652.11
21-07-2011,657.73
22-07-2011,663.58
23-07-2011,NaN
24-07-2011,NaN
25-07-2011,662.59
26-07-2011,664.88
27-07-2011,665.98
28-07-2011,656.88
29-07-2011,652.33
30-07-2011,NaN
31-07-2011,NaN
01-08-2011,657.77
02-08-2011,654.17
03-08-2011,650.09
04-08-2011,658.88
05-08-2011,652.61
06-08-2011,NaN
07-08-2011,NaN
08-08-2011,661.99
09-08-2011,672.89
10-08-2011,677.31
11-08-2011,671.37
12-08-2011,674.78
13-08-2011,NaN
14-08-2011,NaN
15-08-2011,NaN
16-08-2011,669.43
17-08-2011,680.2
18-08-2011,675.71
19-08-2011,674.38
20-08-2011,NaN
21-08-2011,NaN
22-08-2011,674.25
23-08-2011,672.28
24-08-2011,674.19
25-08-2011,673.04
26-08-2011,670.9
27-08-2011,NaN
28-08-2011,NaN
29-08-2011,676.6
30-08-2011,674.01
31-08-2011,672.82
01-09-2011,665.79
02-09-2011,657.56
03-09-2011,NaN
04-09-2011,NaN
05-09-2011,653.15
06-09-2011,651.5
07-09-2011,650.18
08-09-2011,651.78
09-09-2011,643.88
10-09-2011,NaN
11-09-2011,NaN
12-09-2011,637.62
13-09-2011,643.94
14-09-2011,652.85
15-09-2011,656.1
16-09-2011,664.31
17-09-2011,NaN
18-09-2011,NaN
19-09-2011,NaN
20-09-2011,660.98
21-09-2011,668.3
22-09-2011,686.46
23-09-2011,704.25
24-09-2011,NaN
25-09-2011,NaN
26-09-2011,701
27-09-2011,688.91
28-09-2011,688.01
29-09-2011,689.88
30-09-2011,698.78
01-10-2011,NaN
02-10-2011,NaN
03-10-2011,700.63
04-10-2011,695.7
05-10-2011,706.75
06-10-2011,709.86
07-10-2011,703.37
08-10-2011,NaN
09-10-2011,NaN
10-10-2011,NaN
11-10-2011,688.13
12-10-2011,700.29
13-10-2011,693.92
14-10-2011,694.25
15-10-2011,NaN
16-10-2011,NaN
17-10-2011,692.88
18-10-2011,690.24
19-10-2011,702.6
20-10-2011,699.56
21-10-2011,708.49
22-10-2011,NaN
23-10-2011,NaN
24-10-2011,710.14
25-10-2011,706.98
26-10-2011,701.03
27-10-2011,696.48
28-10-2011,699.22
29-10-2011,NaN
30-10-2011,NaN
31-10-2011,NaN
01-11-2011,NaN
02-11-2011,694.66
03-11-2011,689.81
04-11-2011,687.6
05-11-2011,NaN
06-11-2011,NaN
07-11-2011,681.02
08-11-2011,686.65
09-11-2011,685.73
10-11-2011,679.07
11-11-2011,682.53
12-11-2011,NaN
13-11-2011,NaN
14-11-2011,687.01
15-11-2011,683.22
16-11-2011,686.79
17-11-2011,692.46
18-11-2011,688.24
19-11-2011,NaN
20-11-2011,NaN
21-11-2011,690.27
22-11-2011,700.32
23-11-2011,700.04
24-11-2011,700.47
25-11-2011,696.81
26-11-2011,NaN
27-11-2011,NaN
28-11-2011,696.96
29-11-2011,694.67
30-11-2011,698.44
01-12-2011,695.3
02-12-2011,692.17
03-12-2011,NaN
04-12-2011,NaN
05-12-2011,686.69
06-12-2011,690.29
07-12-2011,687.05
08-12-2011,NaN
09-12-2011,682.5
10-12-2011,NaN
11-12-2011,NaN
12-12-2011,682.54
13-12-2011,678.16
14-12-2011,674.52
15-12-2011,673.45
16-12-2011,675.6
17-12-2011,NaN
18-12-2011,NaN
19-12-2011,673.12
20-12-2011,676.95
21-12-2011,678.52
22-12-2011,682.81
23-12-2011,678.77
24-12-2011,NaN
25-12-2011,NaN
26-12-2011,679.18
27-12-2011,680.53
28-12-2011,682.15
29-12-2011,675.04
30-12-2011,675.2
31-12-2011,NaN
01-01-2012,NaN
02-01-2012,672.97
03-01-2012,669.94
04-01-2012,671.46
05-01-2012,663.17
06-01-2012,654.48
07-01-2012,NaN
08-01-2012,NaN
09-01-2012,648.19
10-01-2012,652.74
11-01-2012,650.01
12-01-2012,643.86
13-01-2012,643.24
14-01-2012,NaN
15-01-2012,NaN
16-01-2012,635.27
17-01-2012,634.33
18-01-2012,632.55
19-01-2012,638.96
20-01-2012,636.64
21-01-2012,NaN
22-01-2012,NaN
23-01-2012,635.46
24-01-2012,634.83
25-01-2012,641.62
26-01-2012,646.3
27-01-2012,638.16
28-01-2012,NaN
29-01-2012,NaN
30-01-2012,640.3
31-01-2012,641.55
01-02-2012,639.31
02-02-2012,642.85
03-02-2012,635.61
04-02-2012,NaN
05-02-2012,NaN
06-02-2012,629.04
07-02-2012,631.68
08-02-2012,635.57
09-02-2012,633.13
10-02-2012,631.78
11-02-2012,NaN
12-02-2012,NaN
13-02-2012,630.62
14-02-2012,631.79
15-02-2012,633.18
16-02-2012,630.88
17-02-2012,637.73
18-02-2012,NaN
19-02-2012,NaN
20-02-2012,636.43
21-02-2012,638.82
22-02-2012,638.17
23-02-2012,640.66
24-02-2012,641.44
25-02-2012,NaN
26-02-2012,NaN
27-02-2012,645.57
28-02-2012,644.7
29-02-2012,642.28
01-03-2012,635.11
02-03-2012,639.63
03-03-2012,NaN
04-03-2012,NaN
05-03-2012,639.48
06-03-2012,641.53
07-03-2012,642.54
08-03-2012,645.78
09-03-2012,643.19
10-03-2012,NaN
11-03-2012,NaN
12-03-2012,633.88
13-03-2012,637.49
14-03-2012,634.27
15-03-2012,632.43
16-03-2012,634.62
17-03-2012,NaN
18-03-2012,NaN
19-03-2012,633.51
20-03-2012,639.26
21-03-2012,642.43
22-03-2012,640.41
23-03-2012,642.75
24-03-2012,NaN
25-03-2012,NaN
26-03-2012,649.26
27-03-2012,648.5
28-03-2012,648.65
29-03-2012,650.23
30-03-2012,650.76
31-03-2012,NaN
01-04-2012,NaN
02-04-2012,649.83
03-04-2012,647.33
04-04-2012,637.88
05-04-2012,635.55
06-04-2012,NaN
07-04-2012,NaN
08-04-2012,NaN
09-04-2012,633.42
10-04-2012,637.84
11-04-2012,637.49
12-04-2012,638.34
13-04-2012,638.5
14-04-2012,NaN
15-04-2012,NaN
16-04-2012,633.77
17-04-2012,639.55
18-04-2012,638.24
19-04-2012,639.19
20-04-2012,641.6
21-04-2012,NaN
22-04-2012,NaN
23-04-2012,642.35
24-04-2012,643.5
25-04-2012,642.51
26-04-2012,642.44
27-04-2012,641.8
28-04-2012,NaN
29-04-2012,NaN
30-04-2012,640.87
01-05-2012,NaN
02-05-2012,641.79
03-05-2012,637.6
04-05-2012,633.95
05-05-2012,NaN
06-05-2012,NaN
07-05-2012,631.3
08-05-2012,630.88
09-05-2012,632.38
10-05-2012,634.11
11-05-2012,629.54
12-05-2012,NaN
13-05-2012,NaN
14-05-2012,630.23
15-05-2012,631
16-05-2012,632.54
17-05-2012,637.19
18-05-2012,639.7
19-05-2012,NaN
20-05-2012,NaN
21-05-2012,NaN
22-05-2012,643.7
23-05-2012,641.45
24-05-2012,641.88
25-05-2012,636.86
26-05-2012,NaN
27-05-2012,NaN
28-05-2012,638.68
29-05-2012,639.74
30-05-2012,638.86
31-05-2012,640.98
01-06-2012,643.1
02-06-2012,NaN
03-06-2012,NaN
04-06-2012,645.31
05-06-2012,643.99
06-06-2012,637.72
07-06-2012,638.38
08-06-2012,631.68
09-06-2012,NaN
10-06-2012,NaN
11-06-2012,630.34
12-06-2012,627.08
13-06-2012,629.88
14-06-2012,631.38
15-06-2012,631.89
16-06-2012,NaN
17-06-2012,NaN
18-06-2012,631.12
19-06-2012,629.53
20-06-2012,628.78
21-06-2012,628.84
22-06-2012,626.68
23-06-2012,NaN
24-06-2012,NaN
25-06-2012,633.19
26-06-2012,635.05
27-06-2012,635.89
28-06-2012,629.96
29-06-2012,633.44
30-06-2012,NaN
01-07-2012,NaN
02-07-2012,NaN
03-07-2012,635.08
04-07-2012,625.81
05-07-2012,621.86
06-07-2012,614.28
07-07-2012,NaN
08-07-2012,NaN
09-07-2012,612.89
10-07-2012,612.08
11-07-2012,604.36
12-07-2012,602.35
13-07-2012,602.5
14-07-2012,NaN
15-07-2012,NaN
16-07-2012,NaN
17-07-2012,600.15
18-07-2012,600.15
19-07-2012,599.51
20-07-2012,595.88
21-07-2012,NaN
22-07-2012,NaN
23-07-2012,593.32
24-07-2012,598.2
25-07-2012,594.86
26-07-2012,598.34
27-07-2012,596.83
28-07-2012,NaN
29-07-2012,NaN
30-07-2012,595.25
31-07-2012,591.63
01-08-2012,593.38
02-08-2012,591.4
03-08-2012,589.97
04-08-2012,NaN
05-08-2012,NaN
06-08-2012,594.63
07-08-2012,594.04
08-08-2012,591.86
09-08-2012,589.7
10-08-2012,583.62
11-08-2012,NaN
12-08-2012,NaN
13-08-2012,587.52
14-08-2012,594.43
15-08-2012,NaN
16-08-2012,593.85
17-08-2012,597.86
18-08-2012,NaN
19-08-2012,NaN
20-08-2012,596.42
21-08-2012,599.41
22-08-2012,601.21
23-08-2012,603.54
24-08-2012,602.63
25-08-2012,NaN
26-08-2012,NaN
27-08-2012,602.42
28-08-2012,601.4
29-08-2012,603.91
30-08-2012,602.02
31-08-2012,602.06
01-09-2012,NaN
02-09-2012,NaN
03-09-2012,604.09
04-09-2012,605.93
05-09-2012,604.64
06-09-2012,606.03
07-09-2012,603.65
08-09-2012,NaN
09-09-2012,NaN
10-09-2012,607.47
11-09-2012,607.18
12-09-2012,610.68
13-09-2012,610.86
14-09-2012,614.58
15-09-2012,NaN
16-09-2012,NaN
17-09-2012,NaN
18-09-2012,NaN
19-09-2012,NaN
20-09-2012,615.69
21-09-2012,611.01
22-09-2012,NaN
23-09-2012,NaN
24-09-2012,613.08
25-09-2012,614.61
26-09-2012,609.09
27-09-2012,606.45
28-09-2012,607.78
29-09-2012,NaN
30-09-2012,NaN
01-10-2012,609.35
02-10-2012,609.72
03-10-2012,610.97
04-10-2012,610.77
05-10-2012,615.41
06-10-2012,NaN
07-10-2012,NaN
08-10-2012,615.63
09-10-2012,615.4
10-10-2012,610.13
11-10-2012,612.45
12-10-2012,611.48
13-10-2012,NaN
14-10-2012,NaN
15-10-2012,NaN
16-10-2012,612.63
17-10-2012,615.11
18-10-2012,619.67
19-10-2012,617.56
20-10-2012,NaN
21-10-2012,NaN
22-10-2012,617.51
23-10-2012,620.74
24-10-2012,624.38
25-10-2012,624.55
26-10-2012,620.06
27-10-2012,NaN
28-10-2012,NaN
29-10-2012,621.1
30-10-2012,621.91
31-10-2012,622.2
01-11-2012,NaN
02-11-2012,NaN
03-11-2012,NaN
04-11-2012,NaN
05-11-2012,623.09
06-11-2012,616.5
07-11-2012,614.94
08-11-2012,612.09
09-11-2012,609.08
10-11-2012,NaN
11-11-2012,NaN
12-11-2012,610.03
13-11-2012,610.2
14-11-2012,614.44
15-11-2012,617.36
16-11-2012,618.3
17-11-2012,NaN
18-11-2012,NaN
19-11-2012,616.86
20-11-2012,615.74
21-11-2012,612.98
22-11-2012,612.81
23-11-2012,612.71
24-11-2012,NaN
25-11-2012,NaN
26-11-2012,620.09
27-11-2012,623.33
28-11-2012,622.07
29-11-2012,623.22
30-11-2012,621.98
01-12-2012,NaN
02-12-2012,NaN
03-12-2012,624.45
04-12-2012,628.71
05-12-2012,629.89
06-12-2012,628.18
07-12-2012,619.29
08-12-2012,NaN
09-12-2012,NaN
10-12-2012,617.05
11-12-2012,616
12-12-2012,617.56
13-12-2012,621.22
14-12-2012,621.01
15-12-2012,NaN
16-12-2012,NaN
17-12-2012,624.49
18-12-2012,624.42
19-12-2012,627.97
20-12-2012,628.29
21-12-2012,629.08
22-12-2012,NaN
23-12-2012,NaN
24-12-2012,627.34
25-12-2012,NaN
26-12-2012,632.11
27-12-2012,633.3
28-12-2012,632.9
29-12-2012,NaN
30-12-2012,NaN
31-12-2012,NaN
01-01-2013,NaN
02-01-2013,634.45
03-01-2013,626.07
04-01-2013,620.41
05-01-2013,NaN
06-01-2013,NaN
07-01-2013,617.5
08-01-2013,617.92
09-01-2013,616.32
10-01-2013,614.84
11-01-2013,623.65
12-01-2013,NaN
13-01-2013,NaN
14-01-2013,629.9
15-01-2013,631.59
16-01-2013,633.37
17-01-2013,631.85
18-01-2013,632.01
19-01-2013,NaN
20-01-2013,NaN
21-01-2013,628.5
22-01-2013,628.61
23-01-2013,627.76
24-01-2013,626.97
25-01-2013,629.08
26-01-2013,NaN
27-01-2013,NaN
28-01-2013,633.99
29-01-2013,635.42
30-01-2013,637.36
31-01-2013,639.53
01-02-2013,639.93
02-02-2013,NaN
03-02-2013,NaN
04-02-2013,644.49
05-02-2013,638.81
06-02-2013,642.01
07-02-2013,639.41
08-02-2013,633.03
09-02-2013,NaN
10-02-2013,NaN
11-02-2013,631.41
12-02-2013,634
13-02-2013,635.36
14-02-2013,633.05
15-02-2013,628.11
16-02-2013,NaN
17-02-2013,NaN
18-02-2013,629
19-02-2013,629.94
20-02-2013,631.97
21-02-2013,631.11
22-02-2013,624.31
23-02-2013,NaN
24-02-2013,NaN
25-02-2013,623.75
26-02-2013,622.64
27-02-2013,618.31
28-02-2013,619.83
01-03-2013,618.81
02-03-2013,NaN
03-03-2013,NaN
04-03-2013,617.67
05-03-2013,617.77
06-03-2013,616.54
07-03-2013,613.98
08-03-2013,618.28
09-03-2013,NaN
10-03-2013,NaN
11-03-2013,612.94
12-03-2013,614.9
13-03-2013,614.21
14-03-2013,611.1
15-03-2013,612.93
16-03-2013,NaN
17-03-2013,NaN
18-03-2013,615.62
19-03-2013,612.53
20-03-2013,608.37
21-03-2013,612.82
22-03-2013,611.07
23-03-2013,NaN
24-03-2013,NaN
25-03-2013,613.83
26-03-2013,608.16
27-03-2013,607.55
28-03-2013,603.81
29-03-2013,NaN
30-03-2013,NaN
31-03-2013,NaN
01-04-2013,605.4
02-04-2013,607.34
03-04-2013,605.83
04-04-2013,606.63
05-04-2013,609.41
06-04-2013,NaN
07-04-2013,NaN
08-04-2013,610.72
09-04-2013,607.93
10-04-2013,610.76
11-04-2013,611.99
12-04-2013,614.82
13-04-2013,NaN
14-04-2013,NaN
15-04-2013,614.03
16-04-2013,615.7
17-04-2013,622.87
18-04-2013,617.57
19-04-2013,621.32
20-04-2013,NaN
21-04-2013,NaN
22-04-2013,622.86
23-04-2013,623.84
24-04-2013,620.11
25-04-2013,618.2
26-04-2013,615.45
27-04-2013,NaN
28-04-2013,NaN
29-04-2013,614.81
30-04-2013,617.44
01-05-2013,NaN
02-05-2013,620.47
03-05-2013,617.08
04-05-2013,NaN
05-05-2013,NaN
06-05-2013,615.8
07-05-2013,614.07
08-05-2013,614.71
09-05-2013,619.65
10-05-2013,615.5
11-05-2013,NaN
12-05-2013,NaN
13-05-2013,615.16
14-05-2013,617.21
15-05-2013,617.81
16-05-2013,616.42
17-05-2013,616.92
18-05-2013,NaN
19-05-2013,NaN
20-05-2013,616.9
21-05-2013,NaN
22-05-2013,623.01
23-05-2013,622.36
24-05-2013,632.08
25-05-2013,NaN
26-05-2013,NaN
27-05-2013,632.42
28-05-2013,633.64
29-05-2013,631.03
30-05-2013,634.73
31-05-2013,642.84
01-06-2013,NaN
02-06-2013,NaN
03-06-2013,649.4
04-06-2013,656.11
05-06-2013,653.74
06-06-2013,657.87
07-06-2013,668.99
08-06-2013,NaN
09-06-2013,NaN
10-06-2013,663.04
11-06-2013,669.25
12-06-2013,670.2
13-06-2013,665.04
14-06-2013,663.52
15-06-2013,NaN
16-06-2013,NaN
17-06-2013,657.22
18-06-2013,658.87
19-06-2013,669.06
20-06-2013,664.83
21-06-2013,677.5
22-06-2013,NaN
23-06-2013,NaN
24-06-2013,675.66
25-06-2013,674.11
26-06-2013,665.65
27-06-2013,657.06
28-06-2013,657.01
29-06-2013,NaN
30-06-2013,NaN
01-07-2013,659.93
02-07-2013,659.69
03-07-2013,653.28
04-07-2013,654.54
05-07-2013,647.69
06-07-2013,NaN
07-07-2013,NaN
08-07-2013,650.45
09-07-2013,652.34
10-07-2013,649.17
11-07-2013,655.27
12-07-2013,662.82
13-07-2013,NaN
14-07-2013,NaN
15-07-2013,659.01
16-07-2013,NaN
17-07-2013,655.42
18-07-2013,653.18
19-07-2013,654.68
20-07-2013,NaN
21-07-2013,NaN
22-07-2013,660.14
23-07-2013,663.39
24-07-2013,666.69
25-07-2013,665.36
26-07-2013,669.18
27-07-2013,NaN
28-07-2013,NaN
29-07-2013,672.46
30-07-2013,676.52
31-07-2013,681.97
01-08-2013,685.58
02-08-2013,679.82
03-08-2013,NaN
04-08-2013,NaN
05-08-2013,682.2
06-08-2013,679.48
07-08-2013,683.75
08-08-2013,688.06
09-08-2013,683.69
10-08-2013,NaN
11-08-2013,NaN
12-08-2013,676.43
13-08-2013,674.36
14-08-2013,676.74
15-08-2013,NaN
16-08-2013,674.96
17-08-2013,NaN
18-08-2013,NaN
19-08-2013,680.47
20-08-2013,689.66
21-08-2013,692.85
22-08-2013,688.93
23-08-2013,686.24
24-08-2013,NaN
25-08-2013,NaN
26-08-2013,682.21
27-08-2013,683.44
28-08-2013,689.55
29-08-2013,684.75
30-08-2013,677.41
31-08-2013,NaN
01-09-2013,NaN
02-09-2013,673.28
03-09-2013,672.49
04-09-2013,672.08
05-09-2013,671.99
06-09-2013,668.49
07-09-2013,NaN
08-09-2013,NaN
09-09-2013,667.59
10-09-2013,673.4
11-09-2013,672.24
12-09-2013,670.91
13-09-2013,667.97
14-09-2013,NaN
15-09-2013,NaN
16-09-2013,670.4
17-09-2013,670.28
18-09-2013,NaN
19-09-2013,NaN
20-09-2013,NaN
21-09-2013,NaN
22-09-2013,NaN
23-09-2013,672.32
24-09-2013,670.39
25-09-2013,670.7
26-09-2013,676.6
27-09-2013,674.24
28-09-2013,NaN
29-09-2013,NaN
30-09-2013,680.06
01-10-2013,682
02-10-2013,681.68
03-10-2013,682.81
04-10-2013,681.42
05-10-2013,NaN
06-10-2013,NaN
07-10-2013,675.99
08-10-2013,678.31
09-10-2013,677.28
10-10-2013,676.65
11-10-2013,674.1
12-10-2013,NaN
13-10-2013,NaN
14-10-2013,673.22
15-10-2013,676.85
16-10-2013,672.96
17-10-2013,672.2
18-10-2013,674.36
19-10-2013,NaN
20-10-2013,NaN
21-10-2013,678.79
22-10-2013,684.85
23-10-2013,689.48
24-10-2013,693.52
25-10-2013,696.59
26-10-2013,NaN
27-10-2013,NaN
28-10-2013,697.47
29-10-2013,699.08
30-10-2013,698.98
31-10-2013,NaN
01-11-2013,NaN
02-11-2013,NaN
03-11-2013,NaN
04-11-2013,698.65
05-11-2013,692.61
06-11-2013,693.75
07-11-2013,696.23
08-11-2013,690.42
09-11-2013,NaN
10-11-2013,NaN
11-11-2013,692.03
12-11-2013,697.24
13-11-2013,699.38
14-11-2013,702.65
15-11-2013,701.82
16-11-2013,NaN
17-11-2013,NaN
18-11-2013,701.89
19-11-2013,698.91
20-11-2013,703.17
21-11-2013,702.8
22-11-2013,704.11
23-11-2013,NaN
24-11-2013,NaN
25-11-2013,704.54
26-11-2013,703.05
27-11-2013,707.63
28-11-2013,710.93
29-11-2013,718.53
30-11-2013,NaN
01-12-2013,NaN
02-12-2013,720.79
03-12-2013,720.96
04-12-2013,724.54
05-12-2013,725.48
06-12-2013,725.71
07-12-2013,NaN
08-12-2013,NaN
09-12-2013,723.9
10-12-2013,723.32
11-12-2013,730.43
12-12-2013,734.05
13-12-2013,732.57
14-12-2013,NaN
15-12-2013,NaN
16-12-2013,726.94
17-12-2013,726.14
18-12-2013,723.94
19-12-2013,726.83
20-12-2013,724.17
21-12-2013,NaN
22-12-2013,NaN
23-12-2013,726.44
24-12-2013,723.01
25-12-2013,NaN
26-12-2013,722.24
27-12-2013,719.11
28-12-2013,NaN
29-12-2013,NaN
30-12-2013,721.04
31-12-2013,NaN
01-01-2014,NaN
02-01-2014,724.3
03-01-2014,723.73
04-01-2014,NaN
05-01-2014,NaN
06-01-2014,719.16
07-01-2014,724.22
08-01-2014,724.81
09-01-2014,721.94
10-01-2014,725.6
11-01-2014,NaN
12-01-2014,NaN
13-01-2014,725.54
14-01-2014,719.98
15-01-2014,722.17
16-01-2014,719.93
17-01-2014,722.49
18-01-2014,NaN
19-01-2014,NaN
20-01-2014,726.36
21-01-2014,734.66
22-01-2014,736.93
23-01-2014,737.25
24-01-2014,747.5
25-01-2014,NaN
26-01-2014,NaN
27-01-2014,753.22
28-01-2014,749.82
29-01-2014,747.36
30-01-2014,750.03
31-01-2014,741.69
01-02-2014,NaN
02-02-2014,NaN
03-02-2014,747.42
04-02-2014,752.16
05-02-2014,753.24
06-02-2014,756.34
07-02-2014,756.45
08-02-2014,NaN
09-02-2014,NaN
10-02-2014,753.01
11-02-2014,757.64
12-02-2014,757.08
13-02-2014,751.13
14-02-2014,751.01
15-02-2014,NaN
16-02-2014,NaN
17-02-2014,748.82
18-02-2014,749.61
19-02-2014,753.93
20-02-2014,759.88
21-02-2014,760.57
22-02-2014,NaN
23-02-2014,NaN
24-02-2014,762.64
25-02-2014,762.5
26-02-2014,765.39
27-02-2014,764.11
28-02-2014,772.62
01-03-2014,NaN
02-03-2014,NaN
03-03-2014,772.84
04-03-2014,772.7
05-03-2014,766.76
06-03-2014,772.73
07-03-2014,775.85
08-03-2014,NaN
09-03-2014,NaN
10-03-2014,778.96
11-03-2014,790.4
12-03-2014,790.87
13-03-2014,797.38
14-03-2014,793.72
15-03-2014,NaN
16-03-2014,NaN
17-03-2014,796.03
18-03-2014,794.47
19-03-2014,794.48
20-03-2014,792.85
21-03-2014,783.37
22-03-2014,NaN
23-03-2014,NaN
24-03-2014,775.26
25-03-2014,776.89
26-03-2014,773.85
27-03-2014,766.76
28-03-2014,757.98
29-03-2014,NaN
30-03-2014,NaN
31-03-2014,756.95
01-04-2014,759.1
02-04-2014,759.69
03-04-2014,762.01
04-04-2014,762.65
05-04-2014,NaN
06-04-2014,NaN
07-04-2014,760.59
08-04-2014,760.74
09-04-2014,754.41
10-04-2014,756.77
11-04-2014,756.78
12-04-2014,NaN
13-04-2014,NaN
14-04-2014,762.07
15-04-2014,759.08
16-04-2014,765.5
17-04-2014,768.48
18-04-2014,NaN
19-04-2014,NaN
20-04-2014,NaN
21-04-2014,770.63
22-04-2014,768.09
23-04-2014,774.97
24-04-2014,779
25-04-2014,773.77
26-04-2014,NaN
27-04-2014,NaN
28-04-2014,775.37
29-04-2014,775.15
30-04-2014,774.04
01-05-2014,NaN
02-05-2014,783.07
03-05-2014,NaN
04-05-2014,NaN
05-05-2014,781.62
06-05-2014,784.19
07-05-2014,789.75
08-05-2014,787.91
09-05-2014,770.15
10-05-2014,NaN
11-05-2014,NaN
12-05-2014,764.26
13-05-2014,758.4
14-05-2014,752.23
15-05-2014,754.14
16-05-2014,759.42
17-05-2014,NaN
18-05-2014,NaN
19-05-2014,754.05
20-05-2014,752.55
21-05-2014,NaN
22-05-2014,755.2
23-05-2014,751.71
24-05-2014,NaN
25-05-2014,NaN
26-05-2014,755.11
27-05-2014,756.06
28-05-2014,757.69
29-05-2014,751.64
30-05-2014,745.33
31-05-2014,NaN
01-06-2014,NaN
02-06-2014,751.22
03-06-2014,748.31
04-06-2014,750.45
05-06-2014,751.76
06-06-2014,753.7
07-06-2014,NaN
08-06-2014,NaN
09-06-2014,749.47
10-06-2014,747.03
11-06-2014,748.88
12-06-2014,750.22
13-06-2014,750.41
14-06-2014,NaN
15-06-2014,NaN
16-06-2014,750.85
17-06-2014,755.34
18-06-2014,756.88
19-06-2014,758.64
20-06-2014,757.4
21-06-2014,NaN
22-06-2014,NaN
23-06-2014,757.4
24-06-2014,752.34
25-06-2014,749.17
26-06-2014,749.95
27-06-2014,748.63
28-06-2014,NaN
29-06-2014,NaN
30-06-2014,751.26
01-07-2014,756.84
02-07-2014,755.36
03-07-2014,754.04
04-07-2014,749.54
05-07-2014,NaN
06-07-2014,NaN
07-07-2014,745.85
08-07-2014,748.97
09-07-2014,751.83
10-07-2014,754.66
11-07-2014,752.26
12-07-2014,NaN
13-07-2014,NaN
14-07-2014,753.81
15-07-2014,754.16
16-07-2014,NaN
17-07-2014,754.84
18-07-2014,761.22
19-07-2014,NaN
20-07-2014,NaN
21-07-2014,766.75
22-07-2014,765.09
23-07-2014,759.1
24-07-2014,759.03
25-07-2014,758.55
26-07-2014,NaN
27-07-2014,NaN
28-07-2014,757.06
29-07-2014,757.49
30-07-2014,758.76
31-07-2014,764.25
01-08-2014,767.46
02-08-2014,NaN
03-08-2014,NaN
04-08-2014,769.02
05-08-2014,767.14
06-08-2014,771.25
07-08-2014,772.59
08-08-2014,770
09-08-2014,NaN
10-08-2014,NaN
11-08-2014,772.51
12-08-2014,768.81
13-08-2014,770.26
14-08-2014,770.71
15-08-2014,NaN
16-08-2014,NaN
17-08-2014,NaN
18-08-2014,770.4
19-08-2014,769.84
20-08-2014,770.46
21-08-2014,773.43
22-08-2014,773.81
23-08-2014,NaN
24-08-2014,NaN
25-08-2014,772.23
26-08-2014,769.4
27-08-2014,770.17
28-08-2014,776.71
29-08-2014,782.18
30-08-2014,NaN
31-08-2014,NaN
01-09-2014,776.29
02-09-2014,773.41
03-09-2014,776.52
04-09-2014,773.35
05-09-2014,765.7
06-09-2014,NaN
07-09-2014,NaN
08-09-2014,759.8
09-09-2014,755.51
10-09-2014,765
11-09-2014,762.05
12-09-2014,763.14
13-09-2014,NaN
14-09-2014,NaN
15-09-2014,766.02
16-09-2014,769.65
17-09-2014,770.02
18-09-2014,NaN
19-09-2014,NaN
20-09-2014,NaN
21-09-2014,NaN
22-09-2014,769.75
23-09-2014,770.28
24-09-2014,771.79
25-09-2014,765.92
26-09-2014,763.14
27-09-2014,NaN
28-09-2014,NaN
29-09-2014,760.7
30-09-2014,763.33
01-10-2014,756.97
02-10-2014,753.17
03-10-2014,755.58
04-10-2014,NaN
05-10-2014,NaN
06-10-2014,748.96
07-10-2014,752.61
08-10-2014,754.2
09-10-2014,752.7
10-10-2014,751.34
11-10-2014,NaN
12-10-2014,NaN
13-10-2014,750.38
14-10-2014,747.51
15-10-2014,744.9
16-10-2014,751.91
17-10-2014,757.61
18-10-2014,NaN
19-10-2014,NaN
20-10-2014,750.65
21-10-2014,751.37
22-10-2014,743.66
23-10-2014,739.6
24-10-2014,738.81
25-10-2014,NaN
26-10-2014,NaN
27-10-2014,740.24
28-10-2014,743.65
29-10-2014,741.2
30-10-2014,734.77
31-10-2014,NaN
01-11-2014,NaN
02-11-2014,NaN
03-11-2014,727.08
04-11-2014,724.78
05-11-2014,735.22
06-11-2014,734.31
07-11-2014,732.56
08-11-2014,NaN
09-11-2014,NaN
10-11-2014,733.3
11-11-2014,728.45
12-11-2014,735.19
13-11-2014,736.92
14-11-2014,740.45
15-11-2014,NaN
16-11-2014,NaN
17-11-2014,746.01
18-11-2014,741.15
19-11-2014,747.13
20-11-2014,752.52
21-11-2014,752.44
22-11-2014,NaN
23-11-2014,NaN
24-11-2014,737.15
25-11-2014,738.52
26-11-2014,745.13
27-11-2014,750.88
28-11-2014,746.99
29-11-2014,NaN
30-11-2014,NaN
01-12-2014,752.87
02-12-2014,762.92
03-12-2014,761.99
04-12-2014,754.14
05-12-2014,759.66
06-12-2014,NaN
07-12-2014,NaN
08-12-2014,NaN
09-12-2014,751.57
10-12-2014,760.18
11-12-2014,764.87
12-12-2014,763.2
13-12-2014,NaN
14-12-2014,NaN
15-12-2014,769.7
16-12-2014,770.61
17-12-2014,777.73
18-12-2014,767.94
19-12-2014,754.22
20-12-2014,NaN
21-12-2014,NaN
22-12-2014,749.3
23-12-2014,747.41
24-12-2014,741.22
25-12-2014,NaN
26-12-2014,742.71
27-12-2014,NaN
28-12-2014,NaN
29-12-2014,740.38
30-12-2014,739.53
31-12-2014,NaN
01-01-2015,NaN
02-01-2015,738.05
03-01-2015,NaN
04-01-2015,NaN
05-01-2015,735.61
06-01-2015,735.29
07-01-2015,736.16
08-01-2015,726.92
09-01-2015,724.08
10-01-2015,NaN
11-01-2015,NaN
12-01-2015,726.83
13-01-2015,729.01
14-01-2015,727.96
15-01-2015,737.65
16-01-2015,723.6
17-01-2015,NaN
18-01-2015,NaN
19-01-2015,722.94
20-01-2015,731.24
21-01-2015,725.04
22-01-2015,727.36
23-01-2015,714.07
24-01-2015,NaN
25-01-2015,NaN
26-01-2015,705.62
27-01-2015,705.3
28-01-2015,707.73
29-01-2015,706.68
30-01-2015,707.17
31-01-2015,NaN
01-02-2015,NaN
02-02-2015,714.08
03-02-2015,717.09
04-02-2015,719.17
05-02-2015,715.94
06-02-2015,714.96
07-02-2015,NaN
08-02-2015,NaN
09-02-2015,705.71
10-02-2015,709.31
11-02-2015,709.04
12-02-2015,708.73
13-02-2015,715.09
14-02-2015,NaN
15-02-2015,NaN
16-02-2015,707.08
17-02-2015,703.91
18-02-2015,706.15
19-02-2015,703.56
20-02-2015,705.56
21-02-2015,NaN
22-02-2015,NaN
23-02-2015,700.74
24-02-2015,704.45
25-02-2015,705.01
26-02-2015,703.58
27-02-2015,692.07
28-02-2015,NaN
01-03-2015,NaN
02-03-2015,692.59
03-03-2015,690.43
04-03-2015,691.52
05-03-2015,686.36
06-03-2015,681.94
07-03-2015,NaN
08-03-2015,NaN
09-03-2015,677.89
10-03-2015,682.3
11-03-2015,678.42
12-03-2015,672.14
13-03-2015,671.55
14-03-2015,NaN
15-03-2015,NaN
16-03-2015,669.06
17-03-2015,677.44
18-03-2015,678.78
19-03-2015,684.92
20-03-2015,679.81
21-03-2015,NaN
22-03-2015,NaN
23-03-2015,690.44
24-03-2015,684.65
25-03-2015,681.21
26-03-2015,679.74
27-03-2015,675.46
28-03-2015,NaN
29-03-2015,NaN
30-03-2015,679.68
31-03-2015,678.58
01-04-2015,672.73
02-04-2015,666.04
03-04-2015,NaN
04-04-2015,NaN
05-04-2015,NaN
06-04-2015,669.25
07-04-2015,671.14
08-04-2015,662.49
09-04-2015,660.88
10-04-2015,654.42
11-04-2015,NaN
12-04-2015,NaN
13-04-2015,655.61
14-04-2015,656.69
15-04-2015,655.14
16-04-2015,658.94
17-04-2015,658.39
18-04-2015,NaN
19-04-2015,NaN
20-04-2015,661.05
21-04-2015,660.75
22-04-2015,662.03
23-04-2015,663.47
24-04-2015,669.9
25-04-2015,NaN
26-04-2015,NaN
27-04-2015,666.91
28-04-2015,665.66
29-04-2015,665.27
30-04-2015,676.88
01-05-2015,NaN
02-05-2015,NaN
03-05-2015,NaN
04-05-2015,684.6
05-05-2015,685.73
06-05-2015,684.9
07-05-2015,690.14
08-05-2015,687.62
09-05-2015,NaN
10-05-2015,NaN
11-05-2015,680.03
12-05-2015,676.99
13-05-2015,682.06
14-05-2015,682.77
15-05-2015,680.85
16-05-2015,NaN
17-05-2015,NaN
18-05-2015,683.18
19-05-2015,679.82
20-05-2015,671.67
21-05-2015,NaN
22-05-2015,671.86
23-05-2015,NaN
24-05-2015,NaN
25-05-2015,669.24
26-05-2015,669.67
27-05-2015,666.4
28-05-2015,670.81
29-05-2015,675.99
30-05-2015,NaN
31-05-2015,NaN
01-06-2015,677.35
02-06-2015,679.22
03-06-2015,694.97
04-06-2015,704.17
05-06-2015,708.47
06-06-2015,NaN
07-06-2015,NaN
08-06-2015,706.78
09-06-2015,713.39
10-06-2015,706.69
11-06-2015,706.55
12-06-2015,709.93
13-06-2015,NaN
14-06-2015,NaN
15-06-2015,711.05
16-06-2015,715.08
17-06-2015,712.09
18-06-2015,718.57
19-06-2015,715.2
20-06-2015,NaN
21-06-2015,NaN
22-06-2015,718.04
23-06-2015,716.15
24-06-2015,708.98
25-06-2015,707.93
26-06-2015,708.07
27-06-2015,NaN
28-06-2015,NaN
29-06-2015,NaN
30-06-2015,707.6
01-07-2015,712.34
02-07-2015,706.75
03-07-2015,706.31
04-07-2015,NaN
05-07-2015,NaN
06-07-2015,705.92
07-07-2015,710.49
08-07-2015,710.19
09-07-2015,720.96
10-07-2015,711.24
11-07-2015,NaN
12-07-2015,NaN
13-07-2015,719.22
14-07-2015,713.07
15-07-2015,708.65
16-07-2015,NaN
17-07-2015,703.04
18-07-2015,NaN
19-07-2015,NaN
20-07-2015,699.91
21-07-2015,703.62
22-07-2015,713.06
23-07-2015,713.32
24-07-2015,719.55
25-07-2015,NaN
26-07-2015,NaN
27-07-2015,725.13
28-07-2015,738.76
29-07-2015,734.58
30-07-2015,734.65
31-07-2015,732.95
01-08-2015,NaN
02-08-2015,NaN
03-08-2015,738.7
04-08-2015,742.93
05-08-2015,741.26
06-08-2015,743.52
07-08-2015,746.77
08-08-2015,NaN
09-08-2015,NaN
10-08-2015,743.65
11-08-2015,746.2
12-08-2015,750.41
13-08-2015,762.17
14-08-2015,762.68
15-08-2015,NaN
16-08-2015,NaN
17-08-2015,760.66
18-08-2015,763.5
19-08-2015,769
20-08-2015,769.01
21-08-2015,777.02
22-08-2015,NaN
23-08-2015,NaN
24-08-2015,788.57
25-08-2015,815.53
26-08-2015,800.81
27-08-2015,802.82
28-08-2015,786.17
29-08-2015,NaN
30-08-2015,NaN
31-08-2015,773.24
01-09-2015,780.04
02-09-2015,781.08
03-09-2015,773.74
04-09-2015,766.6
05-09-2015,NaN
06-09-2015,NaN
07-09-2015,771.62
08-09-2015,774.91
09-09-2015,769.69
10-09-2015,768.4
11-09-2015,779.33
12-09-2015,NaN
13-09-2015,NaN
14-09-2015,776.65
15-09-2015,779.19
16-09-2015,773.21
17-09-2015,768.72
18-09-2015,NaN
19-09-2015,NaN
20-09-2015,NaN
21-09-2015,766.41
22-09-2015,764.13
23-09-2015,774.72
24-09-2015,783.3
25-09-2015,793.88
26-09-2015,NaN
27-09-2015,NaN
28-09-2015,780.31
29-09-2015,793.26
30-09-2015,792.84
01-10-2015,781.22
02-10-2015,778.52
03-10-2015,NaN
04-10-2015,NaN
05-10-2015,780.48
06-10-2015,767.06
07-10-2015,767.13
08-10-2015,763.15
09-10-2015,769.93
10-10-2015,NaN
11-10-2015,NaN
12-10-2015,NaN
13-10-2015,767.9
14-10-2015,777.7
15-10-2015,779.52
16-10-2015,769.76
17-10-2015,NaN
18-10-2015,NaN
19-10-2015,767.11
20-10-2015,769.15
21-10-2015,776.63
22-10-2015,786.27
23-10-2015,769.92
24-10-2015,NaN
25-10-2015,NaN
26-10-2015,755.8
27-10-2015,757.61
28-10-2015,759.03
29-10-2015,761.54
30-10-2015,756.29
31-10-2015,NaN
01-11-2015,NaN
02-11-2015,760.77
03-11-2015,762.53
04-11-2015,757.3
05-11-2015,747.95
06-11-2015,753.38
07-11-2015,NaN
08-11-2015,NaN
09-11-2015,748.09
10-11-2015,754.85
11-11-2015,751.15
12-11-2015,750.41
13-11-2015,758.57
14-11-2015,NaN
15-11-2015,NaN
16-11-2015,755.8
17-11-2015,759.49
18-11-2015,756.21
19-11-2015,759.86
20-11-2015,764.32
21-11-2015,NaN
22-11-2015,NaN
23-11-2015,755.42
24-11-2015,759.56
25-11-2015,757.96
26-11-2015,758.28
27-11-2015,755.58
28-11-2015,NaN
29-11-2015,NaN
30-11-2015,755.38
01-12-2015,751.16
02-12-2015,750.85
03-12-2015,743.23
04-12-2015,766.73
05-12-2015,NaN
06-12-2015,NaN
07-12-2015,761.83
08-12-2015,NaN
09-12-2015,766.51
10-12-2015,774.57
11-12-2015,769.99
12-12-2015,NaN
13-12-2015,NaN
14-12-2015,778.07
15-12-2015,784.3
16-12-2015,775
17-12-2015,775.11
18-12-2015,765.53
19-12-2015,NaN
20-12-2015,NaN
21-12-2015,761.9
22-12-2015,758.63
23-12-2015,760.82
24-12-2015,757.13
25-12-2015,NaN
26-12-2015,NaN
27-12-2015,NaN
28-12-2015,767.55
29-12-2015,773.15
30-12-2015,771.95
31-12-2015,NaN
01-01-2016,NaN
02-01-2016,NaN
03-01-2016,NaN
04-01-2016,774.61
05-01-2016,775.32
06-01-2016,767.67
07-01-2016,770.22
08-01-2016,783.86
09-01-2016,NaN
10-01-2016,NaN
11-01-2016,786.98
12-01-2016,794.71
13-01-2016,791.29
14-01-2016,788.38
15-01-2016,788.85
16-01-2016,NaN
17-01-2016,NaN
18-01-2016,801.66
19-01-2016,795.08
20-01-2016,792.52
21-01-2016,796.61
22-01-2016,786.99
23-01-2016,NaN
24-01-2016,NaN
25-01-2016,773.4
26-01-2016,776.64
27-01-2016,780.47
28-01-2016,777.98
29-01-2016,779.45
30-01-2016,NaN
31-01-2016,NaN
01-02-2016,769.3
02-02-2016,778.68
03-02-2016,778.04
04-02-2016,784.59
05-02-2016,781.57
06-02-2016,NaN
07-02-2016,NaN
08-02-2016,779.71
09-02-2016,792.13
10-02-2016,810.66
11-02-2016,799.08
12-02-2016,809.93
13-02-2016,NaN
14-02-2016,NaN
15-02-2016,796.21
16-02-2016,781.67
17-02-2016,785.25
18-02-2016,785.83
19-02-2016,777.3
20-02-2016,NaN
21-02-2016,NaN
22-02-2016,781.46
23-02-2016,764.58
24-02-2016,763.81
25-02-2016,769.75
26-02-2016,762.42
27-02-2016,NaN
28-02-2016,NaN
29-02-2016,753.04
01-03-2016,754.45
02-03-2016,753.44
03-03-2016,746.64
04-03-2016,750.84
05-03-2016,NaN
06-03-2016,NaN
07-03-2016,749.6
08-03-2016,751.11
09-03-2016,751.18
10-03-2016,748.4
11-03-2016,758.21
12-03-2016,NaN
13-03-2016,NaN
14-03-2016,762.53
15-03-2016,759.81
16-03-2016,762.2
17-03-2016,761.77
18-03-2016,760.68
19-03-2016,NaN
20-03-2016,NaN
21-03-2016,757.41
22-03-2016,762.03
23-03-2016,760.04
24-03-2016,757.11
25-03-2016,NaN
26-03-2016,NaN
27-03-2016,NaN
28-03-2016,762.75
29-03-2016,762.5
30-03-2016,770.19
31-03-2016,764.03
01-04-2016,762.26
02-04-2016,NaN
03-04-2016,NaN
04-04-2016,764.51
05-04-2016,763.37
06-04-2016,768.98
07-04-2016,772.4
08-04-2016,773.63
09-04-2016,NaN
10-04-2016,NaN
11-04-2016,778.16
12-04-2016,778.1
13-04-2016,768.05
14-04-2016,756.77
15-04-2016,753.19
16-04-2016,NaN
17-04-2016,NaN
18-04-2016,753.05
19-04-2016,753.91
20-04-2016,748.72
21-04-2016,746.95
22-04-2016,746.15
23-04-2016,NaN
24-04-2016,NaN
25-04-2016,748.2
26-04-2016,753.51
27-04-2016,755.01
28-04-2016,756.72
29-04-2016,752.5
30-04-2016,NaN
01-05-2016,NaN
02-05-2016,754.31
03-05-2016,761.82
04-05-2016,770.17
05-05-2016,770.09
06-05-2016,760.78
07-05-2016,NaN
08-05-2016,NaN
09-05-2016,761.55
10-05-2016,763.85
11-05-2016,770.42
12-05-2016,775.96
13-05-2016,776.86
14-05-2016,NaN
15-05-2016,NaN
16-05-2016,778.92
17-05-2016,783.75
18-05-2016,783.77
19-05-2016,776.24
20-05-2016,780.56
21-05-2016,NaN
22-05-2016,NaN
23-05-2016,777.13
24-05-2016,778.78
25-05-2016,772.17
26-05-2016,772.42
27-05-2016,768.84
28-05-2016,NaN
29-05-2016,NaN
30-05-2016,764.24
31-05-2016,768.76
01-06-2016,768.25
02-06-2016,775.68
03-06-2016,771
04-06-2016,NaN
05-06-2016,NaN
06-06-2016,774.59
07-06-2016,773.44
08-06-2016,772.56
09-06-2016,767.2
10-06-2016,768.21
11-06-2016,NaN
12-06-2016,NaN
13-06-2016,769.64
14-06-2016,773.75
15-06-2016,771.51
16-06-2016,774.05
17-06-2016,774.92
18-06-2016,NaN
19-06-2016,NaN
20-06-2016,773.6
21-06-2016,769
22-06-2016,761.04
23-06-2016,760.57
24-06-2016,760.54
25-06-2016,NaN
26-06-2016,NaN
27-06-2016,NaN
28-06-2016,757.3
29-06-2016,744.35
30-06-2016,734.58
01-07-2016,731.93
02-07-2016,NaN
03-07-2016,NaN
04-07-2016,733.59
05-07-2016,735.29
06-07-2016,732.57
07-07-2016,737.52
08-07-2016,734.74
09-07-2016,NaN
10-07-2016,NaN
11-07-2016,730.45
12-07-2016,727.54
13-07-2016,728.08
14-07-2016,731.25
15-07-2016,724.05
16-07-2016,NaN
17-07-2016,NaN
18-07-2016,719.43
19-07-2016,720.83
20-07-2016,717.39
21-07-2016,716.8
22-07-2016,716.04
23-07-2016,NaN
24-07-2016,NaN
25-07-2016,713.11
26-07-2016,721.48
27-07-2016,726.26
28-07-2016,731.27
29-07-2016,736.12
30-07-2016,NaN
31-07-2016,NaN
01-08-2016,733.61
02-08-2016,734.44
03-08-2016,735.35
04-08-2016,732.43
05-08-2016,731.86
06-08-2016,NaN
07-08-2016,NaN
08-08-2016,728.68
09-08-2016,725.61
10-08-2016,725.38
11-08-2016,725.63
12-08-2016,718.75
13-08-2016,NaN
14-08-2016,NaN
15-08-2016,NaN
16-08-2016,724.21
17-08-2016,731.53
18-08-2016,740.63
19-08-2016,743.74
20-08-2016,NaN
21-08-2016,NaN
22-08-2016,747.84
23-08-2016,755.3
24-08-2016,756.81
25-08-2016,756.35
26-08-2016,750.95
27-08-2016,NaN
28-08-2016,NaN
29-08-2016,744.11
30-08-2016,750.83
31-08-2016,750.22
01-09-2016,756.99
02-09-2016,761.71
03-09-2016,NaN
04-09-2016,NaN
05-09-2016,753.74
06-09-2016,751.29
07-09-2016,753.08
08-09-2016,742.47
09-09-2016,744.75
10-09-2016,NaN
11-09-2016,NaN
12-09-2016,752.23
13-09-2016,757
14-09-2016,755.47
15-09-2016,759.8
16-09-2016,754.76
17-09-2016,NaN
18-09-2016,NaN
19-09-2016,NaN
20-09-2016,752.9
21-09-2016,751.23
22-09-2016,744.13
23-09-2016,737.48
24-09-2016,NaN
25-09-2016,NaN
26-09-2016,741.33
27-09-2016,745.37
28-09-2016,743.02
29-09-2016,742.04
30-09-2016,739.13
01-10-2016,NaN
02-10-2016,NaN
03-10-2016,738.77
04-10-2016,738.74
05-10-2016,741.73
06-10-2016,745.28
07-10-2016,744.39
08-10-2016,NaN
09-10-2016,NaN
10-10-2016,NaN
11-10-2016,746.04
12-10-2016,738.27
13-10-2016,735.52
14-10-2016,740.89
15-10-2016,NaN
16-10-2016,NaN
17-10-2016,738.05
18-10-2016,737.91
19-10-2016,734.58
20-10-2016,732.13
21-10-2016,729.32
22-10-2016,NaN
23-10-2016,NaN
24-10-2016,724.7
25-10-2016,718.04
26-10-2016,712.16
27-10-2016,712.7
28-10-2016,709.86
29-10-2016,NaN
30-10-2016,NaN
31-10-2016,NaN
01-11-2016,NaN
02-11-2016,714.25
03-11-2016,726.33
04-11-2016,722.62
05-11-2016,NaN
06-11-2016,NaN
07-11-2016,728.04
08-11-2016,722.26
09-11-2016,717.79
10-11-2016,711.65
11-11-2016,714.6
12-11-2016,NaN
13-11-2016,NaN
14-11-2016,718.64
15-11-2016,717.67
16-11-2016,717.2
17-11-2016,723.37
18-11-2016,718.65
19-11-2016,NaN
20-11-2016,NaN
21-11-2016,718.44
22-11-2016,716.44
23-11-2016,716.5
24-11-2016,717.63
25-11-2016,715.33
26-11-2016,NaN
27-11-2016,NaN
28-11-2016,718.25
29-11-2016,715.02
30-11-2016,717.83
01-12-2016,713.12
02-12-2016,716.76
03-12-2016,NaN
04-12-2016,NaN
05-12-2016,718.11
06-12-2016,718.24
07-12-2016,708.61
08-12-2016,NaN
09-12-2016,705.38
10-12-2016,NaN
11-12-2016,NaN
12-12-2016,688.74
13-12-2016,690.7
14-12-2016,690.87
15-12-2016,698.08
16-12-2016,689.61
17-12-2016,NaN
18-12-2016,NaN
19-12-2016,700.05
20-12-2016,707.24
21-12-2016,702.8
22-12-2016,700.98
23-12-2016,704.99
24-12-2016,NaN
25-12-2016,NaN
26-12-2016,703.81
27-12-2016,702.92
28-12-2016,704.15
29-12-2016,699.21
30-12-2016,698.51
31-12-2016,NaN
01-01-2017,NaN
02-01-2017,NaN
03-01-2017,705.6
04-01-2017,702
05-01-2017,703.51
06-01-2017,706.09
07-01-2017,NaN
08-01-2017,NaN
09-01-2017,701.26
10-01-2017,708.24
11-01-2017,708.04
12-01-2017,711.76
13-01-2017,706.38
14-01-2017,NaN
15-01-2017,NaN
16-01-2017,702.19
17-01-2017,701.28
18-01-2017,704.11
19-01-2017,703.96
20-01-2017,701.5
21-01-2017,NaN
22-01-2017,NaN
23-01-2017,704.43
24-01-2017,700.33
25-01-2017,703.43
26-01-2017,698.55
27-01-2017,692.12
28-01-2017,NaN
29-01-2017,NaN
30-01-2017,694.51
31-01-2017,694.05
01-02-2017,696.55
02-02-2017,695.44
03-02-2017,694.2
04-02-2017,NaN
05-02-2017,NaN
06-02-2017,691.97
07-02-2017,686.44
08-02-2017,691.34
09-02-2017,692.05
10-02-2017,689.43
11-02-2017,NaN
12-02-2017,NaN
13-02-2017,683.86
14-02-2017,681.01
15-02-2017,678.39
16-02-2017,678.18
17-02-2017,680.18
18-02-2017,NaN
19-02-2017,NaN
20-02-2017,683.04
21-02-2017,681.9
22-02-2017,678.93
23-02-2017,677.13
24-02-2017,677.34
25-02-2017,NaN
26-02-2017,NaN
27-02-2017,683.74
28-02-2017,684.84
01-03-2017,689.12
02-03-2017,687.78
03-03-2017,687.31
04-03-2017,NaN
05-03-2017,NaN
06-03-2017,691.68
07-03-2017,697.34
08-03-2017,698.58
09-03-2017,697.58
10-03-2017,703.61
11-03-2017,NaN
12-03-2017,NaN
13-03-2017,707.78
14-03-2017,709.56
15-03-2017,711.25
16-03-2017,712.1
17-03-2017,709.44
18-03-2017,NaN
19-03-2017,NaN
20-03-2017,710.84
21-03-2017,711.59
22-03-2017,711.17
23-03-2017,716.58
24-03-2017,714.35
25-03-2017,NaN
26-03-2017,NaN
27-03-2017,715.13
28-03-2017,721.53
29-03-2017,721.37
30-03-2017,714.02
31-03-2017,708.42
01-04-2017,NaN
02-04-2017,NaN
03-04-2017,709.37
04-04-2017,702.11
05-04-2017,704.31
06-04-2017,700.32
07-04-2017,698.41
08-04-2017,NaN
09-04-2017,NaN
10-04-2017,695.41
11-04-2017,693.32
12-04-2017,692.11
13-04-2017,692.94
14-04-2017,NaN
15-04-2017,NaN
16-04-2017,NaN
17-04-2017,690.02
18-04-2017,689.6
19-04-2017,NaN
20-04-2017,693.37
21-04-2017,697.23
22-04-2017,NaN
23-04-2017,NaN
24-04-2017,696.4
25-04-2017,709.09
26-04-2017,722.14
27-04-2017,723.76
28-04-2017,722.44
29-04-2017,NaN
30-04-2017,NaN
01-05-2017,NaN
02-05-2017,725.48
03-05-2017,727.48
04-05-2017,730.09
05-05-2017,739.24
06-05-2017,NaN
07-05-2017,NaN
08-05-2017,741.54
09-05-2017,739.07
10-05-2017,739.06
11-05-2017,730.96
12-05-2017,730.03
13-05-2017,NaN
14-05-2017,NaN
15-05-2017,732.73
16-05-2017,732.89
17-05-2017,739.3
18-05-2017,745.89
19-05-2017,749.56
20-05-2017,NaN
21-05-2017,NaN
22-05-2017,751.12
23-05-2017,751.14
24-05-2017,752.55
25-05-2017,755.91
26-05-2017,749.71
27-05-2017,NaN
28-05-2017,NaN
29-05-2017,749.05
30-05-2017,752.84
31-05-2017,755.38
01-06-2017,755.45
02-06-2017,754.03
03-06-2017,NaN
04-06-2017,NaN
05-06-2017,755.99
06-06-2017,752.66
07-06-2017,754.31
08-06-2017,752.49
09-06-2017,747.29
10-06-2017,NaN
11-06-2017,NaN
12-06-2017,743.59
13-06-2017,741.07
14-06-2017,742.2
15-06-2017,741.72
16-06-2017,741.7
17-06-2017,NaN
18-06-2017,NaN
19-06-2017,743.09
20-06-2017,738.62
21-06-2017,738.5
22-06-2017,741.34
23-06-2017,740.16
24-06-2017,NaN
25-06-2017,NaN
26-06-2017,NaN
27-06-2017,741.01
28-06-2017,750.5
29-06-2017,753.54
30-06-2017,758.47
01-07-2017,NaN
02-07-2017,NaN
03-07-2017,758.32
04-07-2017,751.7
05-07-2017,752.88
06-07-2017,754.18
07-07-2017,760.96
08-07-2017,NaN
09-07-2017,NaN
10-07-2017,760.19
11-07-2017,760.27
12-07-2017,764.79
13-07-2017,757.55
14-07-2017,753.2
15-07-2017,NaN
16-07-2017,NaN
17-07-2017,754.71
18-07-2017,753.95
19-07-2017,758.57
20-07-2017,752.86
21-07-2017,757.54
22-07-2017,NaN
23-07-2017,NaN
24-07-2017,761.29
25-07-2017,757.45
26-07-2017,755.53
27-07-2017,759.13
28-07-2017,757.17
29-07-2017,NaN
30-07-2017,NaN
31-07-2017,765.84
01-08-2017,771.23
02-08-2017,769.69
03-08-2017,774.8
04-08-2017,771.62
05-08-2017,NaN
06-08-2017,NaN
07-08-2017,764.56
08-08-2017,766.94
09-08-2017,763.52
10-08-2017,763.49
11-08-2017,761.13
12-08-2017,NaN
13-08-2017,NaN
14-08-2017,766.68
15-08-2017,NaN
16-08-2017,763.58
17-08-2017,757.52
18-08-2017,758.18
19-08-2017,NaN
20-08-2017,NaN
21-08-2017,759.6
22-08-2017,759.55
23-08-2017,754.05
24-08-2017,757.79
25-08-2017,754.18
26-08-2017,NaN
27-08-2017,NaN
28-08-2017,756.52
29-08-2017,755.07
30-08-2017,752.23
31-08-2017,747.51
01-09-2017,747.52
02-09-2017,NaN
03-09-2017,NaN
04-09-2017,740.36
05-09-2017,743.31
06-09-2017,739.94
07-09-2017,740.21
08-09-2017,738.64
09-09-2017,NaN
10-09-2017,NaN
11-09-2017,743.76
12-09-2017,743.56
13-09-2017,746.51
14-09-2017,744.49
15-09-2017,746.29
16-09-2017,NaN
17-09-2017,NaN
18-09-2017,NaN
19-09-2017,NaN
20-09-2017,746.46
21-09-2017,746.09
22-09-2017,744.56
23-09-2017,NaN
24-09-2017,NaN
25-09-2017,745.16
26-09-2017,743.9
27-09-2017,747.34
28-09-2017,750.39
29-09-2017,750.47
30-09-2017,NaN
01-10-2017,NaN
02-10-2017,752.99
03-10-2017,751.7
04-10-2017,747.02
05-10-2017,741.79
06-10-2017,736
07-10-2017,NaN
08-10-2017,NaN
09-10-2017,NaN
10-10-2017,742.55
11-10-2017,742.65
12-10-2017,742.44
13-10-2017,739.9
14-10-2017,NaN
15-10-2017,NaN
16-10-2017,735.55
17-10-2017,731.44
18-10-2017,730.99
19-10-2017,736.63
20-10-2017,740.3
21-10-2017,NaN
22-10-2017,NaN
23-10-2017,740.67
24-10-2017,740.75
25-10-2017,743.39
26-10-2017,745.56
27-10-2017,NaN
28-10-2017,NaN
29-10-2017,NaN
30-10-2017,734.85
31-10-2017,740.28
01-11-2017,NaN
02-11-2017,741.85
03-11-2017,736.82
04-11-2017,NaN
05-11-2017,NaN
06-11-2017,732.22
07-11-2017,734.56
08-11-2017,734.07
09-11-2017,732.18
10-11-2017,735.2
11-11-2017,NaN
12-11-2017,NaN
13-11-2017,735.06
14-11-2017,737.44
15-11-2017,741.87
16-11-2017,745.17
17-11-2017,742.27
18-11-2017,NaN
19-11-2017,NaN
20-11-2017,741.73
21-11-2017,747.49
22-11-2017,745.98
23-11-2017,748.87
24-11-2017,751.64
25-11-2017,NaN
26-11-2017,NaN
27-11-2017,755.98
28-11-2017,757.36
29-11-2017,761.66
30-11-2017,762.23
01-12-2017,767.05
02-12-2017,NaN
03-12-2017,NaN
04-12-2017,772.73
05-12-2017,767.84
06-12-2017,771.03
07-12-2017,771.01
08-12-2017,NaN
09-12-2017,NaN
10-12-2017,NaN
11-12-2017,772.54
12-12-2017,773.03
13-12-2017,769.65
14-12-2017,764
15-12-2017,755.24
16-12-2017,NaN
17-12-2017,NaN
18-12-2017,751.82
19-12-2017,734.94
20-12-2017,733.42
21-12-2017,736.94
22-12-2017,736.72
23-12-2017,NaN
24-12-2017,NaN
25-12-2017,NaN
26-12-2017,736.66
27-12-2017,734.32
28-12-2017,733.59
29-12-2017,735.21
30-12-2017,NaN
31-12-2017,NaN
01-01-2018,NaN
02-01-2018,739.15
03-01-2018,734.24
04-01-2018,727.58
05-01-2018,728.76
06-01-2018,NaN
07-01-2018,NaN
08-01-2018,729.73
09-01-2018,726.01
10-01-2018,724.04
11-01-2018,728.41
12-01-2018,732.05
13-01-2018,NaN
14-01-2018,NaN
15-01-2018,732.76
16-01-2018,738.45
17-01-2018,736.19
18-01-2018,740.23
19-01-2018,741.7
20-01-2018,NaN
21-01-2018,NaN
22-01-2018,742.14
23-01-2018,741.9
24-01-2018,747.2
25-01-2018,748.41
26-01-2018,748.32
27-01-2018,NaN
28-01-2018,NaN
29-01-2018,746.17
30-01-2018,747.19
31-01-2018,749.62
01-02-2018,750.12
02-02-2018,748.43
03-02-2018,NaN
04-02-2018,NaN
05-02-2018,749.51
06-02-2018,748.88
07-02-2018,744.93
08-02-2018,732.39
09-02-2018,735.57
10-02-2018,NaN
11-02-2018,NaN
12-02-2018,736.98
13-02-2018,736.54
14-02-2018,737.84
15-02-2018,740.36
16-02-2018,738.61
17-02-2018,NaN
18-02-2018,NaN
19-02-2018,738.12
20-02-2018,737.69
21-02-2018,735.89
22-02-2018,732.3
23-02-2018,734.05
24-02-2018,NaN
25-02-2018,NaN
26-02-2018,727.72
27-02-2018,723.5
28-02-2018,720.94
01-03-2018,724.8
02-03-2018,727.72
03-03-2018,NaN
04-03-2018,NaN
05-03-2018,736.23
06-03-2018,740.55
07-03-2018,739.09
08-03-2018,746.05
09-03-2018,745.34
10-03-2018,NaN
11-03-2018,NaN
12-03-2018,743.76
13-03-2018,744.57
14-03-2018,746.67
15-03-2018,743.92
16-03-2018,743.46
17-03-2018,NaN
18-03-2018,NaN
19-03-2018,746.16
20-03-2018,752.05
21-03-2018,747.31
22-03-2018,744.79
23-03-2018,747.83
24-03-2018,NaN
25-03-2018,NaN
26-03-2018,751.81
27-03-2018,754.57
28-03-2018,751.33
29-03-2018,746.5
30-03-2018,NaN
31-03-2018,NaN
01-04-2018,NaN
02-04-2018,741.9
03-04-2018,742.54
04-04-2018,740.69
05-04-2018,743.01
06-04-2018,736.9
07-04-2018,NaN
08-04-2018,NaN
09-04-2018,742.72
10-04-2018,744.51
11-04-2018,743.75
12-04-2018,741.49
13-04-2018,736.17
14-04-2018,NaN
15-04-2018,NaN
16-04-2018,734.58
17-04-2018,737.61
18-04-2018,736.58
19-04-2018,736.11
20-04-2018,733.94
21-04-2018,NaN
22-04-2018,NaN
23-04-2018,732.78
24-04-2018,733.22
25-04-2018,734.06
26-04-2018,735.02
27-04-2018,731.11
28-04-2018,NaN
29-04-2018,NaN
30-04-2018,733.25
01-05-2018,NaN
02-05-2018,738.34
03-05-2018,738.78
04-05-2018,741.8
05-05-2018,NaN
06-05-2018,NaN
07-05-2018,742.99
08-05-2018,748.04
09-05-2018,755.52
10-05-2018,750.62
11-05-2018,747.64
12-05-2018,NaN
13-05-2018,NaN
14-05-2018,739.04
15-05-2018,743.99
16-05-2018,749.5
17-05-2018,745.29
18-05-2018,746.32
19-05-2018,NaN
20-05-2018,NaN
21-05-2018,NaN
22-05-2018,750.15
23-05-2018,738.63
24-05-2018,731.6
25-05-2018,732.07
26-05-2018,NaN
27-05-2018,NaN
28-05-2018,729.37
29-05-2018,725.95
30-05-2018,724.12
31-05-2018,731.89
01-06-2018,737.66
02-06-2018,NaN
03-06-2018,NaN
04-06-2018,736.78
05-06-2018,737.2
06-06-2018,742.99
07-06-2018,740.16
08-06-2018,744.99
09-06-2018,NaN
10-06-2018,NaN
11-06-2018,741.88
12-06-2018,745.71
13-06-2018,744.16
14-06-2018,744.89
15-06-2018,735.4
16-06-2018,NaN
17-06-2018,NaN
18-06-2018,738.83
19-06-2018,740.5
20-06-2018,742.83
21-06-2018,739.96
22-06-2018,744.38
23-06-2018,NaN
24-06-2018,NaN
25-06-2018,743.56
26-06-2018,748.6
27-06-2018,745.56
28-06-2018,746.58
29-06-2018,749.16
30-06-2018,NaN
01-07-2018,NaN
02-07-2018,NaN
03-07-2018,760.32
04-07-2018,760.05
05-07-2018,762.02
06-07-2018,765.26
07-07-2018,NaN
08-07-2018,NaN
09-07-2018,771.88
10-07-2018,765.58
11-07-2018,763.95
12-07-2018,761.85
13-07-2018,756.54
14-07-2018,NaN
15-07-2018,NaN
16-07-2018,NaN
17-07-2018,757.34
18-07-2018,762.38
19-07-2018,763.39
20-07-2018,771.13
21-07-2018,NaN
22-07-2018,NaN
23-07-2018,772.94
24-07-2018,774.41
25-07-2018,765.85
26-07-2018,759.58
27-07-2018,754.92
28-07-2018,NaN
29-07-2018,NaN
30-07-2018,749.73
31-07-2018,748.17
01-08-2018,747.86
02-08-2018,748.02
03-08-2018,747.47
04-08-2018,NaN
05-08-2018,NaN
06-08-2018,745.43
07-08-2018,747.38
08-08-2018,744.13
09-08-2018,748.08
10-08-2018,746.16
11-08-2018,NaN
12-08-2018,NaN
13-08-2018,745.53
14-08-2018,751
15-08-2018,NaN
16-08-2018,750.45
17-08-2018,756.28
18-08-2018,NaN
19-08-2018,NaN
20-08-2018,762.71
21-08-2018,767.61
22-08-2018,771.04
23-08-2018,765.46
24-08-2018,768.12
25-08-2018,NaN
26-08-2018,NaN
27-08-2018,770.42
28-08-2018,767.21
29-08-2018,771.47
30-08-2018,780.08
31-08-2018,787.06
01-09-2018,NaN
02-09-2018,NaN
03-09-2018,789.33
04-09-2018,794.85
05-09-2018,802.61
06-09-2018,803.36
07-09-2018,795.64
08-09-2018,NaN
09-09-2018,NaN
10-09-2018,795.52
11-09-2018,803.32
12-09-2018,809.49
13-09-2018,804.03
14-09-2018,797.75
15-09-2018,NaN
16-09-2018,NaN
17-09-2018,NaN
18-09-2018,NaN
19-09-2018,NaN
20-09-2018,796.81
21-09-2018,792.73
22-09-2018,NaN
23-09-2018,NaN
24-09-2018,782.67
25-09-2018,784.44
26-09-2018,789.22
27-09-2018,780.51
28-09-2018,771.88
29-09-2018,NaN
30-09-2018,NaN
01-10-2018,767.22
02-10-2018,759.37
03-10-2018,760.87
04-10-2018,759.65
05-10-2018,771.11
06-10-2018,NaN
07-10-2018,NaN
08-10-2018,774.53
09-10-2018,781.3
10-10-2018,785.44
11-10-2018,788.52
12-10-2018,791.5
13-10-2018,NaN
14-10-2018,NaN
15-10-2018,NaN
16-10-2018,783.7
17-10-2018,776.34
18-10-2018,771.8
19-10-2018,773.27
20-10-2018,NaN
21-10-2018,NaN
22-10-2018,779.2
23-10-2018,780.5
24-10-2018,786.83
25-10-2018,782.15
26-10-2018,781.49
27-10-2018,NaN
28-10-2018,NaN
29-10-2018,786.52
30-10-2018,782.95
31-10-2018,787.23
01-11-2018,NaN
02-11-2018,NaN
03-11-2018,NaN
04-11-2018,NaN
05-11-2018,789.78
06-11-2018,778.19
07-11-2018,776.56
08-11-2018,775.02
09-11-2018,770.92
10-11-2018,NaN
11-11-2018,NaN
12-11-2018,771.87
13-11-2018,771.05
14-11-2018,776.42
15-11-2018,777.24
16-11-2018,768.22
17-11-2018,NaN
18-11-2018,NaN
19-11-2018,767.77
20-11-2018,767
21-11-2018,764.55
22-11-2018,762.21
23-11-2018,761.16
24-11-2018,NaN
25-11-2018,NaN
26-11-2018,763.13
27-11-2018,766.66
28-11-2018,762.77
29-11-2018,762.23
30-11-2018,761.58
01-12-2018,NaN
02-12-2018,NaN
03-12-2018,759.75
04-12-2018,756.86
05-12-2018,757.58
06-12-2018,762.62
07-12-2018,771.78
08-12-2018,NaN
09-12-2018,NaN
10-12-2018,767.44
11-12-2018,770.02
12-12-2018,769.38
13-12-2018,771.24
14-12-2018,773.44
15-12-2018,NaN
16-12-2018,NaN
17-12-2018,775.81
18-12-2018,777.58
19-12-2018,782.42
20-12-2018,786.45
21-12-2018,788.48
22-12-2018,NaN
23-12-2018,NaN
24-12-2018,788.01
25-12-2018,NaN
26-12-2018,790.65
27-12-2018,789.1
28-12-2018,795.89
29-12-2018,NaN
30-12-2018,NaN
31-12-2018,NaN
01-01-2019,NaN
02-01-2019,794.75
03-01-2019,791.16
04-01-2019,795.48
05-01-2019,NaN
06-01-2019,NaN
07-01-2019,784.7
08-01-2019,779.28
09-01-2019,778.5
10-01-2019,781.75
11-01-2019,779.72
12-01-2019,NaN
13-01-2019,NaN
14-01-2019,775.23
15-01-2019,774.65
16-01-2019,767.38
17-01-2019,767.08
18-01-2019,764.31
19-01-2019,NaN
20-01-2019,NaN
21-01-2019,761.13
22-01-2019,764.37
23-01-2019,764.02
24-01-2019,766.1
25-01-2019,759.91
26-01-2019,NaN
27-01-2019,NaN
28-01-2019,760.51
29-01-2019,767.54
30-01-2019,764.99
31-01-2019,761.4
01-02-2019,752.64
02-02-2019,NaN
03-02-2019,NaN
04-02-2019,751.77
05-02-2019,747.46
06-02-2019,744.76
07-02-2019,743.91
08-02-2019,742.92
09-02-2019,NaN
10-02-2019,NaN
11-02-2019,743.7
12-02-2019,745.09
13-02-2019,747.67
14-02-2019,745.89
15-02-2019,751.66
16-02-2019,NaN
17-02-2019,NaN
18-02-2019,748.57
19-02-2019,747.03
20-02-2019,747.48
21-02-2019,743.69
22-02-2019,741.2
23-02-2019,NaN
24-02-2019,NaN
25-02-2019,738.25
26-02-2019,736.41
27-02-2019,739.08
28-02-2019,738.71
01-03-2019,741.43
02-03-2019,NaN
03-03-2019,NaN
04-03-2019,746.53
05-03-2019,746.91
06-03-2019,742.51
07-03-2019,744.88
08-03-2019,743.12
09-03-2019,NaN
10-03-2019,NaN
11-03-2019,754.08
12-03-2019,751.93
13-03-2019,753.09
14-03-2019,752.44
15-03-2019,757.76
16-03-2019,NaN
17-03-2019,NaN
18-03-2019,757.83
19-03-2019,755.79
20-03-2019,755
21-03-2019,756.11
22-03-2019,754.7
23-03-2019,NaN
24-03-2019,NaN
25-03-2019,763.92
26-03-2019,768.1
27-03-2019,765.96
28-03-2019,769.71
29-03-2019,765.27
30-03-2019,NaN
31-03-2019,NaN
01-04-2019,761.28
02-04-2019,753.74
03-04-2019,750.67
04-04-2019,750.56
05-04-2019,747.33
06-04-2019,NaN
07-04-2019,NaN
08-04-2019,744.84
09-04-2019,746.8
10-04-2019,746.96
11-04-2019,747.2
12-04-2019,747.62
13-04-2019,NaN
14-04-2019,NaN
15-04-2019,746.44
16-04-2019,749.08
17-04-2019,749.41
18-04-2019,745.97
19-04-2019,NaN
20-04-2019,NaN
21-04-2019,NaN
22-04-2019,743.62
23-04-2019,747.48
24-04-2019,749.18
25-04-2019,750.51
26-04-2019,752.77
27-04-2019,NaN
28-04-2019,NaN
29-04-2019,751.66
30-04-2019,757.77
01-05-2019,NaN
02-05-2019,761.4
03-05-2019,763.73
04-05-2019,NaN
05-05-2019,NaN
06-05-2019,759.74
07-05-2019,763.13
08-05-2019,763.93
09-05-2019,765.93
10-05-2019,770.4
11-05-2019,NaN
12-05-2019,NaN
13-05-2019,770.24
14-05-2019,778.52
15-05-2019,776.42
16-05-2019,776.04
17-05-2019,774.15
18-05-2019,NaN
19-05-2019,NaN
20-05-2019,777.55
21-05-2019,NaN
22-05-2019,778.68
23-05-2019,777.48
24-05-2019,780.44
25-05-2019,NaN
26-05-2019,NaN
27-05-2019,778.71
28-05-2019,779.3
29-05-2019,785.75
30-05-2019,788.64
31-05-2019,788.18
01-06-2019,NaN
02-06-2019,NaN
03-06-2019,792.63
04-06-2019,792.21
05-06-2019,784.49
06-06-2019,778.76
07-06-2019,780.92
08-06-2019,NaN
09-06-2019,NaN
10-06-2019,784.81
11-06-2019,788.94
12-06-2019,786.22
13-06-2019,784.74
14-06-2019,785.48
15-06-2019,NaN
16-06-2019,NaN
17-06-2019,783.23
18-06-2019,784.57
19-06-2019,780.04
20-06-2019,780.11
21-06-2019,772.4
22-06-2019,NaN
23-06-2019,NaN
24-06-2019,776.51
25-06-2019,777.47
26-06-2019,771.08
27-06-2019,773.23
28-06-2019,772.92
29-06-2019,NaN
30-06-2019,NaN
01-07-2019,772.11
02-07-2019,764.81
03-07-2019,769.48
04-07-2019,767.6
05-07-2019,764.66
06-07-2019,NaN
07-07-2019,NaN
08-07-2019,766.43
09-07-2019,769.13
10-07-2019,772.2
11-07-2019,771.24
12-07-2019,769.14
13-07-2019,NaN
14-07-2019,NaN
15-07-2019,767.49
16-07-2019,NaN
17-07-2019,764.92
18-07-2019,765.26
19-07-2019,769.27
20-07-2019,NaN
21-07-2019,NaN
22-07-2019,769.1
23-07-2019,771.79
24-07-2019,771.24
25-07-2019,770.15
26-07-2019,773.78
27-07-2019,NaN
28-07-2019,NaN
29-07-2019,775.14
30-07-2019,776.85
31-07-2019,780.79
01-08-2019,778.69
02-08-2019,781.12
03-08-2019,NaN
04-08-2019,NaN
05-08-2019,789.97
06-08-2019,808.45
07-08-2019,801.91
08-08-2019,806.09
09-08-2019,795.19
10-08-2019,NaN
11-08-2019,NaN
12-08-2019,797.8
13-08-2019,803.73
14-08-2019,791.47
15-08-2019,NaN
16-08-2019,791.07
17-08-2019,NaN
18-08-2019,NaN
19-08-2019,787.1
20-08-2019,789.2
21-08-2019,788.89
22-08-2019,787.13
23-08-2019,790.8
24-08-2019,NaN
25-08-2019,NaN
26-08-2019,798.31
27-08-2019,797.99
28-08-2019,800.57
29-08-2019,802.62
30-08-2019,796.56
31-08-2019,NaN
01-09-2019,NaN
02-09-2019,790.39
03-09-2019,794.91
04-09-2019,796.15
05-09-2019,797.9
06-09-2019,791.96
07-09-2019,NaN
08-09-2019,NaN
09-09-2019,784.75
10-09-2019,789.08
11-09-2019,789.1
12-09-2019,786.51
13-09-2019,787.61
14-09-2019,NaN
15-09-2019,NaN
16-09-2019,783.2
17-09-2019,780.61
18-09-2019,NaN
19-09-2019,NaN
20-09-2019,NaN
21-09-2019,NaN
22-09-2019,NaN
23-09-2019,791.98
24-09-2019,793.59
25-09-2019,795.15
26-09-2019,795.93
27-09-2019,793.8
28-09-2019,NaN
29-09-2019,NaN
30-09-2019,794.31
01-10-2019,793.86
02-10-2019,797.14
03-10-2019,797.68
04-10-2019,790.08
05-10-2019,NaN
06-10-2019,NaN
07-10-2019,785.95
08-10-2019,786.93
09-10-2019,791.02
10-10-2019,795.2
11-10-2019,793.54
12-10-2019,NaN
13-10-2019,NaN
14-10-2019,787.3
15-10-2019,785.4
16-10-2019,788.93
17-10-2019,795.89
18-10-2019,793.54
19-10-2019,NaN
20-10-2019,NaN
21-10-2019,792
22-10-2019,806.69
23-10-2019,809
24-10-2019,807.64
25-10-2019,803.63
26-10-2019,NaN
27-10-2019,NaN
28-10-2019,804.02
29-10-2019,804.23
30-10-2019,806.87
31-10-2019,NaN
01-11-2019,NaN
02-11-2019,NaN
03-11-2019,NaN
04-11-2019,817.54
05-11-2019,820.97
06-11-2019,825.69
07-11-2019,823.17
08-11-2019,817.66
09-11-2019,NaN
10-11-2019,NaN
11-11-2019,822.38
12-11-2019,834.53
13-11-2019,863.51
14-11-2019,873.95
15-11-2019,883.27
16-11-2019,NaN
17-11-2019,NaN
18-11-2019,865.09
19-11-2019,857.41
20-11-2019,867.36
21-11-2019,881.92
22-11-2019,879.68
23-11-2019,NaN
24-11-2019,NaN
25-11-2019,877.84
26-11-2019,871.03
27-11-2019,874.18
28-11-2019,887.21
29-11-2019,911.77
30-11-2019,NaN
01-12-2019,NaN
02-12-2019,895.01
03-12-2019,890.79
04-12-2019,889.62
05-12-2019,882.53
06-12-2019,871.1
07-12-2019,NaN
08-12-2019,NaN
09-12-2019,861.01
10-12-2019,853.2
11-12-2019,862.68
12-12-2019,857.38
13-12-2019,854.29
14-12-2019,NaN
15-12-2019,NaN
16-12-2019,852.9
17-12-2019,850.14
18-12-2019,844.15
19-12-2019,836.17
20-12-2019,837.25
21-12-2019,NaN
22-12-2019,NaN
23-12-2019,830.28
24-12-2019,836.5
25-12-2019,NaN
26-12-2019,832.55
27-12-2019,829.07
28-12-2019,NaN
29-12-2019,NaN
30-12-2019,832.35
31-12-2019,NaN
01-01-2020,NaN
02-01-2020,839.58
03-01-2020,842.45
04-01-2020,NaN
05-01-2020,NaN
06-01-2020,847.38
07-01-2020,863.91
08-01-2020,861.61
09-01-2020,852.6
10-01-2020,849.66
11-01-2020,NaN
12-01-2020,NaN
13-01-2020,857.32
14-01-2020,866.28
15-01-2020,859.63
16-01-2020,861.62
17-01-2020,861.11
18-01-2020,NaN
19-01-2020,NaN
20-01-2020,855.47
21-01-2020,853.58
22-01-2020,854.59
23-01-2020,855.91
24-01-2020,852.88
25-01-2020,NaN
26-01-2020,NaN
27-01-2020,856.05
28-01-2020,867.78
29-01-2020,867.7
30-01-2020,867.08
31-01-2020,880.26
01-02-2020,NaN
02-02-2020,NaN
03-02-2020,885.44
04-02-2020,874.91
05-02-2020,863.27
06-02-2020,854.96
07-02-2020,855.42
08-02-2020,NaN
09-02-2020,NaN
10-02-2020,863.59
11-02-2020,868.67
12-02-2020,865.44
13-02-2020,857.53
14-02-2020,862.11
15-02-2020,NaN
16-02-2020,NaN
17-02-2020,859.05
18-02-2020,858.2
19-02-2020,861.14
20-02-2020,860.57
21-02-2020,869.05
22-02-2020,NaN
23-02-2020,NaN
24-02-2020,879.38
25-02-2020,880.08
26-02-2020,878.69
27-02-2020,882.78
28-02-2020,895.41
29-02-2020,NaN
01-03-2020,NaN
02-03-2020,900.24
03-03-2020,913.35
04-03-2020,903.81
05-03-2020,903.54
06-03-2020,921.62
07-03-2020,NaN
08-03-2020,NaN
09-03-2020,937.09
10-03-2020,964.19
11-03-2020,943.69
12-03-2020,942.55
13-03-2020,953.19
14-03-2020,NaN
15-03-2020,NaN
16-03-2020,928.28
17-03-2020,949.55
18-03-2020,938.42
19-03-2020,934.36
20-03-2020,928.86
21-03-2020,NaN
22-03-2020,NaN
23-03-2020,909
24-03-2020,927.68
25-03-2020,912.56
26-03-2020,916.75
27-03-2020,922.69
28-03-2020,NaN
29-03-2020,NaN
30-03-2020,925.05
31-03-2020,932.56
01-04-2020,934.55
02-04-2020,942.3
03-04-2020,934.2
04-04-2020,NaN
05-04-2020,NaN
06-04-2020,932.53
07-04-2020,922.05
08-04-2020,918.07
09-04-2020,925.98
10-04-2020,NaN
11-04-2020,NaN
12-04-2020,NaN
13-04-2020,918.68
14-04-2020,922.12
15-04-2020,931.74
16-04-2020,939.44
17-04-2020,924.44
18-04-2020,NaN
19-04-2020,NaN
20-04-2020,923.42
21-04-2020,929.88
22-04-2020,935.7
23-04-2020,926.36
24-04-2020,925.81
25-04-2020,NaN
26-04-2020,NaN
27-04-2020,928.27
28-04-2020,927.83
29-04-2020,921.55
30-04-2020,909.96
01-05-2020,NaN
02-05-2020,NaN
03-05-2020,NaN
04-05-2020,917.56
05-05-2020,914.36
06-05-2020,904.18
07-05-2020,906.72
08-05-2020,905.25
09-05-2020,NaN
10-05-2020,NaN
11-05-2020,897.57
12-05-2020,892.54
13-05-2020,892.18
14-05-2020,887.47
15-05-2020,887.35
16-05-2020,NaN
17-05-2020,NaN
18-05-2020,890.76
19-05-2020,895.42
20-05-2020,897.13
21-05-2020,NaN
22-05-2020,885.71
23-05-2020,NaN
24-05-2020,NaN
25-05-2020,878.2
26-05-2020,875.72
27-05-2020,881.23
28-05-2020,896.92
29-05-2020,900.84
30-05-2020,NaN
31-05-2020,NaN
01-06-2020,894.62
02-06-2020,885.94
03-06-2020,874.22
04-06-2020,864
05-06-2020,880.74
06-06-2020,NaN
07-06-2020,NaN
08-06-2020,863.88
09-06-2020,869.52
10-06-2020,875.73
11-06-2020,876.03
12-06-2020,888.42
13-06-2020,NaN
14-06-2020,NaN
15-06-2020,887.86
16-06-2020,902.76
17-06-2020,877.76
18-06-2020,897.02
19-06-2020,909.81
20-06-2020,NaN
21-06-2020,NaN
22-06-2020,913.73
23-06-2020,918.63
24-06-2020,925.23
25-06-2020,923.88
26-06-2020,912.43
27-06-2020,NaN
28-06-2020,NaN
29-06-2020,NaN
30-06-2020,916.33
01-07-2020,922.73
02-07-2020,918.83
03-07-2020,903.15
04-07-2020,NaN
05-07-2020,NaN
06-07-2020,901.12
07-07-2020,903.61
08-07-2020,896.53
09-07-2020,891.16
10-07-2020,882.92
11-07-2020,NaN
12-07-2020,NaN
13-07-2020,893.68
14-07-2020,895.3
15-07-2020,898.16
16-07-2020,NaN
17-07-2020,898.25
18-07-2020,NaN
19-07-2020,NaN
20-07-2020,900.55
21-07-2020,898.95
22-07-2020,896.75
23-07-2020,889.6
24-07-2020,890.19
25-07-2020,NaN
26-07-2020,NaN
27-07-2020,895.11
28-07-2020,904.06
29-07-2020,900.04
30-07-2020,894.84
31-07-2020,892.52
01-08-2020,NaN
02-08-2020,NaN
03-08-2020,892.23
04-08-2020,894.75
05-08-2020,904.57
06-08-2020,919.12
07-08-2020,922.36
08-08-2020,NaN
09-08-2020,NaN
10-08-2020,924.2
11-08-2020,935.83
12-08-2020,932.89
13-08-2020,934.78
14-08-2020,936.07
15-08-2020,NaN
16-08-2020,NaN
17-08-2020,943.32
18-08-2020,953.02
19-08-2020,949.93
20-08-2020,929.54
21-08-2020,931.75
22-08-2020,NaN
23-08-2020,NaN
24-08-2020,932.09
25-08-2020,927.42
26-08-2020,927.78
27-08-2020,930.26
28-08-2020,927.36
29-08-2020,NaN
30-08-2020,NaN
31-08-2020,927.48
01-09-2020,926.9
02-09-2020,918.24
03-09-2020,912.63
04-09-2020,917.04
05-09-2020,NaN
06-09-2020,NaN
07-09-2020,916.56
08-09-2020,913.78
09-09-2020,916.18
10-09-2020,906.15
11-09-2020,907.25
12-09-2020,NaN
13-09-2020,NaN
14-09-2020,909.06
15-09-2020,909.64
16-09-2020,900.38
17-09-2020,900.7
18-09-2020,NaN
19-09-2020,NaN
20-09-2020,NaN
21-09-2020,903.8
22-09-2020,908.46
23-09-2020,906.04
24-09-2020,912.58
25-09-2020,920.05
26-09-2020,NaN
27-09-2020,NaN
28-09-2020,914.87
29-09-2020,914.4
30-09-2020,920.73
01-10-2020,923.11
02-10-2020,922.06
03-10-2020,NaN
04-10-2020,NaN
05-10-2020,926.77
06-10-2020,935.84
07-10-2020,939.05
08-10-2020,935.9
09-10-2020,937.06
10-10-2020,NaN
11-10-2020,NaN
12-10-2020,NaN
13-10-2020,940.85
14-10-2020,936
15-10-2020,938.38
16-10-2020,938.35
17-10-2020,NaN
18-10-2020,NaN
19-10-2020,932.47
20-10-2020,928.69
21-10-2020,930.96
22-10-2020,930.76
23-10-2020,923.98
24-10-2020,NaN
25-10-2020,NaN
26-10-2020,922.02
27-10-2020,921.26
28-10-2020,913.13
29-10-2020,911.03
30-10-2020,897.65
31-10-2020,NaN
01-11-2020,NaN
02-11-2020,898.84
03-11-2020,894.38
04-11-2020,889.25
05-11-2020,887.54
06-11-2020,887.01
07-11-2020,NaN
08-11-2020,NaN
09-11-2020,902.15
10-11-2020,890.85
11-11-2020,898.88
12-11-2020,891.61
13-11-2020,894.25
14-11-2020,NaN
15-11-2020,NaN
16-11-2020,906.8
17-11-2020,909.25
18-11-2020,909.69
19-11-2020,899.61
20-11-2020,898.84
21-11-2020,NaN
22-11-2020,NaN
23-11-2020,902.52
24-11-2020,906.25
25-11-2020,917.31
26-11-2020,919.43
27-11-2020,912.34
28-11-2020,NaN
29-11-2020,NaN
30-11-2020,916.33
01-12-2020,916.39
02-12-2020,915.41
03-12-2020,913.68
04-12-2020,913.43
05-12-2020,NaN
06-12-2020,NaN
07-12-2020,908.18
08-12-2020,NaN
09-12-2020,903.69
10-12-2020,891.87
11-12-2020,894.86
12-12-2020,NaN
13-12-2020,NaN
14-12-2020,888.72
15-12-2020,889.35
16-12-2020,892.03
17-12-2020,894.71
18-12-2020,887.11
19-12-2020,NaN
20-12-2020,NaN
21-12-2020,885.88
22-12-2020,893.82
23-12-2020,887.46
24-12-2020,873.16
25-12-2020,NaN
26-12-2020,NaN
27-12-2020,NaN
28-12-2020,865.64
29-12-2020,868.01
30-12-2020,870.66
31-12-2020,NaN
01-01-2021,NaN
02-01-2021,NaN
03-01-2021,NaN
04-01-2021,873.3
05-01-2021,861.65
06-01-2021,863.72
07-01-2021,856.2
08-01-2021,870.41
09-01-2021,NaN
10-01-2021,NaN
11-01-2021,872.19
12-01-2021,874.77
13-01-2021,882.82
14-01-2021,899.03
15-01-2021,893.72
16-01-2021,NaN
17-01-2021,NaN
18-01-2021,888.72
19-01-2021,888.59
20-01-2021,889.37
21-01-2021,884.45
22-01-2021,868.93
23-01-2021,NaN
24-01-2021,NaN
25-01-2021,881.31
26-01-2021,888.58
27-01-2021,888.54
28-01-2021,891.89
29-01-2021,898.78
30-01-2021,NaN
31-01-2021,NaN
01-02-2021,891.42
02-02-2021,883.01
03-02-2021,883.03
04-02-2021,878.46
05-02-2021,882.07
06-02-2021,NaN
07-02-2021,NaN
08-02-2021,886.68
09-02-2021,885.63
10-02-2021,887.35
11-02-2021,884.48
12-02-2021,876.1
13-02-2021,NaN
14-02-2021,NaN
15-02-2021,878.37
16-02-2021,871.69
17-02-2021,868.71
18-02-2021,866.79
19-02-2021,860.28
20-02-2021,NaN
21-02-2021,NaN
22-02-2021,857.63
23-02-2021,863.32
24-02-2021,858.55
25-02-2021,854.67
26-02-2021,865.89
27-02-2021,NaN
28-02-2021,NaN
01-03-2021,869.67
02-03-2021,869.23
03-03-2021,877.71
04-03-2021,882.47
05-03-2021,875.54
06-03-2021,NaN
07-03-2021,NaN
08-03-2021,873.17
09-03-2021,875.47
10-03-2021,871.67
11-03-2021,867.73
12-03-2021,860.05
13-03-2021,NaN
14-03-2021,NaN
15-03-2021,858.68
16-03-2021,860.56
17-03-2021,861.48
18-03-2021,870.36
19-03-2021,864.46
20-03-2021,NaN
21-03-2021,NaN
22-03-2021,854.71
23-03-2021,855.78
24-03-2021,854.83
25-03-2021,855.53
26-03-2021,860.19
27-03-2021,NaN
28-03-2021,NaN
29-03-2021,860.26
30-03-2021,867
31-03-2021,857.77
01-04-2021,847.6
02-04-2021,NaN
03-04-2021,NaN
04-04-2021,NaN
05-04-2021,844.66
06-04-2021,847.88
07-04-2021,852.22
08-04-2021,848.13
09-04-2021,843.87
10-04-2021,NaN
11-04-2021,NaN
12-04-2021,846.6
13-04-2021,844.76
14-04-2021,846.63
15-04-2021,847.01
16-04-2021,840.59
17-04-2021,NaN
18-04-2021,NaN
19-04-2021,840.08
20-04-2021,843.62
21-04-2021,838.47
22-04-2021,838
23-04-2021,846.53
24-04-2021,NaN
25-04-2021,NaN
26-04-2021,861.39
27-04-2021,854.75
28-04-2021,848.47
29-04-2021,847.33
30-04-2021,854.34
01-05-2021,NaN
02-05-2021,NaN
03-05-2021,855.15
04-05-2021,852.18
05-05-2021,847.76
06-05-2021,843.64
07-05-2021,845.51
08-05-2021,NaN
09-05-2021,NaN
10-05-2021,844.44
11-05-2021,842.63
12-05-2021,850.6
13-05-2021,854.3
14-05-2021,855.54
15-05-2021,NaN
16-05-2021,NaN
17-05-2021,853.67
18-05-2021,870.05
19-05-2021,872.62
20-05-2021,871.59
21-05-2021,NaN
22-05-2021,NaN
23-05-2021,NaN
24-05-2021,875.27
25-05-2021,887.89
26-05-2021,900.21
27-05-2021,893.14
28-05-2021,891.2
29-05-2021,NaN
30-05-2021,NaN
31-05-2021,884.16
01-06-2021,882.99
02-06-2021,882.49
03-06-2021,879.66
04-06-2021,872.75
05-06-2021,NaN
06-06-2021,NaN
07-06-2021,872.2
08-06-2021,873.35
09-06-2021,874.32
10-06-2021,875.74
11-06-2021,877.49
12-06-2021,NaN
13-06-2021,NaN
14-06-2021,871.48
15-06-2021,871.51
16-06-2021,879.24
17-06-2021,874.6
18-06-2021,876.76
19-06-2021,NaN
20-06-2021,NaN
21-06-2021,NaN
22-06-2021,885.77
23-06-2021,895.05
24-06-2021,877.03
25-06-2021,872.23
26-06-2021,NaN
27-06-2021,NaN
28-06-2021,NaN
29-06-2021,873.39
30-06-2021,875.23
01-07-2021,862.27
02-07-2021,873.85
03-07-2021,NaN
04-07-2021,NaN
05-07-2021,872.47
06-07-2021,871.9
07-07-2021,878.86
08-07-2021,887.29
09-07-2021,892.02
10-07-2021,NaN
11-07-2021,NaN
12-07-2021,889.09
13-07-2021,882.26
14-07-2021,879.96
15-07-2021,884.91
16-07-2021,NaN
17-07-2021,NaN
18-07-2021,NaN
19-07-2021,890.19
20-07-2021,896.41
21-07-2021,894.34
22-07-2021,890.98
23-07-2021,883.83
24-07-2021,NaN
25-07-2021,NaN
26-07-2021,892.7
27-07-2021,902.26
28-07-2021,900.2
29-07-2021,906.11
30-07-2021,901.83
31-07-2021,NaN
01-08-2021,NaN
02-08-2021,901.24
03-08-2021,904.05
04-08-2021,918.79
05-08-2021,918.02
06-08-2021,919.38
07-08-2021,NaN
08-08-2021,NaN
09-08-2021,922.62
10-08-2021,924.94
11-08-2021,914.51
12-08-2021,907.71
13-08-2021,906.7
14-08-2021,NaN
15-08-2021,NaN
16-08-2021,913.35
17-08-2021,923.54
18-08-2021,924.83
19-08-2021,923.46
20-08-2021,922.44
21-08-2021,NaN
22-08-2021,NaN
23-08-2021,919.69
24-08-2021,920.01
25-08-2021,919.23
26-08-2021,921.75
27-08-2021,922.62
28-08-2021,NaN
29-08-2021,NaN
30-08-2021,925.21
31-08-2021,920.21
01-09-2021,915.48
02-09-2021,908.67
03-09-2021,912.11
04-09-2021,NaN
05-09-2021,NaN
06-09-2021,911.45
07-09-2021,914.23
08-09-2021,921.4
09-09-2021,931.19
10-09-2021,936.2
11-09-2021,NaN
12-09-2021,NaN
13-09-2021,933.15
14-09-2021,925.82
15-09-2021,925.94
16-09-2021,923.19
17-09-2021,NaN
18-09-2021,NaN
19-09-2021,NaN
20-09-2021,917.69
21-09-2021,924.18
22-09-2021,920.51
23-09-2021,920.64
24-09-2021,924.64
25-09-2021,NaN
26-09-2021,NaN
27-09-2021,924.51
28-09-2021,930.93
29-09-2021,932.98
30-09-2021,932.24
01-10-2021,939.48
02-10-2021,NaN
03-10-2021,NaN
04-10-2021,932.38
05-10-2021,936.32
06-10-2021,940.62
07-10-2021,942.59
08-10-2021,940.82
09-10-2021,NaN
10-10-2021,NaN
11-10-2021,NaN
12-10-2021,948.29
13-10-2021,953.74
14-10-2021,950.39
15-10-2021,946.59
16-10-2021,NaN
17-10-2021,NaN
18-10-2021,958.12
19-10-2021,952.72
20-10-2021,946.83
21-10-2021,945.64
22-10-2021,951.48
23-10-2021,NaN
24-10-2021,NaN
25-10-2021,949.4
26-10-2021,940.73
27-10-2021,935.02
28-10-2021,933.84
29-10-2021,940.97
30-10-2021,NaN
31-10-2021,NaN
01-11-2021,NaN
02-11-2021,937.03
03-11-2021,943.05
04-11-2021,944.33
05-11-2021,941.78
06-11-2021,NaN
07-11-2021,NaN
08-11-2021,939.19
09-11-2021,934.87
10-11-2021,924.53
11-11-2021,911.27
12-11-2021,906.73
13-11-2021,NaN
14-11-2021,NaN
15-11-2021,913.02
16-11-2021,913.39
17-11-2021,912.66
18-11-2021,927.52
19-11-2021,949.13
20-11-2021,NaN
21-11-2021,NaN
22-11-2021,942.31
23-11-2021,909.56
24-11-2021,912.2
25-11-2021,908.45
26-11-2021,918.41
27-11-2021,NaN
28-11-2021,NaN
29-11-2021,937.57
30-11-2021,942.69
01-12-2021,946.38
02-12-2021,937.69
03-12-2021,946.47
04-12-2021,NaN
05-12-2021,NaN
06-12-2021,947.29
07-12-2021,950.06
08-12-2021,NaN
09-12-2021,944.14
10-12-2021,949.89
11-12-2021,NaN
12-12-2021,NaN
13-12-2021,961.02
14-12-2021,953.46
15-12-2021,954.15
16-12-2021,955.76
17-12-2021,961.25
18-12-2021,NaN
19-12-2021,NaN
20-12-2021,954.18
21-12-2021,973.73
22-12-2021,978.99
23-12-2021,981.25
24-12-2021,971.26
25-12-2021,NaN
26-12-2021,NaN
27-12-2021,976.24
28-12-2021,972.36
29-12-2021,968.81
30-12-2021,964.44
31-12-2021,NaN
01-01-2022,NaN
02-01-2022,NaN
03-01-2022,955.64
04-01-2022,960.44
05-01-2022,961.88
06-01-2022,954.45
07-01-2022,948.53
08-01-2022,NaN
09-01-2022,NaN
10-01-2022,944.34
11-01-2022,942.08
12-01-2022,945.6
13-01-2022,945.34
14-01-2022,942.08
15-01-2022,NaN
16-01-2022,NaN
17-01-2022,930.07
18-01-2022,938.03
19-01-2022,929.54
20-01-2022,923.02
21-01-2022,912.46
22-01-2022,NaN
23-01-2022,NaN
24-01-2022,906.88
25-01-2022,906.05
26-01-2022,909.57
27-01-2022,901.65
28-01-2022,890.81
29-01-2022,NaN
30-01-2022,NaN
31-01-2022,903.85
01-02-2022,901.51
02-02-2022,901.19
03-02-2022,911.3
04-02-2022,934.47
05-02-2022,NaN
06-02-2022,NaN
07-02-2022,946.01
08-02-2022,944.42
09-02-2022,941.66
10-02-2022,938.69
11-02-2022,922.46
12-02-2022,NaN
13-02-2022,NaN
14-02-2022,919
15-02-2022,918.41
16-02-2022,912.59
17-02-2022,909.72
18-02-2022,908.04
19-02-2022,NaN
20-02-2022,NaN
21-02-2022,898.49
22-02-2022,907.43
23-02-2022,902.27
24-02-2022,890.63
25-02-2022,902.07
26-02-2022,NaN
27-02-2022,NaN
28-02-2022,905.69
01-03-2022,894.23
02-03-2022,892.13
03-03-2022,894.53
04-03-2022,884.56
05-03-2022,NaN
06-03-2022,NaN
07-03-2022,881.17
08-03-2022,879.39
09-03-2022,887.76
10-03-2022,889.79
11-03-2022,886.92
12-03-2022,NaN
13-03-2022,NaN
14-03-2022,876.07
15-03-2022,886.71
16-03-2022,891.91
17-03-2022,883.41
18-03-2022,888.09
19-03-2022,NaN
20-03-2022,NaN
21-03-2022,886.93
22-03-2022,880.86
23-03-2022,874.55
24-03-2022,874.16
25-03-2022,868.18
26-03-2022,NaN
27-03-2022,NaN
28-03-2022,863.52
29-03-2022,856.19
30-03-2022,860.96
31-03-2022,878.04
01-04-2022,873.69
02-04-2022,NaN
03-04-2022,NaN
04-04-2022,864.54
05-04-2022,854.53
06-04-2022,854.46
07-04-2022,865.08
08-04-2022,879.28
09-04-2022,NaN
10-04-2022,NaN
11-04-2022,885.47
12-04-2022,891.35
13-04-2022,873.37
14-04-2022,875.81
15-04-2022,NaN
16-04-2022,NaN
17-04-2022,NaN
18-04-2022,882.12
19-04-2022,881.81
20-04-2022,882.52
21-04-2022,885.73
22-04-2022,886.37
23-04-2022,NaN
24-04-2022,NaN
25-04-2022,900.45
26-04-2022,911.85
27-04-2022,901.77
28-04-2022,894.96
29-04-2022,900.05
30-04-2022,NaN
01-05-2022,NaN
02-05-2022,899.06
03-05-2022,903.46
04-05-2022,901.26
05-05-2022,905.42
06-05-2022,907
07-05-2022,NaN
08-05-2022,NaN
09-05-2022,904.81
10-05-2022,916.05
11-05-2022,913.94
12-05-2022,907.4
13-05-2022,899.78
14-05-2022,NaN
15-05-2022,NaN
16-05-2022,895.52
17-05-2022,895.03
18-05-2022,895.56
19-05-2022,890.97
20-05-2022,892.73
21-05-2022,NaN
22-05-2022,NaN
23-05-2022,878.19
24-05-2022,886.31
25-05-2022,894.74
26-05-2022,891.98
27-05-2022,889.47
28-05-2022,NaN
29-05-2022,NaN
30-05-2022,881.67
31-05-2022,890.85
01-06-2022,885.54
02-06-2022,879.08
03-06-2022,876.29
04-06-2022,NaN
05-06-2022,NaN
06-06-2022,871.88
07-06-2022,874.48
08-06-2022,887.95
09-06-2022,880.29
10-06-2022,879.05
11-06-2022,NaN
12-06-2022,NaN
13-06-2022,882.1
14-06-2022,900.24
15-06-2022,903.47
16-06-2022,896.68
17-06-2022,918.97
18-06-2022,NaN
19-06-2022,NaN
20-06-2022,918.84
21-06-2022,NaN
22-06-2022,925.33
23-06-2022,937.65
24-06-2022,945.21
25-06-2022,NaN
26-06-2022,NaN
27-06-2022,NaN
28-06-2022,961.69
29-06-2022,953.07
30-06-2022,960.9
01-07-2022,976.72
02-07-2022,NaN
03-07-2022,NaN
04-07-2022,974.29
05-07-2022,966.88
06-07-2022,973.63
07-07-2022,990.49
08-07-2022,975.6
09-07-2022,NaN
10-07-2022,NaN
11-07-2022,983.06
12-07-2022,996.43
13-07-2022,1014.08
14-07-2022,1017.28
15-07-2022,1045.79
16-07-2022,NaN
17-07-2022,NaN
18-07-2022,995.49
19-07-2022,955.42
20-07-2022,951.04
21-07-2022,935.46
22-07-2022,945.94
23-07-2022,NaN
24-07-2022,NaN
25-07-2022,951.67
26-07-2022,962
27-07-2022,933.33
28-07-2022,930.92
29-07-2022,926.24
30-07-2022,NaN
31-07-2022,NaN
01-08-2022,924.04
02-08-2022,915.62
03-08-2022,913.76
04-08-2022,922.21
05-08-2022,926.33
06-08-2022,NaN
07-08-2022,NaN
08-08-2022,931.06
09-08-2022,923.48
10-08-2022,919.26
11-08-2022,916.6
12-08-2022,909.99
13-08-2022,NaN
14-08-2022,NaN
15-08-2022,NaN
16-08-2022,905.73
17-08-2022,897.91
18-08-2022,913.2
19-08-2022,926.17
20-08-2022,NaN
21-08-2022,NaN
22-08-2022,949.53
23-08-2022,939.18
24-08-2022,923.34
25-08-2022,912.13
26-08-2022,907.31
27-08-2022,NaN
28-08-2022,NaN
29-08-2022,897.17
30-08-2022,890.63
31-08-2022,884.76
01-09-2022,902.46
02-09-2022,894.31
03-09-2022,NaN
04-09-2022,NaN
05-09-2022,882.34
06-09-2022,860.34
07-09-2022,879.89
08-09-2022,885.45
09-09-2022,880.78
10-09-2022,NaN
11-09-2022,NaN
12-09-2022,888.97
13-09-2022,910.71
14-09-2022,910.27
15-09-2022,916.65
16-09-2022,NaN
17-09-2022,NaN
18-09-2022,NaN
19-09-2022,NaN
20-09-2022,923.34
21-09-2022,924.92
22-09-2022,926.5
23-09-2022,928.58
24-09-2022,NaN
25-09-2022,NaN
26-09-2022,936.8
27-09-2022,948.29
28-09-2022,941.59
29-09-2022,945.42
30-09-2022,945.21
01-10-2022,NaN
02-10-2022,NaN
03-10-2022,939.85
04-10-2022,936.14
05-10-2022,928.06
06-10-2022,930.67
07-10-2022,925.96
08-10-2022,NaN
09-10-2022,NaN
10-10-2022,NaN
11-10-2022,922.82
12-10-2022,910.75
13-10-2022,904.12
14-10-2022,925.59
15-10-2022,NaN
16-10-2022,NaN
17-10-2022,924.47
18-10-2022,952.3
19-10-2022,957.57
20-10-2022,955.7
21-10-2022,951.25
22-10-2022,NaN
23-10-2022,NaN
24-10-2022,962.7
25-10-2022,971.38
26-10-2022,967.06
27-10-2022,959.62
28-10-2022,943.61
29-10-2022,NaN
30-10-2022,NaN
31-10-2022,NaN
01-11-2022,NaN
02-11-2022,931.04
03-11-2022,925.94
04-11-2022,924.97
05-11-2022,NaN
06-11-2022,NaN
07-11-2022,924.7
08-11-2022,921.79
09-11-2022,914.94
10-11-2022,907.41
11-11-2022,906.87
12-11-2022,NaN
13-11-2022,NaN
14-11-2022,916.89
15-11-2022,929.68
16-11-2022,922.63
17-11-2022,930.77
18-11-2022,952.48
19-11-2022,NaN
20-11-2022,NaN
21-11-2022,960.81
22-11-2022,968.86
23-11-2022,961.24
24-11-2022,958.27
25-11-2022,948.77
26-11-2022,NaN
27-11-2022,NaN
28-11-2022,952.78
29-11-2022,950.88
30-11-2022,936.12
01-12-2022,924.02
02-12-2022,930.24
03-12-2022,NaN
04-12-2022,NaN
05-12-2022,928.58
06-12-2022,931.34
07-12-2022,927.89
08-12-2022,NaN
09-12-2022,924.04
10-12-2022,NaN
11-12-2022,NaN
12-12-2022,907.71
13-12-2022,905.49
14-12-2022,911.48
15-12-2022,919.78
16-12-2022,929.17
17-12-2022,NaN
18-12-2022,NaN
19-12-2022,940.54
20-12-2022,943.56
21-12-2022,944.93
22-12-2022,931.95
23-12-2022,917.57
24-12-2022,NaN
25-12-2022,NaN
26-12-2022,930.86
27-12-2022,934.31
28-12-2022,932.81
29-12-2022,910.57
30-12-2022,916.91
31-12-2022,NaN
01-01-2023,NaN
02-01-2023,NaN
03-01-2023,915.95
04-01-2023,898.88
05-01-2023,907.17
06-01-2023,901.28
07-01-2023,NaN
08-01-2023,NaN
09-01-2023,898.97
10-01-2023,899.43
11-01-2023,895.52
12-01-2023,886.77
13-01-2023,890.73
14-01-2023,NaN
15-01-2023,NaN
16-01-2023,892.23
17-01-2023,888.78
18-01-2023,884.96
19-01-2023,876.81
20-01-2023,896.52
21-01-2023,NaN
22-01-2023,NaN
23-01-2023,890.19
24-01-2023,884.04
25-01-2023,876.44
26-01-2023,875.66
27-01-2023,871.52
28-01-2023,NaN
29-01-2023,NaN
30-01-2023,872.41
31-01-2023,880.07
01-02-2023,873.08
02-02-2023,864.13
03-02-2023,853.62
04-02-2023,NaN
05-02-2023,NaN
06-02-2023,854.23
07-02-2023,862.49
08-02-2023,855.22
09-02-2023,851.52
10-02-2023,856.66
11-02-2023,NaN
12-02-2023,NaN
13-02-2023,854.53
14-02-2023,850.98
15-02-2023,846.46
16-02-2023,845.37
17-02-2023,848.76
18-02-2023,NaN
19-02-2023,NaN
20-02-2023,846.87
21-02-2023,846.1
22-02-2023,850.03
23-02-2023,849.63
24-02-2023,849.57
25-02-2023,NaN
26-02-2023,NaN
27-02-2023,863.85
28-02-2023,880.64
01-03-2023,879.86
02-03-2023,869.68
03-03-2023,862.52
04-03-2023,NaN
05-03-2023,NaN
06-03-2023,859.08
07-03-2023,858
08-03-2023,844.46
09-03-2023,846.65
10-03-2023,847.04
11-03-2023,NaN
12-03-2023,NaN
13-03-2023,850.06
14-03-2023,862.85
15-03-2023,859.04
16-03-2023,862.99
17-03-2023,874.87
18-03-2023,NaN
19-03-2023,NaN
20-03-2023,886.31
21-03-2023,885.98
22-03-2023,884.34
23-03-2023,883.81
24-03-2023,875.35
25-03-2023,NaN
26-03-2023,NaN
27-03-2023,873.4
28-03-2023,870.38
29-03-2023,866.95
30-03-2023,858.45
31-03-2023,859.92
01-04-2023,NaN
02-04-2023,NaN
03-04-2023,858.02
04-04-2023,873.23
05-04-2023,887.5
06-04-2023,883.27
07-04-2023,NaN
08-04-2023,NaN
09-04-2023,NaN
10-04-2023,890.41
11-04-2023,891.76
12-04-2023,885.32
13-04-2023,882.88
14-04-2023,879.35
15-04-2023,NaN
16-04-2023,NaN
17-04-2023,876.42
18-04-2023,875.22
19-04-2023,872.44
20-04-2023,873.16
21-04-2023,868.12
22-04-2023,NaN
23-04-2023,NaN
24-04-2023,874.1
25-04-2023,899.98
26-04-2023,892.83
27-04-2023,888.65
28-04-2023,883.61
29-04-2023,NaN
30-04-2023,NaN
01-05-2023,NaN
02-05-2023,885.28
03-05-2023,889.62
04-05-2023,891.53
05-05-2023,881.85
06-05-2023,NaN
07-05-2023,NaN
08-05-2023,876.44
09-05-2023,873.44
10-05-2023,869.12
11-05-2023,864.96
12-05-2023,869.22
13-05-2023,NaN
14-05-2023,NaN
15-05-2023,854.04
16-05-2023,851.84
17-05-2023,863.33
18-05-2023,864.22
19-05-2023,857.06
20-05-2023,NaN
21-05-2023,NaN
22-05-2023,861.81
23-05-2023,865.69
24-05-2023,864
25-05-2023,870.49
26-05-2023,867.82
27-05-2023,NaN
28-05-2023,NaN
29-05-2023,862.69
30-05-2023,859.19
31-05-2023,861.67
01-06-2023,866.18
02-06-2023,866.09
03-06-2023,NaN
04-06-2023,NaN
05-06-2023,854.63
06-06-2023,854.66
07-06-2023,852.98
08-06-2023,849.09
09-06-2023,852.38
10-06-2023,NaN
11-06-2023,NaN
12-06-2023,846.09
13-06-2023,867.66
14-06-2023,867.63
15-06-2023,866.02
16-06-2023,872.34
17-06-2023,NaN
18-06-2023,NaN
19-06-2023,868
20-06-2023,868.69
21-06-2023,NaN
22-06-2023,875.25
23-06-2023,882.02
24-06-2023,NaN
25-06-2023,NaN
26-06-2023,NaN
27-06-2023,880.31
28-06-2023,877.17
29-06-2023,874.62
30-06-2023,872.48
01-07-2023,NaN
02-07-2023,NaN
03-07-2023,874.79
04-07-2023,872.02
05-07-2023,867.52
06-07-2023,866.21
07-07-2023,875.3
08-07-2023,NaN
09-07-2023,NaN
10-07-2023,884.54
11-07-2023,892.78
12-07-2023,898.55
13-07-2023,903.18
14-07-2023,907.02
15-07-2023,NaN
16-07-2023,NaN
17-07-2023,913.77
18-07-2023,922.62
19-07-2023,915.35
20-07-2023,908.66
21-07-2023,898.65
22-07-2023,NaN
23-07-2023,NaN
24-07-2023,914.5
25-07-2023,915.74
26-07-2023,915.2
27-07-2023,914.81
28-07-2023,907.5
29-07-2023,NaN
30-07-2023,NaN
31-07-2023,912.42
01-08-2023,924.95
02-08-2023,924.77
03-08-2023,927.84
04-08-2023,934.85
05-08-2023,NaN
06-08-2023,NaN
07-08-2023,934.78
08-08-2023,942.32
09-08-2023,945.79
10-08-2023,942.57
11-08-2023,935.73
12-08-2023,NaN
13-08-2023,NaN
14-08-2023,934.2
15-08-2023,NaN
16-08-2023,937.4
17-08-2023,936.17
18-08-2023,939.1
19-08-2023,NaN
20-08-2023,NaN
21-08-2023,944.04
22-08-2023,947.69
23-08-2023,940.93
24-08-2023,934.92
25-08-2023,924.28
26-08-2023,NaN
27-08-2023,NaN
28-08-2023,911.04
29-08-2023,917.49
30-08-2023,931.96
31-08-2023,932.76
01-09-2023,926.4
02-09-2023,NaN
03-09-2023,NaN
04-09-2023,916.86
05-09-2023,922.92
06-09-2023,932.82
07-09-2023,936.31
08-09-2023,941.74
09-09-2023,NaN
10-09-2023,NaN
11-09-2023,955.76
12-09-2023,957.35
13-09-2023,962.53
14-09-2023,954.38
15-09-2023,942.58
16-09-2023,NaN
17-09-2023,NaN
18-09-2023,NaN
19-09-2023,NaN
20-09-2023,947.49
21-09-2023,946.38
22-09-2023,950.87
23-09-2023,NaN
24-09-2023,NaN
25-09-2023,947.48
26-09-2023,953.54
27-09-2023,955.93
28-09-2023,949.63
29-09-2023,957.29
30-09-2023,NaN
01-10-2023,NaN
02-10-2023,946.62
03-10-2023,947.16
04-10-2023,957.18
05-10-2023,959.51
06-10-2023,966.43
07-10-2023,NaN
08-10-2023,NaN
09-10-2023,NaN
10-10-2023,973.14
11-10-2023,983
12-10-2023,980.09
13-10-2023,983.72
14-10-2023,NaN
15-10-2023,NaN
16-10-2023,989.64
17-10-2023,994.62
18-10-2023,999.9
19-10-2023,988.51
20-10-2023,996.57
21-10-2023,NaN
22-10-2023,NaN
23-10-2023,998.43
24-10-2023,1000.92
25-10-2023,983.85
26-10-2023,975.57
27-10-2023,NaN
28-10-2023,NaN
29-10-2023,NaN
30-10-2023,978.82
31-10-2023,965.71
01-11-2023,NaN
02-11-2023,950.88
03-11-2023,945.22
04-11-2023,NaN
05-11-2023,NaN
06-11-2023,946.21
07-11-2023,944.68
08-11-2023,946.37
09-11-2023,959.31
10-11-2023,966.59
11-11-2023,NaN
12-11-2023,NaN
13-11-2023,978.21
14-11-2023,986.04
15-11-2023,985.73
16-11-2023,965.91
17-11-2023,956.55
18-11-2023,NaN
19-11-2023,NaN
20-11-2023,962.73
21-11-2023,961.8
22-11-2023,954.34
23-11-2023,951.56
24-11-2023,950.24
25-11-2023,NaN
26-11-2023,NaN
27-11-2023,955.59
28-11-2023,953.46
29-11-2023,956.3
30-11-2023,952.44
01-12-2023,947.65
02-12-2023,NaN
03-12-2023,NaN
04-12-2023,938.61
05-12-2023,933.09
06-12-2023,943.5
07-12-2023,943.18
08-12-2023,NaN
09-12-2023,NaN
10-12-2023,NaN
11-12-2023,937.68
12-12-2023,945.83
13-12-2023,950.07
14-12-2023,946.02
15-12-2023,953.21
16-12-2023,NaN
17-12-2023,NaN
18-12-2023,952.09
19-12-2023,956.29
20-12-2023,947.46
21-12-2023,951.76
22-12-2023,958.97
23-12-2023,NaN
24-12-2023,NaN
25-12-2023,NaN
26-12-2023,973.24
27-12-2023,988.38
28-12-2023,984.6
29-12-2023,979.4
30-12-2023,NaN
31-12-2023,NaN
01-01-2024,NaN
02-01-2024,970.05
03-01-2024,964.76
04-01-2024,964.65
05-01-2024,968.52
06-01-2024,NaN
07-01-2024,NaN
08-01-2024,977.74
09-01-2024,988.6
10-01-2024,1000.23
11-01-2024,1007.75
12-01-2024,997.56
13-01-2024,NaN
14-01-2024,NaN
15-01-2024,995.15
16-01-2024,998.6
17-01-2024,1002.24
18-01-2024,1006.81
19-01-2024,997.42
20-01-2024,NaN
21-01-2024,NaN
22-01-2024,991.54
23-01-2024,986.74
24-01-2024,984.26
25-01-2024,990.42
26-01-2024,987.29
27-01-2024,NaN
28-01-2024,NaN
29-01-2024,995.18
30-01-2024,1002.95
31-01-2024,1011.12
01-02-2024,1011.35
02-02-2024,1017.18
03-02-2024,NaN
04-02-2024,NaN
05-02-2024,1018.06
06-02-2024,1026.34
07-02-2024,1021.08
08-02-2024,1020.23
09-02-2024,1031.95
10-02-2024,NaN
11-02-2024,NaN
12-02-2024,1044.57
13-02-2024,1047.76
14-02-2024,1041.22
15-02-2024,1030
16-02-2024,1035.01
17-02-2024,NaN
18-02-2024,NaN
19-02-2024,1043.55
20-02-2024,1040.97
21-02-2024,1041.82
22-02-2024,1045.97
23-02-2024,1052.44
24-02-2024,NaN
25-02-2024,NaN
26-02-2024,1064.91
27-02-2024,1070.57
28-02-2024,1068.4
29-02-2024,1062.54
01-03-2024,1047.53
02-03-2024,NaN
03-03-2024,NaN
04-03-2024,1047.14
05-03-2024,1055.4
06-03-2024,1060.34
07-03-2024,1070.19
08-03-2024,1075.9
09-03-2024,NaN
10-03-2024,NaN
11-03-2024,1055.74
12-03-2024,1055.82
13-03-2024,1053.81
14-03-2024,1039.64
15-03-2024,1029.24
16-03-2024,NaN
17-03-2024,NaN
18-03-2024,1024.73
19-03-2024,1027.41
20-03-2024,1045.04
21-03-2024,1060.2
22-03-2024,1054.99
23-03-2024,NaN
24-03-2024,NaN
25-03-2024,1059.26
26-03-2024,1059.44
27-03-2024,1063.38
28-03-2024,1062.84
29-03-2024,NaN
30-03-2024,NaN
31-03-2024,NaN
01-04-2024,1060.05
02-04-2024,1055.3
03-04-2024,1055.08
04-04-2024,1042.93
05-04-2024,1023.81
06-04-2024,NaN
07-04-2024,NaN
08-04-2024,1028.19
09-04-2024,1028.03
10-04-2024,1020.74
11-04-2024,1024.4
12-04-2024,1026.86
13-04-2024,NaN
14-04-2024,NaN
15-04-2024,1026.71
16-04-2024,1039.39
17-04-2024,1046.7
18-04-2024,1040.52
19-04-2024,1031.02
20-04-2024,NaN
21-04-2024,NaN
22-04-2024,1018.55
23-04-2024,1016.47
24-04-2024,1017.85
25-04-2024,1020.61
26-04-2024,1017.6
27-04-2024,NaN
28-04-2024,NaN
29-04-2024,1014
30-04-2024,1011.6
01-05-2024,NaN
02-05-2024,1019.06
03-05-2024,1023.44
04-05-2024,NaN
05-05-2024,NaN
06-05-2024,1010.22
07-05-2024,1002.12
08-05-2024,1004.5
09-05-2024,1006.4
10-05-2024,1003.44
11-05-2024,NaN
12-05-2024,NaN
13-05-2024,993.11
14-05-2024,994.93
15-05-2024,992.07
16-05-2024,988.65
17-05-2024,979.82
18-05-2024,NaN
19-05-2024,NaN
20-05-2024,975.54
21-05-2024,NaN
22-05-2024,963.38
23-05-2024,979.19
24-05-2024,982.33
25-05-2024,NaN
26-05-2024,NaN
27-05-2024,979.9
28-05-2024,977.5
29-05-2024,975.27
30-05-2024,981.16
31-05-2024,994.78
01-06-2024,NaN
02-06-2024,NaN
03-06-2024,994.33
04-06-2024,989.04
05-06-2024,985.28
06-06-2024,985.16
07-06-2024,991.45
08-06-2024,NaN
09-06-2024,NaN
10-06-2024,990.54
11-06-2024,993.37
12-06-2024,992.89
13-06-2024,990.22
14-06-2024,987.42
15-06-2024,NaN
16-06-2024,NaN
17-06-2024,993.12
18-06-2024,1007.6
19-06-2024,1003.66
20-06-2024,NaN
21-06-2024,996.8
22-06-2024,NaN
23-06-2024,NaN
24-06-2024,1002.5
25-06-2024,1010.65
26-06-2024,1009.76
27-06-2024,1012.26
28-06-2024,1018.11
29-06-2024,NaN
30-06-2024,NaN
01-07-2024,1011.83
02-07-2024,1012.54
03-07-2024,1017.18
04-07-2024,1012.9
05-07-2024,1012.6
06-07-2024,NaN
07-07-2024,NaN
08-07-2024,1011.17
09-07-2024,1016.86
10-07-2024,1007.9
11-07-2024,994.33
12-07-2024,987.53
13-07-2024,NaN
14-07-2024,NaN
15-07-2024,992.52
16-07-2024,NaN
17-07-2024,992.58
18-07-2024,1008.21
19-07-2024,1024.69
20-07-2024,NaN
21-07-2024,NaN
22-07-2024,1026.84
23-07-2024,1033.43
24-07-2024,1027.45
25-07-2024,1028.5
26-07-2024,1027.87
27-07-2024,NaN
28-07-2024,NaN
29-07-2024,1031.91
30-07-2024,1035.31
31-07-2024,1034.36
01-08-2024,1020.96
02-08-2024,1012.77
03-08-2024,NaN
04-08-2024,NaN
05-08-2024,1037.88
06-08-2024,1048.93
07-08-2024,1035.28
08-08-2024,1030.86
09-08-2024,1022.79
10-08-2024,NaN
11-08-2024,NaN
12-08-2024,1018.26
13-08-2024,1018.65
14-08-2024,1024.71
15-08-2024,NaN
16-08-2024,1025.76
17-08-2024,NaN
18-08-2024,NaN
19-08-2024,1028.46
20-08-2024,1029.88
21-08-2024,1025.89
22-08-2024,1026.09
23-08-2024,1021.81
24-08-2024,NaN
25-08-2024,NaN
26-08-2024,1019.71
27-08-2024,1013.01
28-08-2024,1015.01
29-08-2024,1013.42
30-08-2024,1016.37
31-08-2024,NaN
01-09-2024,NaN
02-09-2024,1010.27
03-09-2024,1013.11
04-09-2024,1021.87
05-09-2024,1038.49
06-09-2024,1045.92
07-09-2024,NaN
08-09-2024,NaN
09-09-2024,1045.31
10-09-2024,1045.55
11-09-2024,1046.03
12-09-2024,1039.49
13-09-2024,1031.34
14-09-2024,NaN
15-09-2024,NaN
16-09-2024,1025.72
17-09-2024,1026.99
18-09-2024,NaN
19-09-2024,NaN
20-09-2024,NaN
21-09-2024,NaN
22-09-2024,NaN
23-09-2024,1030.51
24-09-2024,1028.71
25-09-2024,1017.08
26-09-2024,1015.52
27-09-2024,1006.83
28-09-2024,NaN
29-09-2024,NaN
30-09-2024,1000.17
01-10-2024,1001.43
02-10-2024,996.38
03-10-2024,1003.35
04-10-2024,1014.55
05-10-2024,NaN
06-10-2024,NaN
07-10-2024,1012.87
08-10-2024,1016.98
09-10-2024,1024.27
10-10-2024,1022.58
11-10-2024,1016.44
12-10-2024,NaN
13-10-2024,NaN
14-10-2024,1013.43
15-10-2024,1011.96
16-10-2024,1020.24
17-10-2024,1022.6
18-10-2024,1022.96
19-10-2024,NaN
20-10-2024,NaN
21-10-2024,1028.55
22-10-2024,1032.44
23-10-2024,1025.17
24-10-2024,1021.22
25-10-2024,1022.82
26-10-2024,NaN
27-10-2024,NaN
28-10-2024,1025.65
29-10-2024,1023.02
30-10-2024,1027.43
31-10-2024,NaN
01-11-2024,NaN
02-11-2024,NaN
03-11-2024,NaN
04-11-2024,1044.09
05-11-2024,1041.3
06-11-2024,1043.26
07-11-2024,1039.94
08-11-2024,1026.99
09-11-2024,NaN
10-11-2024,NaN
11-11-2024,1030.26
12-11-2024,1044.28
13-11-2024,1042.78
14-11-2024,1037.42
15-11-2024,1030.03
16-11-2024,NaN
17-11-2024,NaN
18-11-2024,1028.29
19-11-2024,1034.04
20-11-2024,1029.96
21-11-2024,1024.2
22-11-2024,1017.91
23-11-2024,NaN
24-11-2024,NaN
25-11-2024,1022.36
26-11-2024,1023.78
27-11-2024,1020.9
28-11-2024,1031.74
29-11-2024,1031.25
30-11-2024,NaN
01-12-2024,NaN
02-12-2024,1031.72
03-12-2024,1026.96
04-12-2024,1023.19
05-12-2024,1026.52
06-12-2024,1026.46
07-12-2024,NaN
08-12-2024,NaN
09-12-2024,1025.56
10-12-2024,1025.18
11-12-2024,1022.1
12-12-2024,1024.15
13-12-2024,1024.76
14-12-2024,NaN
15-12-2024,NaN
16-12-2024,1031.96
17-12-2024,1040.5
18-12-2024,1040.83
19-12-2024,1035.34
20-12-2024,1032.92
21-12-2024,NaN
22-12-2024,NaN
23-12-2024,1034.2
24-12-2024,1032.96
25-12-2024,NaN
26-12-2024,1027.61
27-12-2024,1031.81
28-12-2024,NaN
29-12-2024,NaN
30-12-2024,1033.57
31-12-2024,NaN
01-01-2025,NaN
02-01-2025,1035.28
03-01-2025,1025.9
04-01-2025,NaN
05-01-2025,NaN
06-01-2025,1042.25
07-01-2025,1049.71
08-01-2025,1042.66
09-01-2025,1038.03
10-01-2025,1033.69
11-01-2025,NaN
12-01-2025,NaN
13-01-2025,1033.7
14-01-2025,1034.59
15-01-2025,1033.29
16-01-2025,1030.69
17-01-2025,1041.4
18-01-2025,NaN
19-01-2025,NaN
20-01-2025,1040.88
21-01-2025,1040.43
22-01-2025,1044.88
23-01-2025,1036.47
24-01-2025,1031.93
25-01-2025,NaN
26-01-2025,NaN
27-01-2025,1033.49
28-01-2025,1033.82
29-01-2025,1034.59
30-01-2025,1032.66
31-01-2025,1029.27
01-02-2025,NaN
02-02-2025,NaN
03-02-2025,1025.66
04-02-2025,1015.03
05-02-2025,1013.98
06-02-2025,1009.97
07-02-2025,1004.04
08-02-2025,NaN
09-02-2025,NaN
10-02-2025,991.64
11-02-2025,990.73
12-02-2025,995.13
13-02-2025,996.28
14-02-2025,990.42
15-02-2025,NaN
16-02-2025,NaN
17-02-2025,986.7
18-02-2025,992.8
19-02-2025,992.82
20-02-2025,990.72
21-02-2025,990.61
22-02-2025,NaN
23-02-2025,NaN
24-02-2025,985.59
25-02-2025,992
26-02-2025,987.4
27-02-2025,989.45
28-02-2025,990.02
01-03-2025,NaN
02-03-2025,NaN
03-03-2025,992.53
04-03-2025,999.8
05-03-2025,999.86
06-03-2025,1010.14
07-03-2025,1000.89
08-03-2025,NaN
09-03-2025,NaN
10-03-2025,1006.34
11-03-2025,1008.92
12-03-2025,1024.76
13-03-2025,1017
14-03-2025,1021.07
15-03-2025,NaN
16-03-2025,NaN
17-03-2025,1014.54
18-03-2025,1007.88
19-03-2025,1004.78
20-03-2025,997.67
21-03-2025,1004.17
22-03-2025,NaN
23-03-2025,NaN
24-03-2025,1008.15
25-03-2025,999.69
26-03-2025,994.29
27-03-2025,991.15
28-03-2025,1005.99
29-03-2025,NaN
30-03-2025,NaN
31-03-2025,1023.7
01-04-2025,1030.68
02-04-2025,1021.57
03-04-2025,1030.97
04-04-2025,1043.88
05-04-2025,NaN
06-04-2025,NaN
07-04-2025,1067.4
08-04-2025,1082.95
09-04-2025,1088.48
10-04-2025,1094.7
11-04-2025,1110.33
12-04-2025,NaN
13-04-2025,NaN
14-04-2025,1105.94
15-04-2025,1096.19
16-04-2025,1090.11
17-04-2025,1102.65
18-04-2025,NaN
19-04-2025,NaN
20-04-2025,NaN
21-04-2025,1100.43
22-04-2025,1107.18
23-04-2025,1086.13
24-04-2025,1061.95
25-04-2025,1066.54
26-04-2025,NaN
27-04-2025,NaN
28-04-2025,1065.57
29-04-2025,1069.76
30-04-2025,1075.93
01-05-2025,NaN
02-05-2025,1084.51
03-05-2025,NaN
04-05-2025,NaN
05-05-2025,1063.34
06-05-2025,1062.83
07-05-2025,1067.69
08-05-2025,1072.66
09-05-2025,1056.48
10-05-2025,NaN
11-05-2025,NaN
12-05-2025,1050.73
13-05-2025,1042.42
14-05-2025,1051.3
15-05-2025,1049.99
16-05-2025,1050.79
17-05-2025,NaN
18-05-2025,NaN
19-05-2025,1052.91
20-05-2025,1051.87
21-05-2025,NaN
22-05-2025,1062.36
23-05-2025,1065.33
24-05-2025,NaN
25-05-2025,NaN
26-05-2025,1068.86
27-05-2025,1067.93
28-05-2025,1063.17
29-05-2025,1061.42
30-05-2025,1066.65
31-05-2025,NaN
01-06-2025,NaN
02-06-2025,1069.93
03-06-2025,1074.01
04-06-2025,1070.89
05-06-2025,1070.24
06-06-2025,1064.73
07-06-2025,NaN
08-06-2025,NaN
09-06-2025,1064.41
10-06-2025,1070.84
11-06-2025,1072.39
12-06-2025,1075.78
13-06-2025,1076.8
14-06-2025,NaN
15-06-2025,NaN
16-06-2025,1082.64
17-06-2025,1082.79
18-06-2025,1078.4
19-06-2025,1084.45
20-06-2025,NaN
21-06-2025,NaN
22-06-2025,NaN
23-06-2025,1087.54
24-06-2025,1099.59
25-06-2025,1090.19
26-06-2025,1090.99
27-06-2025,1091.06
28-06-2025,NaN
29-06-2025,NaN
30-06-2025,1094.3
01-07-2025,1099.05
02-07-2025,1091.43
03-07-2025,1092.97
04-07-2025,1090.33
05-07-2025,NaN
06-07-2025,NaN
07-07-2025,1097.9
08-07-2025,1100.9
09-07-2025,1108.31
10-07-2025,1110.85
11-07-2025,1111.22
12-07-2025,NaN
13-07-2025,NaN
14-07-2025,1117.29
15-07-2025,1128.48
16-07-2025,NaN
17-07-2025,1120.24
18-07-2025,1120
19-07-2025,NaN
20-07-2025,NaN
21-07-2025,1117.56
22-07-2025,1118.37
23-07-2025,1119.8
24-07-2025,1116.78
25-07-2025,1119.27
26-07-2025,NaN
27-07-2025,NaN
28-07-2025,1124.6
29-07-2025,1123.96
30-07-2025,1120.07
31-07-2025,1121.51
01-08-2025,1116.22
02-08-2025,NaN
03-08-2025,NaN
04-08-2025,1116.02
05-08-2025,1115.81
06-08-2025,1118.08
07-08-2025,1138.55
08-08-2025,1130.36
09-08-2025,NaN
10-08-2025,NaN
11-08-2025,1125.59
12-08-2025,1126.07
13-08-2025,1122.85
14-08-2025,1114.14
15-08-2025,NaN
16-08-2025,NaN
17-08-2025,NaN
18-08-2025,1119.33
19-08-2025,1126.94
20-08-2025,1122.26
21-08-2025,1125.17
22-08-2025,1124.74
23-08-2025,NaN
24-08-2025,NaN
25-08-2025,1130.84
26-08-2025,1119.59
27-08-2025,1123.28
28-08-2025,1126.72
29-08-2025,1130.63
30-08-2025,NaN
31-08-2025,NaN
01-09-2025,1128.98
02-09-2025,1133.5
03-09-2025,1133.37
04-09-2025,1130.7
05-09-2025,1131.04
06-09-2025,NaN
07-09-2025,NaN
08-09-2025,1130.28
09-09-2025,1135.46
10-09-2025,1132.22
11-09-2025,1126.92
12-09-2025,1121.05
13-09-2025,NaN
14-09-2025,NaN
15-09-2025,1120.14
16-09-2025,1119.12
17-09-2025,1125.9
18-09-2025,NaN
19-09-2025,NaN
20-09-2025,NaN
21-09-2025,NaN
22-09-2025,1127.48
23-09-2025,1125.72
24-09-2025,1125.39
25-09-2025,1118.83
26-09-2025,1115.23
27-09-2025,NaN
28-09-2025,NaN
29-09-2025,1121.65
30-09-2025,1127.03
01-10-2025,1131.16
02-10-2025,1124.89
03-10-2025,1126.58
04-10-2025,NaN
05-10-2025,NaN
06-10-2025,1130.61
07-10-2025,1128
08-10-2025,1122.46
09-10-2025,1104.15
10-10-2025,1096.84
11-10-2025,NaN
12-10-2025,NaN
13-10-2025,1107.29
14-10-2025,1108.4
15-10-2025,1118.49
16-10-2025,1115.92
17-10-2025,1117.5
18-10-2025,NaN
19-10-2025,NaN
20-10-2025,1120.98
21-10-2025,1110.19
22-10-2025,1104.54
23-10-2025,1104.03
24-10-2025,1097.32
25-10-2025,NaN
26-10-2025,NaN
27-10-2025,1097.06
28-10-2025,1091.81
29-10-2025,1098.24
30-10-2025,1095.72
31-10-2025,NaN
01-11-2025,NaN
02-11-2025,NaN
03-11-2025,1091.35
04-11-2025,1084.68
05-11-2025,1085.48
06-11-2025,1085.52
07-11-2025,1085.67
08-11-2025,NaN
09-11-2025,NaN
10-11-2025,1095.57
11-11-2025,1086.81
12-11-2025,1086.38
13-11-2025,1080.88
14-11-2025,1078.45
15-11-2025,NaN
16-11-2025,NaN
17-11-2025,1082.94
18-11-2025,1066.46
19-11-2025,1075.53
20-11-2025,1074.11
21-11-2025,1071.14
22-11-2025,NaN
23-11-2025,NaN
24-11-2025,1078.54
25-11-2025,1081.96
26-11-2025,1084.66
27-11-2025,1078.79
28-11-2025,1077.26
29-11-2025,NaN
30-11-2025,NaN
01-12-2025,1076.5
02-12-2025,1078.64
03-12-2025,1073.64
04-12-2025,1072.51
05-12-2025,1070.23
06-12-2025,NaN
07-12-2025,NaN
08-12-2025,NaN
09-12-2025,1070.66
10-12-2025,1077.78
11-12-2025,1076.91
12-12-2025,1077.94
13-12-2025,NaN
14-12-2025,NaN
15-12-2025,1071.57
16-12-2025,1071.46
17-12-2025,1075.62
18-12-2025,1077.96
19-12-2025,1072.42
20-12-2025,NaN
21-12-2025,NaN
22-12-2025,1066.21
23-12-2025,1068.08
24-12-2025,1067.15
25-12-2025,NaN
26-12-2025,1066.01
27-12-2025,NaN
28-12-2025,NaN
29-12-2025,1064.42
30-12-2025,1070.72
31-12-2025,NaN
01-01-2026,NaN
02-01-2026,1066.58
03-01-2026,NaN
04-01-2026,NaN
05-01-2026,1057.78
06-01-2026,1060.38
07-01-2026,1048.91
08-01-2026,1046.44
09-01-2026,1044.84
10-01-2026,NaN
11-01-2026,NaN
12-01-2026,1041.57
13-01-2026,1033.62
14-01-2026,1029.42
15-01-2026,1028.36
16-01-2026,1026.9
17-01-2026,NaN
18-01-2026,NaN
19-01-2026,1028.78
20-01-2026,1034.65
21-01-2026,1043.69
22-01-2026,1027.87
23-01-2026,1024.21
24-01-2026,NaN
25-01-2026,NaN
26-01-2026,1026.42
27-01-2026,1025.04
28-01-2026,1032.04
29-01-2026,1023.93
30-01-2026,1026.24
31-01-2026,NaN
01-02-2026,NaN
02-02-2026,1027.19
03-02-2026,1025.17
04-02-2026,1015.87
05-02-2026,1012.26
06-02-2026,1021.56
07-02-2026,NaN
08-02-2026,NaN
09-02-2026,1015.79
10-02-2026,1016.96
11-02-2026,1018.63
12-02-2026,1018.05
13-02-2026,1013.9
14-02-2026,NaN
15-02-2026,NaN
16-02-2026,1025.53
17-02-2026,1022.41
18-02-2026,1027.87
19-02-2026,1019.35
20-02-2026,1019.69
21-02-2026,NaN
22-02-2026,NaN
23-02-2026,1020.99
24-02-2026,1023.23
25-02-2026,1019.87
26-02-2026,1012.85
27-02-2026,1014.48
28-02-2026,NaN
01-03-2026,NaN
02-03-2026,1029.91
03-03-2026,1034.53
04-03-2026,1050.68
05-03-2026,1041.22
06-03-2026,1051.14
07-03-2026,NaN
08-03-2026,NaN
09-03-2026,1069.2
10-03-2026,1061.34
11-03-2026,1041.35
12-03-2026,1036.64
13-03-2026,1048.68
14-03-2026,NaN
15-03-2026,NaN
16-03-2026,1045.62
17-03-2026,1045.19
18-03-2026,1045.28
19-03-2026,1050.2
20-03-2026,1063.57
21-03-2026,NaN
22-03-2026,NaN
23-03-2026,1067.95
24-03-2026,1061.54
25-03-2026,1059.54
26-03-2026,1057.8
27-03-2026,1064.63
28-03-2026,NaN
29-03-2026,NaN
30-03-2026,1070.45
31-03-2026,1067.58
01-04-2026,1071.09
02-04-2026,1062.96
03-04-2026,NaN
04-04-2026,NaN
05-04-2026,NaN
06-04-2026,1064.37
07-04-2026,1055.97
08-04-2026,1068.18
09-04-2026,1043.94
10-04-2026,1046.3
11-04-2026,NaN
12-04-2026,NaN
13-04-2026,1044.25
14-04-2026,1056.61
15-04-2026,1045.96
16-04-2026,1045.53
17-04-2026,1043.96
18-04-2026,NaN
19-04-2026,NaN
20-04-2026,1032.91
21-04-2026,1038.44
22-04-2026,1041.88
23-04-2026,1042
24-04-2026,1043.24
25-04-2026,NaN
26-04-2026,NaN
27-04-2026,1048.58
28-04-2026,1048.15
29-04-2026,1049.58
30-04-2026,1052.6
01-05-2026,NaN
02-05-2026,NaN
03-05-2026,NaN
04-05-2026,1059.54
05-05-2026,1064.09
06-05-2026,1059.15
07-05-2026,1048.91
08-05-2026,1042.89
09-05-2026,NaN
10-05-2026,NaN
11-05-2026,1049.34
12-05-2026,1053.17
13-05-2026,1056.23
14-05-2026,1040.96
15-05-2026,1040.4
16-05-2026,NaN
17-05-2026,NaN
18-05-2026,1053.67
19-05-2026,1049.58
20-05-2026,1053.53
21-05-2026,NaN
22-05-2026,1046.26
23-05-2026,NaN
24-05-2026,NaN
25-05-2026,1044.77
26-05-2026,1039.99
27-05-2026,1040.19
28-05-2026,1040.21
29-05-2026,1040.06
30-05-2026,NaN
31-05-2026,NaN
01-06-2026,1038.89
02-06-2026,1038.75
03-06-2026,1032.5
04-06-2026,1037.1
05-06-2026,1039.72
06-06-2026,NaN
07-06-2026,NaN
08-06-2026,1048.84
09-06-2026,1060.12
10-06-2026,1058.43
11-06-2026,1057.95
12-06-2026,1050.53
13-06-2026,NaN
14-06-2026,NaN
15-06-2026,1040.98
16-06-2026,1032.39
17-06-2026,1029.17
18-06-2026,1020.16
19-06-2026,1028.3
20-06-2026,NaN
21-06-2026,NaN
22-06-2026,1033.63
23-06-2026,1035.06
24-06-2026,1041.73
25-06-2026,1046.35
26-06-2026,1043.08
27-06-2026,NaN
28-06-2026,NaN
29-06-2026,NaN
30-06-2026,1050.38
01-07-2026,1053.47
02-07-2026,1055.13
03-07-2026,1053.85
04-07-2026,NaN
05-07-2026,NaN
06-07-2026,1054.38
07-07-2026,1059.54
08-07-2026,1059.48
09-07-2026,1069.14
10-07-2026,1062.19
11-07-2026,NaN
12-07-2026,NaN
13-07-2026,1055.87
14-07-2026,1057.66
15-07-2026,1056.29
16-07-2026,NaN
17-07-2026,1060.81
18-07-2026,NaN
19-07-2026,NaN
20-07-2026,1068.07
21-07-2026,1065.07
22-07-2026,1063.55
23-07-2026,1068.33
