fecha,valor
02-01-1990,763.8
03-01-1990,786.56
04-01-1990,797.94
05-01-1990,799.4
06-01-1990,NaN
07-01-1990,NaN
08-01-1990,788.11
09-01-1990,790.44
10-01-1990,795.45
11-01-1990,805.72
12-01-1990,816.13
13-01-1990,NaN
14-01-1990,NaN
15-01-1990,817.04
16-01-1990,813.19
17-01-1990,811.07
18-01-1990,808.12
19-01-1990,808.05
20-01-1990,NaN
21-01-1990,NaN
22-01-1990,804.93
23-01-1990,806.57
24-01-1990,808.94
25-01-1990,808.36
26-01-1990,808.87
27-01-1990,NaN
28-01-1990,NaN
29-01-1990,804.37
30-01-1990,805.07
31-01-1990,804.73
01-02-1990,810.25
02-02-1990,814.7
03-02-1990,NaN
04-02-1990,NaN
05-02-1990,816.63
06-02-1990,816.23
07-02-1990,815.65
08-02-1990,813.45
09-02-1990,810.34
10-02-1990,NaN
11-02-1990,NaN
12-02-1990,812.82
13-02-1990,813.04
14-02-1990,813.88
15-02-1990,816.22
16-02-1990,817.89
17-02-1990,NaN
18-02-1990,NaN
19-02-1990,818.79
20-02-1990,822.66
21-02-1990,826.88
22-02-1990,846.47
23-02-1990,858.7
24-02-1990,NaN
25-02-1990,NaN
26-02-1990,863.76
27-02-1990,884.66
28-02-1990,900.66
01-03-1990,917.56
02-03-1990,926.2
03-03-1990,NaN
04-03-1990,NaN
05-03-1990,940.73
06-03-1990,943.61
07-03-1990,942.85
08-03-1990,934.09
09-03-1990,931.46
10-03-1990,NaN
11-03-1990,NaN
12-03-1990,922.7
13-03-1990,914.11
14-03-1990,912.96
15-03-1990,928.48
16-03-1990,944.82
17-03-1990,NaN
18-03-1990,NaN
19-03-1990,945.83
20-03-1990,945.67
21-03-1990,937.34
22-03-1990,932.98
23-03-1990,930.92
24-03-1990,NaN
25-03-1990,NaN
26-03-1990,929.84
27-03-1990,932.95
28-03-1990,927.24
29-03-1990,924.56
30-03-1990,921.08
31-03-1990,NaN
01-04-1990,NaN
02-04-1990,916.09
03-04-1990,905.35
04-04-1990,893.29
05-04-1990,895.82
06-04-1990,905.94
07-04-1990,NaN
08-04-1990,NaN
09-04-1990,905.77
10-04-1990,903.77
11-04-1990,896.65
12-04-1990,895.27
13-04-1990,NaN
14-04-1990,NaN
15-04-1990,NaN
16-04-1990,896.49
17-04-1990,903.78
18-04-1990,906.68
19-04-1990,906.06
20-04-1990,905.43
21-04-1990,NaN
22-04-1990,NaN
23-04-1990,903.84
24-04-1990,903.55
25-04-1990,899.44
26-04-1990,895.54
27-04-1990,892.71
28-04-1990,NaN
29-04-1990,NaN
30-04-1990,889.16
01-05-1990,NaN
02-05-1990,885.52
03-05-1990,880.74
04-05-1990,878.71
05-05-1990,NaN
06-05-1990,NaN
07-05-1990,858.99
08-05-1990,846.26
09-05-1990,842.76
10-05-1990,850.15
11-05-1990,858.65
12-05-1990,NaN
13-05-1990,NaN
14-05-1990,864.85
15-05-1990,864.57
16-05-1990,853.55
17-05-1990,857.1
18-05-1990,856.68
19-05-1990,NaN
20-05-1990,NaN
21-05-1990,NaN
22-05-1990,853.79
23-05-1990,852.64
24-05-1990,853.68
25-05-1990,860.71
26-05-1990,NaN
27-05-1990,NaN
28-05-1990,860.77
29-05-1990,861.73
30-05-1990,861.76
31-05-1990,866.69
01-06-1990,883.34
02-06-1990,NaN
03-06-1990,NaN
04-06-1990,893.73
05-06-1990,905.7
06-06-1990,898.53
07-06-1990,898.37
08-06-1990,900.11
09-06-1990,NaN
10-06-1990,NaN
11-06-1990,898.89
12-06-1990,896.55
13-06-1990,903
14-06-1990,NaN
15-06-1990,NaN
16-06-1990,NaN
17-06-1990,NaN
18-06-1990,NaN
19-06-1990,896.39
20-06-1990,892.13
21-06-1990,886.89
22-06-1990,889.86
23-06-1990,NaN
24-06-1990,NaN
25-06-1990,880.16
26-06-1990,874.75
27-06-1990,876.78
28-06-1990,877.03
29-06-1990,NaN
30-06-1990,NaN
01-07-1990,NaN
02-07-1990,872.02
03-07-1990,857.06
04-07-1990,850.87
05-07-1990,852.3
06-07-1990,852.85
07-07-1990,NaN
08-07-1990,NaN
09-07-1990,855.77
10-07-1990,853
11-07-1990,852.04
12-07-1990,849.25
13-07-1990,847.32
14-07-1990,NaN
15-07-1990,NaN
16-07-1990,845.49
17-07-1990,852.55
18-07-1990,859.07
19-07-1990,861.33
20-07-1990,865.5
21-07-1990,NaN
22-07-1990,NaN
23-07-1990,862.6
24-07-1990,859.14
25-07-1990,858.36
26-07-1990,858.1
27-07-1990,861.64
28-07-1990,NaN
29-07-1990,NaN
30-07-1990,870.2
31-07-1990,875.84
01-08-1990,882.25
02-08-1990,885.84
03-08-1990,886.97
04-08-1990,NaN
05-08-1990,NaN
06-08-1990,882.44
07-08-1990,880.26
08-08-1990,876.3
09-08-1990,877.16
10-08-1990,883.26
11-08-1990,NaN
12-08-1990,NaN
13-08-1990,884.56
14-08-1990,884.5
15-08-1990,NaN
16-08-1990,890.06
17-08-1990,890.88
18-08-1990,NaN
19-08-1990,NaN
20-08-1990,895.03
21-08-1990,901.71
22-08-1990,903.28
23-08-1990,898.22
24-08-1990,891.52
25-08-1990,NaN
26-08-1990,NaN
27-08-1990,890.88
28-08-1990,892.75
29-08-1990,892.7
30-08-1990,891.99
31-08-1990,890.1
01-09-1990,NaN
02-09-1990,NaN
03-09-1990,893.04
04-09-1990,892.56
05-09-1990,893.22
06-09-1990,894.94
07-09-1990,895.68
08-09-1990,NaN
09-09-1990,NaN
10-09-1990,895.64
11-09-1990,NaN
12-09-1990,896.92
13-09-1990,898.07
14-09-1990,898.86
15-09-1990,NaN
16-09-1990,NaN
17-09-1990,899.45
18-09-1990,NaN
19-09-1990,NaN
20-09-1990,902.76
21-09-1990,906.57
22-09-1990,NaN
23-09-1990,NaN
24-09-1990,909.19
25-09-1990,902.33
26-09-1990,894.78
27-09-1990,886.53
28-09-1990,882.08
29-09-1990,NaN
30-09-1990,NaN
01-10-1990,873.36
02-10-1990,873.19
03-10-1990,867.54
04-10-1990,864.34
05-10-1990,864.64
06-10-1990,NaN
07-10-1990,NaN
08-10-1990,852.53
09-10-1990,845.49
10-10-1990,843.06
11-10-1990,843.71
12-10-1990,NaN
13-10-1990,NaN
14-10-1990,NaN
15-10-1990,841.98
16-10-1990,840.03
17-10-1990,837.8
18-10-1990,842.25
19-10-1990,845.19
20-10-1990,NaN
21-10-1990,NaN
22-10-1990,849.8
23-10-1990,861.27
24-10-1990,870.41
25-10-1990,871.71
26-10-1990,871.93
27-10-1990,NaN
28-10-1990,NaN
29-10-1990,872.96
30-10-1990,874.38
31-10-1990,877.63
01-11-1990,NaN
02-11-1990,880.88
03-11-1990,NaN
04-11-1990,NaN
05-11-1990,885.44
06-11-1990,893.11
07-11-1990,890.43
08-11-1990,890.37
09-11-1990,891.08
10-11-1990,NaN
11-11-1990,NaN
12-11-1990,894.73
13-11-1990,900.66
14-11-1990,913.93
15-11-1990,924.11
16-11-1990,928.83
17-11-1990,NaN
18-11-1990,NaN
19-11-1990,934.34
20-11-1990,943.6
21-11-1990,957.98
22-11-1990,973.27
23-11-1990,977.76
24-11-1990,NaN
25-11-1990,NaN
26-11-1990,973.06
27-11-1990,981.68
28-11-1990,993.4
29-11-1990,1012.16
30-11-1990,1018.92
01-12-1990,NaN
02-12-1990,NaN
03-12-1990,1026.72
04-12-1990,1059.06
05-12-1990,1087.49
06-12-1990,1094.69
07-12-1990,1075.91
08-12-1990,NaN
09-12-1990,NaN
10-12-1990,1088.35
11-12-1990,1097.52
12-12-1990,1101.96
13-12-1990,1109.71
14-12-1990,1116.43
15-12-1990,NaN
16-12-1990,NaN
17-12-1990,1124.86
18-12-1990,1147.23
19-12-1990,1170.1
20-12-1990,1177.53
21-12-1990,1170.13
22-12-1990,NaN
23-12-1990,NaN
24-12-1990,1170.68
25-12-1990,NaN
26-12-1990,1163.43
27-12-1990,1164.79
28-12-1990,1166.57
29-12-1990,NaN
30-12-1990,NaN
31-12-1990,NaN
01-01-1991,NaN
02-01-1991,1164.74
03-01-1991,1171.82
04-01-1991,1198.23
05-01-1991,NaN
06-01-1991,NaN
07-01-1991,1177.11
08-01-1991,1170.24
09-01-1991,1173.57
10-01-1991,1165.13
11-01-1991,1160.15
12-01-1991,NaN
13-01-1991,NaN
14-01-1991,1135.65
15-01-1991,1135.17
16-01-1991,1137.4
17-01-1991,1174.22
18-01-1991,1174.83
19-01-1991,NaN
20-01-1991,NaN
21-01-1991,1179.06
22-01-1991,1187.45
23-01-1991,1201.76
24-01-1991,1217.5
25-01-1991,1242.89
26-01-1991,NaN
27-01-1991,NaN
28-01-1991,1254.41
29-01-1991,1276.72
30-01-1991,1300.22
31-01-1991,1299.17
01-02-1991,1286.6
02-02-1991,NaN
03-02-1991,NaN
04-02-1991,1298.91
05-02-1991,1317.23
06-02-1991,1360.94
07-02-1991,1393.38
08-02-1991,1386.04
09-02-1991,NaN
10-02-1991,NaN
11-02-1991,1383.89
12-02-1991,1399.5
13-02-1991,1420.66
14-02-1991,1467.43
15-02-1991,1488.77
16-02-1991,NaN
17-02-1991,NaN
18-02-1991,1501.32
19-02-1991,1508.95
20-02-1991,1513.17
21-02-1991,1490.69
22-02-1991,1471.46
23-02-1991,NaN
24-02-1991,NaN
25-02-1991,1472.65
26-02-1991,1492.36
27-02-1991,1519.97
28-02-1991,1543.36
01-03-1991,1541.6
02-03-1991,NaN
03-03-1991,NaN
04-03-1991,1524.75
05-03-1991,1544.79
06-03-1991,1561.03
07-03-1991,1574.55
08-03-1991,1580.9
09-03-1991,NaN
10-03-1991,NaN
11-03-1991,1582.58
12-03-1991,1587.58
13-03-1991,1575.59
14-03-1991,1580.21
15-03-1991,1565.57
16-03-1991,NaN
17-03-1991,NaN
18-03-1991,1582.08
19-03-1991,1616.21
20-03-1991,1628.22
21-03-1991,1634.01
22-03-1991,1642.16
23-03-1991,NaN
24-03-1991,NaN
25-03-1991,1643.09
26-03-1991,1647.29
27-03-1991,1667.64
28-03-1991,1720.28
29-03-1991,NaN
30-03-1991,NaN
31-03-1991,NaN
01-04-1991,1750.93
02-04-1991,1765.22
03-04-1991,1806.41
04-04-1991,1837.82
05-04-1991,1818.39
06-04-1991,NaN
07-04-1991,NaN
08-04-1991,1808.14
09-04-1991,1815
10-04-1991,1795.79
11-04-1991,1745.53
12-04-1991,1752.02
13-04-1991,NaN
14-04-1991,NaN
15-04-1991,1751.29
16-04-1991,1717.44
17-04-1991,1684.02
18-04-1991,1676.14
19-04-1991,1658.78
20-04-1991,NaN
21-04-1991,NaN
22-04-1991,1650.41
23-04-1991,1635.44
24-04-1991,1626.43
25-04-1991,1593.22
26-04-1991,1582.97
27-04-1991,NaN
28-04-1991,NaN
29-04-1991,1604.81
30-04-1991,1642.42
01-05-1991,NaN
02-05-1991,1621.92
03-05-1991,1630.13
04-05-1991,NaN
05-05-1991,NaN
06-05-1991,1642.32
07-05-1991,1658.18
08-05-1991,1677.36
09-05-1991,1658.73
10-05-1991,1687.21
11-05-1991,NaN
12-05-1991,NaN
13-05-1991,1684.99
14-05-1991,1674.53
15-05-1991,1687.1
16-05-1991,1715.19
17-05-1991,1724.49
18-05-1991,NaN
19-05-1991,NaN
20-05-1991,1725.77
21-05-1991,NaN
22-05-1991,1715.17
23-05-1991,1729.74
24-05-1991,1749.5
25-05-1991,NaN
26-05-1991,NaN
27-05-1991,1741.49
28-05-1991,1734.71
29-05-1991,1731.36
30-05-1991,NaN
31-05-1991,1740.43
01-06-1991,NaN
02-06-1991,NaN
03-06-1991,1754.7
04-06-1991,1763.58
05-06-1991,1763.65
06-06-1991,1777.09
07-06-1991,1836.38
08-06-1991,NaN
09-06-1991,NaN
10-06-1991,1812.03
11-06-1991,1820.52
12-06-1991,1827.53
13-06-1991,1867.98
14-06-1991,1880.57
15-06-1991,NaN
16-06-1991,NaN
17-06-1991,1914.39
18-06-1991,1916.01
19-06-1991,1900.07
20-06-1991,1906.19
21-06-1991,1916.1
22-06-1991,NaN
23-06-1991,NaN
24-06-1991,1910.37
25-06-1991,1906.89
26-06-1991,1919
27-06-1991,1963.93
28-06-1991,1982.35
29-06-1991,NaN
30-06-1991,NaN
01-07-1991,1989.74
02-07-1991,2035.42
03-07-1991,2066.88
04-07-1991,2058.54
05-07-1991,2079.44
06-07-1991,NaN
07-07-1991,NaN
08-07-1991,2111.97
09-07-1991,2144.83
10-07-1991,2122.86
11-07-1991,2088.23
12-07-1991,2088.17
13-07-1991,NaN
14-07-1991,NaN
15-07-1991,2087.9
16-07-1991,2070.15
17-07-1991,2076.1
18-07-1991,2087.41
19-07-1991,2125.87
20-07-1991,NaN
21-07-1991,NaN
22-07-1991,2143.34
23-07-1991,2139.71
24-07-1991,2142.19
25-07-1991,2152.28
26-07-1991,2163.27
27-07-1991,NaN
28-07-1991,NaN
29-07-1991,2170.34
30-07-1991,2169.82
31-07-1991,2166.31
01-08-1991,2195.2
02-08-1991,2222.47
03-08-1991,NaN
04-08-1991,NaN
05-08-1991,2264.09
06-08-1991,2282.52
07-08-1991,2296.57
08-08-1991,2316.37
09-08-1991,2329.13
10-08-1991,NaN
11-08-1991,NaN
12-08-1991,2308.04
13-08-1991,2306.68
14-08-1991,2321.04
15-08-1991,NaN
16-08-1991,2352.56
17-08-1991,NaN
18-08-1991,NaN
19-08-1991,2303.87
20-08-1991,2325.03
21-08-1991,2379.02
22-08-1991,2384.24
23-08-1991,2383.42
24-08-1991,NaN
25-08-1991,NaN
26-08-1991,2350.6
27-08-1991,2335.67
28-08-1991,2331.91
29-08-1991,2357.68
30-08-1991,2394.09
31-08-1991,NaN
01-09-1991,NaN
02-09-1991,2451.66
03-09-1991,2533.54
04-09-1991,2593.74
05-09-1991,2621.27
06-09-1991,2670.65
07-09-1991,NaN
08-09-1991,NaN
09-09-1991,2721.49
10-09-1991,2714.52
11-09-1991,NaN
12-09-1991,2690.63
13-09-1991,2693.3
14-09-1991,NaN
15-09-1991,NaN
16-09-1991,2628.34
17-09-1991,2697.48
18-09-1991,NaN
19-09-1991,NaN
20-09-1991,2711.3
21-09-1991,NaN
22-09-1991,NaN
23-09-1991,2695.41
24-09-1991,2675.28
25-09-1991,2678.29
26-09-1991,2707.39
27-09-1991,2719.94
28-09-1991,NaN
29-09-1991,NaN
30-09-1991,2739.84
01-10-1991,2773.27
02-10-1991,2820.74
03-10-1991,2854.35
04-10-1991,2948.35
05-10-1991,NaN
06-10-1991,NaN
07-10-1991,2992.54
08-10-1991,3023.27
09-10-1991,2999.23
10-10-1991,3002.87
11-10-1991,2998.69
12-10-1991,NaN
13-10-1991,NaN
14-10-1991,2935.82
15-10-1991,2871.77
16-10-1991,2896.75
17-10-1991,2917.05
18-10-1991,2858.15
19-10-1991,NaN
20-10-1991,NaN
21-10-1991,2781.87
22-10-1991,2803.16
23-10-1991,2717.38
24-10-1991,2604.28
25-10-1991,2688.48
26-10-1991,NaN
27-10-1991,NaN
28-10-1991,2696.16
29-10-1991,2668.1
30-10-1991,2641.33
31-10-1991,2596.66
01-11-1991,NaN
02-11-1991,NaN
03-11-1991,NaN
04-11-1991,2524.9
05-11-1991,2493.39
06-11-1991,2517.24
07-11-1991,2538.53
08-11-1991,2572.38
09-11-1991,NaN
10-11-1991,NaN
11-11-1991,2559.48
12-11-1991,2515.53
13-11-1991,2503.66
14-11-1991,2494.3
15-11-1991,2473.73
16-11-1991,NaN
17-11-1991,NaN
18-11-1991,2446.07
19-11-1991,2431.73
20-11-1991,2415.45
21-11-1991,2458.58
22-11-1991,2478.8
23-11-1991,NaN
24-11-1991,NaN
25-11-1991,2488.74
26-11-1991,2498.2
27-11-1991,2485.59
28-11-1991,2469.68
29-11-1991,2458.2
30-11-1991,NaN
01-12-1991,NaN
02-12-1991,2421.83
03-12-1991,2432.35
04-12-1991,2432.33
05-12-1991,2410.23
06-12-1991,2398.5
07-12-1991,NaN
08-12-1991,NaN
09-12-1991,2368.71
10-12-1991,2343.84
11-12-1991,2365.5
12-12-1991,2420.24
13-12-1991,2436.81
14-12-1991,NaN
15-12-1991,NaN
16-12-1991,2464.28
17-12-1991,2477.52
18-12-1991,2470.93
19-12-1991,2450.62
20-12-1991,2453.32
21-12-1991,NaN
22-12-1991,NaN
23-12-1991,2469.27
24-12-1991,2483.21
25-12-1991,NaN
26-12-1991,2485.31
27-12-1991,2480.57
28-12-1991,NaN
29-12-1991,NaN
30-12-1991,2483.69
31-12-1991,NaN
01-01-1992,NaN
02-01-1992,2483.41
03-01-1992,2493.67
04-01-1992,NaN
05-01-1992,NaN
06-01-1992,2496.14
07-01-1992,2490.71
08-01-1992,2475.88
09-01-1992,2475.44
10-01-1992,2463.95
11-01-1992,NaN
12-01-1992,NaN
13-01-1992,2464.1
14-01-1992,2443.48
15-01-1992,2409.8
16-01-1992,2403.71
17-01-1992,2407.25
18-01-1992,NaN
19-01-1992,NaN
20-01-1992,2375.97
21-01-1992,2365.44
22-01-1992,2372.94
23-01-1992,2375.63
24-01-1992,2394.22
25-01-1992,NaN
26-01-1992,NaN
27-01-1992,2400.06
28-01-1992,2408.14
29-01-1992,2401.73
30-01-1992,2391.08
31-01-1992,2400.91
01-02-1992,NaN
02-02-1992,NaN
03-02-1992,2397.23
04-02-1992,2397.21
05-02-1992,2410.48
06-02-1992,2419.5
07-02-1992,2426.72
08-02-1992,NaN
09-02-1992,NaN
10-02-1992,2439.12
11-02-1992,2452.28
12-02-1992,2500.89
13-02-1992,2578.81
14-02-1992,2603.52
15-02-1992,NaN
16-02-1992,NaN
17-02-1992,2585.95
18-02-1992,2564.26
19-02-1992,2588.16
20-02-1992,2618
21-02-1992,2642.38
22-02-1992,NaN
23-02-1992,NaN
24-02-1992,2641.5
25-02-1992,2635.55
26-02-1992,2665.41
27-02-1992,2678.35
28-02-1992,2693.4
29-02-1992,NaN
01-03-1992,NaN
02-03-1992,2688.97
03-03-1992,2716.38
04-03-1992,2745.98
05-03-1992,2738.44
06-03-1992,2741.44
07-03-1992,NaN
08-03-1992,NaN
09-03-1992,2770.49
10-03-1992,2798.31
11-03-1992,2802.91
12-03-1992,2811.89
13-03-1992,2846.29
14-03-1992,NaN
15-03-1992,NaN
16-03-1992,2857.87
17-03-1992,2888.12
18-03-1992,2903.37
19-03-1992,2896.89
20-03-1992,2922.74
21-03-1992,NaN
22-03-1992,NaN
23-03-1992,2938.38
24-03-1992,2951.2
25-03-1992,2968.02
26-03-1992,3011.7
27-03-1992,3048.62
28-03-1992,NaN
29-03-1992,NaN
30-03-1992,3026.59
31-03-1992,3005.52
01-04-1992,3022.3
02-04-1992,3049.33
03-04-1992,3063.12
04-04-1992,NaN
05-04-1992,NaN
06-04-1992,3042.25
07-04-1992,3028.88
08-04-1992,2945.26
09-04-1992,2974.09
10-04-1992,2969.75
11-04-1992,NaN
12-04-1992,NaN
13-04-1992,2968.71
14-04-1992,2951.39
15-04-1992,2931.85
16-04-1992,2939.19
17-04-1992,NaN
18-04-1992,NaN
19-04-1992,NaN
20-04-1992,2960.28
21-04-1992,2961.12
22-04-1992,2960.91
23-04-1992,2975.2
24-04-1992,2972.96
25-04-1992,NaN
26-04-1992,NaN
27-04-1992,2973.77
28-04-1992,2951
29-04-1992,2970.91
30-04-1992,2998.06
01-05-1992,NaN
02-05-1992,NaN
03-05-1992,NaN
04-05-1992,3019.09
05-05-1992,3024.34
06-05-1992,3013.36
07-05-1992,2995.07
08-05-1992,2997.59
09-05-1992,NaN
10-05-1992,NaN
11-05-1992,2990.94
12-05-1992,3021.69
13-05-1992,3016.96
14-05-1992,3027.26
15-05-1992,3032.4
16-05-1992,NaN
17-05-1992,NaN
18-05-1992,3040.7
19-05-1992,3044.13
20-05-1992,3044.26
21-05-1992,3044.26
22-05-1992,3042.9
23-05-1992,NaN
24-05-1992,NaN
25-05-1992,3016.85
26-05-1992,2983.25
27-05-1992,2957.88
28-05-1992,2943.4
29-05-1992,2950.27
30-05-1992,NaN
31-05-1992,NaN
01-06-1992,2956.12
02-06-1992,2941.04
03-06-1992,2942.91
04-06-1992,2952.5
05-06-1992,2951
06-06-1992,NaN
07-06-1992,NaN
08-06-1992,2946.89
09-06-1992,2960.23
10-06-1992,2988.11
11-06-1992,3006.41
12-06-1992,3023.81
13-06-1992,NaN
14-06-1992,NaN
15-06-1992,3011.82
16-06-1992,3020.19
17-06-1992,3007.71
18-06-1992,3007.81
19-06-1992,3006.42
20-06-1992,NaN
21-06-1992,NaN
22-06-1992,2995.03
23-06-1992,2968.37
24-06-1992,2970.49
25-06-1992,2995.73
26-06-1992,2998.47
27-06-1992,NaN
28-06-1992,NaN
29-06-1992,NaN
30-06-1992,2995.89
01-07-1992,2996.95
02-07-1992,3002.52
03-07-1992,3016.31
04-07-1992,NaN
05-07-1992,NaN
06-07-1992,3008.62
07-07-1992,2996.94
08-07-1992,2986.99
09-07-1992,2984.67
10-07-1992,2993.03
11-07-1992,NaN
12-07-1992,NaN
13-07-1992,2978.01
14-07-1992,2967.29
15-07-1992,2966.2
16-07-1992,2970.14
17-07-1992,3005.53
18-07-1992,NaN
19-07-1992,NaN
20-07-1992,3001.72
21-07-1992,2994.76
22-07-1992,3008.93
23-07-1992,3021.17
24-07-1992,3024.07
25-07-1992,NaN
26-07-1992,NaN
27-07-1992,3009.49
28-07-1992,3022.47
29-07-1992,3036.6
30-07-1992,3027.7
31-07-1992,3042.78
01-08-1992,NaN
02-08-1992,NaN
03-08-1992,3027.23
04-08-1992,2992.48
05-08-1992,3001.86
06-08-1992,3002.71
07-08-1992,2983.34
08-08-1992,NaN
09-08-1992,NaN
10-08-1992,2972.81
11-08-1992,2960.18
12-08-1992,2938.63
13-08-1992,2917.79
14-08-1992,NaN
15-08-1992,NaN
16-08-1992,NaN
17-08-1992,2888.11
18-08-1992,2886.54
19-08-1992,2860.25
20-08-1992,2826.34
21-08-1992,2832.29
22-08-1992,NaN
23-08-1992,NaN
24-08-1992,2872.58
25-08-1992,2920.98
26-08-1992,2903.09
27-08-1992,2904.91
28-08-1992,2892.35
29-08-1992,NaN
30-08-1992,NaN
31-08-1992,2861.42
01-09-1992,2843.89
02-09-1992,2848.27
03-09-1992,2866.48
04-09-1992,2874.92
05-09-1992,NaN
06-09-1992,NaN
07-09-1992,2862.52
08-09-1992,2878.71
09-09-1992,2864.89
10-09-1992,2865.38
11-09-1992,2842.37
12-09-1992,NaN
13-09-1992,NaN
14-09-1992,NaN
15-09-1992,2817.57
16-09-1992,2824.53
17-09-1992,2824.64
18-09-1992,2827.68
19-09-1992,NaN
20-09-1992,NaN
21-09-1992,2820.32
22-09-1992,2784.23
23-09-1992,2769.56
24-09-1992,2780.57
25-09-1992,2775.66
26-09-1992,NaN
27-09-1992,NaN
28-09-1992,2756.26
29-09-1992,2692.71
30-09-1992,2699.27
01-10-1992,2643.11
02-10-1992,2666.89
03-10-1992,NaN
04-10-1992,NaN
05-10-1992,2659.5
06-10-1992,2627.23
07-10-1992,2675.01
08-10-1992,2721.19
09-10-1992,2769.6
10-10-1992,NaN
11-10-1992,NaN
12-10-1992,NaN
13-10-1992,2771.25
14-10-1992,2775.42
15-10-1992,2755.36
16-10-1992,2755.12
17-10-1992,NaN
18-10-1992,NaN
19-10-1992,2748.38
20-10-1992,2765.89
21-10-1992,2763.11
22-10-1992,2768.07
23-10-1992,2785.39
24-10-1992,NaN
25-10-1992,NaN
26-10-1992,2799.9
27-10-1992,2799.26
28-10-1992,2810.91
29-10-1992,2835.88
30-10-1992,2859.91
31-10-1992,NaN
01-11-1992,NaN
02-11-1992,2810.31
03-11-1992,2814.41
04-11-1992,2824
05-11-1992,2836.35
06-11-1992,2833.41
07-11-1992,NaN
08-11-1992,NaN
09-11-1992,2803.4
10-11-1992,2784.68
11-11-1992,2776.29
12-11-1992,2777.43
13-11-1992,2771.24
14-11-1992,NaN
15-11-1992,NaN
16-11-1992,2747.56
17-11-1992,2713.38
18-11-1992,2703.45
19-11-1992,2713.27
20-11-1992,2709.14
21-11-1992,NaN
22-11-1992,NaN
23-11-1992,2694.98
24-11-1992,2700.26
25-11-1992,2701.47
26-11-1992,2695.21
27-11-1992,2692.67
28-11-1992,NaN
29-11-1992,NaN
30-11-1992,2673.56
01-12-1992,2673.79
02-12-1992,2678.49
03-12-1992,2694.2
04-12-1992,2699.02
05-12-1992,NaN
06-12-1992,NaN
07-12-1992,2697.39
08-12-1992,NaN
09-12-1992,2689.14
10-12-1992,2672.81
11-12-1992,2663.72
12-12-1992,NaN
13-12-1992,NaN
14-12-1992,2659.5
15-12-1992,2650.26
16-12-1992,2653.17
17-12-1992,2640.58
18-12-1992,2655.3
19-12-1992,NaN
20-12-1992,NaN
21-12-1992,2673.85
22-12-1992,2699.92
23-12-1992,2726.55
24-12-1992,2732.21
25-12-1992,NaN
26-12-1992,NaN
27-12-1992,NaN
28-12-1992,2724.24
29-12-1992,2722.41
30-12-1992,2733.46
31-12-1992,NaN
01-01-1993,NaN
02-01-1993,NaN
03-01-1993,NaN
04-01-1993,2730.44
05-01-1993,2739.21
06-01-1993,2745.39
07-01-1993,2750.21
08-01-1993,2748.04
09-01-1993,NaN
10-01-1993,NaN
11-01-1993,2740.33
12-01-1993,2757
13-01-1993,2804.35
14-01-1993,2848.57
15-01-1993,2933.48
16-01-1993,NaN
17-01-1993,NaN
18-01-1993,2974.45
19-01-1993,2969.31
20-01-1993,2985.2
21-01-1993,3009.56
22-01-1993,3046.74
23-01-1993,NaN
24-01-1993,NaN
25-01-1993,NaN
26-01-1993,3194.66
27-01-1993,3261.91
28-01-1993,3237.46
29-01-1993,3187.85
30-01-1993,NaN
31-01-1993,NaN
01-02-1993,3145.97
02-02-1993,3164.08
03-02-1993,3176.9
04-02-1993,3180.23
05-02-1993,3162.43
06-02-1993,NaN
07-02-1993,NaN
08-02-1993,3158.79
09-02-1993,3151.8
10-02-1993,3149.2
11-02-1993,3133.01
12-02-1993,3134.54
13-02-1993,NaN
14-02-1993,NaN
15-02-1993,3120.25
16-02-1993,3108.83
17-02-1993,3092.43
18-02-1993,3090.57
19-02-1993,3099.27
20-02-1993,NaN
21-02-1993,NaN
22-02-1993,3097.6
23-02-1993,3121.7
24-02-1993,3110
25-02-1993,3095.19
26-02-1993,3059.1
27-02-1993,NaN
28-02-1993,NaN
01-03-1993,3031.51
02-03-1993,3021.32
03-03-1993,2997.75
04-03-1993,3007.84
05-03-1993,3004.35
06-03-1993,NaN
07-03-1993,NaN
08-03-1993,2981.04
09-03-1993,2958.22
10-03-1993,2925.26
11-03-1993,2919.97
12-03-1993,2936.11
13-03-1993,NaN
14-03-1993,NaN
15-03-1993,2937.88
16-03-1993,2940.44
17-03-1993,2922.93
18-03-1993,2927.33
19-03-1993,2952.11
20-03-1993,NaN
21-03-1993,NaN
22-03-1993,2950.18
23-03-1993,2941.75
24-03-1993,2938.14
25-03-1993,2933.01
26-03-1993,2916.3
27-03-1993,NaN
28-03-1993,NaN
29-03-1993,2900.37
30-03-1993,2886.21
31-03-1993,2879.37
01-04-1993,2885.47
02-04-1993,2889.31
03-04-1993,NaN
04-04-1993,NaN
05-04-1993,2883.14
06-04-1993,2882.8
07-04-1993,2874.66
08-04-1993,2855.33
09-04-1993,NaN
10-04-1993,NaN
11-04-1993,NaN
12-04-1993,2826.11
13-04-1993,2825.27
14-04-1993,2825.06
15-04-1993,2814.86
16-04-1993,2784.94
17-04-1993,NaN
18-04-1993,NaN
19-04-1993,2741.86
20-04-1993,2743
21-04-1993,2763.66
22-04-1993,2781.83
23-04-1993,2747.61
24-04-1993,NaN
25-04-1993,NaN
26-04-1993,2711.26
27-04-1993,2694.16
28-04-1993,2676.61
29-04-1993,2661.98
30-04-1993,2674.09
01-05-1993,NaN
02-05-1993,NaN
03-05-1993,2650.58
04-05-1993,2650.36
05-05-1993,2652.42
06-05-1993,2648.34
07-05-1993,2630.99
08-05-1993,NaN
09-05-1993,NaN
10-05-1993,2612.59
11-05-1993,2621.49
12-05-1993,2628.39
13-05-1993,2653.7
14-05-1993,2667.98
15-05-1993,NaN
16-05-1993,NaN
17-05-1993,2671.49
18-05-1993,2683.55
19-05-1993,2693.57
20-05-1993,2722
21-05-1993,NaN
22-05-1993,NaN
23-05-1993,NaN
24-05-1993,2733.43
25-05-1993,2732.09
26-05-1993,2719.82
27-05-1993,2716.96
28-05-1993,2712.6
29-05-1993,NaN
30-05-1993,NaN
31-05-1993,2710.12
01-06-1993,2704.73
02-06-1993,2702.9
03-06-1993,2711.03
04-06-1993,2732.97
05-06-1993,NaN
06-06-1993,NaN
07-06-1993,2745.08
08-06-1993,2771.16
09-06-1993,2798.07
10-06-1993,NaN
11-06-1993,2799.82
12-06-1993,NaN
13-06-1993,NaN
14-06-1993,2810.93
15-06-1993,2813.65
16-06-1993,2850.01
17-06-1993,2889.3
18-06-1993,2881.2
19-06-1993,NaN
20-06-1993,NaN
21-06-1993,2872.39
22-06-1993,2897.41
23-06-1993,2902.13
24-06-1993,2902.17
25-06-1993,2908.29
26-06-1993,NaN
27-06-1993,NaN
28-06-1993,2911.4
29-06-1993,NaN
30-06-1993,2931.91
01-07-1993,2942.29
02-07-1993,2950.91
03-07-1993,NaN
04-07-1993,NaN
05-07-1993,2985.72
06-07-1993,2992.06
07-07-1993,2979.1
08-07-1993,2966.74
09-07-1993,2965.64
10-07-1993,NaN
11-07-1993,NaN
12-07-1993,2968.49
13-07-1993,2959.07
14-07-1993,2949
15-07-1993,2934.95
16-07-1993,2952.38
17-07-1993,NaN
18-07-1993,NaN
19-07-1993,2948.5
20-07-1993,2949.21
21-07-1993,2933.95
22-07-1993,2941.94
23-07-1993,2936.91
24-07-1993,NaN
25-07-1993,NaN
26-07-1993,2935.15
27-07-1993,2934.89
28-07-1993,2917.15
29-07-1993,2912.39
30-07-1993,2928.17
31-07-1993,NaN
01-08-1993,NaN
02-08-1993,2941.98
03-08-1993,2974.9
04-08-1993,3018.02
05-08-1993,3029.57
06-08-1993,3042.06
07-08-1993,NaN
08-08-1993,NaN
09-08-1993,3032.25
10-08-1993,3016.7
11-08-1993,3014.19
12-08-1993,3018.39
13-08-1993,3024.75
14-08-1993,NaN
15-08-1993,NaN
16-08-1993,3037.14
17-08-1993,3050.52
18-08-1993,3050.07
19-08-1993,3046.86
20-08-1993,3066.7
21-08-1993,NaN
22-08-1993,NaN
23-08-1993,3069.72
24-08-1993,3057.97
25-08-1993,3061.33
26-08-1993,3080.99
27-08-1993,3090.01
28-08-1993,NaN
29-08-1993,NaN
30-08-1993,3081.87
31-08-1993,3082.64
01-09-1993,3088.69
02-09-1993,3094.17
03-09-1993,3099.36
04-09-1993,NaN
05-09-1993,NaN
06-09-1993,3100.43
07-09-1993,3103.25
08-09-1993,3099.75
09-09-1993,3090.1
10-09-1993,3081.76
11-09-1993,NaN
12-09-1993,NaN
13-09-1993,3069.57
14-09-1993,3065.59
15-09-1993,3064.27
16-09-1993,3073.14
17-09-1993,3073.59
18-09-1993,NaN
19-09-1993,NaN
20-09-1993,3066.6
21-09-1993,3060.27
22-09-1993,3059.85
23-09-1993,3067.07
24-09-1993,3090.85
25-09-1993,NaN
26-09-1993,NaN
27-09-1993,3107.63
28-09-1993,3117.47
29-09-1993,3124.87
30-09-1993,3116.34
01-10-1993,3129.86
02-10-1993,NaN
03-10-1993,NaN
04-10-1993,3135.29
05-10-1993,3154.64
06-10-1993,3174.62
07-10-1993,3185.56
08-10-1993,3214.88
09-10-1993,NaN
10-10-1993,NaN
11-10-1993,3221.65
12-10-1993,NaN
13-10-1993,3242.28
14-10-1993,3235.68
15-10-1993,3232.44
16-10-1993,NaN
17-10-1993,NaN
18-10-1993,3233.37
19-10-1993,3222.31
20-10-1993,3254.24
21-10-1993,3250.99
22-10-1993,3246.66
23-10-1993,NaN
24-10-1993,NaN
25-10-1993,3226.19
26-10-1993,3203.84
27-10-1993,3199.49
28-10-1993,3193.99
29-10-1993,3212.91
30-10-1993,NaN
31-10-1993,NaN
01-11-1993,NaN
02-11-1993,3229.82
03-11-1993,3226.52
04-11-1993,3206.78
05-11-1993,3182.35
06-11-1993,NaN
07-11-1993,NaN
08-11-1993,3172.31
09-11-1993,3185.28
10-11-1993,3225.82
11-11-1993,3216.76
12-11-1993,3235.38
13-11-1993,NaN
14-11-1993,NaN
15-11-1993,3259.51
16-11-1993,3285.45
17-11-1993,3305.05
18-11-1993,3329.15
19-11-1993,3340.84
20-11-1993,NaN
21-11-1993,NaN
22-11-1993,3342.9
23-11-1993,3351.77
24-11-1993,3356.69
25-11-1993,3373
26-11-1993,3392.48
27-11-1993,NaN
28-11-1993,NaN
29-11-1993,3392.52
30-11-1993,3389.01
01-12-1993,3386.99
02-12-1993,3388.17
03-12-1993,3394.63
04-12-1993,NaN
05-12-1993,NaN
06-12-1993,3377.77
07-12-1993,3378.79
08-12-1993,NaN
09-12-1993,3394.63
10-12-1993,3427.44
11-12-1993,NaN
12-12-1993,NaN
13-12-1993,3482.84
14-12-1993,3504.83
15-12-1993,3537.72
16-12-1993,3619.35
17-12-1993,3617.3
18-12-1993,NaN
19-12-1993,NaN
20-12-1993,3629.63
21-12-1993,3661.22
22-12-1993,3748.43
23-12-1993,3802.25
24-12-1993,3853.56
25-12-1993,NaN
26-12-1993,NaN
27-12-1993,3912.42
28-12-1993,3969.89
29-12-1993,3919.23
30-12-1993,3915.49
31-12-1993,NaN
01-01-1994,NaN
02-01-1994,NaN
03-01-1994,3992.56
04-01-1994,4035.81
05-01-1994,4115.16
06-01-1994,4139.56
07-01-1994,4130.67
08-01-1994,NaN
09-01-1994,NaN
10-01-1994,4144.45
11-01-1994,4206.83
12-01-1994,4259.75
13-01-1994,4216.37
14-01-1994,4229.4
15-01-1994,NaN
16-01-1994,NaN
17-01-1994,4279.33
18-01-1994,4340.96
19-01-1994,4402.58
20-01-1994,4424.28
21-01-1994,4483.44
22-01-1994,NaN
23-01-1994,NaN
24-01-1994,4499.92
25-01-1994,4474.59
26-01-1994,4481.25
27-01-1994,4510.37
28-01-1994,4554.79
29-01-1994,NaN
30-01-1994,NaN
31-01-1994,4607.34
01-02-1994,4697.17
02-02-1994,4820.99
03-02-1994,4805.46
04-02-1994,4867.83
05-02-1994,NaN
06-02-1994,NaN
07-02-1994,4797.95
08-02-1994,4838.07
09-02-1994,4787.55
10-02-1994,4699.02
11-02-1994,4625.18
12-02-1994,NaN
13-02-1994,NaN
14-02-1994,4599.67
15-02-1994,4651.5
16-02-1994,4674.48
17-02-1994,4754.51
18-02-1994,4709.68
19-02-1994,NaN
20-02-1994,NaN
21-02-1994,4724.85
22-02-1994,4685.25
23-02-1994,4677.31
24-02-1994,4576.52
25-02-1994,4532.13
26-02-1994,NaN
27-02-1994,NaN
28-02-1994,4532.82
01-03-1994,4457.87
02-03-1994,4337.22
03-03-1994,4396.74
04-03-1994,4367.36
05-03-1994,NaN
06-03-1994,NaN
07-03-1994,4360.35
08-03-1994,4376.18
09-03-1994,4424.82
10-03-1994,4472.51
11-03-1994,4444.55
12-03-1994,NaN
13-03-1994,NaN
14-03-1994,4445.36
15-03-1994,4392.49
16-03-1994,4369.24
17-03-1994,4376.02
18-03-1994,4279.48
19-03-1994,NaN
20-03-1994,NaN
21-03-1994,4187.58
22-03-1994,4269.48
23-03-1994,4279.59
24-03-1994,4209.09
25-03-1994,4233.83
26-03-1994,NaN
27-03-1994,NaN
28-03-1994,4188.04
29-03-1994,4124.16
30-03-1994,4053.9
31-03-1994,4026.72
01-04-1994,NaN
02-04-1994,NaN
03-04-1994,NaN
04-04-1994,3896.85
05-04-1994,3988.85
06-04-1994,4031.63
07-04-1994,4102.79
08-04-1994,4097.59
09-04-1994,NaN
10-04-1994,NaN
11-04-1994,4079.5
12-04-1994,4048.08
13-04-1994,4046.31
14-04-1994,4049.36
15-04-1994,4110.55
16-04-1994,NaN
17-04-1994,NaN
18-04-1994,4132.93
19-04-1994,4115.21
20-04-1994,4081.87
21-04-1994,4091.22
22-04-1994,4107.21
23-04-1994,NaN
24-04-1994,NaN
25-04-1994,4146.66
26-04-1994,4204.41
27-04-1994,4265.96
28-04-1994,4242.97
29-04-1994,4209.06
30-04-1994,NaN
01-05-1994,NaN
02-05-1994,4183.42
03-05-1994,4164.39
04-05-1994,4162.63
05-05-1994,4158.57
06-05-1994,4120.05
07-05-1994,NaN
08-05-1994,NaN
09-05-1994,4081.49
10-05-1994,4102.56
11-05-1994,4114.73
12-05-1994,4141.82
13-05-1994,4161.69
14-05-1994,NaN
15-05-1994,NaN
16-05-1994,4173.81
17-05-1994,4192.78
18-05-1994,4241.34
19-05-1994,4299.98
20-05-1994,4320.69
21-05-1994,NaN
22-05-1994,NaN
23-05-1994,4318.96
24-05-1994,4345.32
25-05-1994,4387.21
26-05-1994,4426.04
27-05-1994,4413.4
28-05-1994,NaN
29-05-1994,NaN
30-05-1994,4437.05
31-05-1994,4449.97
01-06-1994,4488.69
02-06-1994,NaN
03-06-1994,4529.14
04-06-1994,NaN
05-06-1994,NaN
06-06-1994,4559.95
07-06-1994,4588.62
08-06-1994,4558.17
09-06-1994,4536.17
10-06-1994,4532.94
11-06-1994,NaN
12-06-1994,NaN
13-06-1994,4544.36
14-06-1994,4570.71
15-06-1994,4579.23
16-06-1994,4565.04
17-06-1994,4524.03
18-06-1994,NaN
19-06-1994,NaN
20-06-1994,4487.42
21-06-1994,4423.05
22-06-1994,4455.14
23-06-1994,4463.31
24-06-1994,4427.3
25-06-1994,NaN
26-06-1994,NaN
27-06-1994,4419.75
28-06-1994,4394.53
29-06-1994,NaN
30-06-1994,4345.18
01-07-1994,4383.37
02-07-1994,NaN
03-07-1994,NaN
04-07-1994,4366.73
05-07-1994,4352.3
06-07-1994,4328.17
07-07-1994,4347.28
08-07-1994,4324.73
09-07-1994,NaN
10-07-1994,NaN
11-07-1994,4283.78
12-07-1994,4302.22
13-07-1994,4330.38
14-07-1994,4369.5
15-07-1994,4357.99
16-07-1994,NaN
17-07-1994,NaN
18-07-1994,4371.02
19-07-1994,4353.95
20-07-1994,4302.73
21-07-1994,4302.73
22-07-1994,4251.82
23-07-1994,NaN
24-07-1994,NaN
25-07-1994,4273.93
26-07-1994,4266.25
27-07-1994,4260.75
28-07-1994,4263.57
29-07-1994,4300.59
30-07-1994,NaN
31-07-1994,NaN
01-08-1994,4320.81
02-08-1994,4389.63
03-08-1994,4442.78
04-08-1994,4436.32
05-08-1994,4431.96
06-08-1994,NaN
07-08-1994,NaN
08-08-1994,4437.92
09-08-1994,4438.54
10-08-1994,4436.91
11-08-1994,4441.82
12-08-1994,4444.79
13-08-1994,NaN
14-08-1994,NaN
15-08-1994,NaN
16-08-1994,4466.45
17-08-1994,4507.73
18-08-1994,4521.6
19-08-1994,4565.69
20-08-1994,NaN
21-08-1994,NaN
22-08-1994,4627.77
23-08-1994,4638.71
24-08-1994,4646.06
25-08-1994,4707.2
26-08-1994,4759.5
27-08-1994,NaN
28-08-1994,NaN
29-08-1994,4790.46
30-08-1994,4780.8
31-08-1994,4826.95
01-09-1994,4821.89
02-09-1994,4822.35
03-09-1994,NaN
04-09-1994,NaN
05-09-1994,4796.52
06-09-1994,4730.39
07-09-1994,4815.51
08-09-1994,4871.56
09-09-1994,4847.2
10-09-1994,NaN
11-09-1994,NaN
12-09-1994,4841.27
13-09-1994,4855.9
14-09-1994,4877.21
15-09-1994,4907.56
16-09-1994,4949.26
17-09-1994,NaN
18-09-1994,NaN
19-09-1994,NaN
20-09-1994,4943.07
21-09-1994,4944.55
22-09-1994,4947.21
23-09-1994,4949.64
24-09-1994,NaN
25-09-1994,NaN
26-09-1994,4971.98
27-09-1994,4987.7
28-09-1994,5018.28
29-09-1994,5036.6
30-09-1994,5089.38
01-10-1994,NaN
02-10-1994,NaN
03-10-1994,5161.34
04-10-1994,5193.5
05-10-1994,5172.64
06-10-1994,5202.4
07-10-1994,5260.3
08-10-1994,NaN
09-10-1994,NaN
10-10-1994,5320.15
11-10-1994,5387.67
12-10-1994,NaN
13-10-1994,5519.8
14-10-1994,5572.71
15-10-1994,NaN
16-10-1994,NaN
17-10-1994,5672.49
18-10-1994,5641.81
19-10-1994,5679.56
20-10-1994,5560.35
21-10-1994,5578.6
22-10-1994,NaN
23-10-1994,NaN
24-10-1994,5594.8
25-10-1994,5511.32
26-10-1994,5512.22
27-10-1994,5589.23
28-10-1994,5624.48
29-10-1994,NaN
30-10-1994,NaN
31-10-1994,5671.89
01-11-1994,NaN
02-11-1994,5630.49
03-11-1994,5599.29
04-11-1994,5571.04
05-11-1994,NaN
06-11-1994,NaN
07-11-1994,5562.53
08-11-1994,5594.97
09-11-1994,5633.72
10-11-1994,5650.57
11-11-1994,5596.79
12-11-1994,NaN
13-11-1994,NaN
14-11-1994,5673.31
15-11-1994,5660.07
16-11-1994,5666.03
17-11-1994,5724.1
18-11-1994,5713.78
19-11-1994,NaN
20-11-1994,NaN
21-11-1994,5755.07
22-11-1994,5681.79
23-11-1994,5599.04
24-11-1994,5632.31
25-11-1994,5658.67
26-11-1994,NaN
27-11-1994,NaN
28-11-1994,5667.41
29-11-1994,5715.6
30-11-1994,5698.62
01-12-1994,5622.26
02-12-1994,5540.38
03-12-1994,NaN
04-12-1994,NaN
05-12-1994,5550.76
06-12-1994,5583
07-12-1994,5622.04
08-12-1994,NaN
09-12-1994,5592.96
10-12-1994,NaN
11-12-1994,NaN
12-12-1994,5582.02
13-12-1994,5567.08
14-12-1994,5572.1
15-12-1994,5542.61
16-12-1994,5529.13
17-12-1994,NaN
18-12-1994,NaN
19-12-1994,5506.7
20-12-1994,5448.49
21-12-1994,5390.63
22-12-1994,5352.76
23-12-1994,5448.72
24-12-1994,NaN
25-12-1994,NaN
26-12-1994,5490.26
27-12-1994,5425.46
28-12-1994,5405.31
29-12-1994,5396.32
30-12-1994,5426.46
31-12-1994,NaN
01-01-1995,NaN
02-01-1995,5408.64
03-01-1995,5466.4
04-01-1995,5444.43
05-01-1995,5457.28
06-01-1995,5412.99
07-01-1995,NaN
08-01-1995,NaN
09-01-1995,5332.73
10-01-1995,5130.83
11-01-1995,5228.63
12-01-1995,5405.02
13-01-1995,5527.37
14-01-1995,NaN
15-01-1995,NaN
16-01-1995,5544.31
17-01-1995,5516.21
18-01-1995,5440.43
19-01-1995,5381.54
20-01-1995,5406.17
21-01-1995,NaN
22-01-1995,NaN
23-01-1995,5381.3
24-01-1995,5417.73
25-01-1995,5442.59
26-01-1995,5437.89
27-01-1995,5442.55
28-01-1995,NaN
29-01-1995,NaN
30-01-1995,5344.02
31-01-1995,5411.6
01-02-1995,5467.35
02-02-1995,5476.43
03-02-1995,5514.94
04-02-1995,NaN
05-02-1995,NaN
06-02-1995,5484.84
07-02-1995,5477.06
08-02-1995,5455.57
09-02-1995,5422.82
10-02-1995,5412.04
11-02-1995,NaN
12-02-1995,NaN
13-02-1995,5405.38
14-02-1995,5303.48
15-02-1995,5263.59
16-02-1995,5146.86
17-02-1995,5192.03
18-02-1995,NaN
19-02-1995,NaN
20-02-1995,5221.21
21-02-1995,5225.21
22-02-1995,5215.78
23-02-1995,5287.71
24-02-1995,5374.51
25-02-1995,NaN
26-02-1995,NaN
27-02-1995,5336.46
28-02-1995,5319.82
01-03-1995,5287.22
02-03-1995,5169.5
03-03-1995,5102.64
04-03-1995,NaN
05-03-1995,NaN
06-03-1995,5006.15
07-03-1995,4878.73
08-03-1995,4725.92
09-03-1995,4569.33
10-03-1995,4819.7
11-03-1995,NaN
12-03-1995,NaN
13-03-1995,4980.23
14-03-1995,5235.48
15-03-1995,5172.39
16-03-1995,5225.59
17-03-1995,5211.79
18-03-1995,NaN
19-03-1995,NaN
20-03-1995,5206.86
21-03-1995,5210.3
22-03-1995,5232.6
23-03-1995,5247.2
24-03-1995,5382.18
25-03-1995,NaN
26-03-1995,NaN
27-03-1995,5304.67
28-03-1995,5303.21
29-03-1995,5297.34
30-03-1995,5328.45
31-03-1995,5275.01
01-04-1995,NaN
02-04-1995,NaN
03-04-1995,5254.79
04-04-1995,5293.39
05-04-1995,5365.36
06-04-1995,5372.91
07-04-1995,5373.18
08-04-1995,NaN
09-04-1995,NaN
10-04-1995,5364.83
11-04-1995,5353.19
12-04-1995,5336.07
13-04-1995,5320.15
14-04-1995,NaN
15-04-1995,NaN
16-04-1995,NaN
17-04-1995,5306.91
18-04-1995,5314.95
19-04-1995,5277.54
20-04-1995,5304.52
21-04-1995,5357.08
22-04-1995,NaN
23-04-1995,NaN
24-04-1995,5422.51
25-04-1995,5475.71
26-04-1995,5476
27-04-1995,5480.5
28-04-1995,5462.24
29-04-1995,NaN
30-04-1995,NaN
01-05-1995,NaN
02-05-1995,5444.67
03-05-1995,5511.39
04-05-1995,5519.25
05-05-1995,5548.78
06-05-1995,NaN
07-05-1995,NaN
08-05-1995,5561.77
09-05-1995,5603.91
10-05-1995,5743.7
11-05-1995,5774.07
12-05-1995,5876.29
13-05-1995,NaN
14-05-1995,NaN
15-05-1995,5841.89
16-05-1995,5790.2
17-05-1995,5845.67
18-05-1995,5975.66
19-05-1995,5966.01
20-05-1995,NaN
21-05-1995,NaN
22-05-1995,5964.85
23-05-1995,6033.06
24-05-1995,6085.43
25-05-1995,6072.28
26-05-1995,6075.66
27-05-1995,NaN
28-05-1995,NaN
29-05-1995,6137.09
30-05-1995,6099.04
31-05-1995,6078.45
01-06-1995,6101.84
02-06-1995,6118.19
03-06-1995,NaN
04-06-1995,NaN
05-06-1995,6156.32
06-06-1995,6191
07-06-1995,6138.99
08-06-1995,6092.67
09-06-1995,6101.65
10-06-1995,NaN
11-06-1995,NaN
12-06-1995,6029.8
13-06-1995,6092.57
14-06-1995,6061.51
15-06-1995,NaN
16-06-1995,6026.93
17-06-1995,NaN
18-06-1995,NaN
19-06-1995,5932.54
20-06-1995,5976.87
21-06-1995,6011.03
22-06-1995,6044.48
23-06-1995,6012.01
24-06-1995,NaN
25-06-1995,NaN
26-06-1995,6022.56
27-06-1995,6031.99
28-06-1995,6083.01
29-06-1995,NaN
30-06-1995,6170.02
01-07-1995,NaN
02-07-1995,NaN
03-07-1995,6208.66
04-07-1995,6078.23
05-07-1995,6149.32
06-07-1995,6261.7
07-07-1995,6276.6
08-07-1995,NaN
09-07-1995,NaN
10-07-1995,6324.61
11-07-1995,6363.15
12-07-1995,6332.06
13-07-1995,6274.53
14-07-1995,6289.16
15-07-1995,NaN
16-07-1995,NaN
17-07-1995,6285.36
18-07-1995,6277.85
19-07-1995,6226.55
20-07-1995,6253.86
21-07-1995,6221.91
22-07-1995,NaN
23-07-1995,NaN
24-07-1995,6177.73
25-07-1995,6175.14
26-07-1995,6194.51
27-07-1995,6198.56
28-07-1995,6193.9
29-07-1995,NaN
30-07-1995,NaN
31-07-1995,6164.01
01-08-1995,6141.28
02-08-1995,6154.28
03-08-1995,6154.68
04-08-1995,6151.95
05-08-1995,NaN
06-08-1995,NaN
07-08-1995,6138.72
08-08-1995,6136.63
09-08-1995,6020.66
10-08-1995,6034.27
11-08-1995,5988.91
12-08-1995,NaN
13-08-1995,NaN
14-08-1995,5901.57
15-08-1995,NaN
16-08-1995,5936.92
17-08-1995,6044.35
18-08-1995,6143.01
19-08-1995,NaN
20-08-1995,NaN
21-08-1995,6112.43
22-08-1995,6053.91
23-08-1995,5968.35
24-08-1995,5924.36
25-08-1995,5933.3
26-08-1995,NaN
27-08-1995,NaN
28-08-1995,5904.59
29-08-1995,5954.35
30-08-1995,6008
31-08-1995,6032.99
01-09-1995,6024.79
02-09-1995,NaN
03-09-1995,NaN
04-09-1995,6036.16
05-09-1995,5991.83
06-09-1995,5967.23
07-09-1995,5940.45
08-09-1995,5892.28
09-09-1995,NaN
10-09-1995,NaN
11-09-1995,NaN
12-09-1995,5865.51
13-09-1995,5874.17
14-09-1995,5882
15-09-1995,5905.52
16-09-1995,NaN
17-09-1995,NaN
18-09-1995,NaN
19-09-1995,NaN
20-09-1995,5896.67
21-09-1995,5889.81
22-09-1995,5864.45
23-09-1995,NaN
24-09-1995,NaN
25-09-1995,5820.72
26-09-1995,5720.52
27-09-1995,5707.09
28-09-1995,5791.3
29-09-1995,5817.62
30-09-1995,NaN
01-10-1995,NaN
02-10-1995,5811.69
03-10-1995,5795.52
04-10-1995,5794.45
05-10-1995,5855.95
06-10-1995,5875.77
07-10-1995,NaN
08-10-1995,NaN
09-10-1995,5881.68
10-10-1995,5873.65
11-10-1995,5896
12-10-1995,NaN
13-10-1995,5923.31
14-10-1995,NaN
15-10-1995,NaN
16-10-1995,5955.39
17-10-1995,5988.8
18-10-1995,5913.02
19-10-1995,5884.07
20-10-1995,5875.09
21-10-1995,NaN
22-10-1995,NaN
23-10-1995,5944.68
24-10-1995,5974.59
25-10-1995,5944.94
26-10-1995,5901.18
27-10-1995,5993.88
28-10-1995,NaN
29-10-1995,NaN
30-10-1995,5953.35
31-10-1995,5915.32
01-11-1995,NaN
02-11-1995,5861.15
03-11-1995,5822.79
04-11-1995,NaN
05-11-1995,NaN
06-11-1995,5745.89
07-11-1995,5740.55
08-11-1995,5672.12
09-11-1995,5610.28
10-11-1995,5554.19
11-11-1995,NaN
12-11-1995,NaN
13-11-1995,5524.37
14-11-1995,5568.91
15-11-1995,5582.78
16-11-1995,5569.76
17-11-1995,5594.59
18-11-1995,NaN
19-11-1995,NaN
20-11-1995,5600.58
21-11-1995,5657.32
22-11-1995,5661.57
23-11-1995,5609.35
24-11-1995,5632.36
25-11-1995,NaN
26-11-1995,NaN
27-11-1995,5579.3
28-11-1995,5551.82
29-11-1995,5556.39
30-11-1995,5567.3
01-12-1995,5606.94
02-12-1995,NaN
03-12-1995,NaN
04-12-1995,5741.99
05-12-1995,5655.02
06-12-1995,5645.19
07-12-1995,5606.44
08-12-1995,NaN
09-12-1995,NaN
10-12-1995,NaN
11-12-1995,5595.01
12-12-1995,5660.2
13-12-1995,5684.38
14-12-1995,5681.59
15-12-1995,5727.33
16-12-1995,NaN
17-12-1995,NaN
18-12-1995,5713.32
19-12-1995,5726.8
20-12-1995,5730.29
21-12-1995,5785.97
22-12-1995,5800.95
23-12-1995,NaN
24-12-1995,NaN
25-12-1995,NaN
26-12-1995,5764.84
27-12-1995,5739.82
28-12-1995,5751.3
29-12-1995,5739.97
30-12-1995,NaN
31-12-1995,NaN
01-01-1996,NaN
02-01-1996,5731.13
03-01-1996,5781.4
04-01-1996,5781.74
05-01-1996,5798.15
06-01-1996,NaN
07-01-1996,NaN
08-01-1996,5804.33
09-01-1996,5790.47
10-01-1996,5752.03
11-01-1996,5750.48
12-01-1996,5780.39
13-01-1996,NaN
14-01-1996,NaN
15-01-1996,5764.53
16-01-1996,5781.07
17-01-1996,5793.25
18-01-1996,5793.9
19-01-1996,5788.64
20-01-1996,NaN
21-01-1996,NaN
22-01-1996,5739.37
23-01-1996,5736.16
24-01-1996,5726.04
25-01-1996,5713.36
26-01-1996,5650.75
27-01-1996,NaN
28-01-1996,NaN
29-01-1996,5656.63
30-01-1996,5635.43
31-01-1996,5658.21
01-02-1996,5730.12
02-02-1996,5752.22
03-02-1996,NaN
04-02-1996,NaN
05-02-1996,5732.79
06-02-1996,5690.44
07-02-1996,5699.76
08-02-1996,5693.09
09-02-1996,5672.47
10-02-1996,NaN
11-02-1996,NaN
12-02-1996,5615.48
13-02-1996,5601.48
14-02-1996,5601.24
15-02-1996,5557.8
16-02-1996,5547.37
17-02-1996,NaN
18-02-1996,NaN
19-02-1996,5525.22
20-02-1996,5558.81
21-02-1996,5627.92
22-02-1996,5607.03
23-02-1996,5577.27
24-02-1996,NaN
25-02-1996,NaN
26-02-1996,5576.36
27-02-1996,5606.41
28-02-1996,5585.58
29-02-1996,5588.23
01-03-1996,5601.35
02-03-1996,NaN
03-03-1996,NaN
04-03-1996,5602
05-03-1996,5586.44
06-03-1996,5542.41
07-03-1996,5505.39
08-03-1996,5453.09
09-03-1996,NaN
10-03-1996,NaN
11-03-1996,5484.63
12-03-1996,5483.78
13-03-1996,5489.38
14-03-1996,5492.54
15-03-1996,5468.5
16-03-1996,NaN
17-03-1996,NaN
18-03-1996,5458.55
19-03-1996,5433.59
20-03-1996,5414.52
21-03-1996,5396.05
22-03-1996,5395.47
23-03-1996,NaN
24-03-1996,NaN
25-03-1996,5377.14
26-03-1996,5333.19
27-03-1996,5318.67
28-03-1996,5326.59
29-03-1996,5324.26
30-03-1996,NaN
31-03-1996,NaN
01-04-1996,5290.46
02-04-1996,5291.02
03-04-1996,5247.15
04-04-1996,5230.99
05-04-1996,NaN
06-04-1996,NaN
07-04-1996,NaN
08-04-1996,5215.28
09-04-1996,5223.35
10-04-1996,5248.97
11-04-1996,5258.8
12-04-1996,5303.27
13-04-1996,NaN
14-04-1996,NaN
15-04-1996,5345.52
16-04-1996,5381.24
17-04-1996,5386.86
18-04-1996,5414.33
19-04-1996,5492.52
20-04-1996,NaN
21-04-1996,NaN
22-04-1996,5535.44
23-04-1996,5512.05
24-04-1996,5480.29
25-04-1996,5507.33
26-04-1996,5554.9
27-04-1996,NaN
28-04-1996,NaN
29-04-1996,5510.96
30-04-1996,5499.76
01-05-1996,NaN
02-05-1996,5524.79
03-05-1996,5547.28
04-05-1996,NaN
05-05-1996,NaN
06-05-1996,5528.5
07-05-1996,5544.18
08-05-1996,5570.4
09-05-1996,5602.88
10-05-1996,5596.21
11-05-1996,NaN
12-05-1996,NaN
13-05-1996,5574.96
14-05-1996,5616.26
15-05-1996,5589.44
16-05-1996,5557.11
17-05-1996,5543.78
18-05-1996,NaN
19-05-1996,NaN
20-05-1996,5558.68
21-05-1996,NaN
22-05-1996,5520.47
23-05-1996,5489.32
24-05-1996,5473.98
25-05-1996,NaN
26-05-1996,NaN
27-05-1996,5437.37
28-05-1996,5408.95
29-05-1996,5388.8
30-05-1996,5386.94
31-05-1996,5417.07
01-06-1996,NaN
02-06-1996,NaN
03-06-1996,5365.34
04-06-1996,5309.39
05-06-1996,5331.32
06-06-1996,NaN
07-06-1996,5365.23
08-06-1996,NaN
09-06-1996,NaN
10-06-1996,5373.16
11-06-1996,5368.53
12-06-1996,5429.93
13-06-1996,5504.84
14-06-1996,5497.14
15-06-1996,NaN
16-06-1996,NaN
17-06-1996,5467.33
18-06-1996,5493.44
19-06-1996,5495.69
20-06-1996,5492.89
21-06-1996,5520.73
22-06-1996,NaN
23-06-1996,NaN
24-06-1996,5502.42
25-06-1996,5488.5
26-06-1996,5495.36
27-06-1996,5528.55
28-06-1996,5580.47
29-06-1996,NaN
30-06-1996,NaN
01-07-1996,5634.44
02-07-1996,5658
03-07-1996,5678.62
04-07-1996,5712.91
05-07-1996,5726.31
06-07-1996,NaN
07-07-1996,NaN
08-07-1996,5717.52
09-07-1996,5732.68
10-07-1996,5703.81
11-07-1996,5685.33
12-07-1996,5654.48
13-07-1996,NaN
14-07-1996,NaN
15-07-1996,5630.11
16-07-1996,5598.36
17-07-1996,5584.98
18-07-1996,5609.95
19-07-1996,5625.61
20-07-1996,NaN
21-07-1996,NaN
22-07-1996,5605.85
23-07-1996,5603.28
24-07-1996,5596.9
25-07-1996,5568.63
26-07-1996,5568.1
27-07-1996,NaN
28-07-1996,NaN
29-07-1996,5532.35
30-07-1996,5522.77
31-07-1996,5515
01-08-1996,5510.59
02-08-1996,5549.05
03-08-1996,NaN
04-08-1996,NaN
05-08-1996,5538.75
06-08-1996,5503.66
07-08-1996,5481.05
08-08-1996,5451.02
09-08-1996,5461.72
10-08-1996,NaN
11-08-1996,NaN
12-08-1996,5423.72
13-08-1996,5374.05
14-08-1996,5368.65
15-08-1996,NaN
16-08-1996,5397.59
17-08-1996,NaN
18-08-1996,NaN
19-08-1996,5386.7
20-08-1996,5386.92
21-08-1996,5384.72
22-08-1996,5389.92
23-08-1996,5365.25
24-08-1996,NaN
25-08-1996,NaN
26-08-1996,5325.6
27-08-1996,5322.95
28-08-1996,5326.85
29-08-1996,5307.27
30-08-1996,5302.96
31-08-1996,NaN
01-09-1996,NaN
02-09-1996,5288.95
03-09-1996,5289.51
04-09-1996,5293.37
05-09-1996,5326.22
06-09-1996,5344.4
07-09-1996,NaN
08-09-1996,NaN
09-09-1996,5347.24
10-09-1996,5343.81
11-09-1996,NaN
12-09-1996,5376.31
13-09-1996,5378.96
14-09-1996,NaN
15-09-1996,NaN
16-09-1996,5391.18
17-09-1996,5416.19
18-09-1996,NaN
19-09-1996,NaN
20-09-1996,5428.25
21-09-1996,NaN
22-09-1996,NaN
23-09-1996,5454.24
24-09-1996,5473.22
25-09-1996,5446.52
26-09-1996,5431.82
27-09-1996,5430.25
28-09-1996,NaN
29-09-1996,NaN
30-09-1996,5417.37
01-10-1996,5422.84
02-10-1996,5440.41
03-10-1996,5494.97
04-10-1996,5527.67
05-10-1996,NaN
06-10-1996,NaN
07-10-1996,5562.51
08-10-1996,5604.5
09-10-1996,5600.8
10-10-1996,5560.64
11-10-1996,5554.58
12-10-1996,NaN
13-10-1996,NaN
14-10-1996,5545.43
15-10-1996,5522.73
16-10-1996,5515.65
17-10-1996,5511.37
18-10-1996,5516.77
19-10-1996,NaN
20-10-1996,NaN
21-10-1996,5486.68
22-10-1996,5457.72
23-10-1996,5439.12
24-10-1996,5456.47
25-10-1996,5446.8
26-10-1996,NaN
27-10-1996,NaN
28-10-1996,5432.47
29-10-1996,5396.57
30-10-1996,5355.84
31-10-1996,5385.39
01-11-1996,NaN
02-11-1996,NaN
03-11-1996,NaN
04-11-1996,5368.2
05-11-1996,5353.38
06-11-1996,5347.16
07-11-1996,5326.04
08-11-1996,5297.33
09-11-1996,NaN
10-11-1996,NaN
11-11-1996,5295.87
12-11-1996,5305.3
13-11-1996,5280.07
14-11-1996,5246.6
15-11-1996,5204.97
16-11-1996,NaN
17-11-1996,NaN
18-11-1996,5173.11
19-11-1996,5176.58
20-11-1996,5228.44
21-11-1996,5219.12
22-11-1996,5211.14
23-11-1996,NaN
24-11-1996,NaN
25-11-1996,5201.74
26-11-1996,5165.09
27-11-1996,5139.32
28-11-1996,5082.8
29-11-1996,5067.43
30-11-1996,NaN
01-12-1996,NaN
02-12-1996,5035
03-12-1996,5031.91
04-12-1996,5036.88
05-12-1996,5010.46
06-12-1996,4975.15
07-12-1996,NaN
08-12-1996,NaN
09-12-1996,4989.56
10-12-1996,5020.72
11-12-1996,4995.27
12-12-1996,4967.42
13-12-1996,4909.69
14-12-1996,NaN
15-12-1996,NaN
16-12-1996,4908.51
17-12-1996,4878.32
18-12-1996,4868.24
19-12-1996,4882.5
20-12-1996,4893.33
21-12-1996,NaN
22-12-1996,NaN
23-12-1996,4873.33
24-12-1996,4872.95
25-12-1996,NaN
26-12-1996,4916.35
27-12-1996,4919.77
28-12-1996,NaN
29-12-1996,NaN
30-12-1996,4902.59
31-12-1996,NaN
01-01-1997,NaN
02-01-1997,4911.56
03-01-1997,4980.1
04-01-1997,NaN
05-01-1997,NaN
06-01-1997,5050.39
07-01-1997,5097.21
08-01-1997,5161.03
09-01-1997,5140.13
10-01-1997,5135.16
11-01-1997,NaN
12-01-1997,NaN
13-01-1997,5160.26
14-01-1997,5224.37
15-01-1997,5263.93
16-01-1997,5248.94
17-01-1997,5295.28
18-01-1997,NaN
19-01-1997,NaN
20-01-1997,5353.72
21-01-1997,5259.67
22-01-1997,5196.79
23-01-1997,5240.57
24-01-1997,5185.57
25-01-1997,NaN
26-01-1997,NaN
27-01-1997,5128.33
28-01-1997,5158.21
29-01-1997,5162.52
30-01-1997,5205.46
31-01-1997,5226.51
01-02-1997,NaN
02-02-1997,NaN
03-02-1997,5248.83
04-02-1997,5229.46
05-02-1997,5224.18
06-02-1997,5214.32
07-02-1997,5317.28
08-02-1997,NaN
09-02-1997,NaN
10-02-1997,5316.83
11-02-1997,5280.95
12-02-1997,5319.06
13-02-1997,5355.76
14-02-1997,5346.09
15-02-1997,NaN
16-02-1997,NaN
17-02-1997,5329.83
18-02-1997,5355.89
19-02-1997,5346.12
20-02-1997,5339.86
21-02-1997,5362.35
22-02-1997,NaN
23-02-1997,NaN
24-02-1997,5366.93
25-02-1997,5442.17
26-02-1997,5438.11
27-02-1997,5406.63
28-02-1997,5368.55
01-03-1997,NaN
02-03-1997,NaN
03-03-1997,5323.32
04-03-1997,5325.05
05-03-1997,5314.62
06-03-1997,5328.64
07-03-1997,5377.21
08-03-1997,NaN
09-03-1997,NaN
10-03-1997,5393.14
11-03-1997,5403.76
12-03-1997,5379.26
13-03-1997,5343.2
14-03-1997,5339.95
15-03-1997,NaN
16-03-1997,NaN
17-03-1997,5301.12
18-03-1997,5257.7
19-03-1997,5226.02
20-03-1997,5218.5
21-03-1997,5260.08
22-03-1997,NaN
23-03-1997,NaN
24-03-1997,5270.22
25-03-1997,5265.96
26-03-1997,5260.79
27-03-1997,5293.94
28-03-1997,NaN
29-03-1997,NaN
30-03-1997,NaN
31-03-1997,5277.05
01-04-1997,5274.53
02-04-1997,5299.74
03-04-1997,5362.02
04-04-1997,5339.57
05-04-1997,NaN
06-04-1997,NaN
07-04-1997,5351.23
08-04-1997,5357.57
09-04-1997,5366.66
10-04-1997,5410.95
11-04-1997,5376.99
12-04-1997,NaN
13-04-1997,NaN
14-04-1997,5340.62
15-04-1997,5321.21
16-04-1997,5364.25
17-04-1997,5352.4
18-04-1997,5371.5
19-04-1997,NaN
20-04-1997,NaN
21-04-1997,5345.59
22-04-1997,5360.16
23-04-1997,5347.56
24-04-1997,5338.55
25-04-1997,5324.48
26-04-1997,NaN
27-04-1997,NaN
28-04-1997,5313.51
29-04-1997,5330.18
30-04-1997,5330.45
01-05-1997,NaN
02-05-1997,5357.01
03-05-1997,NaN
04-05-1997,NaN
05-05-1997,5354.44
06-05-1997,5364.66
07-05-1997,5353.77
08-05-1997,5369.79
09-05-1997,5388.98
10-05-1997,NaN
11-05-1997,NaN
12-05-1997,5378.89
13-05-1997,5347.28
14-05-1997,5335.66
15-05-1997,5333
16-05-1997,5356.84
17-05-1997,NaN
18-05-1997,NaN
19-05-1997,5383.24
20-05-1997,5401.27
21-05-1997,NaN
22-05-1997,5447.37
23-05-1997,5490.78
24-05-1997,NaN
25-05-1997,NaN
26-05-1997,5494.8
27-05-1997,5521
28-05-1997,5561.65
29-05-1997,NaN
30-05-1997,5652.17
31-05-1997,NaN
01-06-1997,NaN
02-06-1997,5735.13
03-06-1997,5726.12
04-06-1997,5725.93
05-06-1997,5675.64
06-06-1997,5672.8
07-06-1997,NaN
08-06-1997,NaN
09-06-1997,5656.11
10-06-1997,5705.23
11-06-1997,5770.01
12-06-1997,5841.68
13-06-1997,5843.3
14-06-1997,NaN
15-06-1997,NaN
16-06-1997,5798.45
17-06-1997,5760.05
18-06-1997,5731.8
19-06-1997,5756.05
20-06-1997,5760.31
21-06-1997,NaN
22-06-1997,NaN
23-06-1997,5729.58
24-06-1997,5740.2
25-06-1997,5719.07
26-06-1997,5716.5
27-06-1997,5729.51
28-06-1997,NaN
29-06-1997,NaN
30-06-1997,5732.45
01-07-1997,5768.87
02-07-1997,5807.98
03-07-1997,5846.27
04-07-1997,5866.76
05-07-1997,NaN
06-07-1997,NaN
07-07-1997,5834.33
08-07-1997,5836.08
09-07-1997,5832.65
10-07-1997,5842.55
11-07-1997,5814.77
12-07-1997,NaN
13-07-1997,NaN
14-07-1997,5799.3
15-07-1997,5717.51
16-07-1997,5745.9
17-07-1997,5708.88
18-07-1997,5666.14
19-07-1997,NaN
20-07-1997,NaN
21-07-1997,5625.58
22-07-1997,5635.49
23-07-1997,5670.16
24-07-1997,5706.81
25-07-1997,5737.13
26-07-1997,NaN
27-07-1997,NaN
28-07-1997,5700.28
29-07-1997,5705.89
30-07-1997,5718.02
31-07-1997,5706.7
01-08-1997,5735.79
02-08-1997,NaN
03-08-1997,NaN
04-08-1997,5732.75
05-08-1997,5691.7
06-08-1997,5714.32
07-08-1997,5707.53
08-08-1997,5681.04
09-08-1997,NaN
10-08-1997,NaN
11-08-1997,5641.81
12-08-1997,5609.6
13-08-1997,5582.26
14-08-1997,5613.52
15-08-1997,NaN
16-08-1997,NaN
17-08-1997,NaN
18-08-1997,5583.24
19-08-1997,5616.49
20-08-1997,5652.01
21-08-1997,5633.78
22-08-1997,5589.61
23-08-1997,NaN
24-08-1997,NaN
25-08-1997,5557.04
26-08-1997,5543.52
27-08-1997,5531.54
28-08-1997,5498.6
29-08-1997,5480.45
30-08-1997,NaN
31-08-1997,NaN
01-09-1997,5472.15
02-09-1997,5520.06
03-09-1997,5599.47
04-09-1997,5569.27
05-09-1997,5550.7
06-09-1997,NaN
07-09-1997,NaN
08-09-1997,5528.69
09-09-1997,5539.56
10-09-1997,5527.65
11-09-1997,NaN
12-09-1997,5517.3
13-09-1997,NaN
14-09-1997,NaN
15-09-1997,5483.8
16-09-1997,5506.91
17-09-1997,5528.89
18-09-1997,NaN
19-09-1997,NaN
20-09-1997,NaN
21-09-1997,NaN
22-09-1997,5535.95
23-09-1997,5520.44
24-09-1997,5507.59
25-09-1997,5478.69
26-09-1997,5483.65
27-09-1997,NaN
28-09-1997,NaN
29-09-1997,5484.43
30-09-1997,5481.38
01-10-1997,5472.29
02-10-1997,5444.15
03-10-1997,5439.16
04-10-1997,NaN
05-10-1997,NaN
06-10-1997,5414
07-10-1997,5365.86
08-10-1997,5321.1
09-10-1997,5349.45
10-10-1997,5333.48
11-10-1997,NaN
12-10-1997,NaN
13-10-1997,5325.83
14-10-1997,5291.87
15-10-1997,5272.47
16-10-1997,5257.07
17-10-1997,5215.58
18-10-1997,NaN
19-10-1997,NaN
20-10-1997,5201.77
21-10-1997,5208.93
22-10-1997,5226.21
23-10-1997,5175.59
24-10-1997,5139.6
25-10-1997,NaN
26-10-1997,NaN
27-10-1997,4977.63
28-10-1997,4948.23
29-10-1997,5013.3
30-10-1997,5035.49
31-10-1997,5071.22
01-11-1997,NaN
02-11-1997,NaN
03-11-1997,5100.88
04-11-1997,5075.97
05-11-1997,5092.14
06-11-1997,5082.73
07-11-1997,5002.01
08-11-1997,NaN
09-11-1997,NaN
10-11-1997,5006.77
11-11-1997,5000.78
12-11-1997,4944.62
13-11-1997,4915.23
14-11-1997,4912.76
15-11-1997,NaN
16-11-1997,NaN
17-11-1997,4944.99
18-11-1997,4919.02
19-11-1997,4918.66
20-11-1997,4935.38
21-11-1997,4962.24
22-11-1997,NaN
23-11-1997,NaN
24-11-1997,4944.58
25-11-1997,4936.17
26-11-1997,4948
27-11-1997,4947.44
28-11-1997,4942.28
29-11-1997,NaN
30-11-1997,NaN
01-12-1997,4950.25
02-12-1997,4955.19
03-12-1997,4950.22
04-12-1997,4977.56
05-12-1997,4966.75
06-12-1997,NaN
07-12-1997,NaN
08-12-1997,NaN
09-12-1997,4935.42
10-12-1997,4891.87
11-12-1997,NaN
12-12-1997,4859.74
13-12-1997,NaN
14-12-1997,NaN
15-12-1997,4818.41
16-12-1997,4795.74
17-12-1997,4797.16
18-12-1997,4754.45
19-12-1997,4702.02
20-12-1997,NaN
21-12-1997,NaN
22-12-1997,4660.39
23-12-1997,4635.08
24-12-1997,4645.74
25-12-1997,NaN
26-12-1997,4646.18
27-12-1997,NaN
28-12-1997,NaN
29-12-1997,4693.04
30-12-1997,4781.52
31-12-1997,4794.41
01-01-1998,NaN
02-01-1998,4823.17
03-01-1998,NaN
04-01-1998,NaN
05-01-1998,4823.52
06-01-1998,4783.24
07-01-1998,4712.6
08-01-1998,4621.87
09-01-1998,4513.7
10-01-1998,NaN
11-01-1998,NaN
12-01-1998,4443.06
13-01-1998,4404.3
14-01-1998,4377.79
15-01-1998,4335.67
16-01-1998,4383.13
17-01-1998,NaN
18-01-1998,NaN
19-01-1998,4411.96
20-01-1998,4416.66
21-01-1998,4396.39
22-01-1998,4337.2
23-01-1998,4331.82
24-01-1998,NaN
25-01-1998,NaN
26-01-1998,4307.96
27-01-1998,4243.47
28-01-1998,4248.96
29-01-1998,4260.49
30-01-1998,4321.56
31-01-1998,NaN
01-02-1998,NaN
02-02-1998,4409.53
03-02-1998,4397.91
04-02-1998,4360.45
05-02-1998,4330.77
06-02-1998,4314.91
07-02-1998,NaN
08-02-1998,NaN
09-02-1998,4290.83
10-02-1998,4271.1
11-02-1998,4263.08
12-02-1998,4259.67
13-02-1998,4286.74
14-02-1998,NaN
15-02-1998,NaN
16-02-1998,4288.31
17-02-1998,4348
18-02-1998,4396.9
19-02-1998,4424.36
20-02-1998,4432.37
21-02-1998,NaN
22-02-1998,NaN
23-02-1998,4459.64
24-02-1998,4431.86
25-02-1998,4413.27
26-02-1998,4478.51
27-02-1998,4514.43
28-02-1998,NaN
01-03-1998,NaN
02-03-1998,4563.75
03-03-1998,4586.2
04-03-1998,4590.72
05-03-1998,4591.23
06-03-1998,4660.43
07-03-1998,NaN
08-03-1998,NaN
09-03-1998,4673.86
10-03-1998,4720.15
11-03-1998,4764.59
12-03-1998,4768.99
13-03-1998,4829.24
14-03-1998,NaN
15-03-1998,NaN
16-03-1998,4847.76
17-03-1998,4856.37
18-03-1998,4791.82
19-03-1998,4787
20-03-1998,4853.44
21-03-1998,NaN
22-03-1998,NaN
23-03-1998,4829.72
24-03-1998,4820.47
25-03-1998,4810.15
26-03-1998,4816.44
27-03-1998,4829.12
28-03-1998,NaN
29-03-1998,NaN
30-03-1998,4819.29
31-03-1998,4833.17
01-04-1998,4835.5
02-04-1998,4847.02
03-04-1998,4843.45
04-04-1998,NaN
05-04-1998,NaN
06-04-1998,4851.81
07-04-1998,4814.49
08-04-1998,4787.26
09-04-1998,4823.72
10-04-1998,NaN
11-04-1998,NaN
12-04-1998,NaN
13-04-1998,4775.32
14-04-1998,4744.68
15-04-1998,4722.41
16-04-1998,4676.33
17-04-1998,4659.1
18-04-1998,NaN
19-04-1998,NaN
20-04-1998,4621.97
21-04-1998,4609.85
22-04-1998,4618.1
23-04-1998,4610.99
24-04-1998,4594.2
25-04-1998,NaN
26-04-1998,NaN
27-04-1998,4539.26
28-04-1998,4560.83
29-04-1998,4576.66
30-04-1998,4589.5
01-05-1998,NaN
02-05-1998,NaN
03-05-1998,NaN
04-05-1998,4578.89
05-05-1998,4559.18
06-05-1998,4548.76
07-05-1998,4552.2
08-05-1998,4537.61
09-05-1998,NaN
10-05-1998,NaN
11-05-1998,4506.7
12-05-1998,4468.29
13-05-1998,4423.18
14-05-1998,4405.44
15-05-1998,4379.39
16-05-1998,NaN
17-05-1998,NaN
18-05-1998,4355.57
19-05-1998,4347.82
20-05-1998,4374.95
21-05-1998,NaN
22-05-1998,4424.78
23-05-1998,NaN
24-05-1998,NaN
25-05-1998,4414.94
26-05-1998,4364.79
27-05-1998,4335.67
28-05-1998,4318.64
29-05-1998,4318
30-05-1998,NaN
31-05-1998,NaN
01-06-1998,4285.11
02-06-1998,4239.65
03-06-1998,4258.65
04-06-1998,4266.39
05-06-1998,4282.24
06-06-1998,NaN
07-06-1998,NaN
08-06-1998,4284.09
09-06-1998,4326.16
10-06-1998,4275.17
11-06-1998,NaN
12-06-1998,4214.72
13-06-1998,NaN
14-06-1998,NaN
15-06-1998,4124.21
16-06-1998,4090.53
17-06-1998,4128.29
18-06-1998,4107.17
19-06-1998,4094.73
20-06-1998,NaN
21-06-1998,NaN
22-06-1998,4055.14
23-06-1998,4054.55
24-06-1998,4044.04
25-06-1998,4000.16
26-06-1998,4040.52
27-06-1998,NaN
28-06-1998,NaN
29-06-1998,NaN
30-06-1998,4066.31
01-07-1998,4068.09
02-07-1998,4030.6
03-07-1998,3996.11
04-07-1998,NaN
05-07-1998,NaN
06-07-1998,3967.09
07-07-1998,3936.19
08-07-1998,3966.32
09-07-1998,3980.88
10-07-1998,3978.79
11-07-1998,NaN
12-07-1998,NaN
13-07-1998,3992.4
14-07-1998,4028.06
15-07-1998,4090.04
16-07-1998,4153.92
17-07-1998,4258.89
18-07-1998,NaN
19-07-1998,NaN
20-07-1998,4248.65
21-07-1998,4202.19
22-07-1998,4161.42
23-07-1998,4148.8
24-07-1998,4145.74
25-07-1998,NaN
26-07-1998,NaN
27-07-1998,4138.12
28-07-1998,4126.33
29-07-1998,4105.81
30-07-1998,4098.99
31-07-1998,4117.76
01-08-1998,NaN
02-08-1998,NaN
03-08-1998,4111.56
04-08-1998,4081.15
05-08-1998,4057.61
06-08-1998,4050.29
07-08-1998,4029.08
08-08-1998,NaN
09-08-1998,NaN
10-08-1998,4004.39
11-08-1998,3924.39
12-08-1998,3889.55
13-08-1998,3870.09
14-08-1998,3858.1
15-08-1998,NaN
16-08-1998,NaN
17-08-1998,3804.59
18-08-1998,3780.53
19-08-1998,3753.92
20-08-1998,3659.77
21-08-1998,3595.4
22-08-1998,NaN
23-08-1998,NaN
24-08-1998,3564.32
25-08-1998,3568.26
26-08-1998,3481.62
27-08-1998,3352.69
28-08-1998,3358.36
29-08-1998,NaN
30-08-1998,NaN
31-08-1998,3257.38
01-09-1998,3307.52
02-09-1998,3287.92
03-09-1998,3206.81
04-09-1998,3148.26
05-09-1998,NaN
06-09-1998,NaN
07-09-1998,3164.82
08-09-1998,3144
09-09-1998,3117
10-09-1998,3004.39
11-09-1998,NaN
12-09-1998,NaN
13-09-1998,NaN
14-09-1998,2974.26
15-09-1998,3084.67
16-09-1998,3077.81
17-09-1998,3056.62
18-09-1998,NaN
19-09-1998,NaN
20-09-1998,NaN
21-09-1998,3067.01
22-09-1998,3140.62
23-09-1998,3284.08
24-09-1998,3257.88
25-09-1998,3248.89
26-09-1998,NaN
27-09-1998,NaN
28-09-1998,3288.94
29-09-1998,3282.27
30-09-1998,3268.62
01-10-1998,3221.89
02-10-1998,3245.38
03-10-1998,NaN
04-10-1998,NaN
05-10-1998,3211.71
06-10-1998,3192.34
07-10-1998,3148.94
08-10-1998,3092.92
09-10-1998,3125.99
10-10-1998,NaN
11-10-1998,NaN
12-10-1998,NaN
13-10-1998,3136.96
14-10-1998,3150.28
15-10-1998,3162.86
16-10-1998,3180.71
17-10-1998,NaN
18-10-1998,NaN
19-10-1998,3195.64
20-10-1998,3243.75
21-10-1998,3212.04
22-10-1998,3265.3
23-10-1998,3294.36
24-10-1998,NaN
25-10-1998,NaN
26-10-1998,3292.01
27-10-1998,3321.83
28-10-1998,3308.57
29-10-1998,3309.52
30-10-1998,3396.81
31-10-1998,NaN
01-11-1998,NaN
02-11-1998,3433.96
03-11-1998,3529.7
04-11-1998,3637.56
05-11-1998,3642.79
06-11-1998,3720.82
07-11-1998,NaN
08-11-1998,NaN
09-11-1998,3698.93
10-11-1998,3677.36
11-11-1998,3758.62
12-11-1998,3760.78
13-11-1998,3744.63
14-11-1998,NaN
15-11-1998,NaN
16-11-1998,3732.58
17-11-1998,3754.58
18-11-1998,3767.49
19-11-1998,3854.29
20-11-1998,3908.37
21-11-1998,NaN
22-11-1998,NaN
23-11-1998,3922.55
24-11-1998,3922.26
25-11-1998,3912.83
26-11-1998,3941.6
27-11-1998,3975
28-11-1998,NaN
29-11-1998,NaN
30-11-1998,3962.38
01-12-1998,3928.68
02-12-1998,3821.88
03-12-1998,3750.55
04-12-1998,3720.19
05-12-1998,NaN
06-12-1998,NaN
07-12-1998,3718.75
08-12-1998,NaN
09-12-1998,3650.9
10-12-1998,3630.64
11-12-1998,3602.68
12-12-1998,NaN
13-12-1998,NaN
14-12-1998,3557.37
15-12-1998,3577.72
16-12-1998,3571.03
17-12-1998,3594.4
18-12-1998,3617.54
19-12-1998,NaN
20-12-1998,NaN
21-12-1998,3650.81
22-12-1998,3647.64
23-12-1998,3649.93
24-12-1998,3634.64
25-12-1998,NaN
26-12-1998,NaN
27-12-1998,NaN
28-12-1998,3579.94
29-12-1998,3590.66
30-12-1998,3594.75
31-12-1998,NaN
01-01-1999,NaN
02-01-1999,NaN
03-01-1999,NaN
04-01-1999,3606.65
05-01-1999,3608.53
06-01-1999,3615.93
07-01-1999,3582.34
08-01-1999,3579.37
09-01-1999,NaN
10-01-1999,NaN
11-01-1999,3531.35
12-01-1999,3463.83
13-01-1999,3352.2
14-01-1999,3298.4
15-01-1999,3351.16
16-01-1999,NaN
17-01-1999,NaN
18-01-1999,3366.78
19-01-1999,3348.99
20-01-1999,3391.92
21-01-1999,3390.87
22-01-1999,3395.3
23-01-1999,NaN
24-01-1999,NaN
25-01-1999,3471.08
26-01-1999,3503.02
27-01-1999,3527.81
28-01-1999,3546.62
29-01-1999,3558.44
30-01-1999,NaN
31-01-1999,NaN
01-02-1999,3587.85
02-02-1999,3584.67
03-02-1999,3585.62
04-02-1999,3582.59
05-02-1999,3594.58
06-02-1999,NaN
07-02-1999,NaN
08-02-1999,3623.52
09-02-1999,3673.75
10-02-1999,3708.35
11-02-1999,3762.53
12-02-1999,3762.56
13-02-1999,NaN
14-02-1999,NaN
15-02-1999,3763.17
16-02-1999,3784.64
17-02-1999,3792.26
18-02-1999,3831.16
19-02-1999,3875.38
20-02-1999,NaN
21-02-1999,NaN
22-02-1999,3859.44
23-02-1999,3835.78
24-02-1999,3867.01
25-02-1999,3858.36
26-02-1999,3841.11
27-02-1999,NaN
28-02-1999,NaN
01-03-1999,3834.79
02-03-1999,3807.73
03-03-1999,3843.48
04-03-1999,3886.16
05-03-1999,3897.06
06-03-1999,NaN
07-03-1999,NaN
08-03-1999,3912.52
09-03-1999,3913.73
10-03-1999,3933.82
11-03-1999,3933.88
12-03-1999,3976.64
13-03-1999,NaN
14-03-1999,NaN
15-03-1999,3980.54
16-03-1999,3984.88
17-03-1999,3981.81
18-03-1999,3989.38
19-03-1999,4017.86
20-03-1999,NaN
21-03-1999,NaN
22-03-1999,4022.27
23-03-1999,4011.1
24-03-1999,4012.91
25-03-1999,4042.11
26-03-1999,4063.37
27-03-1999,NaN
28-03-1999,NaN
29-03-1999,4062.56
30-03-1999,4083.61
31-03-1999,4134.19
01-04-1999,4156.77
02-04-1999,NaN
03-04-1999,NaN
04-04-1999,NaN
05-04-1999,4182.71
06-04-1999,4203.5
07-04-1999,4259.02
08-04-1999,4355
09-04-1999,4383.89
10-04-1999,NaN
11-04-1999,NaN
12-04-1999,4373.84
13-04-1999,4392.93
14-04-1999,4433.35
15-04-1999,4463.26
16-04-1999,4518.96
17-04-1999,NaN
18-04-1999,NaN
19-04-1999,4581.66
20-04-1999,4617.8
21-04-1999,4600.66
22-04-1999,4540.8
23-04-1999,4485.53
24-04-1999,NaN
25-04-1999,NaN
26-04-1999,4433.49
27-04-1999,4369.21
28-04-1999,4438.97
29-04-1999,4422.72
30-04-1999,4457.8
01-05-1999,NaN
02-05-1999,NaN
03-05-1999,4458.3
04-05-1999,4447.56
05-05-1999,4441.64
06-05-1999,4455.4
07-05-1999,4525.92
08-05-1999,NaN
09-05-1999,NaN
10-05-1999,4619.89
11-05-1999,4653.03
12-05-1999,4648.1
13-05-1999,4746.27
14-05-1999,4718.03
15-05-1999,NaN
16-05-1999,NaN
17-05-1999,4672.24
18-05-1999,4671.65
19-05-1999,4622.55
20-05-1999,4604.4
21-05-1999,NaN
22-05-1999,NaN
23-05-1999,NaN
24-05-1999,4528.19
25-05-1999,4486.58
26-05-1999,4534.87
27-05-1999,4509.41
28-05-1999,4496.24
29-05-1999,NaN
30-05-1999,NaN
31-05-1999,4470.88
01-06-1999,4479.66
02-06-1999,4489.85
03-06-1999,NaN
04-06-1999,4526.55
05-06-1999,NaN
06-06-1999,NaN
07-06-1999,4552.77
08-06-1999,4581.43
09-06-1999,4576.15
10-06-1999,4601.1
11-06-1999,4625.82
12-06-1999,NaN
13-06-1999,NaN
14-06-1999,4628.31
15-06-1999,4610.94
16-06-1999,4675.32
17-06-1999,4709.19
18-06-1999,4725.7
19-06-1999,NaN
20-06-1999,NaN
21-06-1999,4775.54
22-06-1999,4768.91
23-06-1999,4732.41
24-06-1999,4722.34
25-06-1999,4701.78
26-06-1999,NaN
27-06-1999,NaN
28-06-1999,4704.76
29-06-1999,NaN
30-06-1999,4772.01
01-07-1999,4858.2
02-07-1999,4905.7
03-07-1999,NaN
04-07-1999,NaN
05-07-1999,4930.75
06-07-1999,4945.54
07-07-1999,4967.44
08-07-1999,4940.62
09-07-1999,4964.51
10-07-1999,NaN
11-07-1999,NaN
12-07-1999,4937.6
13-07-1999,4943.86
14-07-1999,4932.76
15-07-1999,4930.72
16-07-1999,4920.44
17-07-1999,NaN
18-07-1999,NaN
19-07-1999,4883.74
20-07-1999,4877.03
21-07-1999,4898.11
22-07-1999,4887.18
23-07-1999,4823.38
24-07-1999,NaN
25-07-1999,NaN
26-07-1999,4749.04
27-07-1999,4722.06
28-07-1999,4744.55
29-07-1999,4709.84
30-07-1999,4707.08
31-07-1999,NaN
01-08-1999,NaN
02-08-1999,4719.92
03-08-1999,4719.56
04-08-1999,4749.22
05-08-1999,4736.34
06-08-1999,4734.27
07-08-1999,NaN
08-08-1999,NaN
09-08-1999,4693.64
10-08-1999,4661.88
11-08-1999,4645.83
12-08-1999,4651.81
13-08-1999,4656.47
14-08-1999,NaN
15-08-1999,NaN
16-08-1999,4642.5
17-08-1999,4636.66
18-08-1999,4593.61
19-08-1999,4568.68
20-08-1999,4575.04
21-08-1999,NaN
22-08-1999,NaN
23-08-1999,4592.5
24-08-1999,4597.18
25-08-1999,4648.37
26-08-1999,4672.03
27-08-1999,4671.04
28-08-1999,NaN
29-08-1999,NaN
30-08-1999,4655.73
31-08-1999,4652.73
01-09-1999,4712.45
02-09-1999,4710.02
03-09-1999,4752.38
04-09-1999,NaN
05-09-1999,NaN
06-09-1999,NaN
07-09-1999,4758.51
08-09-1999,4772.02
09-09-1999,4823.71
10-09-1999,4822.87
11-09-1999,NaN
12-09-1999,NaN
13-09-1999,4815.58
14-09-1999,4823.78
15-09-1999,4789.54
16-09-1999,4763.18
17-09-1999,4753.73
18-09-1999,NaN
19-09-1999,NaN
20-09-1999,4768.02
21-09-1999,4736.85
22-09-1999,4737.79
23-09-1999,4700.32
24-09-1999,4698.53
25-09-1999,NaN
26-09-1999,NaN
27-09-1999,4691.79
28-09-1999,4651.24
29-09-1999,4629.72
30-09-1999,4620.39
01-10-1999,4625.43
02-10-1999,NaN
03-10-1999,NaN
04-10-1999,4631.2
05-10-1999,4641.94
06-10-1999,4635.29
07-10-1999,4636.35
08-10-1999,4607.18
09-10-1999,NaN
10-10-1999,NaN
11-10-1999,4594.6
12-10-1999,NaN
13-10-1999,4542.21
14-10-1999,4538.49
15-10-1999,4470.78
16-10-1999,NaN
17-10-1999,NaN
18-10-1999,4429.33
19-10-1999,4439.26
20-10-1999,4494.6
21-10-1999,4537.3
22-10-1999,4558.67
23-10-1999,NaN
24-10-1999,NaN
25-10-1999,4527.53
26-10-1999,4490.54
27-10-1999,4474.82
28-10-1999,4513.61
29-10-1999,4581.22
30-10-1999,NaN
31-10-1999,NaN
01-11-1999,NaN
02-11-1999,4632.22
03-11-1999,4652.98
04-11-1999,4645.03
05-11-1999,4688.5
06-11-1999,NaN
07-11-1999,NaN
08-11-1999,4679.16
09-11-1999,4714.79
10-11-1999,4721.56
11-11-1999,4721.4
12-11-1999,4724.29
13-11-1999,NaN
14-11-1999,NaN
15-11-1999,4757.8
16-11-1999,4793.73
17-11-1999,4783.23
18-11-1999,4809.58
19-11-1999,4830.46
20-11-1999,NaN
21-11-1999,NaN
22-11-1999,4804.35
23-11-1999,4821.25
24-11-1999,4807.5
25-11-1999,4844.47
26-11-1999,4871.62
27-11-1999,NaN
28-11-1999,NaN
29-11-1999,4905.66
30-11-1999,4910.44
01-12-1999,4945.81
02-12-1999,4965.6
03-12-1999,5016.21
04-12-1999,NaN
05-12-1999,NaN
06-12-1999,5016.3
07-12-1999,4996.77
08-12-1999,NaN
09-12-1999,5007.4
10-12-1999,4992.71
11-12-1999,NaN
12-12-1999,NaN
13-12-1999,5008.93
14-12-1999,5017.36
15-12-1999,5000.04
16-12-1999,5014.84
17-12-1999,5071.05
18-12-1999,NaN
19-12-1999,NaN
20-12-1999,5093.42
21-12-1999,5117.7
22-12-1999,5114.05
23-12-1999,5135.48
24-12-1999,5149.68
25-12-1999,NaN
26-12-1999,NaN
27-12-1999,5129.97
28-12-1999,5108.14
29-12-1999,5130.3
30-12-1999,5167.72
31-12-1999,NaN
01-01-2000,NaN
02-01-2000,NaN
03-01-2000,5216.85
04-01-2000,5178.77
05-01-2000,5180.19
06-01-2000,5186.93
07-01-2000,5208.74
08-01-2000,NaN
09-01-2000,NaN
10-01-2000,5269.66
11-01-2000,5287.57
12-01-2000,5339.63
13-01-2000,5485.31
14-01-2000,5556.44
15-01-2000,NaN
16-01-2000,NaN
17-01-2000,5610.54
18-01-2000,5595.67
19-01-2000,5587.94
20-01-2000,5600.97
21-01-2000,5624.26
22-01-2000,NaN
23-01-2000,NaN
24-01-2000,5553.39
25-01-2000,5496.15
26-01-2000,5512.36
27-01-2000,5464.65
28-01-2000,5462.3
29-01-2000,NaN
30-01-2000,NaN
31-01-2000,5427.99
01-02-2000,5408.16
02-02-2000,5428.46
03-02-2000,5497.68
04-02-2000,5586.74
05-02-2000,NaN
06-02-2000,NaN
07-02-2000,5596.91
08-02-2000,5658.66
09-02-2000,5659.34
10-02-2000,5636.35
11-02-2000,5656.55
12-02-2000,NaN
13-02-2000,NaN
14-02-2000,5606.68
15-02-2000,5550.18
16-02-2000,5484.41
17-02-2000,5445.22
18-02-2000,5357.07
19-02-2000,NaN
20-02-2000,NaN
21-02-2000,5340.01
22-02-2000,5228.95
23-02-2000,5222.07
24-02-2000,5187.29
25-02-2000,5146.08
26-02-2000,NaN
27-02-2000,NaN
28-02-2000,5130.26
29-02-2000,5191.2
01-03-2000,5255.75
02-03-2000,5259.48
03-03-2000,5294.62
04-03-2000,NaN
05-03-2000,NaN
06-03-2000,5294.12
07-03-2000,5236.36
08-03-2000,5280.18
09-03-2000,5245.01
10-03-2000,5246.96
11-03-2000,NaN
12-03-2000,NaN
13-03-2000,5207.78
14-03-2000,5190.61
15-03-2000,5209.8
16-03-2000,5240.93
17-03-2000,5253.07
18-03-2000,NaN
19-03-2000,NaN
20-03-2000,5219.83
21-03-2000,5187.62
22-03-2000,5168.47
23-03-2000,5169
24-03-2000,5194.51
25-03-2000,NaN
26-03-2000,NaN
27-03-2000,5217.07
28-03-2000,5168.57
29-03-2000,5131.28
30-03-2000,5120.7
31-03-2000,5140.87
01-04-2000,NaN
02-04-2000,NaN
03-04-2000,5107
04-04-2000,5056.07
05-04-2000,5103.79
06-04-2000,5115.64
07-04-2000,5152.23
08-04-2000,NaN
09-04-2000,NaN
10-04-2000,5133.29
11-04-2000,5117.17
12-04-2000,5081.49
13-04-2000,5050.09
14-04-2000,4993.56
15-04-2000,NaN
16-04-2000,NaN
17-04-2000,4949.65
18-04-2000,4977.3
19-04-2000,4967.9
20-04-2000,4987.25
21-04-2000,NaN
22-04-2000,NaN
23-04-2000,NaN
24-04-2000,4965.99
25-04-2000,5006.05
26-04-2000,5000.02
27-04-2000,4987.95
28-04-2000,4957.83
29-04-2000,NaN
30-04-2000,NaN
01-05-2000,NaN
02-05-2000,4958.34
03-05-2000,4900.51
04-05-2000,4889.44
05-05-2000,4913.85
06-05-2000,NaN
07-05-2000,NaN
08-05-2000,4891.58
09-05-2000,4895.62
10-05-2000,4868.1
11-05-2000,4898.08
12-05-2000,5036.08
13-05-2000,NaN
14-05-2000,NaN
15-05-2000,5160.48
16-05-2000,5164.87
17-05-2000,5143.83
18-05-2000,5126.84
19-05-2000,5111.86
20-05-2000,NaN
21-05-2000,NaN
22-05-2000,5052.29
23-05-2000,5025.37
24-05-2000,5024.3
25-05-2000,4989.23
26-05-2000,4954.3
27-05-2000,NaN
28-05-2000,NaN
29-05-2000,4941.69
30-05-2000,4960.78
31-05-2000,4992.2
01-06-2000,5000.19
02-06-2000,5017.4
03-06-2000,NaN
04-06-2000,NaN
05-06-2000,4977.82
06-06-2000,4969.35
07-06-2000,4952.28
08-06-2000,4941.65
09-06-2000,4965.38
10-06-2000,NaN
11-06-2000,NaN
12-06-2000,4942.63
13-06-2000,4935.8
14-06-2000,4935.13
15-06-2000,4910.43
16-06-2000,4910.69
17-06-2000,NaN
18-06-2000,NaN
19-06-2000,NaN
20-06-2000,4884.14
21-06-2000,4877.34
22-06-2000,4868.48
23-06-2000,4868.79
24-06-2000,NaN
25-06-2000,NaN
26-06-2000,NaN
27-06-2000,4899.89
28-06-2000,4894.09
29-06-2000,4891.87
30-06-2000,4920.04
01-07-2000,NaN
02-07-2000,NaN
03-07-2000,4914.99
04-07-2000,4908.42
05-07-2000,4922.34
06-07-2000,4905.76
07-07-2000,4903.45
08-07-2000,NaN
09-07-2000,NaN
10-07-2000,4924.21
11-07-2000,4922.17
12-07-2000,4925.6
13-07-2000,4889.72
14-07-2000,4879.56
15-07-2000,NaN
16-07-2000,NaN
17-07-2000,4880.89
18-07-2000,4869.29
19-07-2000,4849.53
20-07-2000,4864.39
21-07-2000,4868.01
22-07-2000,NaN
23-07-2000,NaN
24-07-2000,4873.4
25-07-2000,4862.38
26-07-2000,4854.98
27-07-2000,4852.38
28-07-2000,4827.23
29-07-2000,NaN
30-07-2000,NaN
31-07-2000,4827.61
01-08-2000,4878.87
02-08-2000,4903.87
03-08-2000,4929.35
04-08-2000,4950.23
05-08-2000,NaN
06-08-2000,NaN
07-08-2000,4952.07
08-08-2000,4944.17
09-08-2000,4963.83
10-08-2000,4983.73
11-08-2000,4972.2
12-08-2000,NaN
13-08-2000,NaN
14-08-2000,4966.8
15-08-2000,NaN
16-08-2000,4962.9
17-08-2000,4966.98
18-08-2000,4982.31
19-08-2000,NaN
20-08-2000,NaN
21-08-2000,4976.11
22-08-2000,4970.77
23-08-2000,4956.77
24-08-2000,4941.16
25-08-2000,4921.33
26-08-2000,NaN
27-08-2000,NaN
28-08-2000,4918.12
29-08-2000,4961.85
30-08-2000,4955.89
31-08-2000,4954.27
01-09-2000,4978.14
02-09-2000,NaN
03-09-2000,NaN
04-09-2000,NaN
05-09-2000,4964.69
06-09-2000,4942.76
07-09-2000,4947.65
08-09-2000,4940.61
09-09-2000,NaN
10-09-2000,NaN
11-09-2000,4935.83
12-09-2000,4919.67
13-09-2000,4919.46
14-09-2000,4929.17
15-09-2000,4950.39
16-09-2000,NaN
17-09-2000,NaN
18-09-2000,NaN
19-09-2000,NaN
20-09-2000,4928.74
21-09-2000,4912.39
22-09-2000,4901.24
23-09-2000,NaN
24-09-2000,NaN
25-09-2000,4892.86
26-09-2000,4849.74
27-09-2000,4830.13
28-09-2000,4841.28
29-09-2000,4849.56
30-09-2000,NaN
01-10-2000,NaN
02-10-2000,4831.82
03-10-2000,4807.21
04-10-2000,4790.81
05-10-2000,4796.16
06-10-2000,4801.96
07-10-2000,NaN
08-10-2000,NaN
09-10-2000,NaN
10-10-2000,4777.29
11-10-2000,4739.94
12-10-2000,4662.36
13-10-2000,4684.91
14-10-2000,NaN
15-10-2000,NaN
16-10-2000,4688.6
17-10-2000,4641.05
18-10-2000,4588.53
19-10-2000,4606.34
20-10-2000,4627.92
21-10-2000,NaN
22-10-2000,NaN
23-10-2000,4634.6
24-10-2000,4662.92
25-10-2000,4676.22
26-10-2000,4662.86
27-10-2000,4709.64
28-10-2000,NaN
29-10-2000,NaN
30-10-2000,4695.62
31-10-2000,4752.81
01-11-2000,NaN
02-11-2000,4778.29
03-11-2000,4832.55
04-11-2000,NaN
05-11-2000,NaN
06-11-2000,4885.46
07-11-2000,4920.56
08-11-2000,4901.77
09-11-2000,4871.81
10-11-2000,4856.55
11-11-2000,NaN
12-11-2000,NaN
13-11-2000,4827.88
14-11-2000,4831.67
15-11-2000,4836.14
16-11-2000,4836.24
17-11-2000,4860.78
18-11-2000,NaN
19-11-2000,NaN
20-11-2000,4854.69
21-11-2000,4877.66
22-11-2000,4862.02
23-11-2000,4866.78
24-11-2000,4884.79
25-11-2000,NaN
26-11-2000,NaN
27-11-2000,4878.56
28-11-2000,4858.46
29-11-2000,4857.99
30-11-2000,4841.34
01-12-2000,4841.67
02-12-2000,NaN
03-12-2000,NaN
04-12-2000,4885.63
05-12-2000,4911.16
06-12-2000,4893.55
07-12-2000,4879.8
08-12-2000,NaN
09-12-2000,NaN
10-12-2000,NaN
11-12-2000,4898.15
12-12-2000,4921.01
13-12-2000,4907.55
14-12-2000,4889.38
15-12-2000,4882.15
16-12-2000,NaN
17-12-2000,NaN
18-12-2000,4858.89
19-12-2000,4862.48
20-12-2000,4835.1
21-12-2000,4833.18
22-12-2000,4826.75
23-12-2000,NaN
24-12-2000,NaN
25-12-2000,NaN
26-12-2000,4811.1
27-12-2000,4828.67
28-12-2000,4870.15
29-12-2000,4869.04
30-12-2000,NaN
31-12-2000,NaN
01-01-2001,NaN
02-01-2001,4878.78
03-01-2001,4879.24
04-01-2001,4921.56
05-01-2001,4945.9
06-01-2001,NaN
07-01-2001,NaN
08-01-2001,4947.89
09-01-2001,4949.58
10-01-2001,4952.94
11-01-2001,4963.92
12-01-2001,4980.73
13-01-2001,NaN
14-01-2001,NaN
15-01-2001,4988.47
16-01-2001,5013.73
17-01-2001,5055.6
18-01-2001,5105.42
19-01-2001,5121.85
20-01-2001,NaN
21-01-2001,NaN
22-01-2001,5130.08
23-01-2001,5130.97
24-01-2001,5105.98
25-01-2001,5081.69
26-01-2001,5070.03
27-01-2001,NaN
28-01-2001,NaN
29-01-2001,5070.5
30-01-2001,5070.38
31-01-2001,5103.66
01-02-2001,5102.17
02-02-2001,5095.85
03-02-2001,NaN
04-02-2001,NaN
05-02-2001,5080.38
06-02-2001,5055.91
07-02-2001,5014.04
08-02-2001,5017.05
09-02-2001,4991.6
10-02-2001,NaN
11-02-2001,NaN
12-02-2001,4965.87
13-02-2001,4975.91
14-02-2001,4949.29
15-02-2001,4961.09
16-02-2001,4941.27
17-02-2001,NaN
18-02-2001,NaN
19-02-2001,4939.56
20-02-2001,4935.34
21-02-2001,4915.77
22-02-2001,4909.56
23-02-2001,4890.19
24-02-2001,NaN
25-02-2001,NaN
26-02-2001,4903.2
27-02-2001,4910.4
28-02-2001,4912.68
01-03-2001,4893.04
02-03-2001,4907.44
03-03-2001,NaN
04-03-2001,NaN
05-03-2001,4925.62
06-03-2001,4962
07-03-2001,5000.98
08-03-2001,5026.09
09-03-2001,5023.87
10-03-2001,NaN
11-03-2001,NaN
12-03-2001,4993.58
13-03-2001,4962.07
14-03-2001,4944.83
15-03-2001,4963.71
16-03-2001,4967.87
17-03-2001,NaN
18-03-2001,NaN
19-03-2001,4961.68
20-03-2001,4953.04
21-03-2001,4936.53
22-03-2001,4907.99
23-03-2001,4908.19
24-03-2001,NaN
25-03-2001,NaN
26-03-2001,4893.24
27-03-2001,4899.9
28-03-2001,4899.92
29-03-2001,4907.24
30-03-2001,4943.64
31-03-2001,NaN
01-04-2001,NaN
02-04-2001,4953.7
03-04-2001,4912.62
04-04-2001,4907.35
05-04-2001,4919.3
06-04-2001,4877.83
07-04-2001,NaN
08-04-2001,NaN
09-04-2001,4882.49
10-04-2001,4871.38
11-04-2001,4884.99
12-04-2001,4888.25
13-04-2001,NaN
14-04-2001,NaN
15-04-2001,NaN
16-04-2001,4887.62
17-04-2001,4901.88
18-04-2001,4944
19-04-2001,4995.68
20-04-2001,5001.77
21-04-2001,NaN
22-04-2001,NaN
23-04-2001,4995.82
24-04-2001,4976.16
25-04-2001,4971.06
26-04-2001,5001.09
27-04-2001,5052.22
28-04-2001,NaN
29-04-2001,NaN
30-04-2001,5071.9
01-05-2001,NaN
02-05-2001,5089.79
03-05-2001,5078.53
04-05-2001,5114.52
05-05-2001,NaN
06-05-2001,NaN
07-05-2001,5128.78
08-05-2001,5154.47
09-05-2001,5160.61
10-05-2001,5200.59
11-05-2001,5213.49
12-05-2001,NaN
13-05-2001,NaN
14-05-2001,5218.19
15-05-2001,5213.45
16-05-2001,5216.9
17-05-2001,5200.1
18-05-2001,5225.94
19-05-2001,NaN
20-05-2001,NaN
21-05-2001,NaN
22-05-2001,5242
23-05-2001,5246.93
24-05-2001,5274.73
25-05-2001,5333.9
26-05-2001,NaN
27-05-2001,NaN
28-05-2001,5368.74
29-05-2001,5393.23
30-05-2001,5417.34
31-05-2001,5490.22
01-06-2001,5501.89
02-06-2001,NaN
03-06-2001,NaN
04-06-2001,5476.47
05-06-2001,5446.54
06-06-2001,5437.55
07-06-2001,5450.28
08-06-2001,5453.39
09-06-2001,NaN
10-06-2001,NaN
11-06-2001,NaN
12-06-2001,5433.02
13-06-2001,5459.25
14-06-2001,5476.53
15-06-2001,5482.46
16-06-2001,NaN
17-06-2001,NaN
18-06-2001,5438.84
19-06-2001,5420.96
20-06-2001,5382.42
21-06-2001,5376.57
22-06-2001,5402.3
23-06-2001,NaN
24-06-2001,NaN
25-06-2001,5401
26-06-2001,5370.21
27-06-2001,5359.05
28-06-2001,5370.41
29-06-2001,5390.85
30-06-2001,NaN
01-07-2001,NaN
02-07-2001,NaN
03-07-2001,5386.64
04-07-2001,5404.66
05-07-2001,5446.65
06-07-2001,5442.66
07-07-2001,NaN
08-07-2001,NaN
09-07-2001,5446.83
10-07-2001,5449.5
11-07-2001,5417.76
12-07-2001,5379.03
13-07-2001,5366.56
14-07-2001,NaN
15-07-2001,NaN
16-07-2001,5351.34
17-07-2001,5374.76
18-07-2001,5351.31
19-07-2001,5343.07
20-07-2001,5371.16
21-07-2001,NaN
22-07-2001,NaN
23-07-2001,5387.26
24-07-2001,5389.39
25-07-2001,5431.47
26-07-2001,5444.92
27-07-2001,5456.63
28-07-2001,NaN
29-07-2001,NaN
30-07-2001,5474.89
31-07-2001,5484.16
01-08-2001,5462.14
02-08-2001,5467.42
03-08-2001,5468.3
04-08-2001,NaN
05-08-2001,NaN
06-08-2001,5479.5
07-08-2001,5490.53
08-08-2001,5515.51
09-08-2001,5552.23
10-08-2001,5597.54
11-08-2001,NaN
12-08-2001,NaN
13-08-2001,5635.96
14-08-2001,5686.57
15-08-2001,NaN
16-08-2001,5717.98
17-08-2001,5673.99
18-08-2001,NaN
19-08-2001,NaN
20-08-2001,5692.86
21-08-2001,5697.8
22-08-2001,5690.49
23-08-2001,5636.6
24-08-2001,5632.46
25-08-2001,NaN
26-08-2001,NaN
27-08-2001,5626.44
28-08-2001,5665.4
29-08-2001,5676.15
30-08-2001,5655.09
31-08-2001,5666.09
01-09-2001,NaN
02-09-2001,NaN
03-09-2001,NaN
04-09-2001,5636.61
05-09-2001,5645.01
06-09-2001,5638.06
07-09-2001,5620.2
08-09-2001,NaN
09-09-2001,NaN
10-09-2001,5586.31
11-09-2001,5497.49
12-09-2001,5504.05
13-09-2001,5423.65
14-09-2001,5314.22
15-09-2001,NaN
16-09-2001,NaN
17-09-2001,5393.97
18-09-2001,NaN
19-09-2001,NaN
20-09-2001,5269.96
21-09-2001,5175.97
22-09-2001,NaN
23-09-2001,NaN
24-09-2001,5170.68
25-09-2001,5150.8
26-09-2001,5121.78
27-09-2001,5087.4
28-09-2001,5075.42
29-09-2001,NaN
30-09-2001,NaN
01-10-2001,5064.97
02-10-2001,5041.48
03-10-2001,5017.13
04-10-2001,4994.88
05-10-2001,4961.73
06-10-2001,NaN
07-10-2001,NaN
08-10-2001,4892.99
09-10-2001,4906.25
10-10-2001,4989.65
11-10-2001,5059.66
12-10-2001,5040.2
13-10-2001,NaN
14-10-2001,NaN
15-10-2001,NaN
16-10-2001,5085.8
17-10-2001,5122.43
18-10-2001,5129.28
19-10-2001,5126.2
20-10-2001,NaN
21-10-2001,NaN
22-10-2001,5146.04
23-10-2001,5189.35
24-10-2001,5202.54
25-10-2001,5177.57
26-10-2001,5220.15
27-10-2001,NaN
28-10-2001,NaN
29-10-2001,5185.16
30-10-2001,5178.78
31-10-2001,5180.93
01-11-2001,NaN
02-11-2001,5162.61
03-11-2001,NaN
04-11-2001,NaN
05-11-2001,5185.35
06-11-2001,5222.28
07-11-2001,5296.63
08-11-2001,5339.08
09-11-2001,5334.4
10-11-2001,NaN
11-11-2001,NaN
12-11-2001,5351
13-11-2001,5398.53
14-11-2001,5420.78
15-11-2001,5414.93
16-11-2001,5467.97
17-11-2001,NaN
18-11-2001,NaN
19-11-2001,5535.14
20-11-2001,5503.43
21-11-2001,5504.29
22-11-2001,5511.31
23-11-2001,5521.54
24-11-2001,NaN
25-11-2001,NaN
26-11-2001,5509.66
27-11-2001,5454.5
28-11-2001,5400.58
29-11-2001,5424.81
30-11-2001,5443.15
01-12-2001,NaN
02-12-2001,NaN
03-12-2001,5419.58
04-12-2001,5422.26
05-12-2001,5455.8
06-12-2001,5444.7
07-12-2001,5461.86
08-12-2001,NaN
09-12-2001,NaN
10-12-2001,5446.77
11-12-2001,5438.3
12-12-2001,5408.22
13-12-2001,5409.82
14-12-2001,5427.82
15-12-2001,NaN
16-12-2001,NaN
17-12-2001,5432.09
18-12-2001,5439.09
19-12-2001,5434.64
20-12-2001,5396.07
21-12-2001,5415.57
22-12-2001,NaN
23-12-2001,NaN
24-12-2001,5419.18
25-12-2001,NaN
26-12-2001,5397.75
27-12-2001,5397.48
28-12-2001,5397.69
29-12-2001,NaN
30-12-2001,NaN
31-12-2001,NaN
01-01-2002,NaN
02-01-2002,5404.42
03-01-2002,5411.44
04-01-2002,5450.73
05-01-2002,NaN
06-01-2002,NaN
07-01-2002,5406.96
08-01-2002,5364.34
09-01-2002,5307.65
10-01-2002,5310.83
11-01-2002,5325.1
12-01-2002,NaN
13-01-2002,NaN
14-01-2002,5301.59
15-01-2002,5294.18
16-01-2002,5279.98
17-01-2002,5290.4
18-01-2002,5283.38
19-01-2002,NaN
20-01-2002,NaN
21-01-2002,5283.16
22-01-2002,5276
23-01-2002,5263.64
24-01-2002,5297.15
25-01-2002,5285.67
26-01-2002,NaN
27-01-2002,NaN
28-01-2002,5280.94
29-01-2002,5282.94
30-01-2002,5270.29
31-01-2002,5282.24
01-02-2002,5289.43
02-02-2002,NaN
03-02-2002,NaN
04-02-2002,5284.58
05-02-2002,5255.73
06-02-2002,5244.05
07-02-2002,5246.98
08-02-2002,5244.05
09-02-2002,NaN
10-02-2002,NaN
11-02-2002,5230.14
12-02-2002,5233.27
13-02-2002,5270.68
14-02-2002,5289.15
15-02-2002,5286.53
16-02-2002,NaN
17-02-2002,NaN
18-02-2002,5289.82
19-02-2002,5269.24
20-02-2002,5250.07
21-02-2002,5260.37
22-02-2002,5250.32
23-02-2002,NaN
24-02-2002,NaN
25-02-2002,5266.12
26-02-2002,5271.35
27-02-2002,5277.22
28-02-2002,5287.14
01-03-2002,5326.44
02-03-2002,NaN
03-03-2002,NaN
04-03-2002,5383.35
05-03-2002,5399.47
06-03-2002,5422.57
07-03-2002,5455.32
08-03-2002,5456.59
09-03-2002,NaN
10-03-2002,NaN
11-03-2002,5439.85
12-03-2002,5420.77
13-03-2002,5431.79
14-03-2002,5418.38
15-03-2002,5429.52
16-03-2002,NaN
17-03-2002,NaN
18-03-2002,5431.51
19-03-2002,5416.41
20-03-2002,5400.19
21-03-2002,5420.95
22-03-2002,5419.48
23-03-2002,NaN
24-03-2002,NaN
25-03-2002,5393.08
26-03-2002,5372.44
27-03-2002,5329.75
28-03-2002,5340.43
29-03-2002,NaN
30-03-2002,NaN
31-03-2002,NaN
01-04-2002,5303.37
02-04-2002,5276.27
03-04-2002,5273.71
04-04-2002,5284.32
05-04-2002,5284.21
06-04-2002,NaN
07-04-2002,NaN
08-04-2002,5265.16
09-04-2002,5274.85
10-04-2002,5275.28
11-04-2002,5259.16
12-04-2002,5250.32
13-04-2002,NaN
14-04-2002,NaN
15-04-2002,5231.32
16-04-2002,5263.64
17-04-2002,5256.95
18-04-2002,5254.01
19-04-2002,5271.46
20-04-2002,NaN
21-04-2002,NaN
22-04-2002,5255.71
23-04-2002,5242.79
24-04-2002,NaN
25-04-2002,5216.43
26-04-2002,5217.17
27-04-2002,NaN
28-04-2002,NaN
29-04-2002,5201.75
30-04-2002,5223.76
01-05-2002,NaN
02-05-2002,5243.34
03-05-2002,5227.28
04-05-2002,NaN
05-05-2002,NaN
06-05-2002,5214.88
07-05-2002,5209.59
08-05-2002,5229.47
09-05-2002,5234.3
10-05-2002,5228.62
11-05-2002,NaN
12-05-2002,NaN
13-05-2002,5213.87
14-05-2002,5218.99
15-05-2002,5222.11
16-05-2002,5251.81
17-05-2002,5251.79
18-05-2002,NaN
19-05-2002,NaN
20-05-2002,5259.6
21-05-2002,NaN
22-05-2002,5235.19
23-05-2002,5212.93
24-05-2002,5207.75
25-05-2002,NaN
26-05-2002,NaN
27-05-2002,NaN
28-05-2002,5172.39
29-05-2002,5142.2
30-05-2002,5136.94
31-05-2002,5138.45
01-06-2002,NaN
02-06-2002,NaN
03-06-2002,5132.29
04-06-2002,5110.97
05-06-2002,5104.09
06-06-2002,5084.83
07-06-2002,5100.84
08-06-2002,NaN
09-06-2002,NaN
10-06-2002,5098.03
11-06-2002,5066.52
12-06-2002,5045.69
13-06-2002,5056.68
14-06-2002,5075.08
15-06-2002,NaN
16-06-2002,NaN
17-06-2002,5106.85
18-06-2002,5110.67
19-06-2002,5089.48
20-06-2002,5068.27
21-06-2002,5026.42
22-06-2002,NaN
23-06-2002,NaN
24-06-2002,5036.96
25-06-2002,5039.62
26-06-2002,4994.54
27-06-2002,5003.99
28-06-2002,5002.66
29-06-2002,NaN
30-06-2002,NaN
01-07-2002,4985.84
02-07-2002,4963.99
03-07-2002,4918.74
04-07-2002,4918.6
05-07-2002,4934.61
06-07-2002,NaN
07-07-2002,NaN
08-07-2002,4915.39
09-07-2002,4894.1
10-07-2002,4851.46
11-07-2002,4809.98
12-07-2002,4817.97
13-07-2002,NaN
14-07-2002,NaN
15-07-2002,4764.9
16-07-2002,4741.44
17-07-2002,4743.15
18-07-2002,4783.76
19-07-2002,4789.71
20-07-2002,NaN
21-07-2002,NaN
22-07-2002,4735.83
23-07-2002,4721.47
24-07-2002,4756.96
25-07-2002,4750.77
26-07-2002,4785.89
27-07-2002,NaN
28-07-2002,NaN
29-07-2002,4852.31
30-07-2002,4927.5
31-07-2002,4954.71
01-08-2002,4938.69
02-08-2002,4939.55
03-08-2002,NaN
04-08-2002,NaN
05-08-2002,4903.8
06-08-2002,4952.77
07-08-2002,5002.27
08-08-2002,5082.83
09-08-2002,5059.48
10-08-2002,NaN
11-08-2002,NaN
12-08-2002,5036.65
13-08-2002,5027.4
14-08-2002,5042.95
15-08-2002,NaN
16-08-2002,5044.5
17-08-2002,NaN
18-08-2002,NaN
19-08-2002,5039.13
20-08-2002,4997.01
21-08-2002,4983.86
22-08-2002,5000.91
23-08-2002,4987.02
24-08-2002,NaN
25-08-2002,NaN
26-08-2002,4979.58
27-08-2002,4963.36
28-08-2002,4942.12
29-08-2002,4950.02
30-08-2002,4955.49
31-08-2002,NaN
01-09-2002,NaN
02-09-2002,4933.85
03-09-2002,4911.14
04-09-2002,4904.35
05-09-2002,4863.73
06-09-2002,4871.61
07-09-2002,NaN
08-09-2002,NaN
09-09-2002,4875.76
10-09-2002,4885.37
11-09-2002,4905.81
12-09-2002,4876.05
13-09-2002,4864.15
14-09-2002,NaN
15-09-2002,NaN
16-09-2002,4846.13
17-09-2002,4843.15
18-09-2002,NaN
19-09-2002,NaN
20-09-2002,4809.57
21-09-2002,NaN
22-09-2002,NaN
23-09-2002,4755.32
24-09-2002,4721.82
25-09-2002,4730.68
26-09-2002,4735.3
27-09-2002,4716.75
28-09-2002,NaN
29-09-2002,NaN
30-09-2002,4695.26
01-10-2002,4714.49
02-10-2002,4694.57
03-10-2002,4680.16
04-10-2002,4700.05
05-10-2002,NaN
06-10-2002,NaN
07-10-2002,4648.43
08-10-2002,4638.14
09-10-2002,4597.25
10-10-2002,4610.39
11-10-2002,4621.86
12-10-2002,NaN
13-10-2002,NaN
14-10-2002,4616.3
15-10-2002,4612.75
16-10-2002,4586.56
17-10-2002,4623.48
18-10-2002,4675.39
19-10-2002,NaN
20-10-2002,NaN
21-10-2002,4680
22-10-2002,4678.28
23-10-2002,4681.99
24-10-2002,4696.56
25-10-2002,4695.9
26-10-2002,NaN
27-10-2002,NaN
28-10-2002,4711.78
29-10-2002,4697.57
30-10-2002,4733
31-10-2002,4768.42
01-11-2002,NaN
02-11-2002,NaN
03-11-2002,NaN
04-11-2002,4791.17
05-11-2002,4817.83
06-11-2002,4830.61
07-11-2002,4793.05
08-11-2002,4775.63
09-11-2002,NaN
10-11-2002,NaN
11-11-2002,4751.81
12-11-2002,4752.22
13-11-2002,4764.86
14-11-2002,4799.04
15-11-2002,4832.38
16-11-2002,NaN
17-11-2002,NaN
18-11-2002,4828.27
19-11-2002,4810.9
20-11-2002,4814.57
21-11-2002,4819.1
22-11-2002,4817.43
23-11-2002,NaN
24-11-2002,NaN
25-11-2002,4790.27
26-11-2002,4775.64
27-11-2002,4789.28
28-11-2002,4803.33
29-11-2002,4814.82
30-11-2002,NaN
01-12-2002,NaN
02-12-2002,4817.04
03-12-2002,4812.32
04-12-2002,4813.59
05-12-2002,4843.39
06-12-2002,4871.83
07-12-2002,NaN
08-12-2002,NaN
09-12-2002,4862.39
10-12-2002,4875.43
11-12-2002,4897.19
12-12-2002,4904.87
13-12-2002,4906.24
14-12-2002,NaN
15-12-2002,NaN
16-12-2002,4894.23
17-12-2002,4907.23
18-12-2002,4943.38
19-12-2002,4986.48
20-12-2002,5000.78
21-12-2002,NaN
22-12-2002,NaN
23-12-2002,5011.21
24-12-2002,4987.24
25-12-2002,NaN
26-12-2002,4994.32
27-12-2002,4997.62
28-12-2002,NaN
29-12-2002,NaN
30-12-2002,5019.64
31-12-2002,NaN
01-01-2003,NaN
02-01-2003,5009.93
03-01-2003,5021.97
04-01-2003,NaN
05-01-2003,NaN
06-01-2003,5041.43
07-01-2003,5031.98
08-01-2003,5008.45
09-01-2003,5041.1
10-01-2003,5066.85
11-01-2003,NaN
12-01-2003,NaN
13-01-2003,5070.76
14-01-2003,5066.07
15-01-2003,5058.75
16-01-2003,5041.49
17-01-2003,5035.35
18-01-2003,NaN
19-01-2003,NaN
20-01-2003,5038.38
21-01-2003,5007.67
22-01-2003,4999.52
23-01-2003,5000.97
24-01-2003,4985.04
25-01-2003,NaN
26-01-2003,NaN
27-01-2003,4948.75
28-01-2003,4953.66
29-01-2003,4940.06
30-01-2003,4953.29
31-01-2003,4981.9
01-02-2003,NaN
02-02-2003,NaN
03-02-2003,4987.88
04-02-2003,4991.62
05-02-2003,5010.12
06-02-2003,5018.09
07-02-2003,5033.16
08-02-2003,NaN
09-02-2003,NaN
10-02-2003,5034.77
11-02-2003,5048.57
12-02-2003,5051.82
13-02-2003,5038.25
14-02-2003,5035.29
15-02-2003,NaN
16-02-2003,NaN
17-02-2003,5027.88
18-02-2003,5027.83
19-02-2003,5016.25
20-02-2003,5017.98
21-02-2003,5024.32
22-02-2003,NaN
23-02-2003,NaN
24-02-2003,5011.98
25-02-2003,5003.83
26-02-2003,5003.51
27-02-2003,5014.37
28-02-2003,5045.96
01-03-2003,NaN
02-03-2003,NaN
03-03-2003,5058.23
04-03-2003,5066.71
05-03-2003,5070.8
06-03-2003,5094.31
07-03-2003,5124.89
08-03-2003,NaN
09-03-2003,NaN
10-03-2003,5078.1
11-03-2003,5055.82
12-03-2003,5068.42
13-03-2003,5070.44
14-03-2003,5057.04
15-03-2003,NaN
16-03-2003,NaN
17-03-2003,5046.49
18-03-2003,5046.42
19-03-2003,5057.2
20-03-2003,5069.82
21-03-2003,5078.22
22-03-2003,NaN
23-03-2003,NaN
24-03-2003,5046.46
25-03-2003,5050.43
26-03-2003,5033.44
27-03-2003,5023.51
28-03-2003,5047.93
29-03-2003,NaN
30-03-2003,NaN
31-03-2003,5057.13
01-04-2003,5056.82
02-04-2003,5065.28
03-04-2003,5081.23
04-04-2003,5094.19
05-04-2003,NaN
06-04-2003,NaN
07-04-2003,5119.28
08-04-2003,5127.03
09-04-2003,5146.91
10-04-2003,5181.37
11-04-2003,5197.01
12-04-2003,NaN
13-04-2003,NaN
14-04-2003,5228.94
15-04-2003,5260.26
16-04-2003,5294.45
17-04-2003,5335.05
18-04-2003,NaN
19-04-2003,NaN
20-04-2003,NaN
21-04-2003,5355.54
22-04-2003,5348.61
23-04-2003,5434.71
24-04-2003,5463.56
25-04-2003,5448.77
26-04-2003,NaN
27-04-2003,NaN
28-04-2003,5489.42
29-04-2003,5574.93
30-04-2003,5679.59
01-05-2003,5679.59
02-05-2003,5724.57
03-05-2003,NaN
04-05-2003,NaN
05-05-2003,5725.42
06-05-2003,5702.68
07-05-2003,5705.3
08-05-2003,5708.75
09-05-2003,5786.33
10-05-2003,NaN
11-05-2003,NaN
12-05-2003,5810.13
13-05-2003,5882.99
14-05-2003,5879.71
15-05-2003,5890.21
16-05-2003,5845.15
17-05-2003,NaN
18-05-2003,NaN
19-05-2003,5755.02
20-05-2003,5704.42
21-05-2003,5704.42
22-05-2003,5802.83
23-05-2003,5806.32
24-05-2003,NaN
25-05-2003,NaN
26-05-2003,5819.56
27-05-2003,5824.3
28-05-2003,5880.86
29-05-2003,5911.99
30-05-2003,5917.39
31-05-2003,NaN
01-06-2003,NaN
02-06-2003,5967.32
03-06-2003,5963.65
04-06-2003,5978.55
05-06-2003,6017.83
06-06-2003,6057.06
07-06-2003,NaN
08-06-2003,NaN
09-06-2003,6077.02
10-06-2003,6107.53
11-06-2003,6108.13
12-06-2003,6145.13
13-06-2003,6165.43
14-06-2003,NaN
15-06-2003,NaN
16-06-2003,NaN
17-06-2003,6174.82
18-06-2003,6116.66
19-06-2003,6073.32
20-06-2003,6052.53
21-06-2003,NaN
22-06-2003,NaN
23-06-2003,6001.49
24-06-2003,5950.53
25-06-2003,5962.34
26-06-2003,5922.99
27-06-2003,5960.17
28-06-2003,NaN
29-06-2003,NaN
30-06-2003,5967.54
01-07-2003,6025.56
02-07-2003,6049.58
03-07-2003,6058.99
04-07-2003,6060.9
05-07-2003,NaN
06-07-2003,NaN
07-07-2003,6072.43
08-07-2003,6073.64
09-07-2003,6033.7
10-07-2003,6004.1
11-07-2003,6063.58
12-07-2003,NaN
13-07-2003,NaN
14-07-2003,6064.61
15-07-2003,6048.17
16-07-2003,6039.34
17-07-2003,6018.45
18-07-2003,6035.03
19-07-2003,NaN
20-07-2003,NaN
21-07-2003,6022.1
22-07-2003,6066.39
23-07-2003,6112.11
24-07-2003,6132.97
25-07-2003,6201.03
26-07-2003,NaN
27-07-2003,NaN
28-07-2003,6208.31
29-07-2003,6240.14
30-07-2003,6260.64
31-07-2003,6309.86
01-08-2003,6374.71
02-08-2003,NaN
03-08-2003,NaN
04-08-2003,6345.93
05-08-2003,6314.1
06-08-2003,6364.09
07-08-2003,6381.9
08-08-2003,6425.36
09-08-2003,NaN
10-08-2003,NaN
11-08-2003,6486.96
12-08-2003,6552.74
13-08-2003,6610.47
14-08-2003,6704.89
15-08-2003,6704.89
16-08-2003,NaN
17-08-2003,NaN
18-08-2003,6738.11
19-08-2003,6752.7
20-08-2003,6771.75
21-08-2003,6766.05
22-08-2003,6699.19
23-08-2003,NaN
24-08-2003,NaN
25-08-2003,6652.88
26-08-2003,6607.7
27-08-2003,6675.62
28-08-2003,6707.24
29-08-2003,6727.96
30-08-2003,NaN
31-08-2003,NaN
01-09-2003,6723.8
02-09-2003,6715.38
03-09-2003,6713.11
04-09-2003,6672.52
05-09-2003,6685.53
06-09-2003,NaN
07-09-2003,NaN
08-09-2003,6724.85
09-09-2003,6741.42
10-09-2003,6765.73
11-09-2003,6813.44
12-09-2003,6764.93
13-09-2003,NaN
14-09-2003,NaN
15-09-2003,6750.68
16-09-2003,6776.76
17-09-2003,6791.61
18-09-2003,6791.61
19-09-2003,NaN
20-09-2003,NaN
21-09-2003,NaN
22-09-2003,6770.45
23-09-2003,6829.19
24-09-2003,6850.81
25-09-2003,6886.1
26-09-2003,6946.23
27-09-2003,NaN
28-09-2003,NaN
29-09-2003,6987.65
30-09-2003,6991.6
01-10-2003,7070.66
02-10-2003,7089.36
03-10-2003,7160.7
04-10-2003,NaN
05-10-2003,NaN
06-10-2003,7167.46
07-10-2003,7106.53
08-10-2003,7187.3
09-10-2003,7259.69
10-10-2003,7339.35
11-10-2003,NaN
12-10-2003,NaN
13-10-2003,7402.89
14-10-2003,7529.88
15-10-2003,7515.14
16-10-2003,7552.83
17-10-2003,7552.81
18-10-2003,NaN
19-10-2003,NaN
20-10-2003,7602.33
21-10-2003,7652.45
22-10-2003,7677.79
23-10-2003,7611.22
24-10-2003,7562.44
25-10-2003,NaN
26-10-2003,NaN
27-10-2003,7594.31
28-10-2003,7561.74
29-10-2003,7544.93
30-10-2003,7504.81
31-10-2003,7452.02
01-11-2003,NaN
02-11-2003,NaN
03-11-2003,7408.82
04-11-2003,7272.95
05-11-2003,7161.45
06-11-2003,7131.09
07-11-2003,7108.97
08-11-2003,NaN
09-11-2003,NaN
10-11-2003,6977.41
11-11-2003,7052.49
12-11-2003,7147.99
13-11-2003,7234.29
14-11-2003,7287.69
15-11-2003,NaN
16-11-2003,NaN
17-11-2003,7209.8
18-11-2003,7165.76
19-11-2003,7146.85
20-11-2003,7105.15
21-11-2003,7109.84
22-11-2003,NaN
23-11-2003,NaN
24-11-2003,7133.9
25-11-2003,7147.65
26-11-2003,7149.18
27-11-2003,7188.6
28-11-2003,7244.7
29-11-2003,NaN
30-11-2003,NaN
01-12-2003,7326.14
02-12-2003,7298.89
03-12-2003,7265.66
04-12-2003,7267.48
05-12-2003,7277.5
06-12-2003,NaN
07-12-2003,NaN
08-12-2003,NaN
09-12-2003,7225.88
10-12-2003,7195.42
11-12-2003,7206.7
12-12-2003,7228.24
13-12-2003,NaN
14-12-2003,NaN
15-12-2003,7231.42
16-12-2003,7193.22
17-12-2003,7194.89
18-12-2003,7221.42
19-12-2003,7211.3
20-12-2003,NaN
21-12-2003,NaN
22-12-2003,7224.8
23-12-2003,7285.12
24-12-2003,7297.42
25-12-2003,NaN
26-12-2003,7294.92
27-12-2003,NaN
28-12-2003,NaN
29-12-2003,7317.06
30-12-2003,7336.67
31-12-2003,NaN
01-01-2004,NaN
02-01-2004,7318.62
03-01-2004,NaN
04-01-2004,NaN
05-01-2004,7317.92
06-01-2004,7253.12
07-01-2004,7211
08-01-2004,7205.73
09-01-2004,7246.2
10-01-2004,NaN
11-01-2004,NaN
12-01-2004,7251.28
13-01-2004,7236.23
14-01-2004,7275.65
15-01-2004,7259.47
16-01-2004,7223.32
17-01-2004,NaN
18-01-2004,NaN
19-01-2004,7209.12
20-01-2004,7181.59
21-01-2004,7154.93
22-01-2004,7178.69
23-01-2004,7171.22
24-01-2004,NaN
25-01-2004,NaN
26-01-2004,7139.93
27-01-2004,7142.16
28-01-2004,7117.02
29-01-2004,7089.07
30-01-2004,7079.38
31-01-2004,NaN
01-02-2004,NaN
02-02-2004,7074.51
03-02-2004,7087.25
04-02-2004,7080.73
05-02-2004,7126.23
06-02-2004,7146.34
07-02-2004,NaN
08-02-2004,NaN
09-02-2004,7155.67
10-02-2004,7157.78
11-02-2004,7159.83
12-02-2004,7155.42
13-02-2004,7188.22
14-02-2004,NaN
15-02-2004,NaN
16-02-2004,7236.01
17-02-2004,7336.98
18-02-2004,7429.04
19-02-2004,7433.15
20-02-2004,7460.69
21-02-2004,NaN
22-02-2004,NaN
23-02-2004,7567.56
24-02-2004,7556.28
25-02-2004,7572.8
26-02-2004,7589.83
27-02-2004,7629.43
28-02-2004,NaN
29-02-2004,NaN
01-03-2004,7666.76
02-03-2004,7747.93
03-03-2004,7770.69
04-03-2004,7735.95
05-03-2004,7695.88
06-03-2004,NaN
07-03-2004,NaN
08-03-2004,7581.21
09-03-2004,7662.12
10-03-2004,7693.02
11-03-2004,7658.55
12-03-2004,7605.19
13-03-2004,NaN
14-03-2004,NaN
15-03-2004,7507.49
16-03-2004,7572.22
17-03-2004,7589.31
18-03-2004,7537.02
19-03-2004,7526.76
20-03-2004,NaN
21-03-2004,NaN
22-03-2004,7418.47
23-03-2004,7425.29
24-03-2004,7380.46
25-03-2004,7411.59
26-03-2004,7389.25
27-03-2004,NaN
28-03-2004,NaN
29-03-2004,7432.02
30-03-2004,7443.37
31-03-2004,7474.34
01-04-2004,7545.65
02-04-2004,7582.08
03-04-2004,NaN
04-04-2004,NaN
05-04-2004,7629.42
06-04-2004,7611.63
07-04-2004,7593.38
08-04-2004,7548.2
09-04-2004,NaN
10-04-2004,NaN
11-04-2004,NaN
12-04-2004,7535.1
13-04-2004,7511.71
14-04-2004,7485.87
15-04-2004,7440.73
16-04-2004,7432.98
17-04-2004,NaN
18-04-2004,NaN
19-04-2004,7373.73
20-04-2004,7359.55
21-04-2004,7309.98
22-04-2004,7348.71
23-04-2004,7400.68
24-04-2004,NaN
25-04-2004,NaN
26-04-2004,7413.4
27-04-2004,7420.71
28-04-2004,7385.39
29-04-2004,7353.55
30-04-2004,7339.68
01-05-2004,NaN
02-05-2004,NaN
03-05-2004,7285.06
04-05-2004,7316.45
05-05-2004,7336.4
06-05-2004,7310.99
07-05-2004,7284.81
08-05-2004,NaN
09-05-2004,NaN
10-05-2004,7170.28
11-05-2004,7241.33
12-05-2004,7215.5
13-05-2004,7178.3
14-05-2004,7184.8
15-05-2004,NaN
16-05-2004,NaN
17-05-2004,7122.92
18-05-2004,7139.15
19-05-2004,7177.79
20-05-2004,7166.27
21-05-2004,NaN
22-05-2004,NaN
23-05-2004,NaN
24-05-2004,7122.99
25-05-2004,7127.01
26-05-2004,7176.84
27-05-2004,7245.68
28-05-2004,7210.06
29-05-2004,NaN
30-05-2004,NaN
31-05-2004,7207.75
01-06-2004,7166.68
02-06-2004,7184.63
03-06-2004,7146.28
04-06-2004,7143.78
05-06-2004,NaN
06-06-2004,NaN
07-06-2004,NaN
08-06-2004,7178.65
09-06-2004,7214.89
10-06-2004,7269.85
11-06-2004,7308.46
12-06-2004,NaN
13-06-2004,NaN
14-06-2004,7262.02
15-06-2004,7306.7
16-06-2004,7375.28
17-06-2004,7384.47
18-06-2004,7416.19
19-06-2004,NaN
20-06-2004,NaN
21-06-2004,7408.25
22-06-2004,7384.43
23-06-2004,7438.26
24-06-2004,7492.73
25-06-2004,7498.47
26-06-2004,NaN
27-06-2004,NaN
28-06-2004,NaN
29-06-2004,7488.42
30-06-2004,7518.78
01-07-2004,7520.43
02-07-2004,7539.71
03-07-2004,NaN
04-07-2004,NaN
05-07-2004,7535.39
06-07-2004,7565.01
07-07-2004,7594.14
08-07-2004,7585.95
09-07-2004,7613.31
10-07-2004,NaN
11-07-2004,NaN
12-07-2004,7634.84
13-07-2004,7660.25
14-07-2004,7677.47
15-07-2004,7689.94
16-07-2004,7752.97
17-07-2004,NaN
18-07-2004,NaN
19-07-2004,7713.25
20-07-2004,7765.53
21-07-2004,7777.63
22-07-2004,7758.48
23-07-2004,7771.05
24-07-2004,NaN
25-07-2004,NaN
26-07-2004,7765.15
27-07-2004,7797.61
28-07-2004,7831.96
29-07-2004,7874.3
30-07-2004,7882.41
31-07-2004,NaN
01-08-2004,NaN
02-08-2004,7871.46
03-08-2004,7857.73
04-08-2004,7851.72
05-08-2004,7885.33
06-08-2004,7888.66
07-08-2004,NaN
08-08-2004,NaN
09-08-2004,7911.53
10-08-2004,7907.65
11-08-2004,7949.48
12-08-2004,7973.16
13-08-2004,7959.92
14-08-2004,NaN
15-08-2004,NaN
16-08-2004,7989.96
17-08-2004,8052.59
18-08-2004,8101.37
19-08-2004,8101.06
20-08-2004,8146.78
21-08-2004,NaN
22-08-2004,NaN
23-08-2004,8111.73
24-08-2004,8105.63
25-08-2004,8121.34
26-08-2004,8134.87
27-08-2004,8224.64
28-08-2004,NaN
29-08-2004,NaN
30-08-2004,8244.11
31-08-2004,8238.23
01-09-2004,8243.12
02-09-2004,8242.2
03-09-2004,8253.44
04-09-2004,NaN
05-09-2004,NaN
06-09-2004,8243.13
07-09-2004,8202.81
08-09-2004,8148.64
09-09-2004,8108.27
10-09-2004,8143.63
11-09-2004,NaN
12-09-2004,NaN
13-09-2004,8164.95
14-09-2004,8232.87
15-09-2004,8291.04
16-09-2004,8315.15
17-09-2004,NaN
18-09-2004,NaN
19-09-2004,NaN
20-09-2004,8340.73
21-09-2004,8410.54
22-09-2004,8388.46
23-09-2004,8434.52
24-09-2004,8477.45
25-09-2004,NaN
26-09-2004,NaN
27-09-2004,8496.1
28-09-2004,8464
29-09-2004,8555.73
30-09-2004,8562.71
01-10-2004,8695.82
02-10-2004,NaN
03-10-2004,NaN
04-10-2004,8766.29
05-10-2004,8726.79
06-10-2004,8698.13
07-10-2004,8648.93
08-10-2004,8606.93
09-10-2004,NaN
10-10-2004,NaN
11-10-2004,NaN
12-10-2004,8541.57
13-10-2004,8501.99
14-10-2004,8498
15-10-2004,8574.93
16-10-2004,NaN
17-10-2004,NaN
18-10-2004,8636.39
19-10-2004,8715.97
20-10-2004,8689.81
21-10-2004,8748.85
22-10-2004,8794.11
23-10-2004,NaN
24-10-2004,NaN
25-10-2004,8705.83
26-10-2004,8717.96
27-10-2004,8765.13
28-10-2004,8803.09
29-10-2004,8805.95
30-10-2004,NaN
31-10-2004,NaN
01-11-2004,NaN
02-11-2004,8838.93
03-11-2004,8851.25
04-11-2004,8841.77
05-11-2004,8808.02
06-11-2004,NaN
07-11-2004,NaN
08-11-2004,8770.04
09-11-2004,8802.63
10-11-2004,8768.29
11-11-2004,8743.58
12-11-2004,8744.77
13-11-2004,NaN
14-11-2004,NaN
15-11-2004,8692.04
16-11-2004,8710.7
17-11-2004,8749.08
18-11-2004,8791.49
19-11-2004,NaN
20-11-2004,NaN
21-11-2004,NaN
22-11-2004,8798.07
23-11-2004,8846.81
24-11-2004,8909.98
25-11-2004,8924.04
26-11-2004,8927.04
27-11-2004,NaN
28-11-2004,NaN
29-11-2004,8944.98
30-11-2004,8998.6
01-12-2004,9054.3
02-12-2004,9048.41
03-12-2004,9040.48
04-12-2004,NaN
05-12-2004,NaN
06-12-2004,9018.58
07-12-2004,8965.71
08-12-2004,NaN
09-12-2004,8913.34
10-12-2004,8951.83
11-12-2004,NaN
12-12-2004,NaN
13-12-2004,8951.34
14-12-2004,8950.37
15-12-2004,8942.45
16-12-2004,8933.89
17-12-2004,8930.34
18-12-2004,NaN
19-12-2004,NaN
20-12-2004,8949.74
21-12-2004,8990.56
22-12-2004,9019.31
23-12-2004,8988.38
24-12-2004,8976.04
25-12-2004,NaN
26-12-2004,NaN
27-12-2004,8946.06
28-12-2004,8940.8
29-12-2004,8940.62
30-12-2004,8962.56
31-12-2004,NaN
01-01-2005,NaN
02-01-2005,NaN
03-01-2005,8930.44
04-01-2005,8877.18
05-01-2005,8825.61
06-01-2005,8764.37
07-01-2005,8804.18
08-01-2005,NaN
09-01-2005,NaN
10-01-2005,8788.09
11-01-2005,8643.65
12-01-2005,8620.33
13-01-2005,8685.94
14-01-2005,8726.39
15-01-2005,NaN
16-01-2005,NaN
17-01-2005,8707.04
18-01-2005,8620.05
19-01-2005,8664.44
20-01-2005,8711.65
21-01-2005,8703.35
22-01-2005,NaN
23-01-2005,NaN
24-01-2005,8684.67
25-01-2005,8699.88
26-01-2005,8754.79
27-01-2005,8829.9
28-01-2005,8822.53
29-01-2005,NaN
30-01-2005,NaN
31-01-2005,8864.43
01-02-2005,8843.97
02-02-2005,8845.4
03-02-2005,8857.19
04-02-2005,8880.56
05-02-2005,NaN
06-02-2005,NaN
07-02-2005,8919.71
08-02-2005,8955.67
09-02-2005,8923.95
10-02-2005,8943.39
11-02-2005,8939.11
12-02-2005,NaN
13-02-2005,NaN
14-02-2005,8939.11
15-02-2005,8933.52
16-02-2005,8941.4
17-02-2005,8953.15
18-02-2005,8970.39
19-02-2005,NaN
20-02-2005,NaN
21-02-2005,8994.1
22-02-2005,9052.59
23-02-2005,9101.66
24-02-2005,9122.04
25-02-2005,9147.94
26-02-2005,NaN
27-02-2005,NaN
28-02-2005,9178.15
01-03-2005,9210.04
02-03-2005,9246.48
03-03-2005,9284.88
04-03-2005,9284.77
05-03-2005,NaN
06-03-2005,NaN
07-03-2005,9292.33
08-03-2005,9340.42
09-03-2005,9363.28
10-03-2005,9355.04
11-03-2005,9293.87
12-03-2005,NaN
13-03-2005,NaN
14-03-2005,9194
15-03-2005,9231.67
16-03-2005,9278.16
17-03-2005,9322.53
18-03-2005,9363.19
19-03-2005,NaN
20-03-2005,NaN
21-03-2005,9416.88
22-03-2005,9384.57
23-03-2005,9313.64
24-03-2005,9350.91
25-03-2005,NaN
26-03-2005,NaN
27-03-2005,NaN
28-03-2005,9443
29-03-2005,9367.99
30-03-2005,9387
31-03-2005,9413.22
01-04-2005,9397.04
02-04-2005,NaN
03-04-2005,NaN
04-04-2005,9368.21
05-04-2005,9360.85
06-04-2005,9383.74
07-04-2005,9430.88
08-04-2005,9439.52
09-04-2005,NaN
10-04-2005,NaN
11-04-2005,9460.31
12-04-2005,9484.88
13-04-2005,9458.63
14-04-2005,9420.01
15-04-2005,9388.78
16-04-2005,NaN
17-04-2005,NaN
18-04-2005,9368.74
19-04-2005,9386.64
20-04-2005,9369.77
21-04-2005,9372.47
22-04-2005,9351.91
23-04-2005,NaN
24-04-2005,NaN
25-04-2005,9271.11
26-04-2005,9294.48
27-04-2005,9241.53
28-04-2005,9215.6
29-04-2005,9263.71
30-04-2005,NaN
01-05-2005,NaN
02-05-2005,9273.06
03-05-2005,9290.58
04-05-2005,9309.96
05-05-2005,9311.45
06-05-2005,9298.02
07-05-2005,NaN
08-05-2005,NaN
09-05-2005,9311.91
10-05-2005,9279.9
11-05-2005,9265.4
12-05-2005,9245.98
13-05-2005,9202.71
14-05-2005,NaN
15-05-2005,NaN
16-05-2005,9101.81
17-05-2005,9140.94
18-05-2005,9190.86
19-05-2005,9184.78
20-05-2005,9184.02
21-05-2005,NaN
22-05-2005,NaN
23-05-2005,NaN
24-05-2005,9167.62
25-05-2005,9140.35
26-05-2005,9166.28
27-05-2005,9186.13
28-05-2005,NaN
29-05-2005,NaN
30-05-2005,9214.04
31-05-2005,9199.45
01-06-2005,9248.25
02-06-2005,9307.67
03-06-2005,9317.79
04-06-2005,NaN
05-06-2005,NaN
06-06-2005,9302.53
07-06-2005,9305.1
08-06-2005,9315.01
09-06-2005,9310.64
10-06-2005,9336.48
11-06-2005,NaN
12-06-2005,NaN
13-06-2005,9309.52
14-06-2005,9323.41
15-06-2005,9391.43
16-06-2005,9452.85
17-06-2005,9474.42
18-06-2005,NaN
19-06-2005,NaN
20-06-2005,9447.79
21-06-2005,9536.06
22-06-2005,9584.66
23-06-2005,9542.36
24-06-2005,9541.03
25-06-2005,NaN
26-06-2005,NaN
27-06-2005,NaN
28-06-2005,9557.15
29-06-2005,9522.75
30-06-2005,9521.44
01-07-2005,9504.76
02-07-2005,NaN
03-07-2005,NaN
04-07-2005,9497.46
05-07-2005,9473.84
06-07-2005,9465.72
07-07-2005,9467.03
08-07-2005,9472.34
09-07-2005,NaN
10-07-2005,NaN
11-07-2005,9460.05
12-07-2005,9476
13-07-2005,9535.14
14-07-2005,9610.97
15-07-2005,9615.5
16-07-2005,NaN
17-07-2005,NaN
18-07-2005,9644.02
19-07-2005,9709.75
20-07-2005,9717.58
21-07-2005,9772.15
22-07-2005,9807.29
23-07-2005,NaN
24-07-2005,NaN
25-07-2005,9823.43
26-07-2005,9841.25
27-07-2005,9884.68
28-07-2005,9923.66
29-07-2005,9975.23
30-07-2005,NaN
31-07-2005,NaN
01-08-2005,10035.87
02-08-2005,10101.18
03-08-2005,10042.01
04-08-2005,10007.99
05-08-2005,9929.81
06-08-2005,NaN
07-08-2005,NaN
08-08-2005,9978.49
09-08-2005,9989.96
10-08-2005,9923.98
11-08-2005,9893.93
12-08-2005,9824.81
13-08-2005,NaN
14-08-2005,NaN
15-08-2005,NaN
16-08-2005,9806.44
17-08-2005,9811.5
18-08-2005,9811.46
19-08-2005,9752.09
20-08-2005,NaN
21-08-2005,NaN
22-08-2005,9740.84
23-08-2005,9828.37
24-08-2005,9887.52
25-08-2005,9868.1
26-08-2005,9862.24
27-08-2005,NaN
28-08-2005,NaN
29-08-2005,9822.14
30-08-2005,9767.95
31-08-2005,9757.51
01-09-2005,9721.96
02-09-2005,9680.84
03-09-2005,NaN
04-09-2005,NaN
05-09-2005,9615.74
06-09-2005,9666.44
07-09-2005,9718.84
08-09-2005,9726.9
09-09-2005,9752.25
10-09-2005,NaN
11-09-2005,NaN
12-09-2005,9802.65
13-09-2005,9828.31
14-09-2005,9893.43
15-09-2005,9867.82
16-09-2005,9903
17-09-2005,NaN
18-09-2005,NaN
19-09-2005,NaN
20-09-2005,9993.37
21-09-2005,10067.33
22-09-2005,10073.07
23-09-2005,10063.96
24-09-2005,NaN
25-09-2005,NaN
26-09-2005,10094.51
27-09-2005,10027.83
28-09-2005,10013.96
29-09-2005,10035.66
30-09-2005,10073.32
01-10-2005,NaN
02-10-2005,NaN
03-10-2005,10166.05
04-10-2005,10179.23
05-10-2005,10113.4
06-10-2005,10070.84
07-10-2005,10080.32
08-10-2005,NaN
09-10-2005,NaN
10-10-2005,NaN
11-10-2005,10075.97
12-10-2005,10013.92
13-10-2005,9980.14
14-10-2005,10001.3
15-10-2005,NaN
16-10-2005,NaN
17-10-2005,10039.84
18-10-2005,10032.18
19-10-2005,10001.27
20-10-2005,9928.14
21-10-2005,9897.69
22-10-2005,NaN
23-10-2005,NaN
24-10-2005,9931.87
25-10-2005,9870.95
26-10-2005,9893.53
27-10-2005,9808.77
28-10-2005,9731.26
29-10-2005,NaN
30-10-2005,NaN
31-10-2005,9786.64
01-11-2005,NaN
02-11-2005,9834.02
03-11-2005,9762.62
04-11-2005,9614.63
05-11-2005,NaN
06-11-2005,NaN
07-11-2005,9461.62
08-11-2005,9388.43
09-11-2005,9461.38
10-11-2005,9443.08
11-11-2005,9482.59
12-11-2005,NaN
13-11-2005,NaN
14-11-2005,9472.73
15-11-2005,9432.3
16-11-2005,9518.77
17-11-2005,9587.01
18-11-2005,9649.55
19-11-2005,NaN
20-11-2005,NaN
21-11-2005,9583.65
22-11-2005,9555.76
23-11-2005,9570.36
24-11-2005,9522.37
25-11-2005,9514.44
26-11-2005,NaN
27-11-2005,NaN
28-11-2005,9426.25
29-11-2005,9410.35
30-11-2005,9430.58
01-12-2005,9483.79
02-12-2005,9509.22
03-12-2005,NaN
04-12-2005,NaN
05-12-2005,9451.71
06-12-2005,9446.94
07-12-2005,9371.37
08-12-2005,NaN
09-12-2005,9369.47
10-12-2005,NaN
11-12-2005,NaN
12-12-2005,9282.5
13-12-2005,9227.63
14-12-2005,9159.26
15-12-2005,9243.08
16-12-2005,9303.19
17-12-2005,NaN
18-12-2005,NaN
19-12-2005,9280.24
20-12-2005,9208.99
21-12-2005,9155.98
22-12-2005,9181.89
23-12-2005,9218.46
24-12-2005,NaN
25-12-2005,NaN
26-12-2005,9145.76
27-12-2005,9149.46
28-12-2005,9111.05
29-12-2005,9177.81
30-12-2005,9206.1
31-12-2005,NaN
01-01-2006,NaN
02-01-2006,9139.09
03-01-2006,9205.27
04-01-2006,9330.78
05-01-2006,9369.15
06-01-2006,9473.55
07-01-2006,NaN
08-01-2006,NaN
09-01-2006,9418.44
10-01-2006,9397.75
11-01-2006,9457.04
12-01-2006,9422.59
13-01-2006,9420.57
14-01-2006,NaN
15-01-2006,NaN
16-01-2006,9392.32
17-01-2006,9337.49
18-01-2006,9328.09
19-01-2006,9375.73
20-01-2006,9358.15
21-01-2006,NaN
22-01-2006,NaN
23-01-2006,9317.6
24-01-2006,9333.77
25-01-2006,9366.94
26-01-2006,9445.69
27-01-2006,9486.04
28-01-2006,NaN
29-01-2006,NaN
30-01-2006,9505.36
31-01-2006,9513.4
01-02-2006,9528.1
02-02-2006,9484.47
03-02-2006,9495.23
04-02-2006,NaN
05-02-2006,NaN
06-02-2006,9508.38
07-02-2006,9489.51
08-02-2006,9506.84
09-02-2006,9562.21
10-02-2006,9575.5
11-02-2006,NaN
12-02-2006,NaN
13-02-2006,9564.94
14-02-2006,9521.03
15-02-2006,9537.88
16-02-2006,9511.32
17-02-2006,9508.22
18-02-2006,NaN
19-02-2006,NaN
20-02-2006,9497.54
21-02-2006,9550.01
22-02-2006,9637.79
23-02-2006,9703.75
24-02-2006,9747.58
25-02-2006,NaN
26-02-2006,NaN
27-02-2006,9808.77
28-02-2006,9755.4
01-03-2006,9706.66
02-03-2006,9701.1
03-03-2006,9771.08
04-03-2006,NaN
05-03-2006,NaN
06-03-2006,9766.35
07-03-2006,9714.82
08-03-2006,9695.6
09-03-2006,9701.88
10-03-2006,9732.56
11-03-2006,NaN
12-03-2006,NaN
13-03-2006,9805.15
14-03-2006,9831.85
15-03-2006,9868.57
16-03-2006,9909.68
17-03-2006,9917.75
18-03-2006,NaN
19-03-2006,NaN
20-03-2006,9914.58
21-03-2006,9873.71
22-03-2006,9864.58
23-03-2006,9903.7
24-03-2006,9905.33
25-03-2006,NaN
26-03-2006,NaN
27-03-2006,9893.51
28-03-2006,9881.42
29-03-2006,9930.94
30-03-2006,9925.52
31-03-2006,9930.98
01-04-2006,NaN
02-04-2006,NaN
03-04-2006,9934.46
04-04-2006,9944.04
05-04-2006,9934.77
06-04-2006,9962.3
07-04-2006,9933.21
08-04-2006,NaN
09-04-2006,NaN
10-04-2006,9905.08
11-04-2006,9827.85
12-04-2006,9828.63
13-04-2006,9844.34
14-04-2006,NaN
15-04-2006,NaN
16-04-2006,NaN
17-04-2006,9841.15
18-04-2006,9918.26
19-04-2006,9922.67
20-04-2006,9970.53
21-04-2006,10007.14
22-04-2006,NaN
23-04-2006,NaN
24-04-2006,10042.43
25-04-2006,10026.54
26-04-2006,10022.2
27-04-2006,10037.23
28-04-2006,10005.85
29-04-2006,NaN
30-04-2006,NaN
01-05-2006,NaN
02-05-2006,10132.47
03-05-2006,10162.18
04-05-2006,10151.24
05-05-2006,10202.57
06-05-2006,NaN
07-05-2006,NaN
08-05-2006,10239.11
09-05-2006,10240.18
10-05-2006,10250.88
11-05-2006,10277.61
12-05-2006,10211.33
13-05-2006,NaN
14-05-2006,NaN
15-05-2006,10194.69
16-05-2006,10261.07
17-05-2006,10175.71
18-05-2006,10138.98
19-05-2006,10108.75
20-05-2006,NaN
21-05-2006,NaN
22-05-2006,9910.24
23-05-2006,9916.75
24-05-2006,9874.9
25-05-2006,9892.8
26-05-2006,9919.85
27-05-2006,NaN
28-05-2006,NaN
29-05-2006,9909.1
30-05-2006,9793
31-05-2006,9922.55
01-06-2006,9963.4
02-06-2006,9977.04
03-06-2006,NaN
04-06-2006,NaN
05-06-2006,9915.38
06-06-2006,9866.19
07-06-2006,9779.87
08-06-2006,9758.55
09-06-2006,9673.22
10-06-2006,NaN
11-06-2006,NaN
12-06-2006,NaN
13-06-2006,9394.23
14-06-2006,9413.16
15-06-2006,9584.05
16-06-2006,9631.07
17-06-2006,NaN
18-06-2006,NaN
19-06-2006,9548.3
20-06-2006,9587.52
21-06-2006,9666.31
22-06-2006,9684.46
23-06-2006,9679.41
24-06-2006,NaN
25-06-2006,NaN
26-06-2006,NaN
27-06-2006,9676.7
28-06-2006,9677.96
29-06-2006,9843.42
30-06-2006,9895.07
01-07-2006,NaN
02-07-2006,NaN
03-07-2006,9966.12
04-07-2006,9980.13
05-07-2006,9901.63
06-07-2006,9903.24
07-07-2006,9855.13
08-07-2006,NaN
09-07-2006,NaN
10-07-2006,9846.91
11-07-2006,9857.25
12-07-2006,9835.2
13-07-2006,9767.3
14-07-2006,9706.02
15-07-2006,NaN
16-07-2006,NaN
17-07-2006,9632.28
18-07-2006,9698.28
19-07-2006,9791.36
20-07-2006,9780.88
21-07-2006,9751.64
22-07-2006,NaN
23-07-2006,NaN
24-07-2006,9793.07
25-07-2006,9821.01
26-07-2006,9845.97
27-07-2006,9854.94
28-07-2006,9908.62
29-07-2006,NaN
30-07-2006,NaN
31-07-2006,9928.29
01-08-2006,9868.68
02-08-2006,9948.83
03-08-2006,9946.21
04-08-2006,9952.28
05-08-2006,NaN
06-08-2006,NaN
07-08-2006,9950.45
08-08-2006,9953.92
09-08-2006,10001.72
10-08-2006,10019.77
11-08-2006,9985.12
12-08-2006,NaN
13-08-2006,NaN
14-08-2006,10000.32
15-08-2006,NaN
16-08-2006,10073.65
17-08-2006,10065.61
18-08-2006,10069.55
19-08-2006,NaN
20-08-2006,NaN
21-08-2006,10060.71
22-08-2006,10077.98
23-08-2006,10057.82
24-08-2006,10043.57
25-08-2006,10056.74
26-08-2006,NaN
27-08-2006,NaN
28-08-2006,10106.01
29-08-2006,10167.67
30-08-2006,10230.65
31-08-2006,10297.86
01-09-2006,10336.75
02-09-2006,NaN
03-09-2006,NaN
04-09-2006,10327.46
05-09-2006,10358.38
06-09-2006,10311.9
07-09-2006,10276.09
08-09-2006,10287.29
09-09-2006,NaN
10-09-2006,NaN
11-09-2006,10264.88
12-09-2006,10300.27
13-09-2006,10363.58
14-09-2006,10414.17
15-09-2006,10456.19
16-09-2006,NaN
17-09-2006,NaN
18-09-2006,NaN
19-09-2006,NaN
20-09-2006,10494.75
21-09-2006,10455.83
22-09-2006,10490.39
23-09-2006,NaN
24-09-2006,NaN
25-09-2006,10527.41
26-09-2006,10624.94
27-09-2006,10641.57
28-09-2006,10687.45
29-09-2006,10678.19
30-09-2006,NaN
01-10-2006,NaN
02-10-2006,10657.8
03-10-2006,10687.52
04-10-2006,10819.03
05-10-2006,10860.83
06-10-2006,10814.18
07-10-2006,NaN
08-10-2006,NaN
09-10-2006,NaN
10-10-2006,10902.23
11-10-2006,10900.91
12-10-2006,10912.28
13-10-2006,10931.51
14-10-2006,NaN
15-10-2006,NaN
16-10-2006,10940.72
17-10-2006,10929.41
18-10-2006,10971.05
19-10-2006,10989.84
20-10-2006,10986.02
21-10-2006,NaN
22-10-2006,NaN
23-10-2006,10983.9
24-10-2006,11056.72
25-10-2006,11086.66
26-10-2006,11087.64
27-10-2006,11075.69
28-10-2006,NaN
29-10-2006,NaN
30-10-2006,11019.85
31-10-2006,11069.48
01-11-2006,NaN
02-11-2006,11045.08
03-11-2006,10971.42
04-11-2006,NaN
05-11-2006,NaN
06-11-2006,11071.35
07-11-2006,11224.67
08-11-2006,11305.77
09-11-2006,11330.07
10-11-2006,11322.8
11-11-2006,NaN
12-11-2006,NaN
13-11-2006,11301.67
14-11-2006,11410.96
15-11-2006,11440.64
16-11-2006,11533.02
17-11-2006,11469.55
18-11-2006,NaN
19-11-2006,NaN
20-11-2006,11437.27
21-11-2006,11549.88
22-11-2006,11585.63
23-11-2006,11670.17
24-11-2006,11659.59
25-11-2006,NaN
26-11-2006,NaN
27-11-2006,11597.04
28-11-2006,11537.78
29-11-2006,11667.64
30-11-2006,11705.4
01-12-2006,11712.15
02-12-2006,NaN
03-12-2006,NaN
04-12-2006,11734.14
05-12-2006,11775.81
06-12-2006,11777.57
07-12-2006,11791.09
08-12-2006,NaN
09-12-2006,NaN
10-12-2006,NaN
11-12-2006,11845.1
12-12-2006,11840.56
13-12-2006,11981.14
14-12-2006,12086.69
15-12-2006,12186.6
16-12-2006,NaN
17-12-2006,NaN
18-12-2006,12214.93
19-12-2006,12202.13
20-12-2006,12330.05
21-12-2006,12338.02
22-12-2006,12342.86
23-12-2006,NaN
24-12-2006,NaN
25-12-2006,NaN
26-12-2006,12362.1
27-12-2006,12407.18
28-12-2006,12368.79
29-12-2006,12373.78
30-12-2006,NaN
31-12-2006,NaN
01-01-2007,NaN
02-01-2007,12346.92
03-01-2007,12450.35
04-01-2007,12511.93
05-01-2007,12469.05
06-01-2007,NaN
07-01-2007,NaN
08-01-2007,12431.81
09-01-2007,12418.21
10-01-2007,12359.66
11-01-2007,12377.41
12-01-2007,12469.53
13-01-2007,NaN
14-01-2007,NaN
15-01-2007,12511.61
16-01-2007,12537.47
17-01-2007,12609.84
18-01-2007,12670.63
19-01-2007,12725.99
20-01-2007,NaN
21-01-2007,NaN
22-01-2007,12803.57
23-01-2007,12841.03
24-01-2007,12950.66
25-01-2007,12907.03
26-01-2007,12868.9
27-01-2007,NaN
28-01-2007,NaN
29-01-2007,12782.78
30-01-2007,12820.5
31-01-2007,12988.02
01-02-2007,13153.91
02-02-2007,13201.99
03-02-2007,NaN
04-02-2007,NaN
05-02-2007,13217.94
06-02-2007,13284.39
07-02-2007,13456.35
08-02-2007,13511.9
09-02-2007,13647.65
10-02-2007,NaN
11-02-2007,NaN
12-02-2007,13669.8
13-02-2007,13831.96
14-02-2007,13962.12
15-02-2007,13906.68
16-02-2007,13943.31
17-02-2007,NaN
18-02-2007,NaN
19-02-2007,13854.11
20-02-2007,13608.15
21-02-2007,13311.49
22-02-2007,13446.95
23-02-2007,13273.04
24-02-2007,NaN
25-02-2007,NaN
26-02-2007,13066.09
27-02-2007,12572.17
28-02-2007,12844.89
01-03-2007,12909.58
02-03-2007,12977.6
03-03-2007,NaN
04-03-2007,NaN
05-03-2007,12857.41
06-03-2007,13072.09
07-03-2007,13016.21
08-03-2007,13145.72
09-03-2007,13176.98
10-03-2007,NaN
11-03-2007,NaN
12-03-2007,13270.58
13-03-2007,13102.42
14-03-2007,13060.76
15-03-2007,13222.99
16-03-2007,13297.82
17-03-2007,NaN
18-03-2007,NaN
19-03-2007,13432.07
20-03-2007,13432.33
21-03-2007,13480.02
22-03-2007,13460.69
23-03-2007,13439.06
24-03-2007,NaN
25-03-2007,NaN
26-03-2007,13380.47
27-03-2007,13287.48
28-03-2007,13206.68
29-03-2007,13288.61
30-03-2007,13312.02
31-03-2007,NaN
01-04-2007,NaN
02-04-2007,13359.1
03-04-2007,13472.34
04-04-2007,13560.91
05-04-2007,13600.83
06-04-2007,NaN
07-04-2007,NaN
08-04-2007,NaN
09-04-2007,13666.91
10-04-2007,13748.52
11-04-2007,13737.58
12-04-2007,13804.49
13-04-2007,13889.88
14-04-2007,NaN
15-04-2007,NaN
16-04-2007,13948.61
17-04-2007,13919.01
18-04-2007,14014.69
19-04-2007,14118.59
20-04-2007,14210.61
21-04-2007,NaN
22-04-2007,NaN
23-04-2007,14097.53
24-04-2007,14079.74
25-04-2007,14167.3
26-04-2007,14179.15
27-04-2007,14192.69
28-04-2007,NaN
29-04-2007,NaN
30-04-2007,14240.93
01-05-2007,NaN
02-05-2007,14294.43
03-05-2007,14391.19
04-05-2007,14442.89
05-05-2007,NaN
06-05-2007,NaN
07-05-2007,14534.92
08-05-2007,14400.44
09-05-2007,14500.43
10-05-2007,14410.84
11-05-2007,14440.52
12-05-2007,NaN
13-05-2007,NaN
14-05-2007,14324.76
15-05-2007,14178.66
16-05-2007,14188.36
17-05-2007,14190.71
18-05-2007,14266.37
19-05-2007,NaN
20-05-2007,NaN
21-05-2007,NaN
22-05-2007,13762.65
23-05-2007,13908.54
24-05-2007,13885.55
25-05-2007,14092.32
26-05-2007,NaN
27-05-2007,NaN
28-05-2007,14187.43
29-05-2007,14174.7
30-05-2007,14216.48
31-05-2007,14309.57
01-06-2007,14415.34
02-06-2007,NaN
03-06-2007,NaN
04-06-2007,14466.23
05-06-2007,14466.07
06-06-2007,14363.24
07-06-2007,14160.53
08-06-2007,14349.22
09-06-2007,NaN
10-06-2007,NaN
11-06-2007,14441.31
12-06-2007,14438.62
13-06-2007,14510.17
14-06-2007,14627.73
15-06-2007,14651.47
16-06-2007,NaN
17-06-2007,NaN
18-06-2007,14597.59
19-06-2007,14739.9
20-06-2007,14667.78
21-06-2007,14821.19
22-06-2007,14892.61
23-06-2007,NaN
24-06-2007,NaN
25-06-2007,14879.71
26-06-2007,14820.22
27-06-2007,14898.37
28-06-2007,14968.85
29-06-2007,15118.35
30-06-2007,NaN
01-07-2007,NaN
02-07-2007,NaN
03-07-2007,15211.75
04-07-2007,15167.7
05-07-2007,15052.93
06-07-2007,14961.69
07-07-2007,NaN
08-07-2007,NaN
09-07-2007,14991.93
10-07-2007,14932.26
11-07-2007,14878.11
12-07-2007,14857.99
13-07-2007,14926.63
14-07-2007,NaN
15-07-2007,NaN
16-07-2007,NaN
17-07-2007,14926.6
18-07-2007,14946.61
19-07-2007,14949.7
20-07-2007,14909.6
21-07-2007,NaN
22-07-2007,NaN
23-07-2007,14995.93
24-07-2007,14971.75
25-07-2007,14884.87
26-07-2007,14628.9
27-07-2007,14677.44
28-07-2007,NaN
29-07-2007,NaN
30-07-2007,14826.66
31-07-2007,14840.29
01-08-2007,14817.82
02-08-2007,14852.14
03-08-2007,14783.35
04-08-2007,NaN
05-08-2007,NaN
06-08-2007,14558.59
07-08-2007,14567.57
08-08-2007,14658.51
09-08-2007,14475.63
10-08-2007,14334.78
11-08-2007,NaN
12-08-2007,NaN
13-08-2007,14215.81
14-08-2007,13936.13
15-08-2007,NaN
16-08-2007,13471.11
17-08-2007,13749.55
18-08-2007,NaN
19-08-2007,NaN
20-08-2007,13862.57
21-08-2007,14120.22
22-08-2007,14369.98
23-08-2007,14340.61
24-08-2007,14508.67
25-08-2007,NaN
26-08-2007,NaN
27-08-2007,14596.59
28-08-2007,14336.77
29-08-2007,14462.68
30-08-2007,14538.59
31-08-2007,14760.55
01-09-2007,NaN
02-09-2007,NaN
03-09-2007,14838.08
04-09-2007,14798.23
05-09-2007,14675.29
06-09-2007,14628.57
07-09-2007,14423.84
08-09-2007,NaN
09-09-2007,NaN
10-09-2007,14254.33
11-09-2007,14257.18
12-09-2007,14162.81
13-09-2007,14224.39
14-09-2007,14312.76
15-09-2007,NaN
16-09-2007,NaN
17-09-2007,NaN
18-09-2007,NaN
19-09-2007,NaN
20-09-2007,14461.11
21-09-2007,14458.02
22-09-2007,NaN
23-09-2007,NaN
24-09-2007,14373.85
25-09-2007,14316.01
26-09-2007,14358.11
27-09-2007,14545.19
28-09-2007,14602.1
29-09-2007,NaN
30-09-2007,NaN
01-10-2007,14780.21
02-10-2007,14921.72
03-10-2007,14804.24
04-10-2007,14823
05-10-2007,15033.6
06-10-2007,NaN
07-10-2007,NaN
08-10-2007,15046.3
09-10-2007,15229.75
10-10-2007,15158.25
11-10-2007,15177.69
12-10-2007,15260.2
13-10-2007,NaN
14-10-2007,NaN
15-10-2007,NaN
16-10-2007,15183.72
17-10-2007,15287.04
18-10-2007,15419.77
19-10-2007,15347.44
20-10-2007,NaN
21-10-2007,NaN
22-10-2007,15380.26
23-10-2007,15472.25
24-10-2007,15498.08
25-10-2007,15618.38
26-10-2007,15587.02
27-10-2007,NaN
28-10-2007,NaN
29-10-2007,15516.18
30-10-2007,15438.57
31-10-2007,15345.84
01-11-2007,NaN
02-11-2007,15102.1
03-11-2007,NaN
04-11-2007,NaN
05-11-2007,14828.13
06-11-2007,14790.1
07-11-2007,14593.34
08-11-2007,14585.76
09-11-2007,14566.28
10-11-2007,NaN
11-11-2007,NaN
12-11-2007,14456.33
13-11-2007,14544.61
14-11-2007,14674.79
15-11-2007,14590.3
16-11-2007,14501.19
17-11-2007,NaN
18-11-2007,NaN
19-11-2007,14310.52
20-11-2007,14140.91
21-11-2007,13947.42
22-11-2007,13992.59
23-11-2007,14106.28
24-11-2007,NaN
25-11-2007,NaN
26-11-2007,13954.45
27-11-2007,13969.4
28-11-2007,14325.5
29-11-2007,14406.94
30-11-2007,14522.13
01-12-2007,NaN
02-12-2007,NaN
03-12-2007,14475.19
04-12-2007,14329.62
05-12-2007,14475.84
06-12-2007,14683.36
07-12-2007,14730.48
08-12-2007,NaN
09-12-2007,NaN
10-12-2007,14619.12
11-12-2007,14368.23
12-12-2007,14145.01
13-12-2007,13836.21
14-12-2007,13898.81
15-12-2007,NaN
16-12-2007,NaN
17-12-2007,13620.63
18-12-2007,13563.83
19-12-2007,13595.34
20-12-2007,13883.89
21-12-2007,14045.57
22-12-2007,NaN
23-12-2007,NaN
24-12-2007,14023.77
25-12-2007,NaN
26-12-2007,14076.83
27-12-2007,14056.77
28-12-2007,14076.25
29-12-2007,NaN
30-12-2007,NaN
31-12-2007,NaN
01-01-2008,NaN
02-01-2008,13875.95
03-01-2008,13835.65
04-01-2008,13533.33
05-01-2008,NaN
06-01-2008,NaN
07-01-2008,13299.36
08-01-2008,13199.17
09-01-2008,12922.1
10-01-2008,13171.19
11-01-2008,13176.54
12-01-2008,NaN
13-01-2008,NaN
14-01-2008,13093.84
15-01-2008,12824.92
16-01-2008,12661.09
17-01-2008,12298.75
18-01-2008,12173.18
19-01-2008,NaN
20-01-2008,NaN
21-01-2008,11648.6
22-01-2008,12075.04
23-01-2008,11978.39
24-01-2008,12519.76
25-01-2008,12438.98
26-01-2008,NaN
27-01-2008,NaN
28-01-2008,12465.89
29-01-2008,12780
30-01-2008,12966.29
31-01-2008,12944.07
01-02-2008,13048.44
02-02-2008,NaN
03-02-2008,NaN
04-02-2008,13034.47
05-02-2008,12696.36
06-02-2008,12815.31
07-02-2008,12767.12
08-02-2008,12785.27
09-02-2008,NaN
10-02-2008,NaN
11-02-2008,12911.81
12-02-2008,13108.76
13-02-2008,13281.42
14-02-2008,13209.97
15-02-2008,13131.09
16-02-2008,NaN
17-02-2008,NaN
18-02-2008,13286.59
19-02-2008,13299.18
20-02-2008,13442.6
21-02-2008,13458.17
22-02-2008,13439.09
23-02-2008,NaN
24-02-2008,NaN
25-02-2008,13559.05
26-02-2008,13538.22
27-02-2008,13544.58
28-02-2008,13438.29
29-02-2008,13197.15
01-03-2008,NaN
02-03-2008,NaN
03-03-2008,13040.56
04-03-2008,12894.51
05-03-2008,12980.85
06-03-2008,12894.44
07-03-2008,12834.43
08-03-2008,NaN
09-03-2008,NaN
10-03-2008,12715.63
11-03-2008,12947.48
12-03-2008,13205.69
13-03-2008,13215.63
14-03-2008,13203.61
15-03-2008,NaN
16-03-2008,NaN
17-03-2008,13164.4
18-03-2008,13176.65
19-03-2008,13177.06
20-03-2008,13188.33
21-03-2008,NaN
22-03-2008,NaN
23-03-2008,NaN
24-03-2008,13342.82
25-03-2008,13368.77
26-03-2008,13286.87
27-03-2008,13364.41
28-03-2008,13382.69
29-03-2008,NaN
30-03-2008,NaN
31-03-2008,13422.24
01-04-2008,13494.58
02-04-2008,13419.41
03-04-2008,13492.49
04-04-2008,13617.28
05-04-2008,NaN
06-04-2008,NaN
07-04-2008,13654.66
08-04-2008,13645.58
09-04-2008,13664.3
10-04-2008,13647.71
11-04-2008,13690.96
12-04-2008,NaN
13-04-2008,NaN
14-04-2008,13771.05
15-04-2008,13911.4
16-04-2008,14058.68
17-04-2008,14101.73
18-04-2008,14230.85
19-04-2008,NaN
20-04-2008,NaN
21-04-2008,14315.3
22-04-2008,14150.26
23-04-2008,14045.24
24-04-2008,14074.24
25-04-2008,14102.08
26-04-2008,NaN
27-04-2008,NaN
28-04-2008,14048.28
29-04-2008,13908.99
30-04-2008,13982.91
01-05-2008,NaN
02-05-2008,14020.63
03-05-2008,NaN
04-05-2008,NaN
05-05-2008,13968.42
06-05-2008,13883.36
07-05-2008,13766.18
08-05-2008,13755.2
09-05-2008,13753.75
10-05-2008,NaN
11-05-2008,NaN
12-05-2008,13701.11
13-05-2008,13650.45
14-05-2008,13694.88
15-05-2008,13722.6
16-05-2008,13880.58
17-05-2008,NaN
18-05-2008,NaN
19-05-2008,13973.12
20-05-2008,14085.25
21-05-2008,NaN
22-05-2008,14125.15
23-05-2008,14139.04
24-05-2008,NaN
25-05-2008,NaN
26-05-2008,14230.23
27-05-2008,14283.99
28-05-2008,14304.51
29-05-2008,14411.5
30-05-2008,14235.28
31-05-2008,NaN
01-06-2008,NaN
02-06-2008,14231.25
03-06-2008,14305.34
04-06-2008,14324.15
05-06-2008,14475.96
06-06-2008,14228.88
07-06-2008,NaN
08-06-2008,NaN
09-06-2008,14310.78
10-06-2008,14366.33
11-06-2008,14302.08
12-06-2008,14524.97
13-06-2008,14580.22
14-06-2008,NaN
15-06-2008,NaN
16-06-2008,14489.27
17-06-2008,14635.17
18-06-2008,14758.01
19-06-2008,14864.13
20-06-2008,14706.88
21-06-2008,NaN
22-06-2008,NaN
23-06-2008,14778.24
24-06-2008,14818.17
25-06-2008,14933.86
26-06-2008,14807.48
27-06-2008,14727.55
28-06-2008,NaN
29-06-2008,NaN
30-06-2008,14647.96
01-07-2008,14298.97
02-07-2008,13847.56
03-07-2008,13501.26
04-07-2008,13526.93
05-07-2008,NaN
06-07-2008,NaN
07-07-2008,13626.15
08-07-2008,13717.53
09-07-2008,13700.58
10-07-2008,13627.95
11-07-2008,13462.33
12-07-2008,NaN
13-07-2008,NaN
14-07-2008,13496.08
15-07-2008,13332.16
16-07-2008,NaN
17-07-2008,13528.14
18-07-2008,13676.88
19-07-2008,NaN
20-07-2008,NaN
21-07-2008,13687.35
22-07-2008,13776.98
23-07-2008,13976.94
24-07-2008,13853.37
25-07-2008,14026.14
26-07-2008,NaN
27-07-2008,NaN
28-07-2008,13922.96
29-07-2008,14064.78
30-07-2008,14324.64
31-07-2008,14340.19
01-08-2008,14267.58
02-08-2008,NaN
03-08-2008,NaN
04-08-2008,14149.87
05-08-2008,14183.07
06-08-2008,14204.96
07-08-2008,14199.04
08-08-2008,14127.87
09-08-2008,NaN
10-08-2008,NaN
11-08-2008,13987.97
12-08-2008,13951.4
13-08-2008,13833.71
14-08-2008,13838.83
15-08-2008,NaN
16-08-2008,NaN
17-08-2008,NaN
18-08-2008,13759.31
19-08-2008,13425.9
20-08-2008,13447.72
21-08-2008,13492.38
22-08-2008,13745.21
23-08-2008,NaN
24-08-2008,NaN
25-08-2008,13740.07
26-08-2008,13765.98
27-08-2008,13785.93
28-08-2008,13788.23
29-08-2008,13775.73
30-08-2008,NaN
31-08-2008,NaN
01-09-2008,13686.15
02-09-2008,13656.48
03-09-2008,13563.23
04-09-2008,13366.52
05-09-2008,13280.37
06-09-2008,NaN
07-09-2008,NaN
08-09-2008,13202.5
09-09-2008,13017.67
10-09-2008,13025.71
11-09-2008,13046.58
12-09-2008,13299.07
13-09-2008,NaN
14-09-2008,NaN
15-09-2008,13223.76
16-09-2008,13038.27
17-09-2008,12772.98
18-09-2008,NaN
19-09-2008,NaN
20-09-2008,NaN
21-09-2008,NaN
22-09-2008,12983.68
23-09-2008,12966.34
24-09-2008,13014.83
25-09-2008,13177.28
26-09-2008,13121.09
27-09-2008,NaN
28-09-2008,NaN
29-09-2008,12524.02
30-09-2008,12967.4
01-10-2008,13053.68
02-10-2008,12650.07
03-10-2008,12416.78
04-10-2008,NaN
05-10-2008,NaN
06-10-2008,11809.23
07-10-2008,11407.94
08-10-2008,10964.6
09-10-2008,10840.91
10-10-2008,10411.65
11-10-2008,NaN
12-10-2008,NaN
13-10-2008,11398.75
14-10-2008,11705.06
15-10-2008,11648.23
16-10-2008,11503.13
17-10-2008,11652.6
18-10-2008,NaN
19-10-2008,NaN
20-10-2008,12061.18
21-10-2008,12040.15
22-10-2008,11498.82
23-10-2008,11493.27
24-10-2008,11257.47
25-10-2008,NaN
26-10-2008,NaN
27-10-2008,11278.17
28-10-2008,11424.15
29-10-2008,11590.22
30-10-2008,11786.27
31-10-2008,NaN
01-11-2008,NaN
02-11-2008,NaN
03-11-2008,12048.56
04-11-2008,12318.65
05-11-2008,12210.48
06-11-2008,11956.09
07-11-2008,12140.28
08-11-2008,NaN
09-11-2008,NaN
10-11-2008,12289.12
11-11-2008,12125.15
12-11-2008,11791.25
13-11-2008,11965.17
14-11-2008,12053.91
15-11-2008,NaN
16-11-2008,NaN
17-11-2008,11992.09
18-11-2008,11864.87
19-11-2008,11829.9
20-11-2008,11498.72
21-11-2008,11372.91
22-11-2008,NaN
23-11-2008,NaN
24-11-2008,11547.69
25-11-2008,11522.61
26-11-2008,11540.37
27-11-2008,11576.65
28-11-2008,11486.7
29-11-2008,NaN
30-11-2008,NaN
01-12-2008,11232.26
02-12-2008,11165.05
03-12-2008,11111.4
04-12-2008,11100.08
05-12-2008,11102.2
06-12-2008,NaN
07-12-2008,NaN
08-12-2008,NaN
09-12-2008,11102.95
10-12-2008,11138.95
11-12-2008,11167.97
12-12-2008,11216.78
13-12-2008,NaN
14-12-2008,NaN
15-12-2008,11148.11
16-12-2008,11194.82
17-12-2008,11238.93
18-12-2008,11237.25
19-12-2008,11221.44
20-12-2008,NaN
21-12-2008,NaN
22-12-2008,11165.83
23-12-2008,11186.48
24-12-2008,11188.92
25-12-2008,NaN
26-12-2008,11230.59
27-12-2008,NaN
28-12-2008,NaN
29-12-2008,11306.88
30-12-2008,11324.07
31-12-2008,NaN
01-01-2009,NaN
02-01-2009,11551.69
03-01-2009,NaN
04-01-2009,NaN
05-01-2009,11577.95
06-01-2009,11865.58
07-01-2009,11776.83
08-01-2009,11799.56
09-01-2009,11849.7
10-01-2009,NaN
11-01-2009,NaN
12-01-2009,11733.57
13-01-2009,11744.91
14-01-2009,11671.53
15-01-2009,11797.13
16-01-2009,11879.93
17-01-2009,NaN
18-01-2009,NaN
19-01-2009,11901.7
20-01-2009,11821.31
21-01-2009,11781.67
22-01-2009,11876
23-01-2009,11882.12
24-01-2009,NaN
25-01-2009,NaN
26-01-2009,11961.87
27-01-2009,12071.54
28-01-2009,12195.58
29-01-2009,12171.66
30-01-2009,12114.47
31-01-2009,NaN
01-02-2009,NaN
02-02-2009,12129.66
03-02-2009,12242.81
04-02-2009,12298.39
05-02-2009,12432.42
06-02-2009,12624.69
07-02-2009,NaN
08-02-2009,NaN
09-02-2009,12758.9
10-02-2009,12528.54
11-02-2009,12482.42
12-02-2009,12413.52
13-02-2009,12430.81
14-02-2009,NaN
15-02-2009,NaN
16-02-2009,12511.11
17-02-2009,12358.61
18-02-2009,12419.59
19-02-2009,12492.84
20-02-2009,12352.16
21-02-2009,NaN
22-02-2009,NaN
23-02-2009,12168.13
24-02-2009,12174.42
25-02-2009,12143.21
26-02-2009,12057.64
27-02-2009,11879.64
28-02-2009,NaN
01-03-2009,NaN
02-03-2009,11651.9
03-03-2009,11619.24
04-03-2009,11736.47
05-03-2009,11532.02
06-03-2009,11439.57
07-03-2009,NaN
08-03-2009,NaN
09-03-2009,11476.27
10-03-2009,11740.98
11-03-2009,11691.15
12-03-2009,11697.75
13-03-2009,11731.55
14-03-2009,NaN
15-03-2009,NaN
16-03-2009,11773.17
17-03-2009,11869.41
18-03-2009,11973.1
19-03-2009,11935.93
20-03-2009,11875.98
21-03-2009,NaN
22-03-2009,NaN
23-03-2009,12102.25
24-03-2009,12083.41
25-03-2009,12127.78
26-03-2009,12112.95
27-03-2009,12100.66
28-03-2009,NaN
29-03-2009,NaN
30-03-2009,11897.24
31-03-2009,11861.95
01-04-2009,12029.42
02-04-2009,12105.48
03-04-2009,12166.91
04-04-2009,NaN
05-04-2009,NaN
06-04-2009,12148.19
07-04-2009,12114.1
08-04-2009,12139.32
09-04-2009,12295.04
10-04-2009,NaN
11-04-2009,NaN
12-04-2009,NaN
13-04-2009,12504.02
14-04-2009,12568.7
15-04-2009,12554.25
16-04-2009,12764.96
17-04-2009,12741.99
18-04-2009,NaN
19-04-2009,NaN
20-04-2009,12588.92
21-04-2009,12714.11
22-04-2009,12751.44
23-04-2009,12770.19
24-04-2009,12783.82
25-04-2009,NaN
26-04-2009,NaN
27-04-2009,12718.08
28-04-2009,12758.69
29-04-2009,12928.68
30-04-2009,12772.35
01-05-2009,NaN
02-05-2009,NaN
03-05-2009,NaN
04-05-2009,13086.94
05-05-2009,13148.34
06-05-2009,13319
07-05-2009,13370.27
08-05-2009,13725.11
09-05-2009,NaN
10-05-2009,NaN
11-05-2009,13812.53
12-05-2009,13855.67
13-05-2009,13736.85
14-05-2009,13812.82
15-05-2009,13987.29
16-05-2009,NaN
17-05-2009,NaN
18-05-2009,14360.73
19-05-2009,14387.86
20-05-2009,14400.94
21-05-2009,NaN
22-05-2009,14447.28
23-05-2009,NaN
24-05-2009,NaN
25-05-2009,14623.61
26-05-2009,14734.78
27-05-2009,14433.54
28-05-2009,14604.09
29-05-2009,14684.06
30-05-2009,NaN
31-05-2009,NaN
01-06-2009,15051.72
02-06-2009,15114.82
03-06-2009,15033.41
04-06-2009,15098.05
05-06-2009,15244.45
06-06-2009,NaN
07-06-2009,NaN
08-06-2009,15210.49
09-06-2009,15271.41
10-06-2009,15406.7
11-06-2009,15467.08
12-06-2009,15448.49
13-06-2009,NaN
14-06-2009,NaN
15-06-2009,15374.42
16-06-2009,15214.87
17-06-2009,14863.04
18-06-2009,14916.96
19-06-2009,14984.16
20-06-2009,NaN
21-06-2009,NaN
22-06-2009,14655.01
23-06-2009,14529.87
24-06-2009,14515.49
25-06-2009,14695.35
26-06-2009,14822.3
27-06-2009,NaN
28-06-2009,NaN
29-06-2009,NaN
30-06-2009,14767.83
01-07-2009,14822.09
02-07-2009,14808.21
03-07-2009,14856.24
04-07-2009,NaN
05-07-2009,NaN
06-07-2009,14847.36
07-07-2009,14770.6
08-07-2009,14660.71
09-07-2009,14745.08
10-07-2009,14727.04
11-07-2009,NaN
12-07-2009,NaN
13-07-2009,14893.08
14-07-2009,14993.71
15-07-2009,15220.07
16-07-2009,NaN
17-07-2009,15225.88
18-07-2009,NaN
19-07-2009,NaN
20-07-2009,15366.15
21-07-2009,15373.3
22-07-2009,15298.58
23-07-2009,15343.19
24-07-2009,15386.03
25-07-2009,NaN
26-07-2009,NaN
27-07-2009,15324.93
28-07-2009,15315.28
29-07-2009,15301.48
30-07-2009,15340.25
31-07-2009,15288.54
01-08-2009,NaN
02-08-2009,NaN
03-08-2009,15462.24
04-08-2009,15543.66
05-08-2009,15599.51
06-08-2009,15497.21
07-08-2009,15518.4
08-08-2009,NaN
09-08-2009,NaN
10-08-2009,15502.47
11-08-2009,15380.46
12-08-2009,15459.11
13-08-2009,15527.54
14-08-2009,15573.85
15-08-2009,NaN
16-08-2009,NaN
17-08-2009,15449.7
18-08-2009,15538.56
19-08-2009,15440.01
20-08-2009,15501.47
21-08-2009,15463.56
22-08-2009,NaN
23-08-2009,NaN
24-08-2009,15383.6
25-08-2009,15426.66
26-08-2009,15430.66
27-08-2009,15297.04
28-08-2009,15288.77
29-08-2009,NaN
30-08-2009,NaN
31-08-2009,15072.59
01-09-2009,14906.06
02-09-2009,14949.43
03-09-2009,15121.3
04-09-2009,15171.82
05-09-2009,NaN
06-09-2009,NaN
07-09-2009,15131.26
08-09-2009,15166.25
09-09-2009,15181.32
10-09-2009,15288.08
11-09-2009,15347.81
12-09-2009,NaN
13-09-2009,NaN
14-09-2009,15302.72
15-09-2009,15300.17
16-09-2009,15437.4
17-09-2009,15528.78
18-09-2009,NaN
19-09-2009,NaN
20-09-2009,NaN
21-09-2009,15531.19
22-09-2009,15531.34
23-09-2009,15620.04
24-09-2009,15621.27
25-09-2009,15619.2
26-09-2009,NaN
27-09-2009,NaN
28-09-2009,15778.19
29-09-2009,15857.82
30-09-2009,15878.29
01-10-2009,15802.94
02-10-2009,15798.38
03-10-2009,NaN
04-10-2009,NaN
05-10-2009,15957.6
06-10-2009,16055.57
07-10-2009,16110.57
08-10-2009,16092.8
09-10-2009,16226.28
10-10-2009,NaN
11-10-2009,NaN
12-10-2009,NaN
13-10-2009,16319.32
14-10-2009,16252.41
15-10-2009,16146.7
16-10-2009,16194
17-10-2009,NaN
18-10-2009,NaN
19-10-2009,16223.24
20-10-2009,16170.9
21-10-2009,16068.8
22-10-2009,16030.31
23-10-2009,16069.43
24-10-2009,NaN
25-10-2009,NaN
26-10-2009,16012.29
27-10-2009,15882.46
28-10-2009,15669.73
29-10-2009,15868.05
30-10-2009,15653.08
31-10-2009,NaN
01-11-2009,NaN
02-11-2009,15534.31
03-11-2009,15542.31
04-11-2009,15766.92
05-11-2009,15776.11
06-11-2009,15825.58
07-11-2009,NaN
08-11-2009,NaN
09-11-2009,15967.81
10-11-2009,15922.81
11-11-2009,15856.51
12-11-2009,15729.72
13-11-2009,15702.08
14-11-2009,NaN
15-11-2009,NaN
16-11-2009,15656.14
17-11-2009,15494.5
18-11-2009,15374.88
19-11-2009,15417.07
20-11-2009,15509.6
21-11-2009,NaN
22-11-2009,NaN
23-11-2009,15431.21
24-11-2009,15354.46
25-11-2009,15376.6
26-11-2009,15097.64
27-11-2009,15243.57
28-11-2009,NaN
29-11-2009,NaN
30-11-2009,15373
01-12-2009,15623.63
02-12-2009,15700.02
03-12-2009,15640.33
04-12-2009,15717.51
05-12-2009,NaN
06-12-2009,NaN
07-12-2009,15640.56
08-12-2009,NaN
09-12-2009,15610.42
10-12-2009,15750.16
11-12-2009,16037.35
12-12-2009,NaN
13-12-2009,NaN
14-12-2009,16145.77
15-12-2009,16173.19
16-12-2009,16217.71
17-12-2009,16217.64
18-12-2009,16283.78
19-12-2009,NaN
20-12-2009,NaN
21-12-2009,16348.57
22-12-2009,16332.79
23-12-2009,16368.82
24-12-2009,16420.43
25-12-2009,NaN
26-12-2009,NaN
27-12-2009,NaN
28-12-2009,16468.19
29-12-2009,16547.12
30-12-2009,16630.91
31-12-2009,NaN
01-01-2010,NaN
02-01-2010,NaN
03-01-2010,NaN
04-01-2010,16781.1
05-01-2010,16796.49
06-01-2010,16865.4
07-01-2010,17023.11
08-01-2010,17193.74
09-01-2010,NaN
10-01-2010,NaN
11-01-2010,17264.89
12-01-2010,17252.19
13-01-2010,17334.44
14-01-2010,17450.6
15-01-2010,17347.91
16-01-2010,NaN
17-01-2010,NaN
18-01-2010,17529.77
19-01-2010,17572.22
20-01-2010,17587.09
21-01-2010,17466.34
22-01-2010,17446.54
23-01-2010,NaN
24-01-2010,NaN
25-01-2010,17550.23
26-01-2010,17575.23
27-01-2010,17479.31
28-01-2010,17451.27
29-01-2010,17594.65
30-01-2010,NaN
31-01-2010,NaN
01-02-2010,17689.45
02-02-2010,17781.43
03-02-2010,17788.3
04-02-2010,17499.33
05-02-2010,17191.53
06-02-2010,NaN
07-02-2010,NaN
08-02-2010,17339.57
09-02-2010,17447.17
10-02-2010,17429.18
11-02-2010,17536.86
12-02-2010,17507.14
13-02-2010,NaN
14-02-2010,NaN
15-02-2010,17510.83
16-02-2010,17717.04
17-02-2010,17875.77
18-02-2010,17876.42
19-02-2010,17823.69
20-02-2010,NaN
21-02-2010,NaN
22-02-2010,17878.91
23-02-2010,17749.66
24-02-2010,17740.89
25-02-2010,17641.38
26-02-2010,17789.25
27-02-2010,NaN
28-02-2010,NaN
01-03-2010,17600.6
02-03-2010,17542.03
03-03-2010,17325.43
04-03-2010,17456.58
05-03-2010,17632.64
06-03-2010,NaN
07-03-2010,NaN
08-03-2010,17670.86
09-03-2010,17651.76
10-03-2010,17751.09
11-03-2010,17763.61
12-03-2010,17819.13
13-03-2010,NaN
14-03-2010,NaN
15-03-2010,17699.9
16-03-2010,17806.66
17-03-2010,17747.92
18-03-2010,17766.22
19-03-2010,17627.22
20-03-2010,NaN
21-03-2010,NaN
22-03-2010,17684.07
23-03-2010,17699.24
24-03-2010,17666.7
25-03-2010,17617.8
26-03-2010,17582.47
27-03-2010,NaN
28-03-2010,NaN
29-03-2010,17574.19
30-03-2010,17646.47
31-03-2010,17642.67
01-04-2010,17773.8
02-04-2010,NaN
03-04-2010,NaN
04-04-2010,NaN
05-04-2010,17882
06-04-2010,17977.64
07-04-2010,17959.21
08-04-2010,17884.48
09-04-2010,17942.86
10-04-2010,NaN
11-04-2010,NaN
12-04-2010,17893.16
13-04-2010,17849.61
14-04-2010,17933.14
15-04-2010,17887.8
16-04-2010,17790.96
17-04-2010,NaN
18-04-2010,NaN
19-04-2010,17787.73
20-04-2010,17904.66
21-04-2010,17896.1
22-04-2010,17914.79
23-04-2010,17929.26
24-04-2010,NaN
25-04-2010,NaN
26-04-2010,17906.3
27-04-2010,17809.08
28-04-2010,17849.63
29-04-2010,17986.36
30-04-2010,18039.09
01-05-2010,NaN
02-05-2010,NaN
03-05-2010,18097.55
04-05-2010,17992.29
05-05-2010,17879.29
06-05-2010,17722.57
07-05-2010,17639.48
08-05-2010,NaN
09-05-2010,NaN
10-05-2010,17984.27
11-05-2010,18008.3
12-05-2010,18138.34
13-05-2010,18084.66
14-05-2010,17958.89
15-05-2010,NaN
16-05-2010,NaN
17-05-2010,18016.8
18-05-2010,18008.05
19-05-2010,17975.93
20-05-2010,17712.67
21-05-2010,NaN
22-05-2010,NaN
23-05-2010,NaN
24-05-2010,17681.9
25-05-2010,17490.54
26-05-2010,17717.32
27-05-2010,17838.14
28-05-2010,17924.45
29-05-2010,NaN
30-05-2010,NaN
31-05-2010,18130.71
01-06-2010,17948.36
02-06-2010,18131.37
03-06-2010,18151.88
04-06-2010,18056.96
05-06-2010,NaN
06-06-2010,NaN
07-06-2010,18043.74
08-06-2010,18096.87
09-06-2010,18201.07
10-06-2010,18359.26
11-06-2010,18456.53
12-06-2010,NaN
13-06-2010,NaN
14-06-2010,18522.39
15-06-2010,18712.67
16-06-2010,18812.39
17-06-2010,18893.57
18-06-2010,19042.04
19-06-2010,NaN
20-06-2010,NaN
21-06-2010,19044.13
22-06-2010,18890.05
23-06-2010,18925.14
24-06-2010,18879.42
25-06-2010,19071.35
26-06-2010,NaN
27-06-2010,NaN
28-06-2010,NaN
29-06-2010,18897.06
30-06-2010,18848.07
01-07-2010,18694.65
02-07-2010,18832.91
03-07-2010,NaN
04-07-2010,NaN
05-07-2010,18731.16
06-07-2010,18881.52
07-07-2010,19111.09
08-07-2010,19295.79
09-07-2010,19342.85
10-07-2010,NaN
11-07-2010,NaN
12-07-2010,19303.53
13-07-2010,19474.78
14-07-2010,19525.42
15-07-2010,19553.33
16-07-2010,NaN
17-07-2010,NaN
18-07-2010,NaN
19-07-2010,19521.23
20-07-2010,19657
21-07-2010,19855.24
22-07-2010,19928.27
23-07-2010,20026.73
24-07-2010,NaN
25-07-2010,NaN
26-07-2010,20197.46
27-07-2010,20272.59
28-07-2010,20241.85
29-07-2010,20262.42
30-07-2010,20296.63
31-07-2010,NaN
01-08-2010,NaN
02-08-2010,20514.75
03-08-2010,20463.01
04-08-2010,20607.53
05-08-2010,20707.48
06-08-2010,20807.99
07-08-2010,NaN
08-08-2010,NaN
09-08-2010,20949.93
10-08-2010,20893.35
11-08-2010,20536.85
12-08-2010,20514.25
13-08-2010,20848.3
14-08-2010,NaN
15-08-2010,NaN
16-08-2010,20852.93
17-08-2010,20996.22
18-08-2010,21086.58
19-08-2010,21142.91
20-08-2010,21124.9
21-08-2010,NaN
22-08-2010,NaN
23-08-2010,21170.54
24-08-2010,21109.28
25-08-2010,20916.17
26-08-2010,20926.87
27-08-2010,21020.82
28-08-2010,NaN
29-08-2010,NaN
30-08-2010,21067.94
31-08-2010,21239.7
01-09-2010,21474.59
02-09-2010,21538.51
03-09-2010,21673.71
04-09-2010,NaN
05-09-2010,NaN
06-09-2010,21694.45
07-09-2010,21595.27
08-09-2010,21844.99
09-09-2010,22021.98
10-09-2010,22106.52
11-09-2010,NaN
12-09-2010,NaN
13-09-2010,22311.06
14-09-2010,22467.95
15-09-2010,22532.23
16-09-2010,22499.78
17-09-2010,NaN
18-09-2010,NaN
19-09-2010,NaN
20-09-2010,NaN
21-09-2010,22509.36
22-09-2010,22322.96
23-09-2010,22149.02
24-09-2010,22151.94
25-09-2010,NaN
26-09-2010,NaN
27-09-2010,22325.02
28-09-2010,22406.58
29-09-2010,22310.56
30-09-2010,22355.95
01-10-2010,22393.44
02-10-2010,NaN
03-10-2010,NaN
04-10-2010,22332.72
05-10-2010,22288.88
06-10-2010,22221.3
07-10-2010,22012.58
08-10-2010,22005.7
09-10-2010,NaN
10-10-2010,NaN
11-10-2010,NaN
12-10-2010,21891.86
13-10-2010,22363.3
14-10-2010,22266.57
15-10-2010,22129.09
16-10-2010,NaN
17-10-2010,NaN
18-10-2010,22179.43
19-10-2010,22241.95
20-10-2010,22260.67
21-10-2010,22333.15
22-10-2010,22396.87
23-10-2010,NaN
24-10-2010,NaN
25-10-2010,22447.65
26-10-2010,22553.51
27-10-2010,22730.79
28-10-2010,22760.52
29-10-2010,22874.62
30-10-2010,NaN
31-10-2010,NaN
01-11-2010,NaN
02-11-2010,23145.48
03-11-2010,23077.19
04-11-2010,23044.77
05-11-2010,22992.55
06-11-2010,NaN
07-11-2010,NaN
08-11-2010,23155.05
09-11-2010,23255.98
10-11-2010,23226.22
11-11-2010,23192.4
12-11-2010,23053.09
13-11-2010,NaN
14-11-2010,NaN
15-11-2010,22986.41
16-11-2010,22702.75
17-11-2010,22755.45
18-11-2010,22893.67
19-11-2010,23015.34
20-11-2010,NaN
21-11-2010,NaN
22-11-2010,23086.42
23-11-2010,22943.65
24-11-2010,23115.21
25-11-2010,23087.38
26-11-2010,23015.39
27-11-2010,NaN
28-11-2010,NaN
29-11-2010,22995.22
30-11-2010,22927.69
01-12-2010,22943.26
02-12-2010,23014.93
03-12-2010,23006.22
04-12-2010,NaN
05-12-2010,NaN
06-12-2010,22991.25
07-12-2010,23125.31
08-12-2010,NaN
09-12-2010,23034.09
10-12-2010,23012.71
11-12-2010,NaN
12-12-2010,NaN
13-12-2010,23002.62
14-12-2010,23101.27
15-12-2010,23209.35
16-12-2010,23240.76
17-12-2010,23269.54
18-12-2010,NaN
19-12-2010,NaN
20-12-2010,23222.14
21-12-2010,23069.76
22-12-2010,22842.14
23-12-2010,22875.7
24-12-2010,22921.59
25-12-2010,NaN
26-12-2010,NaN
27-12-2010,22668.77
28-12-2010,22636.19
29-12-2010,22826.73
30-12-2010,22979.22
31-12-2010,NaN
01-01-2011,NaN
02-01-2011,NaN
03-01-2011,23147.53
04-01-2011,23385.92
05-01-2011,23465.63
06-01-2011,23342.48
07-01-2011,23210.23
08-01-2011,NaN
09-01-2011,NaN
10-01-2011,22900.28
11-01-2011,22762.95
12-01-2011,22948.26
13-01-2011,23190.98
14-01-2011,23179.08
15-01-2011,NaN
16-01-2011,NaN
17-01-2011,23226.21
18-01-2011,23226.02
19-01-2011,23134.02
20-01-2011,23012.61
21-01-2011,23042.48
22-01-2011,NaN
23-01-2011,NaN
24-01-2011,23074.75
25-01-2011,22881.91
26-01-2011,22920.68
27-01-2011,22631.42
28-01-2011,22240.74
29-01-2011,NaN
30-01-2011,NaN
31-01-2011,22248.93
01-02-2011,22384.38
02-02-2011,22088
03-02-2011,21827.73
04-02-2011,21987.4
05-02-2011,NaN
06-02-2011,NaN
07-02-2011,21901
08-02-2011,21715.96
09-02-2011,21263.57
10-02-2011,21388.39
11-02-2011,21797.99
12-02-2011,NaN
13-02-2011,NaN
14-02-2011,21911.42
15-02-2011,21788.92
16-02-2011,21659.79
17-02-2011,21434.51
18-02-2011,21310.33
19-02-2011,NaN
20-02-2011,NaN
21-02-2011,21197
22-02-2011,20943.02
23-02-2011,20628.29
24-02-2011,20679.86
25-02-2011,20959.42
26-02-2011,NaN
27-02-2011,NaN
28-02-2011,21229.26
01-03-2011,21065.63
02-03-2011,21122.01
03-03-2011,21492.19
04-03-2011,21562.01
05-03-2011,NaN
06-03-2011,NaN
07-03-2011,21406.36
08-03-2011,21365.44
09-03-2011,21233.71
10-03-2011,20924.79
11-03-2011,20725.3
12-03-2011,NaN
13-03-2011,NaN
14-03-2011,20723.44
15-03-2011,20842.99
16-03-2011,20726.46
17-03-2011,20706.7
18-03-2011,20653.89
19-03-2011,NaN
20-03-2011,NaN
21-03-2011,21110.94
22-03-2011,21412
23-03-2011,21580.3
24-03-2011,21748.88
25-03-2011,21722.1
26-03-2011,NaN
27-03-2011,NaN
28-03-2011,21744.57
29-03-2011,21602.97
30-03-2011,21747.13
31-03-2011,21871.92
01-04-2011,22235.76
02-04-2011,NaN
03-04-2011,NaN
04-04-2011,22335.59
05-04-2011,22446.22
06-04-2011,22519.16
07-04-2011,22370.93
08-04-2011,22356.26
09-04-2011,NaN
10-04-2011,NaN
11-04-2011,22280.09
12-04-2011,21994.89
13-04-2011,22093.17
14-04-2011,22133.09
15-04-2011,22176.38
16-04-2011,NaN
17-04-2011,NaN
18-04-2011,22067.54
19-04-2011,22194.21
20-04-2011,22371.99
21-04-2011,22457.92
22-04-2011,NaN
23-04-2011,NaN
24-04-2011,NaN
25-04-2011,22500.31
26-04-2011,22556.57
27-04-2011,22514.47
28-04-2011,22530.36
29-04-2011,22784.53
30-04-2011,NaN
01-05-2011,NaN
02-05-2011,22811.86
03-05-2011,22754.8
04-05-2011,22565.14
05-05-2011,22686.13
06-05-2011,22794.19
07-05-2011,NaN
08-05-2011,NaN
09-05-2011,22855.15
10-05-2011,22983.36
11-05-2011,22945.73
12-05-2011,23013.29
13-05-2011,22966.67
14-05-2011,NaN
15-05-2011,NaN
16-05-2011,22973.61
17-05-2011,22951.73
18-05-2011,22986.36
19-05-2011,22804.22
20-05-2011,22820.17
21-05-2011,NaN
22-05-2011,NaN
23-05-2011,22743.12
24-05-2011,22709.45
25-05-2011,22752.65
26-05-2011,22896.76
27-05-2011,22907.23
28-05-2011,NaN
29-05-2011,NaN
30-05-2011,22914.63
31-05-2011,22929.02
01-06-2011,22908.78
02-06-2011,22980.84
03-06-2011,23007.22
04-06-2011,NaN
05-06-2011,NaN
06-06-2011,22743.72
07-06-2011,22748.48
08-06-2011,22764.04
09-06-2011,22559.16
10-06-2011,22466.37
11-06-2011,NaN
12-06-2011,NaN
13-06-2011,22170.41
14-06-2011,22105.89
15-06-2011,21789.56
16-06-2011,21604.11
17-06-2011,21965.22
18-06-2011,NaN
19-06-2011,NaN
20-06-2011,21980.9
21-06-2011,22232.31
22-06-2011,22286.38
23-06-2011,22201.68
24-06-2011,22191
25-06-2011,NaN
26-06-2011,NaN
27-06-2011,NaN
28-06-2011,22456.58
29-06-2011,22535.71
30-06-2011,22642.4
01-07-2011,22695.5
02-07-2011,NaN
03-07-2011,NaN
04-07-2011,22613.44
05-07-2011,22750.08
06-07-2011,22643.87
07-07-2011,22645.2
08-07-2011,22612.33
09-07-2011,NaN
10-07-2011,NaN
11-07-2011,22551.3
12-07-2011,22433.42
13-07-2011,22406.13
14-07-2011,22312.41
15-07-2011,22414.35
16-07-2011,NaN
17-07-2011,NaN
18-07-2011,22196.44
19-07-2011,22156.66
20-07-2011,21931.83
21-07-2011,21979.44
22-07-2011,22020.36
23-07-2011,NaN
24-07-2011,NaN
25-07-2011,21985.22
26-07-2011,21607.94
27-07-2011,21138.75
28-07-2011,21206.89
29-07-2011,21166.36
30-07-2011,NaN
31-07-2011,NaN
01-08-2011,21366.76
02-08-2011,21008.43
03-08-2011,20659.03
04-08-2011,19882.14
05-08-2011,19541.93
06-08-2011,NaN
07-08-2011,NaN
08-08-2011,18360.25
09-08-2011,19249.64
10-08-2011,19666.63
11-08-2011,20142.43
12-08-2011,20289.66
13-08-2011,NaN
14-08-2011,NaN
15-08-2011,NaN
16-08-2011,20186.37
17-08-2011,20242.07
18-08-2011,19927.06
19-08-2011,19822.53
20-08-2011,NaN
21-08-2011,NaN
22-08-2011,19775.02
23-08-2011,19953.93
24-08-2011,19964.74
25-08-2011,19776.13
26-08-2011,19778.32
27-08-2011,NaN
28-08-2011,NaN
29-08-2011,20116.4
30-08-2011,20366.4
31-08-2011,20463.36
01-09-2011,20534.08
02-09-2011,20333.22
03-09-2011,NaN
04-09-2011,NaN
05-09-2011,19778.88
06-09-2011,19763.55
07-09-2011,20165.82
08-09-2011,20113.6
09-09-2011,19721.77
10-09-2011,NaN
11-09-2011,NaN
12-09-2011,19325.81
13-09-2011,19426.26
14-09-2011,19505.54
15-09-2011,19578.13
16-09-2011,19504.91
17-09-2011,NaN
18-09-2011,NaN
19-09-2011,NaN
20-09-2011,19688.64
21-09-2011,19468.07
22-09-2011,18587.52
23-09-2011,18385.36
24-09-2011,NaN
25-09-2011,NaN
26-09-2011,18520.91
27-09-2011,18939.51
28-09-2011,18848.63
29-09-2011,18847.1
30-09-2011,18796.89
01-10-2011,NaN
02-10-2011,NaN
03-10-2011,18316.75
04-10-2011,17707.45
05-10-2011,18025.93
06-10-2011,18746.85
07-10-2011,18660.68
08-10-2011,NaN
09-10-2011,NaN
10-10-2011,NaN
11-10-2011,18949.27
12-10-2011,19192.48
13-10-2011,19262.22
14-10-2011,19233.73
15-10-2011,NaN
16-10-2011,NaN
17-10-2011,19248.24
18-10-2011,19502.56
19-10-2011,19643.85
20-10-2011,19617.74
21-10-2011,19830.74
22-10-2011,NaN
23-10-2011,NaN
24-10-2011,20127.89
25-10-2011,19908.64
26-10-2011,20020.33
27-10-2011,20663.03
28-10-2011,20711.29
29-10-2011,NaN
30-10-2011,NaN
31-10-2011,NaN
01-11-2011,NaN
02-11-2011,20508.23
03-11-2011,20536.53
04-11-2011,20506.69
05-11-2011,NaN
06-11-2011,NaN
07-11-2011,20781.74
08-11-2011,20886.02
09-11-2011,20574.68
10-11-2011,20562.28
11-11-2011,20759.75
12-11-2011,NaN
13-11-2011,NaN
14-11-2011,20720.66
15-11-2011,20802.3
16-11-2011,20875.62
17-11-2011,20577.83
18-11-2011,20480.9
19-11-2011,NaN
20-11-2011,NaN
21-11-2011,20165.47
22-11-2011,19939.23
23-11-2011,19506.25
24-11-2011,19492.36
25-11-2011,19256.37
26-11-2011,NaN
27-11-2011,NaN
28-11-2011,19646.79
29-11-2011,19660.89
30-11-2011,20074.19
01-12-2011,20002.57
02-12-2011,20003.42
03-12-2011,NaN
04-12-2011,NaN
05-12-2011,19862.45
06-12-2011,19817.81
07-12-2011,20048.98
08-12-2011,NaN
09-12-2011,20157
10-12-2011,NaN
11-12-2011,NaN
12-12-2011,20062.35
13-12-2011,20097
14-12-2011,19879.79
15-12-2011,19942.25
16-12-2011,19955.93
17-12-2011,NaN
18-12-2011,NaN
19-12-2011,19959.47
20-12-2011,20074.09
21-12-2011,20146.59
22-12-2011,20163.03
23-12-2011,20156.87
24-12-2011,NaN
25-12-2011,NaN
26-12-2011,20078.76
27-12-2011,20142.03
28-12-2011,20016.06
29-12-2011,20107.09
30-12-2011,20129.8
31-12-2011,NaN
01-01-2012,NaN
02-01-2012,20049.8
03-01-2012,20096.13
04-01-2012,20234.39
05-01-2012,20197.41
06-01-2012,20245.87
07-01-2012,NaN
08-01-2012,NaN
09-01-2012,20275.49
10-01-2012,20289.86
11-01-2012,20258.1
12-01-2012,20318.1
13-01-2012,20281.39
14-01-2012,NaN
15-01-2012,NaN
16-01-2012,20332.91
17-01-2012,20355.09
18-01-2012,20433.63
19-01-2012,20515.38
20-01-2012,20549.56
21-01-2012,NaN
22-01-2012,NaN
23-01-2012,20438.46
24-01-2012,20409.02
25-01-2012,20308
26-01-2012,20303.8
27-01-2012,20333.44
28-01-2012,NaN
29-01-2012,NaN
30-01-2012,20315.87
31-01-2012,20454.09
01-02-2012,20621.1
02-02-2012,20721.23
03-02-2012,20908.82
04-02-2012,NaN
05-02-2012,NaN
06-02-2012,20892.29
07-02-2012,20831.99
08-02-2012,20836.88
09-02-2012,20992.73
10-02-2012,21020.03
11-02-2012,NaN
12-02-2012,NaN
13-02-2012,21108.21
14-02-2012,21128.59
15-02-2012,21299.32
16-02-2012,21336.13
17-02-2012,21553.14
18-02-2012,NaN
19-02-2012,NaN
20-02-2012,21529.81
21-02-2012,21433.07
22-02-2012,21422.96
23-02-2012,21330.31
24-02-2012,21404.61
25-02-2012,NaN
26-02-2012,NaN
27-02-2012,21383.24
28-02-2012,21491.11
29-02-2012,21546.22
01-03-2012,21655.49
02-03-2012,21631.04
03-03-2012,NaN
04-03-2012,NaN
05-03-2012,21454.94
06-03-2012,21365.37
07-03-2012,21345.49
08-03-2012,21484.16
09-03-2012,21503.83
10-03-2012,NaN
11-03-2012,NaN
12-03-2012,21518.5
13-03-2012,21536.44
14-03-2012,21635.72
15-03-2012,21763.87
16-03-2012,21782.04
17-03-2012,NaN
18-03-2012,NaN
19-03-2012,22006.21
20-03-2012,21897.18
21-03-2012,21926.24
22-03-2012,21815.82
23-03-2012,21945.49
24-03-2012,NaN
25-03-2012,NaN
26-03-2012,22132.46
27-03-2012,22264.64
28-03-2012,22185.82
29-03-2012,22123.33
30-03-2012,22206.86
31-03-2012,NaN
01-04-2012,NaN
02-04-2012,22297.06
03-04-2012,22155.61
04-04-2012,22068.03
05-04-2012,22111.52
06-04-2012,NaN
07-04-2012,NaN
08-04-2012,NaN
09-04-2012,21940.12
10-04-2012,21792.16
11-04-2012,21711.48
12-04-2012,21734.24
13-04-2012,21648.33
14-04-2012,NaN
15-04-2012,NaN
16-04-2012,21613.26
17-04-2012,21625.22
18-04-2012,21646.07
19-04-2012,21736.79
20-04-2012,21945.07
21-04-2012,NaN
22-04-2012,NaN
23-04-2012,21776.12
24-04-2012,21808.07
25-04-2012,21819.6
26-04-2012,21797.65
27-04-2012,21878.66
28-04-2012,NaN
29-04-2012,NaN
30-04-2012,21925.87
01-05-2012,NaN
02-05-2012,21820.5
03-05-2012,21690.68
04-05-2012,21706.6
05-05-2012,NaN
06-05-2012,NaN
07-05-2012,21779.24
08-05-2012,21672.63
09-05-2012,21580.82
10-05-2012,21551.1
11-05-2012,21522.76
12-05-2012,NaN
13-05-2012,NaN
14-05-2012,21283.32
15-05-2012,21049.76
16-05-2012,20865.8
17-05-2012,20705.97
18-05-2012,20563.78
19-05-2012,NaN
20-05-2012,NaN
21-05-2012,NaN
22-05-2012,20549.07
23-05-2012,20396.19
24-05-2012,20475.49
25-05-2012,20585.27
26-05-2012,NaN
27-05-2012,NaN
28-05-2012,20575.35
29-05-2012,20614.93
30-05-2012,20620.58
31-05-2012,20802.59
01-06-2012,20646.86
02-06-2012,NaN
03-06-2012,NaN
04-06-2012,20313.98
05-06-2012,20319.6
06-06-2012,20579.62
07-06-2012,20641.03
08-06-2012,20898.6
09-06-2012,NaN
10-06-2012,NaN
11-06-2012,20739.12
12-06-2012,20656.49
13-06-2012,20564.19
14-06-2012,20625.37
15-06-2012,20783.83
16-06-2012,NaN
17-06-2012,NaN
18-06-2012,20850
19-06-2012,20918.93
20-06-2012,21054.71
21-06-2012,20922.65
22-06-2012,20914.4
23-06-2012,NaN
24-06-2012,NaN
25-06-2012,20782.82
26-06-2012,20778.8
27-06-2012,20830.12
28-06-2012,20820.83
29-06-2012,21079.74
30-06-2012,NaN
01-07-2012,NaN
02-07-2012,NaN
03-07-2012,21161.29
04-07-2012,21154.27
05-07-2012,21181.18
06-07-2012,21127.37
07-07-2012,NaN
08-07-2012,NaN
09-07-2012,20993.27
10-07-2012,20898.5
11-07-2012,20951.14
12-07-2012,20908.24
13-07-2012,20984.85
14-07-2012,NaN
15-07-2012,NaN
16-07-2012,NaN
17-07-2012,21043.67
18-07-2012,21121.08
19-07-2012,21066.38
20-07-2012,21034.89
21-07-2012,NaN
22-07-2012,NaN
23-07-2012,20855.88
24-07-2012,20788.5
25-07-2012,20694.93
26-07-2012,20498.79
27-07-2012,20560.61
28-07-2012,NaN
29-07-2012,NaN
30-07-2012,20501.49
31-07-2012,20447.87
01-08-2012,20235.37
02-08-2012,19990.1
03-08-2012,20295.59
04-08-2012,NaN
05-08-2012,NaN
06-08-2012,20269.93
07-08-2012,20128.29
08-08-2012,20200.61
09-08-2012,20157.65
10-08-2012,20249.42
11-08-2012,NaN
12-08-2012,NaN
13-08-2012,20223.4
14-08-2012,20259.8
15-08-2012,NaN
16-08-2012,20377.94
17-08-2012,20578.78
18-08-2012,NaN
19-08-2012,NaN
20-08-2012,20628.32
21-08-2012,20578.35
22-08-2012,20414.47
23-08-2012,20371.79
24-08-2012,20301.26
25-08-2012,NaN
26-08-2012,NaN
27-08-2012,20177.56
28-08-2012,20177.31
29-08-2012,20166.79
30-08-2012,20045.39
31-08-2012,20176.31
01-09-2012,NaN
02-09-2012,NaN
03-09-2012,20099.07
04-09-2012,20026.1
05-09-2012,19997.81
06-09-2012,20096.18
07-09-2012,20249.82
08-09-2012,NaN
09-09-2012,NaN
10-09-2012,20293.87
11-09-2012,20356.91
12-09-2012,20295.78
13-09-2012,20341.99
14-09-2012,20486.1
15-09-2012,NaN
16-09-2012,NaN
17-09-2012,NaN
18-09-2012,NaN
19-09-2012,NaN
20-09-2012,20463.66
21-09-2012,20557.48
22-09-2012,NaN
23-09-2012,NaN
24-09-2012,20480.46
25-09-2012,20436.28
26-09-2012,20431.22
27-09-2012,20473.93
28-09-2012,20551.46
29-09-2012,NaN
30-09-2012,NaN
01-10-2012,20564.54
02-10-2012,20626.17
03-10-2012,20633.19
04-10-2012,20762.31
05-10-2012,20885.45
06-10-2012,NaN
07-10-2012,NaN
08-10-2012,20886.89
09-10-2012,20812.16
10-10-2012,20732.87
11-10-2012,20781.31
12-10-2012,20778.44
13-10-2012,NaN
14-10-2012,NaN
15-10-2012,NaN
16-10-2012,20951.04
17-10-2012,21043.31
18-10-2012,21088.62
19-10-2012,20871.64
20-10-2012,NaN
21-10-2012,NaN
22-10-2012,20794.9
23-10-2012,20766.82
24-10-2012,20807.24
25-10-2012,20777.71
26-10-2012,20835.73
27-10-2012,NaN
28-10-2012,NaN
29-10-2012,20864.19
30-10-2012,20884.54
31-10-2012,20910.93
01-11-2012,NaN
02-11-2012,NaN
03-11-2012,NaN
04-11-2012,NaN
05-11-2012,20904.36
06-11-2012,20953.18
07-11-2012,20875.46
08-11-2012,20778.2
09-11-2012,20736.35
10-11-2012,NaN
11-11-2012,NaN
12-11-2012,20692.75
13-11-2012,20630.12
14-11-2012,20535.72
15-11-2012,20538.85
16-11-2012,20539.78
17-11-2012,NaN
18-11-2012,NaN
19-11-2012,20588.58
20-11-2012,20541.98
21-11-2012,20408.94
22-11-2012,20356
23-11-2012,20365.27
24-11-2012,NaN
25-11-2012,NaN
26-11-2012,20322.2
27-11-2012,20252.85
28-11-2012,20234.79
29-11-2012,20325.45
30-11-2012,20323.85
01-12-2012,NaN
02-12-2012,NaN
03-12-2012,20385.21
04-12-2012,20341.77
05-12-2012,20366.31
06-12-2012,20339.87
07-12-2012,20322.68
08-12-2012,NaN
09-12-2012,NaN
10-12-2012,20318.72
11-12-2012,20576.19
12-12-2012,20722.94
13-12-2012,20717.17
14-12-2012,20854.97
15-12-2012,NaN
16-12-2012,NaN
17-12-2012,20927.1
18-12-2012,20963.28
19-12-2012,20979.44
20-12-2012,20983.45
21-12-2012,21002.39
22-12-2012,NaN
23-12-2012,NaN
24-12-2012,21003.4
25-12-2012,NaN
26-12-2012,21040.16
27-12-2012,21027.51
28-12-2012,21070.28
29-12-2012,NaN
30-12-2012,NaN
31-12-2012,NaN
01-01-2013,NaN
02-01-2013,21253.09
03-01-2013,21287.3
04-01-2013,21462.16
05-01-2013,NaN
06-01-2013,NaN
07-01-2013,21471.76
08-01-2013,21518.56
09-01-2013,21620.07
10-01-2013,21769.44
11-01-2013,21676.41
12-01-2013,NaN
13-01-2013,NaN
14-01-2013,21744.44
15-01-2013,21719.73
16-01-2013,21826.91
17-01-2013,21889.38
18-01-2013,22030.33
19-01-2013,NaN
20-01-2013,NaN
21-01-2013,22032.97
22-01-2013,22078.17
23-01-2013,21992.2
24-01-2013,21880.39
25-01-2013,21966.79
26-01-2013,NaN
27-01-2013,NaN
28-01-2013,22031.83
29-01-2013,22015.47
30-01-2013,22110.4
31-01-2013,22167.63
01-02-2013,22219.83
02-02-2013,NaN
03-02-2013,NaN
04-02-2013,22191.87
05-02-2013,22278.36
06-02-2013,22350.22
07-02-2013,22324.12
08-02-2013,22280.73
09-02-2013,NaN
10-02-2013,NaN
11-02-2013,22289.03
12-02-2013,22307.83
13-02-2013,22397.61
14-02-2013,22403.23
15-02-2013,22335.33
16-02-2013,NaN
17-02-2013,NaN
18-02-2013,22348.52
19-02-2013,22390.6
20-02-2013,22140.41
21-02-2013,22038.77
22-02-2013,22150.75
23-02-2013,NaN
24-02-2013,NaN
25-02-2013,22043.76
26-02-2013,21979.15
27-02-2013,22063.55
28-02-2013,22219.95
01-03-2013,22284.57
02-03-2013,NaN
03-03-2013,NaN
04-03-2013,22334
05-03-2013,22298.06
06-03-2013,22099.14
07-03-2013,21991.41
08-03-2013,22122.69
09-03-2013,NaN
10-03-2013,NaN
11-03-2013,22117.72
12-03-2013,22038.51
13-03-2013,21929.31
14-03-2013,21807.82
15-03-2013,21635.44
16-03-2013,NaN
17-03-2013,NaN
18-03-2013,21607.69
19-03-2013,21718.64
20-03-2013,21814.45
21-03-2013,21780.38
22-03-2013,21777.07
23-03-2013,NaN
24-03-2013,NaN
25-03-2013,21616.09
26-03-2013,21718
27-03-2013,21682.17
28-03-2013,21698.32
29-03-2013,NaN
30-03-2013,NaN
31-03-2013,NaN
01-04-2013,21627.14
02-04-2013,21544.27
03-04-2013,21367.58
04-04-2013,21266.45
05-04-2013,21041.48
06-04-2013,NaN
07-04-2013,NaN
08-04-2013,21142.7
09-04-2013,21328.37
10-04-2013,21354.78
11-04-2013,21307.98
12-04-2013,21271.46
13-04-2013,NaN
14-04-2013,NaN
15-04-2013,20861.5
16-04-2013,20970.05
17-04-2013,20878.62
18-04-2013,21009.65
19-04-2013,21114.52
20-04-2013,NaN
21-04-2013,NaN
22-04-2013,21065.6
23-04-2013,21152.98
24-04-2013,21156.86
25-04-2013,21153.46
26-04-2013,21042.43
27-04-2013,NaN
28-04-2013,NaN
29-04-2013,20942.42
30-04-2013,21084.6
01-05-2013,NaN
02-05-2013,21161.87
03-05-2013,21293.3
04-05-2013,NaN
05-05-2013,NaN
06-05-2013,21178.91
07-05-2013,21223.8
08-05-2013,21290.91
09-05-2013,21286.42
10-05-2013,21185.52
11-05-2013,NaN
12-05-2013,NaN
13-05-2013,21034.99
14-05-2013,21033.91
15-05-2013,21017.51
16-05-2013,20930.74
17-05-2013,20915.81
18-05-2013,NaN
19-05-2013,NaN
20-05-2013,20823.18
21-05-2013,NaN
22-05-2013,20978.53
23-05-2013,20848.72
24-05-2013,20674.67
25-05-2013,NaN
26-05-2013,NaN
27-05-2013,20581.65
28-05-2013,20448.66
29-05-2013,20431.73
30-05-2013,20456.69
31-05-2013,20681.45
01-06-2013,NaN
02-06-2013,NaN
03-06-2013,20571.51
04-06-2013,20695.49
05-06-2013,20667.35
06-06-2013,20582.86
07-06-2013,20388.5
08-06-2013,NaN
09-06-2013,NaN
10-06-2013,20033.27
11-06-2013,19741.03
12-06-2013,19576.86
13-06-2013,19790.53
14-06-2013,19832.09
15-06-2013,NaN
16-06-2013,NaN
17-06-2013,19733.76
18-06-2013,19754.04
19-06-2013,19628.64
20-06-2013,19147.72
21-06-2013,19162.59
22-06-2013,NaN
23-06-2013,NaN
24-06-2013,19007.31
25-06-2013,19098.75
26-06-2013,19404.11
27-06-2013,19624.28
28-06-2013,19861.1
29-06-2013,NaN
30-06-2013,NaN
01-07-2013,19547.82
02-07-2013,19234.91
03-07-2013,19097.24
04-07-2013,19168.68
05-07-2013,19019.5
06-07-2013,NaN
07-07-2013,NaN
08-07-2013,18946.12
09-07-2013,18777.43
10-07-2013,18591.03
11-07-2013,18576.96
12-07-2013,18608.65
13-07-2013,NaN
14-07-2013,NaN
15-07-2013,18874.7
16-07-2013,NaN
17-07-2013,19141.6
18-07-2013,19337.21
19-07-2013,19115.33
20-07-2013,NaN
21-07-2013,NaN
22-07-2013,19141.03
23-07-2013,19136.27
24-07-2013,19193.85
25-07-2013,19104.63
26-07-2013,18923.47
27-07-2013,NaN
28-07-2013,NaN
29-07-2013,18893.13
30-07-2013,18518.15
31-07-2013,18438.04
01-08-2013,18832.11
02-08-2013,18789.28
03-08-2013,NaN
04-08-2013,NaN
05-08-2013,18634.55
06-08-2013,18368.64
07-08-2013,18178.29
08-08-2013,18462.69
09-08-2013,18639.66
10-08-2013,NaN
11-08-2013,NaN
12-08-2013,18674.65
13-08-2013,18640.03
14-08-2013,18561.95
15-08-2013,NaN
16-08-2013,18427.93
17-08-2013,NaN
18-08-2013,NaN
19-08-2013,18347.66
20-08-2013,18270.94
21-08-2013,17998
22-08-2013,17974.42
23-08-2013,18146.52
24-08-2013,NaN
25-08-2013,NaN
26-08-2013,18075.55
27-08-2013,17681.52
28-08-2013,17653.44
29-08-2013,17710.22
30-08-2013,17993.73
31-08-2013,NaN
01-09-2013,NaN
02-09-2013,18029.5
03-09-2013,17928.16
04-09-2013,17931.82
05-09-2013,18283.98
06-09-2013,18691.57
07-09-2013,NaN
08-09-2013,NaN
09-09-2013,19094.86
10-09-2013,19096.23
11-09-2013,19127.63
12-09-2013,18834.51
13-09-2013,18676.73
14-09-2013,NaN
15-09-2013,NaN
16-09-2013,18870.14
17-09-2013,18809.58
18-09-2013,NaN
19-09-2013,NaN
20-09-2013,NaN
21-09-2013,NaN
22-09-2013,NaN
23-09-2013,19342.04
24-09-2013,19211.5
25-09-2013,19150.2
26-09-2013,19123.64
27-09-2013,19028.3
28-09-2013,NaN
29-09-2013,NaN
30-09-2013,18833.77
01-10-2013,18953.2
02-10-2013,18811.35
03-10-2013,18826.34
04-10-2013,18876.06
05-10-2013,NaN
06-10-2013,NaN
07-10-2013,18781.19
08-10-2013,18763.6
09-10-2013,18629.97
10-10-2013,18804.09
11-10-2013,18876.65
12-10-2013,NaN
13-10-2013,NaN
14-10-2013,18939.92
15-10-2013,18975.76
16-10-2013,18994.36
17-10-2013,18848.14
18-10-2013,18961.66
19-10-2013,NaN
20-10-2013,NaN
21-10-2013,19143.68
22-10-2013,19163.01
23-10-2013,19297.81
24-10-2013,19210.94
25-10-2013,19102.57
26-10-2013,NaN
27-10-2013,NaN
28-10-2013,19125.46
29-10-2013,19091.68
30-10-2013,19242.04
31-10-2013,NaN
01-11-2013,NaN
02-11-2013,NaN
03-11-2013,NaN
04-11-2013,19280.74
05-11-2013,19262.73
06-11-2013,19184.77
07-11-2013,19167.88
08-11-2013,18928.25
09-11-2013,NaN
10-11-2013,NaN
11-11-2013,18676.21
12-11-2013,18680.36
13-11-2013,18438.65
14-11-2013,18507.67
15-11-2013,18703.04
16-11-2013,NaN
17-11-2013,NaN
18-11-2013,18853.39
19-11-2013,18710.81
20-11-2013,18553.3
21-11-2013,18363.38
22-11-2013,18425.46
23-11-2013,NaN
24-11-2013,NaN
25-11-2013,18336.47
26-11-2013,18125.02
27-11-2013,18306.92
28-11-2013,18433.9
29-11-2013,18599.86
30-11-2013,NaN
01-12-2013,NaN
02-12-2013,18489.5
03-12-2013,18347.63
04-12-2013,18296.9
05-12-2013,18340.22
06-12-2013,18235.75
07-12-2013,NaN
08-12-2013,NaN
09-12-2013,18271.4
10-12-2013,18280.52
11-12-2013,18248.29
12-12-2013,18141.49
13-12-2013,18071.66
14-12-2013,NaN
15-12-2013,NaN
16-12-2013,18179.95
17-12-2013,18082.41
18-12-2013,18066.81
19-12-2013,18110.79
20-12-2013,18198.87
21-12-2013,NaN
22-12-2013,NaN
23-12-2013,18121.52
24-12-2013,18121.88
25-12-2013,NaN
26-12-2013,18035.22
27-12-2013,18205.99
28-12-2013,NaN
29-12-2013,NaN
30-12-2013,18227.05
31-12-2013,NaN
01-01-2014,NaN
02-01-2014,18213.39
03-01-2014,18233.22
04-01-2014,NaN
05-01-2014,NaN
06-01-2014,18211.75
07-01-2014,18132.02
08-01-2014,18204.11
09-01-2014,18028.1
10-01-2014,17926.38
11-01-2014,NaN
12-01-2014,NaN
13-01-2014,17907.77
14-01-2014,17890.8
15-01-2014,18041.88
16-01-2014,18134.52
17-01-2014,18266.88
18-01-2014,NaN
19-01-2014,NaN
20-01-2014,18183.68
21-01-2014,18170.5
22-01-2014,18248.41
23-01-2014,18131.49
24-01-2014,17815.17
25-01-2014,NaN
26-01-2014,NaN
27-01-2014,17493.58
28-01-2014,17349.86
29-01-2014,16937.63
30-01-2014,16938.43
31-01-2014,17123.06
01-02-2014,NaN
02-02-2014,NaN
03-02-2014,16944.04
04-02-2014,17007.98
05-02-2014,17025.22
06-02-2014,17174.7
07-02-2014,17349.84
08-02-2014,NaN
09-02-2014,NaN
10-02-2014,17411.83
11-02-2014,17621.09
12-02-2014,17850.24
13-02-2014,17857.77
14-02-2014,18102.4
15-02-2014,NaN
16-02-2014,NaN
17-02-2014,18125.84
18-02-2014,18007.2
19-02-2014,17977.52
20-02-2014,17976.21
21-02-2014,17937.65
22-02-2014,NaN
23-02-2014,NaN
24-02-2014,17996.71
25-02-2014,17964.5
26-02-2014,18141.97
27-02-2014,18219.65
28-02-2014,18342.81
01-03-2014,NaN
02-03-2014,NaN
03-03-2014,18108.8
04-03-2014,18279.35
05-03-2014,18339.48
06-03-2014,18399.37
07-03-2014,18258.48
08-03-2014,NaN
09-03-2014,NaN
10-03-2014,18074.15
11-03-2014,18104.77
12-03-2014,17951.71
13-03-2014,17964.4
14-03-2014,17891.01
15-03-2014,NaN
16-03-2014,NaN
17-03-2014,17972.96
18-03-2014,18149.52
19-03-2014,18013.02
20-03-2014,18091.78
21-03-2014,18049.07
22-03-2014,NaN
23-03-2014,NaN
24-03-2014,18148.88
25-03-2014,18342.49
26-03-2014,18284.4
27-03-2014,18441.77
28-03-2014,18496.74
29-03-2014,NaN
30-03-2014,NaN
31-03-2014,18552.57
01-04-2014,18633.51
02-04-2014,18706.41
03-04-2014,18628.12
04-04-2014,18527.12
05-04-2014,NaN
06-04-2014,NaN
07-04-2014,18574.33
08-04-2014,18755.08
09-04-2014,18913.92
10-04-2014,18875.67
11-04-2014,18936.36
12-04-2014,NaN
13-04-2014,NaN
14-04-2014,19067.13
15-04-2014,19010.29
16-04-2014,19165.79
17-04-2014,19101.01
18-04-2014,NaN
19-04-2014,NaN
20-04-2014,NaN
21-04-2014,19079.19
22-04-2014,19049.52
23-04-2014,19034.86
24-04-2014,19024.06
25-04-2014,18840.91
26-04-2014,NaN
27-04-2014,NaN
28-04-2014,18788.64
29-04-2014,18930.13
30-04-2014,19186.66
01-05-2014,NaN
02-05-2014,19261.29
03-05-2014,NaN
04-05-2014,NaN
05-05-2014,19175.13
06-05-2014,19116.94
07-05-2014,19160.52
08-05-2014,19182.71
09-05-2014,19151.74
10-05-2014,NaN
11-05-2014,NaN
12-05-2014,19215.94
13-05-2014,19341.37
14-05-2014,19364.66
15-05-2014,19295.3
16-05-2014,19381.99
17-05-2014,NaN
18-05-2014,NaN
19-05-2014,19254.22
20-05-2014,19029.89
21-05-2014,NaN
22-05-2014,19201.3
23-05-2014,19336.89
24-05-2014,NaN
25-05-2014,NaN
26-05-2014,19337.15
27-05-2014,19222.73
28-05-2014,19205.72
29-05-2014,19265.5
30-05-2014,19103.01
31-05-2014,NaN
01-06-2014,NaN
02-06-2014,19029.73
03-06-2014,19114.2
04-06-2014,19119.46
05-06-2014,19215.62
06-06-2014,19200.27
07-06-2014,NaN
08-06-2014,NaN
09-06-2014,19103.09
10-06-2014,19175.32
11-06-2014,19069.96
12-06-2014,19001
13-06-2014,18886.37
14-06-2014,NaN
15-06-2014,NaN
16-06-2014,18795.88
17-06-2014,18727.13
18-06-2014,18883.79
19-06-2014,18983.32
20-06-2014,18903.96
21-06-2014,NaN
22-06-2014,NaN
23-06-2014,18936.82
24-06-2014,19022.15
25-06-2014,18990.43
26-06-2014,18954
27-06-2014,18899.54
28-06-2014,NaN
29-06-2014,NaN
30-06-2014,18899.87
01-07-2014,18874.57
02-07-2014,18940.93
03-07-2014,18948.5
04-07-2014,18925.47
05-07-2014,NaN
06-07-2014,NaN
07-07-2014,18905.03
08-07-2014,19071.2
09-07-2014,19305.81
10-07-2014,19266.89
11-07-2014,19317.54
12-07-2014,NaN
13-07-2014,NaN
14-07-2014,19292.55
15-07-2014,19285.47
16-07-2014,NaN
17-07-2014,19208.83
18-07-2014,19209.92
19-07-2014,NaN
20-07-2014,NaN
21-07-2014,19178.32
22-07-2014,19150.51
23-07-2014,19117.4
24-07-2014,19147.91
25-07-2014,19104.06
26-07-2014,NaN
27-07-2014,NaN
28-07-2014,19100.28
29-07-2014,19099.77
30-07-2014,19069.72
31-07-2014,18945.82
01-08-2014,19059.82
02-08-2014,NaN
03-08-2014,NaN
04-08-2014,19178.07
05-08-2014,19200.74
06-08-2014,19133.17
07-08-2014,19054.26
08-08-2014,19009.78
09-08-2014,NaN
10-08-2014,NaN
11-08-2014,19136.76
12-08-2014,19117.7
13-08-2014,19225.81
14-08-2014,19242.79
15-08-2014,NaN
16-08-2014,NaN
17-08-2014,NaN
18-08-2014,19239.52
19-08-2014,19229.36
20-08-2014,19349.69
21-08-2014,19316.89
22-08-2014,19234.94
23-08-2014,NaN
24-08-2014,NaN
25-08-2014,19221.19
26-08-2014,19231.6
27-08-2014,19334.22
28-08-2014,19293.28
29-08-2014,19422.77
30-08-2014,NaN
31-08-2014,NaN
01-09-2014,19475.49
02-09-2014,19651.92
03-09-2014,19813.98
04-09-2014,19788.66
05-09-2014,19723.56
06-09-2014,NaN
07-09-2014,NaN
08-09-2014,19673.92
09-09-2014,19690.44
10-09-2014,19708.77
11-09-2014,19537.89
12-09-2014,19391.95
13-09-2014,NaN
14-09-2014,NaN
15-09-2014,19304.15
16-09-2014,19409.86
17-09-2014,19552.93
18-09-2014,NaN
19-09-2014,NaN
20-09-2014,NaN
21-09-2014,NaN
22-09-2014,19439.43
23-09-2014,19294.26
24-09-2014,19335.49
25-09-2014,19340.73
26-09-2014,19336.98
27-09-2014,NaN
28-09-2014,NaN
29-09-2014,19239.96
30-09-2014,19250.93
01-10-2014,18997.25
02-10-2014,18941.82
03-10-2014,19168.92
04-10-2014,NaN
05-10-2014,NaN
06-10-2014,19280.93
07-10-2014,19214.01
08-10-2014,19137.54
09-10-2014,19029.95
10-10-2014,18811.48
11-10-2014,NaN
12-10-2014,NaN
13-10-2014,18937.44
14-10-2014,18882.66
15-10-2014,18655.02
16-10-2014,18570.97
17-10-2014,18510.78
18-10-2014,NaN
19-10-2014,NaN
20-10-2014,18526.69
21-10-2014,18689.76
22-10-2014,18744.94
23-10-2014,18773.51
24-10-2014,18763.56
25-10-2014,NaN
26-10-2014,NaN
27-10-2014,18643.22
28-10-2014,18643.1
29-10-2014,18676.53
30-10-2014,18842.72
31-10-2014,NaN
01-11-2014,NaN
02-11-2014,NaN
03-11-2014,19050.7
04-11-2014,19056.79
05-11-2014,19087.37
06-11-2014,18992.12
07-11-2014,18986.4
08-11-2014,NaN
09-11-2014,NaN
10-11-2014,18987.15
11-11-2014,18990.89
12-11-2014,19123.08
13-11-2014,19155
14-11-2014,19109.2
15-11-2014,NaN
16-11-2014,NaN
17-11-2014,19122
18-11-2014,19166.89
19-11-2014,19340.35
20-11-2014,19351.96
21-11-2014,19422.44
22-11-2014,NaN
23-11-2014,NaN
24-11-2014,19368.24
25-11-2014,19381.71
26-11-2014,19326.63
27-11-2014,19406.83
28-11-2014,19457.82
29-11-2014,NaN
30-11-2014,NaN
01-12-2014,19320.04
02-12-2014,19286.07
03-12-2014,19260.94
04-12-2014,19238.75
05-12-2014,19357.98
06-12-2014,NaN
07-12-2014,NaN
08-12-2014,NaN
09-12-2014,19136.71
10-12-2014,18926.66
11-12-2014,18786.95
12-12-2014,18674.67
13-12-2014,NaN
14-12-2014,NaN
15-12-2014,18463.32
16-12-2014,18443.86
17-12-2014,18542.98
18-12-2014,18697.24
19-12-2014,18692.54
20-12-2014,NaN
21-12-2014,NaN
22-12-2014,18642.49
23-12-2014,18733.64
24-12-2014,18699.09
25-12-2014,NaN
26-12-2014,18727.92
27-12-2014,NaN
28-12-2014,NaN
29-12-2014,18878.19
30-12-2014,18870.41
31-12-2014,NaN
01-01-2015,NaN
02-01-2015,18870.2
03-01-2015,NaN
04-01-2015,NaN
05-01-2015,18655.48
06-01-2015,18561.36
07-01-2015,18573.89
08-01-2015,18618.86
09-01-2015,18608.54
10-01-2015,NaN
11-01-2015,NaN
12-01-2015,18589.94
13-01-2015,18609.56
14-01-2015,18459.09
15-01-2015,18378.2
16-01-2015,18378.88
17-01-2015,NaN
18-01-2015,NaN
19-01-2015,18393.84
20-01-2015,18451.62
21-01-2015,18683.25
22-01-2015,18918.99
23-01-2015,18893.45
24-01-2015,NaN
25-01-2015,NaN
26-01-2015,18792.91
27-01-2015,18848.11
28-01-2015,18813.73
29-01-2015,18773.42
30-01-2015,18761.3
31-01-2015,NaN
01-02-2015,NaN
02-02-2015,18855.57
03-02-2015,19073.79
04-02-2015,19084.36
05-02-2015,19139.39
06-02-2015,19216.59
07-02-2015,NaN
08-02-2015,NaN
09-02-2015,19103.93
10-02-2015,19032.84
11-02-2015,19092.15
12-02-2015,19273.8
13-02-2015,19358.51
14-02-2015,NaN
15-02-2015,NaN
16-02-2015,19411
17-02-2015,19382.9
18-02-2015,19412.39
19-02-2015,19442.79
20-02-2015,19430.81
21-02-2015,NaN
22-02-2015,NaN
23-02-2015,19558.67
24-02-2015,19400.97
25-02-2015,19388.02
26-02-2015,19384.26
27-02-2015,19357.66
28-02-2015,NaN
01-03-2015,NaN
02-03-2015,19188.3
03-03-2015,19297.1
04-03-2015,19284.26
05-03-2015,19246.72
06-03-2015,19163.92
07-03-2015,NaN
08-03-2015,NaN
09-03-2015,18984.54
10-03-2015,18903.91
11-03-2015,18882.54
12-03-2015,18905.65
13-03-2015,18707.67
14-03-2015,NaN
15-03-2015,NaN
16-03-2015,18721.12
17-03-2015,18794.31
18-03-2015,18862.47
19-03-2015,18846.6
20-03-2015,18937.08
21-03-2015,NaN
22-03-2015,NaN
23-03-2015,18904.23
24-03-2015,18984.5
25-03-2015,19006.84
26-03-2015,18892.41
27-03-2015,18957.1
28-03-2015,NaN
29-03-2015,NaN
30-03-2015,19074.78
31-03-2015,19090.84
01-04-2015,19183.71
02-04-2015,19295.13
03-04-2015,NaN
04-04-2015,NaN
05-04-2015,NaN
06-04-2015,19351.1
07-04-2015,19352.39
08-04-2015,19397.98
09-04-2015,19500.42
10-04-2015,19592.46
11-04-2015,NaN
12-04-2015,NaN
13-04-2015,19610.98
14-04-2015,19523.28
15-04-2015,19574.36
16-04-2015,19733.38
17-04-2015,19518.29
18-04-2015,NaN
19-04-2015,NaN
20-04-2015,19528.1
21-04-2015,19576
22-04-2015,19573.77
23-04-2015,19654.83
24-04-2015,19748.94
25-04-2015,NaN
26-04-2015,NaN
27-04-2015,19980.3
28-04-2015,19807.41
29-04-2015,19656.17
30-04-2015,19625.34
01-05-2015,NaN
02-05-2015,NaN
03-05-2015,NaN
04-05-2015,19711.29
05-05-2015,19813.01
06-05-2015,19912.86
07-05-2015,19895.73
08-05-2015,19886.14
09-05-2015,NaN
10-05-2015,NaN
11-05-2015,20071.05
12-05-2015,19949.93
13-05-2015,19872.74
14-05-2015,19786.81
15-05-2015,19936.17
16-05-2015,NaN
17-05-2015,NaN
18-05-2015,19907
19-05-2015,19800.16
20-05-2015,19699.86
21-05-2015,NaN
22-05-2015,19718.56
23-05-2015,NaN
24-05-2015,NaN
25-05-2015,19654.5
26-05-2015,19531.53
27-05-2015,19615.89
28-05-2015,19610.17
29-05-2015,19662.2
30-05-2015,NaN
31-05-2015,NaN
01-06-2015,19492.02
02-06-2015,19410.06
03-06-2015,19449.37
04-06-2015,19272.38
05-06-2015,19328.08
06-06-2015,NaN
07-06-2015,NaN
08-06-2015,19241.21
09-06-2015,19063.76
10-06-2015,19270.04
11-06-2015,19314.99
12-06-2015,19270.15
13-06-2015,NaN
14-06-2015,NaN
15-06-2015,19130.7
16-06-2015,19178.49
17-06-2015,19238.35
18-06-2015,19058.13
19-06-2015,18965.16
20-06-2015,NaN
21-06-2015,NaN
22-06-2015,19082.54
23-06-2015,19101.55
24-06-2015,19027.05
25-06-2015,18836.75
26-06-2015,18924.72
27-06-2015,NaN
28-06-2015,NaN
29-06-2015,NaN
30-06-2015,18977.93
01-07-2015,18705.47
02-07-2015,18808.31
03-07-2015,18752.64
04-07-2015,NaN
05-07-2015,NaN
06-07-2015,18546.62
07-07-2015,18452.02
08-07-2015,18369.68
09-07-2015,18533.8
10-07-2015,18891.62
11-07-2015,NaN
12-07-2015,NaN
13-07-2015,18979.67
14-07-2015,19033.32
15-07-2015,18977.76
16-07-2015,NaN
17-07-2015,18957.65
18-07-2015,NaN
19-07-2015,NaN
20-07-2015,19013.25
21-07-2015,19037.53
22-07-2015,18896.71
23-07-2015,18825.98
24-07-2015,18703.05
25-07-2015,NaN
26-07-2015,NaN
27-07-2015,18495.43
28-07-2015,18460.18
29-07-2015,18368.63
30-07-2015,18484.52
31-07-2015,18833.52
01-08-2015,NaN
02-08-2015,NaN
03-08-2015,18678.71
04-08-2015,18751.52
05-08-2015,18845.86
06-08-2015,18793.72
07-08-2015,18781.66
08-08-2015,NaN
09-08-2015,NaN
10-08-2015,18813.77
11-08-2015,18679.29
12-08-2015,18640.1
13-08-2015,18573.79
14-08-2015,18513.95
15-08-2015,NaN
16-08-2015,NaN
17-08-2015,18466.77
18-08-2015,18433.57
19-08-2015,18457.24
20-08-2015,18402.25
21-08-2015,18107.09
22-08-2015,NaN
23-08-2015,NaN
24-08-2015,17725.56
25-08-2015,17970.28
26-08-2015,18013.79
27-08-2015,18507.98
28-08-2015,18546.02
29-08-2015,NaN
30-08-2015,NaN
31-08-2015,18756.37
01-09-2015,18507.66
02-09-2015,18536.77
03-09-2015,18725.87
04-09-2015,18249.02
05-09-2015,NaN
06-09-2015,NaN
07-09-2015,18432.22
08-09-2015,18356.82
09-09-2015,18265.63
10-09-2015,18393.32
11-09-2015,18315.16
12-09-2015,NaN
13-09-2015,NaN
14-09-2015,18366.3
15-09-2015,18419.29
16-09-2015,18561.03
17-09-2015,18538.51
18-09-2015,NaN
19-09-2015,NaN
20-09-2015,NaN
21-09-2015,18517.46
22-09-2015,18346.26
23-09-2015,18232.24
24-09-2015,18266.27
25-09-2015,18211.02
26-09-2015,NaN
27-09-2015,NaN
28-09-2015,17939.27
29-09-2015,17956.66
30-09-2015,18056.21
01-10-2015,18046.28
02-10-2015,18077.66
03-10-2015,NaN
04-10-2015,NaN
05-10-2015,18310.92
06-10-2015,18480.44
07-10-2015,18548.1
08-10-2015,18601.88
09-10-2015,18714.35
10-10-2015,NaN
11-10-2015,NaN
12-10-2015,NaN
13-10-2015,18703.76
14-10-2015,18603.58
15-10-2015,18666.02
16-10-2015,18623.28
17-10-2015,NaN
18-10-2015,NaN
19-10-2015,18692.75
20-10-2015,18730.76
21-10-2015,18800.26
22-10-2015,18966.31
23-10-2015,19064.24
24-10-2015,NaN
25-10-2015,NaN
26-10-2015,19122.38
27-10-2015,19008.06
28-10-2015,18960.2
29-10-2015,18798.41
30-10-2015,18811.3
31-10-2015,NaN
01-11-2015,NaN
02-11-2015,18853.94
03-11-2015,19003.01
04-11-2015,18973.28
05-11-2015,18890.42
06-11-2015,18895.08
07-11-2015,NaN
08-11-2015,NaN
09-11-2015,18815.04
10-11-2015,18664.32
11-11-2015,18646.55
12-11-2015,18592.82
13-11-2015,18557.1
14-11-2015,NaN
15-11-2015,NaN
16-11-2015,18475.02
17-11-2015,18365.21
18-11-2015,18496.56
19-11-2015,18655.95
20-11-2015,18842.27
21-11-2015,NaN
22-11-2015,NaN
23-11-2015,18676.66
24-11-2015,18545.77
25-11-2015,18480.32
26-11-2015,18462.28
27-11-2015,18305.4
28-11-2015,NaN
29-11-2015,NaN
30-11-2015,18027.32
01-12-2015,17933.1
02-12-2015,17808.59
03-12-2015,17807.01
04-12-2015,17843.7
05-12-2015,NaN
06-12-2015,NaN
07-12-2015,17741.57
08-12-2015,NaN
09-12-2015,17601.99
10-12-2015,17625.5
11-12-2015,17493.78
12-12-2015,NaN
13-12-2015,NaN
14-12-2015,17492.93
15-12-2015,17648.21
16-12-2015,17856.04
17-12-2015,18048.73
18-12-2015,17897.21
19-12-2015,NaN
20-12-2015,NaN
21-12-2015,17782.74
22-12-2015,17821.32
23-12-2015,18047.66
24-12-2015,18020.37
25-12-2015,NaN
26-12-2015,NaN
27-12-2015,NaN
28-12-2015,18020.73
29-12-2015,18078.82
30-12-2015,18151.5
31-12-2015,NaN
01-01-2016,NaN
02-01-2016,NaN
03-01-2016,NaN
04-01-2016,17898.78
05-01-2016,17915.73
06-01-2016,17866.55
07-01-2016,17624.77
08-01-2016,17617.79
09-01-2016,NaN
10-01-2016,NaN
11-01-2016,17543.69
12-01-2016,17472.19
13-01-2016,17492.88
14-01-2016,17560.58
15-01-2016,17297.23
16-01-2016,NaN
17-01-2016,NaN
18-01-2016,17245.45
19-01-2016,17269.31
20-01-2016,17160.27
21-01-2016,17241.38
22-01-2016,17491.1
23-01-2016,NaN
24-01-2016,NaN
25-01-2016,17500.48
26-01-2016,17526.41
27-01-2016,17547.63
28-01-2016,17755.41
29-01-2016,18243.46
30-01-2016,NaN
31-01-2016,NaN
01-02-2016,18251.83
02-02-2016,17894.8
03-02-2016,17700.56
04-02-2016,18027.02
05-02-2016,17984.74
06-02-2016,NaN
07-02-2016,NaN
08-02-2016,17963.23
09-02-2016,17944.24
10-02-2016,18060.5
11-02-2016,17947.03
12-02-2016,18031.6
13-02-2016,NaN
14-02-2016,NaN
15-02-2016,18095.66
16-02-2016,18222.45
17-02-2016,18339.4
18-02-2016,18459.61
19-02-2016,18411.73
20-02-2016,NaN
21-02-2016,NaN
22-02-2016,18407.71
23-02-2016,18240.51
24-02-2016,18090.69
25-02-2016,18153.95
26-02-2016,18239.37
27-02-2016,NaN
28-02-2016,NaN
29-02-2016,18259.2
01-03-2016,18379.01
02-03-2016,18453.69
03-03-2016,18708.3
04-03-2016,18796.55
05-03-2016,NaN
06-03-2016,NaN
07-03-2016,18803.89
08-03-2016,18725.37
09-03-2016,18669.61
10-03-2016,18777.36
11-03-2016,18815.72
12-03-2016,NaN
13-03-2016,NaN
14-03-2016,18890.52
15-03-2016,18872.13
16-03-2016,18916.39
17-03-2016,19091.19
18-03-2016,19387.73
19-03-2016,NaN
20-03-2016,NaN
21-03-2016,19412.65
22-03-2016,19328.52
23-03-2016,19116.05
24-03-2016,19054.31
25-03-2016,NaN
26-03-2016,NaN
27-03-2016,NaN
28-03-2016,19047.98
29-03-2016,19191.56
30-03-2016,19326.22
31-03-2016,19296.65
01-04-2016,19340.64
02-04-2016,NaN
03-04-2016,NaN
04-04-2016,19350.11
05-04-2016,19217.35
06-04-2016,19069.94
07-04-2016,19092.7
08-04-2016,19256.07
09-04-2016,NaN
10-04-2016,NaN
11-04-2016,19239.14
12-04-2016,19374.29
13-04-2016,19394.81
14-04-2016,19367.68
15-04-2016,19434.77
16-04-2016,NaN
17-04-2016,NaN
18-04-2016,19451.29
19-04-2016,19565.09
20-04-2016,19548.16
21-04-2016,19569.55
22-04-2016,19515.63
23-04-2016,NaN
24-04-2016,NaN
25-04-2016,19454.18
26-04-2016,19448.14
27-04-2016,19557.9
28-04-2016,19737.14
29-04-2016,19655.14
30-04-2016,NaN
01-05-2016,NaN
02-05-2016,19679.84
03-05-2016,19672.54
04-05-2016,19696.42
05-05-2016,19734.64
06-05-2016,19689.44
07-05-2016,NaN
08-05-2016,NaN
09-05-2016,19618.26
10-05-2016,19699.46
11-05-2016,19650.88
12-05-2016,19722.35
13-05-2016,19662.29
14-05-2016,NaN
15-05-2016,NaN
16-05-2016,19621.74
17-05-2016,19551.23
18-05-2016,19510.57
19-05-2016,19387.51
20-05-2016,19404.24
21-05-2016,NaN
22-05-2016,NaN
23-05-2016,19449.16
24-05-2016,19511.87
25-05-2016,19525.67
26-05-2016,19507.1
27-05-2016,19479.53
28-05-2016,NaN
29-05-2016,NaN
30-05-2016,19480.17
31-05-2016,19416.89
01-06-2016,19364
02-06-2016,19324.55
03-06-2016,19481.8
04-06-2016,NaN
05-06-2016,NaN
06-06-2016,19632.6
07-06-2016,19783.74
08-06-2016,19805.99
09-06-2016,19667.3
10-06-2016,19572.98
11-06-2016,NaN
12-06-2016,NaN
13-06-2016,19501
14-06-2016,19503
15-06-2016,19583.85
16-06-2016,19603.55
17-06-2016,19651.22
18-06-2016,NaN
19-06-2016,NaN
20-06-2016,19668.44
21-06-2016,19713.25
22-06-2016,19730.58
23-06-2016,19854.02
24-06-2016,19588.26
25-06-2016,NaN
26-06-2016,NaN
27-06-2016,NaN
28-06-2016,19464.93
29-06-2016,19647.19
30-06-2016,19725.53
01-07-2016,19875.22
02-07-2016,NaN
03-07-2016,NaN
04-07-2016,19871.51
05-07-2016,19826.64
06-07-2016,19737.61
07-07-2016,19758.76
08-07-2016,19898.49
09-07-2016,NaN
10-07-2016,NaN
11-07-2016,19944.27
12-07-2016,20059.61
13-07-2016,20004.35
14-07-2016,20120.39
15-07-2016,20228.03
16-07-2016,NaN
17-07-2016,NaN
18-07-2016,20284.19
19-07-2016,20401.06
20-07-2016,20273.28
21-07-2016,20342.67
22-07-2016,20450.85
23-07-2016,NaN
24-07-2016,NaN
25-07-2016,20455.55
26-07-2016,20477.52
27-07-2016,20483.77
28-07-2016,20459.35
29-07-2016,20368.48
30-07-2016,NaN
31-07-2016,NaN
01-08-2016,20358.89
02-08-2016,20231.2
03-08-2016,20273.1
04-08-2016,20354.79
05-08-2016,20369.1
06-08-2016,NaN
07-08-2016,NaN
08-08-2016,20449.32
09-08-2016,20494.15
10-08-2016,20429.88
11-08-2016,20505.9
12-08-2016,20560.14
13-08-2016,NaN
14-08-2016,NaN
15-08-2016,NaN
16-08-2016,20615.38
17-08-2016,20439.13
18-08-2016,20483.6
19-08-2016,20493.65
20-08-2016,NaN
21-08-2016,NaN
22-08-2016,20564.23
23-08-2016,20624.75
24-08-2016,20583.5
25-08-2016,20576.36
26-08-2016,20531.05
27-08-2016,NaN
28-08-2016,NaN
29-08-2016,20590.12
30-08-2016,20536.98
31-08-2016,20429.26
01-09-2016,20449.09
02-09-2016,20543.6
03-09-2016,NaN
04-09-2016,NaN
05-09-2016,20496.42
06-09-2016,20520.2
07-09-2016,20438.67
08-09-2016,20405.94
09-09-2016,20347.08
10-09-2016,NaN
11-09-2016,NaN
12-09-2016,20230.95
13-09-2016,20223.21
14-09-2016,20212.52
15-09-2016,20233.71
16-09-2016,20154.38
17-09-2016,NaN
18-09-2016,NaN
19-09-2016,NaN
20-09-2016,20221.68
21-09-2016,20277.78
22-09-2016,20391.7
23-09-2016,20370.06
24-09-2016,NaN
25-09-2016,NaN
26-09-2016,20351.04
27-09-2016,20202.49
28-09-2016,20260.57
29-09-2016,20206.98
30-09-2016,20046.48
01-10-2016,NaN
02-10-2016,NaN
03-10-2016,20145.84
04-10-2016,20254.27
05-10-2016,20355.03
06-10-2016,20325.57
07-10-2016,20317.35
08-10-2016,NaN
09-10-2016,NaN
10-10-2016,NaN
11-10-2016,20563.38
12-10-2016,20599.96
13-10-2016,20656.75
14-10-2016,20746.2
15-10-2016,NaN
16-10-2016,NaN
17-10-2016,20797.19
18-10-2016,21018.37
19-10-2016,21240.99
20-10-2016,21159.18
21-10-2016,21267.66
22-10-2016,NaN
23-10-2016,NaN
24-10-2016,21348.41
25-10-2016,21514.07
26-10-2016,21439.19
27-10-2016,21477.23
28-10-2016,21423.49
29-10-2016,NaN
30-10-2016,NaN
31-10-2016,NaN
01-11-2016,NaN
02-11-2016,21305.37
03-11-2016,21208.04
04-11-2016,21073.75
05-11-2016,NaN
06-11-2016,NaN
07-11-2016,21236.95
08-11-2016,21465.58
09-11-2016,21424.78
10-11-2016,21073.17
11-11-2016,20792.95
12-11-2016,NaN
13-11-2016,NaN
14-11-2016,20587.41
15-11-2016,20801.85
16-11-2016,20915.76
17-11-2016,20939.45
18-11-2016,20935.63
19-11-2016,NaN
20-11-2016,NaN
21-11-2016,21142.6
22-11-2016,21032.33
23-11-2016,21067.32
24-11-2016,20955.04
25-11-2016,21025.34
26-11-2016,NaN
27-11-2016,NaN
28-11-2016,20995.34
29-11-2016,20869.21
30-11-2016,21020.27
01-12-2016,20972.59
02-12-2016,20991.27
03-12-2016,NaN
04-12-2016,NaN
05-12-2016,21002.45
06-12-2016,21029.71
07-12-2016,21075.86
08-12-2016,NaN
09-12-2016,21321.77
10-12-2016,NaN
11-12-2016,NaN
12-12-2016,21210.55
13-12-2016,21325.33
14-12-2016,21134.43
15-12-2016,21108.74
16-12-2016,21056.36
17-12-2016,NaN
18-12-2016,NaN
19-12-2016,21010.53
20-12-2016,20968.79
21-12-2016,20786.77
22-12-2016,20632.75
23-12-2016,20308.65
24-12-2016,NaN
25-12-2016,NaN
26-12-2016,20316.65
27-12-2016,20289.32
28-12-2016,20521.75
29-12-2016,20509.99
30-12-2016,20734.17
31-12-2016,NaN
01-01-2017,NaN
02-01-2017,NaN
03-01-2017,20722.63
04-01-2017,20809.46
05-01-2017,20785.21
06-01-2017,20818.33
07-01-2017,NaN
08-01-2017,NaN
09-01-2017,20774.78
10-01-2017,20832.11
11-01-2017,20995.53
12-01-2017,21103.91
13-01-2017,21109.82
14-01-2017,NaN
15-01-2017,NaN
16-01-2017,21060.21
17-01-2017,21088.83
18-01-2017,21264.05
19-01-2017,21255.43
20-01-2017,21221.43
21-01-2017,NaN
22-01-2017,NaN
23-01-2017,21227.68
24-01-2017,21344.64
25-01-2017,21440.52
26-01-2017,21467.57
27-01-2017,21323.88
28-01-2017,NaN
29-01-2017,NaN
30-01-2017,21033.76
31-01-2017,20988.59
01-02-2017,21007.64
02-02-2017,21104.11
03-02-2017,21266.72
04-02-2017,NaN
05-02-2017,NaN
06-02-2017,21197.35
07-02-2017,21248.35
08-02-2017,21292.87
09-02-2017,21420.26
10-02-2017,21518.1
11-02-2017,NaN
12-02-2017,NaN
13-02-2017,21737.17
14-02-2017,21673.46
15-02-2017,21721.96
16-02-2017,21752.57
17-02-2017,21709.15
18-02-2017,NaN
19-02-2017,NaN
20-02-2017,21785.29
21-02-2017,21862.83
22-02-2017,21870.55
23-02-2017,21797.22
24-02-2017,21725.8
25-02-2017,NaN
26-02-2017,NaN
27-02-2017,21742.65
28-02-2017,21811.38
01-03-2017,22007.78
02-03-2017,22116.81
03-03-2017,22195.82
04-03-2017,NaN
05-03-2017,NaN
06-03-2017,22390.8
07-03-2017,22462.17
08-03-2017,22441.61
09-03-2017,22450.52
10-03-2017,22487.72
11-03-2017,NaN
12-03-2017,NaN
13-03-2017,22803.26
14-03-2017,22740.34
15-03-2017,22850.03
16-03-2017,23163.73
17-03-2017,23329.76
18-03-2017,NaN
19-03-2017,NaN
20-03-2017,23369.21
21-03-2017,23398.51
22-03-2017,23486.43
23-03-2017,23674.19
24-03-2017,23844.49
25-03-2017,NaN
26-03-2017,NaN
27-03-2017,23831.05
28-03-2017,24335.42
29-03-2017,24269.81
30-03-2017,24122.78
31-03-2017,23967.88
01-04-2017,NaN
02-04-2017,NaN
03-04-2017,24013.47
04-04-2017,24158.33
05-04-2017,24376.54
06-04-2017,24503.81
07-04-2017,24473.07
08-04-2017,NaN
09-04-2017,NaN
10-04-2017,24543.96
11-04-2017,24426.34
12-04-2017,24374.94
13-04-2017,24360.46
14-04-2017,NaN
15-04-2017,NaN
16-04-2017,NaN
17-04-2017,24376.56
18-04-2017,24281.11
19-04-2017,NaN
20-04-2017,24133.41
21-04-2017,24160.77
22-04-2017,NaN
23-04-2017,NaN
24-04-2017,24347.71
25-04-2017,24432.93
26-04-2017,24357.92
27-04-2017,24038.81
28-04-2017,24088.63
29-04-2017,NaN
30-04-2017,NaN
01-05-2017,NaN
02-05-2017,24466.31
03-05-2017,24349.26
04-05-2017,24330.38
05-05-2017,24297.93
06-05-2017,NaN
07-05-2017,NaN
08-05-2017,24204.98
09-05-2017,24127.58
10-05-2017,24203.18
11-05-2017,24172.49
12-05-2017,24331.46
13-05-2017,NaN
14-05-2017,NaN
15-05-2017,24511.09
16-05-2017,24448.43
17-05-2017,24357.55
18-05-2017,23992.23
19-05-2017,24084.75
20-05-2017,NaN
21-05-2017,NaN
22-05-2017,24123.68
23-05-2017,24270.25
24-05-2017,24440.83
25-05-2017,24441.7
26-05-2017,24515.14
27-05-2017,NaN
28-05-2017,NaN
29-05-2017,24529.23
30-05-2017,24572.19
31-05-2017,24354.53
01-06-2017,24508.3
02-06-2017,24558.02
03-06-2017,NaN
04-06-2017,NaN
05-06-2017,24542.71
06-06-2017,24605.59
07-06-2017,24508.2
08-06-2017,24363.06
09-06-2017,24287.06
10-06-2017,NaN
11-06-2017,NaN
12-06-2017,24298.9
13-06-2017,24432.61
14-06-2017,24419.97
15-06-2017,24275.96
16-06-2017,24211.86
17-06-2017,NaN
18-06-2017,NaN
19-06-2017,24156.87
20-06-2017,24016.22
21-06-2017,23818.33
22-06-2017,23838.24
23-06-2017,23878.79
24-06-2017,NaN
25-06-2017,NaN
26-06-2017,NaN
27-06-2017,23839.04
28-06-2017,23784.7
29-06-2017,23707.04
30-06-2017,23787.44
01-07-2017,NaN
02-07-2017,NaN
03-07-2017,23956.83
04-07-2017,24187.52
05-07-2017,24240.21
06-07-2017,24176.32
07-07-2017,24286.47
08-07-2017,NaN
09-07-2017,NaN
10-07-2017,24492.69
11-07-2017,24459.55
12-07-2017,24734.33
13-07-2017,24879.35
14-07-2017,24955.16
15-07-2017,NaN
16-07-2017,NaN
17-07-2017,25171.34
18-07-2017,25151.92
19-07-2017,25150.22
20-07-2017,25149.51
21-07-2017,25028.84
22-07-2017,NaN
23-07-2017,NaN
24-07-2017,25078.98
25-07-2017,25142.01
26-07-2017,25190.39
27-07-2017,25234.41
28-07-2017,25354.16
29-07-2017,NaN
30-07-2017,NaN
31-07-2017,25312.82
01-08-2017,25357.91
02-08-2017,25449.15
03-08-2017,25334.39
04-08-2017,25480.89
05-08-2017,NaN
06-08-2017,NaN
07-08-2017,25627.62
08-08-2017,25543.88
09-08-2017,25361.91
10-08-2017,25228.95
11-08-2017,25122.29
12-08-2017,NaN
13-08-2017,NaN
14-08-2017,25275.43
15-08-2017,NaN
16-08-2017,25501.52
17-08-2017,25510.82
18-08-2017,25544.22
19-08-2017,NaN
20-08-2017,NaN
21-08-2017,25494.58
22-08-2017,25564.4
23-08-2017,25613.97
24-08-2017,25725.99
25-08-2017,25842.31
26-08-2017,NaN
27-08-2017,NaN
28-08-2017,25807.69
29-08-2017,25764.71
30-08-2017,25731.08
31-08-2017,25726.7
01-09-2017,25838.5
02-09-2017,NaN
03-09-2017,NaN
04-09-2017,25721.5
05-09-2017,25657.5
06-09-2017,25416.5
07-09-2017,25563.53
08-09-2017,25475.58
09-09-2017,NaN
10-09-2017,NaN
11-09-2017,25759.71
12-09-2017,25832.03
13-09-2017,25804.31
14-09-2017,25784.98
15-09-2017,25973.23
16-09-2017,NaN
17-09-2017,NaN
18-09-2017,NaN
19-09-2017,NaN
20-09-2017,26147.32
21-09-2017,26391.9
22-09-2017,26406.84
23-09-2017,NaN
24-09-2017,NaN
25-09-2017,26273.93
26-09-2017,26293.31
27-09-2017,26476.33
28-09-2017,26535.52
29-09-2017,26682.39
30-09-2017,NaN
01-10-2017,NaN
02-10-2017,26838.49
03-10-2017,27086.96
04-10-2017,27246.41
05-10-2017,27210.85
06-10-2017,27432.86
07-10-2017,NaN
08-10-2017,NaN
09-10-2017,NaN
10-10-2017,27401.87
11-10-2017,27359.63
12-10-2017,27219.85
13-10-2017,27343.11
14-10-2017,NaN
15-10-2017,NaN
16-10-2017,27476.61
17-10-2017,27483.57
18-10-2017,27649.69
19-10-2017,27463.19
20-10-2017,27671.88
21-10-2017,NaN
22-10-2017,NaN
23-10-2017,27849.3
24-10-2017,27748.69
25-10-2017,27566.79
26-10-2017,27657.71
27-10-2017,NaN
28-10-2017,NaN
29-10-2017,NaN
30-10-2017,28099.38
31-10-2017,28028.35
01-11-2017,NaN
02-11-2017,27690.41
03-11-2017,27580.52
04-11-2017,NaN
05-11-2017,NaN
06-11-2017,27773.58
07-11-2017,27600.91
08-11-2017,27593.51
09-11-2017,27398.66
10-11-2017,27175.04
11-11-2017,NaN
12-11-2017,NaN
13-11-2017,26899.03
14-11-2017,26759.95
15-11-2017,26588.18
16-11-2017,26788.54
17-11-2017,27139.76
18-11-2017,NaN
19-11-2017,NaN
20-11-2017,25604.57
21-11-2017,26150.52
22-11-2017,25811.69
23-11-2017,25361.77
24-11-2017,25366.8
25-11-2017,NaN
26-11-2017,NaN
27-11-2017,25337.51
28-11-2017,25447.12
29-11-2017,25216.59
30-11-2017,25167.46
01-12-2017,25274.71
02-12-2017,NaN
03-12-2017,NaN
04-12-2017,25233.71
05-12-2017,24808.21
06-12-2017,24613.77
07-12-2017,24616.08
08-12-2017,NaN
09-12-2017,NaN
10-12-2017,NaN
11-12-2017,25211.15
12-12-2017,25334.27
13-12-2017,25780.68
14-12-2017,25682.7
15-12-2017,26234.79
16-12-2017,NaN
17-12-2017,NaN
18-12-2017,28060.93
19-12-2017,28035.8
20-12-2017,27795.22
21-12-2017,27454.48
22-12-2017,27851.01
23-12-2017,NaN
24-12-2017,NaN
25-12-2017,NaN
26-12-2017,27745.2
27-12-2017,27662.29
28-12-2017,27910.38
29-12-2017,27980.78
30-12-2017,NaN
31-12-2017,NaN
01-01-2018,NaN
02-01-2018,28220.56
03-01-2018,28227.92
04-01-2018,28327.69
05-01-2018,28636.41
06-01-2018,NaN
07-01-2018,NaN
08-01-2018,28696.76
09-01-2018,28718.87
10-01-2018,28570.82
11-01-2018,28755.21
12-01-2018,28829.85
13-01-2018,NaN
14-01-2018,NaN
15-01-2018,28911.17
16-01-2018,NaN
17-01-2018,29076.71
18-01-2018,29318.27
19-01-2018,29402.17
20-01-2018,NaN
21-01-2018,NaN
22-01-2018,29274.61
23-01-2018,29154.83
24-01-2018,29149.36
25-01-2018,29216.55
26-01-2018,29413.5
27-01-2018,NaN
28-01-2018,NaN
29-01-2018,29518.17
30-01-2018,29422.21
31-01-2018,29419.79
01-02-2018,29465.12
02-02-2018,29293.29
03-02-2018,NaN
04-02-2018,NaN
05-02-2018,28894.17
06-02-2018,28720.16
07-02-2018,28953.99
08-02-2018,28522.44
09-02-2018,28011.21
10-02-2018,NaN
11-02-2018,NaN
12-02-2018,28047.82
13-02-2018,27782.93
14-02-2018,28025.03
15-02-2018,28317.77
16-02-2018,28293.23
17-02-2018,NaN
18-02-2018,NaN
19-02-2018,28318.38
20-02-2018,28492.04
21-02-2018,28633.19
22-02-2018,28711.57
23-02-2018,28783.39
24-02-2018,NaN
25-02-2018,NaN
26-02-2018,28436.54
27-02-2018,28312.64
28-02-2018,28132.19
01-03-2018,27806.64
02-03-2018,27799.46
03-03-2018,NaN
04-03-2018,NaN
05-03-2018,27765.32
06-03-2018,27800.45
07-03-2018,27802.34
08-03-2018,27909.01
09-03-2018,28197.82
10-03-2018,NaN
11-03-2018,NaN
12-03-2018,28259.19
13-03-2018,28171.41
14-03-2018,28109.27
15-03-2018,27991.52
16-03-2018,28033.02
17-03-2018,NaN
18-03-2018,NaN
19-03-2018,27940.19
20-03-2018,27788.61
21-03-2018,27751.47
22-03-2018,27661.66
23-03-2018,27530.52
24-03-2018,NaN
25-03-2018,NaN
26-03-2018,27327.55
27-03-2018,27463.33
28-03-2018,27402.25
29-03-2018,27736.23
30-03-2018,NaN
31-03-2018,NaN
01-04-2018,NaN
02-04-2018,27569.52
03-04-2018,27712.27
04-04-2018,27759.85
05-04-2018,28060.86
06-04-2018,27973.86
07-04-2018,NaN
08-04-2018,NaN
09-04-2018,28012.69
10-04-2018,28062.85
11-04-2018,28082.3
12-04-2018,28162.22
13-04-2018,28166.5
14-04-2018,NaN
15-04-2018,NaN
16-04-2018,28096.84
17-04-2018,28171.83
18-04-2018,28408.7
19-04-2018,28464.94
20-04-2018,28575.11
21-04-2018,NaN
22-04-2018,NaN
23-04-2018,28670.33
24-04-2018,28542.4
25-04-2018,28494.33
26-04-2018,28533.19
27-04-2018,28582.26
28-04-2018,NaN
29-04-2018,NaN
30-04-2018,28699.31
01-05-2018,NaN
02-05-2018,28648.74
03-05-2018,28413.3
04-05-2018,28344.67
05-05-2018,NaN
06-05-2018,NaN
07-05-2018,28443.18
08-05-2018,28444.36
09-05-2018,28569.88
10-05-2018,28819.98
11-05-2018,28796.25
12-05-2018,NaN
13-05-2018,NaN
14-05-2018,28783.23
15-05-2018,28864.68
16-05-2018,28957.44
17-05-2018,28762.7
18-05-2018,28679.66
19-05-2018,NaN
20-05-2018,NaN
21-05-2018,NaN
22-05-2018,28540.85
23-05-2018,28400.96
24-05-2018,28166.52
25-05-2018,28205.51
26-05-2018,NaN
27-05-2018,NaN
28-05-2018,28184.57
29-05-2018,27830.22
30-05-2018,27786.61
31-05-2018,27625.84
01-06-2018,27705.23
02-06-2018,NaN
03-06-2018,NaN
04-06-2018,28097.55
05-06-2018,27928.49
06-06-2018,27797.3
07-06-2018,27667.69
08-06-2018,27937.27
09-06-2018,NaN
10-06-2018,NaN
11-06-2018,27923.96
12-06-2018,28017.96
13-06-2018,27943.04
14-06-2018,27920.8
15-06-2018,27658.37
16-06-2018,NaN
17-06-2018,NaN
18-06-2018,27538.67
19-06-2018,27455.14
20-06-2018,27383.77
21-06-2018,27234.79
22-06-2018,27231.05
23-06-2018,NaN
24-06-2018,NaN
25-06-2018,26841.09
26-06-2018,26860.78
27-06-2018,26796.47
28-06-2018,26649.35
29-06-2018,26843.21
30-06-2018,NaN
01-07-2018,NaN
02-07-2018,NaN
03-07-2018,26646.96
04-07-2018,26590.48
05-07-2018,26710.33
06-07-2018,26798.15
07-07-2018,NaN
08-07-2018,NaN
09-07-2018,26965.15
10-07-2018,26946.7
11-07-2018,26821.32
12-07-2018,26765.02
13-07-2018,26849.63
14-07-2018,NaN
15-07-2018,NaN
16-07-2018,NaN
17-07-2018,27063.65
18-07-2018,27165.34
19-07-2018,27083.49
20-07-2018,27337.74
21-07-2018,NaN
22-07-2018,NaN
23-07-2018,27238.61
24-07-2018,27442.48
25-07-2018,27444.34
26-07-2018,27397.54
27-07-2018,27088.99
28-07-2018,NaN
29-07-2018,NaN
30-07-2018,27122.01
31-07-2018,27360.34
01-08-2018,27187.16
02-08-2018,27140.31
03-08-2018,27256.71
04-08-2018,NaN
05-08-2018,NaN
06-08-2018,27079.69
07-08-2018,26919.33
08-08-2018,26900.14
09-08-2018,26790.4
10-08-2018,26663.91
11-08-2018,NaN
12-08-2018,NaN
13-08-2018,26463.75
14-08-2018,26645.88
15-08-2018,NaN
16-08-2018,26582.79
17-08-2018,26502.46
18-08-2018,NaN
19-08-2018,NaN
20-08-2018,26496.83
21-08-2018,26529.7
22-08-2018,26638.51
23-08-2018,26595.27
24-08-2018,26561.36
25-08-2018,NaN
26-08-2018,NaN
27-08-2018,26656.49
28-08-2018,26679.65
29-08-2018,26697.53
30-08-2018,26470.59
31-08-2018,26589.85
01-09-2018,NaN
02-09-2018,NaN
03-09-2018,26456.44
04-09-2018,26184.27
05-09-2018,26023.69
06-09-2018,26164.61
07-09-2018,26452.09
08-09-2018,NaN
09-09-2018,NaN
10-09-2018,26387.7
11-09-2018,26417.83
12-09-2018,26652.25
13-09-2018,27117.48
14-09-2018,27104.65
15-09-2018,NaN
16-09-2018,NaN
17-09-2018,NaN
18-09-2018,NaN
19-09-2018,NaN
20-09-2018,27534.78
21-09-2018,27607.13
22-09-2018,NaN
23-09-2018,NaN
24-09-2018,27293.21
25-09-2018,27181.21
26-09-2018,27077.1
27-09-2018,27028.48
28-09-2018,26885.86
29-09-2018,NaN
30-09-2018,NaN
01-10-2018,26949.41
02-10-2018,27063.79
03-10-2018,27161.32
04-10-2018,27088.92
05-10-2018,26792.58
06-10-2018,NaN
07-10-2018,NaN
08-10-2018,27081.22
09-10-2018,26979.26
10-10-2018,26658.9
11-10-2018,26340.12
12-10-2018,26251.46
13-10-2018,NaN
14-10-2018,NaN
15-10-2018,NaN
16-10-2018,26253.63
17-10-2018,26223.97
18-10-2018,26108.03
19-10-2018,26084.09
20-10-2018,NaN
21-10-2018,NaN
22-10-2018,26086.85
23-10-2018,26048.37
24-10-2018,26158.68
25-10-2018,26135.67
26-10-2018,26056.06
27-10-2018,NaN
28-10-2018,NaN
29-10-2018,25794.62
30-10-2018,25569.85
31-10-2018,25979.23
01-11-2018,NaN
02-11-2018,NaN
03-11-2018,NaN
04-11-2018,NaN
05-11-2018,26620.85
06-11-2018,26501.12
07-11-2018,26504.57
08-11-2018,26528.83
09-11-2018,26301.23
10-11-2018,NaN
11-11-2018,NaN
12-11-2018,26175.59
13-11-2018,26084.13
14-11-2018,26103.38
15-11-2018,26270.17
16-11-2018,26328.34
17-11-2018,NaN
18-11-2018,NaN
19-11-2018,26215.83
20-11-2018,25939.53
21-11-2018,26064.23
22-11-2018,25995.73
23-11-2018,26095.5
24-11-2018,NaN
25-11-2018,NaN
26-11-2018,26052.87
27-11-2018,26026.61
28-11-2018,25964.48
29-11-2018,26138.61
30-11-2018,25965.55
01-12-2018,NaN
02-12-2018,NaN
03-12-2018,26159.7
04-12-2018,26137.07
05-12-2018,26104.78
06-12-2018,26002.81
07-12-2018,25878.97
08-12-2018,NaN
09-12-2018,NaN
10-12-2018,25614.16
11-12-2018,25769.64
12-12-2018,25974.82
13-12-2018,26158.04
14-12-2018,26184.48
15-12-2018,NaN
16-12-2018,NaN
17-12-2018,25940.66
18-12-2018,25986.82
19-12-2018,25968.77
20-12-2018,25708.04
21-12-2018,25725.57
22-12-2018,NaN
23-12-2018,NaN
24-12-2018,25607.18
25-12-2018,NaN
26-12-2018,25742.11
27-12-2018,25786.57
28-12-2018,25949.84
29-12-2018,NaN
30-12-2018,NaN
31-12-2018,NaN
01-01-2019,NaN
02-01-2019,26032
03-01-2019,26033.81
04-01-2019,26300.69
05-01-2019,NaN
06-01-2019,NaN
07-01-2019,26299.34
08-01-2019,26433.95
09-01-2019,26631.56
10-01-2019,26795.77
11-01-2019,27047.95
12-01-2019,NaN
13-01-2019,NaN
14-01-2019,27064.96
15-01-2019,27134.51
16-01-2019,27325.61
17-01-2019,27410.99
18-01-2019,27598.82
19-01-2019,NaN
20-01-2019,NaN
21-01-2019,27512.71
22-01-2019,27248.27
23-01-2019,27265.45
24-01-2019,27319.48
25-01-2019,27431.39
26-01-2019,NaN
27-01-2019,NaN
28-01-2019,27447.24
29-01-2019,27326.28
30-01-2019,27203.31
31-01-2019,27317.47
01-02-2019,27508.46
02-02-2019,NaN
03-02-2019,NaN
04-02-2019,27602.68
05-02-2019,27584.88
06-02-2019,27432.45
07-02-2019,27438.65
08-02-2019,27223.77
09-02-2019,NaN
10-02-2019,NaN
11-02-2019,27220.99
12-02-2019,27253.25
13-02-2019,27262.15
14-02-2019,27213.21
15-02-2019,27299.02
16-02-2019,NaN
17-02-2019,NaN
18-02-2019,27177.14
19-02-2019,27241.43
20-02-2019,27337.34
21-02-2019,27455.76
22-02-2019,27638.81
23-02-2019,NaN
24-02-2019,NaN
25-02-2019,27620.97
26-02-2019,27598
27-02-2019,27140.46
28-02-2019,26797.42
01-03-2019,26742.03
02-03-2019,NaN
03-03-2019,NaN
04-03-2019,26571.93
05-03-2019,26517.15
06-03-2019,26615.31
07-03-2019,26623.48
08-03-2019,26704.92
09-03-2019,NaN
10-03-2019,NaN
11-03-2019,26808.16
12-03-2019,26781.93
13-03-2019,26875.16
14-03-2019,26812.46
15-03-2019,26880.72
16-03-2019,NaN
17-03-2019,NaN
18-03-2019,26893.33
19-03-2019,26817.67
20-03-2019,26550.69
21-03-2019,26628.07
22-03-2019,26409.77
23-03-2019,NaN
24-03-2019,NaN
25-03-2019,26329.87
26-03-2019,26321.85
27-03-2019,26248.56
28-03-2019,26424.28
29-03-2019,26643.94
30-03-2019,NaN
31-03-2019,NaN
01-04-2019,26649.84
02-04-2019,26447.03
03-04-2019,26492.67
04-04-2019,26742.26
05-04-2019,26622.84
06-04-2019,NaN
07-04-2019,NaN
08-04-2019,26718.22
09-04-2019,26768.44
10-04-2019,26790.71
11-04-2019,26633.47
12-04-2019,26570
13-04-2019,NaN
14-04-2019,NaN
15-04-2019,26530.61
16-04-2019,26655.4
17-04-2019,26726.51
18-04-2019,26654.85
19-04-2019,NaN
20-04-2019,NaN
21-04-2019,NaN
22-04-2019,26536.52
23-04-2019,26437.45
24-04-2019,26364.45
25-04-2019,26240.18
26-04-2019,26334.43
27-04-2019,NaN
28-04-2019,NaN
29-04-2019,26252.52
30-04-2019,26331.76
01-05-2019,NaN
02-05-2019,26129.03
03-05-2019,26097.01
04-05-2019,NaN
05-05-2019,NaN
06-05-2019,26077.01
07-05-2019,25843.05
08-05-2019,25769.82
09-05-2019,25707.25
10-05-2019,25742.93
11-05-2019,NaN
12-05-2019,NaN
13-05-2019,25374.75
14-05-2019,25580.99
15-05-2019,25522.04
16-05-2019,25405.3
17-05-2019,25186.32
18-05-2019,NaN
19-05-2019,NaN
20-05-2019,25125.24
21-05-2019,NaN
22-05-2019,25158.27
23-05-2019,25010.9
24-05-2019,24952.52
25-05-2019,NaN
26-05-2019,NaN
27-05-2019,24821.69
28-05-2019,24602.78
29-05-2019,24925.18
30-05-2019,25169.21
31-05-2019,25352.28
01-06-2019,NaN
02-06-2019,NaN
03-06-2019,25523.33
04-06-2019,25482.48
05-06-2019,25276.57
06-06-2019,25139.8
07-06-2019,25241.13
08-06-2019,NaN
09-06-2019,NaN
10-06-2019,25531.97
11-06-2019,25763.88
12-06-2019,25755.23
13-06-2019,25767.95
14-06-2019,25706.91
15-06-2019,NaN
16-06-2019,NaN
17-06-2019,25561.01
18-06-2019,25619.6
19-06-2019,25583.38
20-06-2019,25710.67
21-06-2019,25714
22-06-2019,NaN
23-06-2019,NaN
24-06-2019,25850.81
25-06-2019,25893.15
26-06-2019,25837.47
27-06-2019,25802.29
28-06-2019,25782.14
29-06-2019,NaN
30-06-2019,NaN
01-07-2019,25748.85
02-07-2019,25515.86
03-07-2019,25702.02
04-07-2019,25701.58
05-07-2019,25779.58
06-07-2019,NaN
07-07-2019,NaN
08-07-2019,25746.53
09-07-2019,25686.14
10-07-2019,25761.78
11-07-2019,25769.35
12-07-2019,25732.13
13-07-2019,NaN
14-07-2019,NaN
15-07-2019,25777
16-07-2019,NaN
17-07-2019,25666.67
18-07-2019,25621.79
19-07-2019,25669.67
20-07-2019,NaN
21-07-2019,NaN
22-07-2019,25571.71
23-07-2019,25410.93
24-07-2019,25262.38
25-07-2019,25345.68
26-07-2019,25292.82
27-07-2019,NaN
28-07-2019,NaN
29-07-2019,25370.36
30-07-2019,25385.69
31-07-2019,25280.7
01-08-2019,25117.36
02-08-2019,24855.01
03-08-2019,NaN
04-08-2019,NaN
05-08-2019,24339.58
06-08-2019,24326.22
07-08-2019,24453.67
08-08-2019,24897.28
09-08-2019,24902.87
10-08-2019,NaN
11-08-2019,NaN
12-08-2019,24509.12
13-08-2019,24595.12
14-08-2019,24317.71
15-08-2019,NaN
16-08-2019,24385.55
17-08-2019,NaN
18-08-2019,NaN
19-08-2019,24329.05
20-08-2019,24265.87
21-08-2019,24287.04
22-08-2019,24061.66
23-08-2019,23637.94
24-08-2019,NaN
25-08-2019,NaN
26-08-2019,23495.07
27-08-2019,23427.6
28-08-2019,23426.46
29-08-2019,23788.33
30-08-2019,24278.74
31-08-2019,NaN
01-09-2019,NaN
02-09-2019,24135.87
03-09-2019,23885.1
04-09-2019,24051.02
05-09-2019,24319.53
06-09-2019,24351.49
07-09-2019,NaN
08-09-2019,NaN
09-09-2019,24517.26
10-09-2019,24616.5
11-09-2019,24965.64
12-09-2019,25056.14
13-09-2019,25191.15
14-09-2019,NaN
15-09-2019,NaN
16-09-2019,25479.54
17-09-2019,25502.13
18-09-2019,NaN
19-09-2019,NaN
20-09-2019,NaN
21-09-2019,NaN
22-09-2019,NaN
23-09-2019,25303.86
24-09-2019,25180.37
25-09-2019,25199.43
26-09-2019,25287.35
27-09-2019,25637.41
28-09-2019,NaN
29-09-2019,NaN
30-09-2019,25455.44
01-10-2019,25383.85
02-10-2019,25300.78
03-10-2019,25220.26
04-10-2019,25400.26
05-10-2019,NaN
06-10-2019,NaN
07-10-2019,25454.46
08-10-2019,25411.94
09-10-2019,25374.29
10-10-2019,25478.9
11-10-2019,25871.53
12-10-2019,NaN
13-10-2019,NaN
14-10-2019,25852
15-10-2019,25970.69
16-10-2019,25938.17
17-10-2019,26043.2
18-10-2019,26136.79
19-10-2019,NaN
20-10-2019,NaN
21-10-2019,24985.61
22-10-2019,25154.6
23-10-2019,24760.1
24-10-2019,25222.48
25-10-2019,24888.28
26-10-2019,NaN
27-10-2019,NaN
28-10-2019,24960
29-10-2019,24541.55
30-10-2019,23838.15
31-10-2019,NaN
01-11-2019,NaN
02-11-2019,NaN
03-11-2019,NaN
04-11-2019,24106.45
05-11-2019,23737.58
06-11-2019,23082.76
07-11-2019,23392.03
08-11-2019,23470.37
09-11-2019,NaN
10-11-2019,NaN
11-11-2019,23110.32
12-11-2019,22709.5
13-11-2019,22059.41
14-11-2019,22434.13
15-11-2019,24218.59
16-11-2019,NaN
17-11-2019,NaN
18-11-2019,24022.51
19-11-2019,23908.66
20-11-2019,23870.91
21-11-2019,23676.38
22-11-2019,23605.28
23-11-2019,NaN
24-11-2019,NaN
25-11-2019,23270.76
26-11-2019,22845.21
27-11-2019,22978.36
28-11-2019,22609.03
29-11-2019,22705.71
30-11-2019,NaN
01-12-2019,NaN
02-12-2019,22523.21
03-12-2019,22471.98
04-12-2019,23150.19
05-12-2019,23600.44
06-12-2019,23560.12
07-12-2019,NaN
08-12-2019,NaN
09-12-2019,23664.55
10-12-2019,23729.39
11-12-2019,23858.13
12-12-2019,24006.09
13-12-2019,24350.41
14-12-2019,NaN
15-12-2019,NaN
16-12-2019,24316.37
17-12-2019,24026.43
18-12-2019,23667.42
19-12-2019,23727.31
20-12-2019,23662.72
21-12-2019,NaN
22-12-2019,NaN
23-12-2019,23613.29
24-12-2019,23563.91
25-12-2019,NaN
26-12-2019,23381.42
27-12-2019,23376.72
28-12-2019,NaN
29-12-2019,NaN
30-12-2019,23393.53
31-12-2019,NaN
01-01-2020,NaN
02-01-2020,23985.35
03-01-2020,24141.94
04-01-2020,NaN
05-01-2020,NaN
06-01-2020,24342.38
07-01-2020,24499.85
08-01-2020,24490.55
09-01-2020,24429.78
10-01-2020,24861.18
11-01-2020,NaN
12-01-2020,NaN
13-01-2020,24720.61
14-01-2020,24565.22
15-01-2020,24387.9
16-01-2020,24425.92
17-01-2020,24392.02
18-01-2020,NaN
19-01-2020,NaN
20-01-2020,24113.09
21-01-2020,23580.72
22-01-2020,23454.72
23-01-2020,23355.92
24-01-2020,23310.2
25-01-2020,NaN
26-01-2020,NaN
27-01-2020,22933.43
28-01-2020,22965.8
29-01-2020,22962.97
30-01-2020,22861.92
31-01-2020,22958.19
01-02-2020,NaN
02-02-2020,NaN
03-02-2020,22971.18
04-02-2020,23373.25
05-02-2020,23405.74
06-02-2020,23524.83
07-02-2020,23469.59
08-02-2020,NaN
09-02-2020,NaN
10-02-2020,23209.5
11-02-2020,23356.34
12-02-2020,23402.04
13-02-2020,23360.48
14-02-2020,23345.11
15-02-2020,NaN
16-02-2020,NaN
17-02-2020,23239.64
18-02-2020,22830.34
19-02-2020,22705.6
20-02-2020,22762.37
21-02-2020,22726.97
22-02-2020,NaN
23-02-2020,NaN
24-02-2020,22242.96
25-02-2020,21926.29
26-02-2020,21602.23
27-02-2020,21410.35
28-02-2020,20748.06
29-02-2020,NaN
01-03-2020,NaN
02-03-2020,21463.73
03-03-2020,21485.01
04-03-2020,21807.93
05-03-2020,21607.34
06-03-2020,21165.59
07-03-2020,NaN
08-03-2020,NaN
09-03-2020,20239.11
10-03-2020,20392.82
11-03-2020,19949.9
12-03-2020,18725.03
13-03-2020,18896.25
14-03-2020,NaN
15-03-2020,NaN
16-03-2020,16454.33
17-03-2020,16560.56
18-03-2020,14685.25
19-03-2020,15560.26
20-03-2020,15597.19
21-03-2020,NaN
22-03-2020,NaN
23-03-2020,14784.91
24-03-2020,14798.57
25-03-2020,15738.52
26-03-2020,16174.86
27-03-2020,16224.74
28-03-2020,NaN
29-03-2020,NaN
30-03-2020,16651.41
31-03-2020,17486.77
01-04-2020,17173.55
02-04-2020,17814.63
03-04-2020,18298.05
04-04-2020,NaN
05-04-2020,NaN
06-04-2020,18645.87
07-04-2020,18506.96
08-04-2020,18790.2
09-04-2020,19134.03
10-04-2020,NaN
11-04-2020,NaN
12-04-2020,NaN
13-04-2020,19293.05
14-04-2020,19590.56
15-04-2020,19296.08
16-04-2020,19058.12
17-04-2020,19160.19
18-04-2020,NaN
19-04-2020,NaN
20-04-2020,18843.26
21-04-2020,18381.03
22-04-2020,18496.4
23-04-2020,18805.7
24-04-2020,18483.21
25-04-2020,NaN
26-04-2020,NaN
27-04-2020,19056.93
28-04-2020,19455.09
29-04-2020,19987.51
30-04-2020,19823.33
01-05-2020,NaN
02-05-2020,NaN
03-05-2020,NaN
04-05-2020,19295.38
05-05-2020,19615.23
06-05-2020,19806.55
07-05-2020,19964.37
08-05-2020,19172.32
09-05-2020,NaN
10-05-2020,NaN
11-05-2020,19147.96
12-05-2020,18807
13-05-2020,18160.38
14-05-2020,18306.36
15-05-2020,18213.33
16-05-2020,NaN
17-05-2020,NaN
18-05-2020,18881.57
19-05-2020,18755.2
20-05-2020,18908.37
21-05-2020,NaN
22-05-2020,18773.02
23-05-2020,NaN
24-05-2020,NaN
25-05-2020,18895.59
26-05-2020,18817.22
27-05-2020,18947.75
28-05-2020,18465.5
29-05-2020,18362.54
30-05-2020,NaN
31-05-2020,NaN
01-06-2020,18516.11
02-06-2020,18829.74
03-06-2020,19238.21
04-06-2020,19502.54
05-06-2020,20215.54
06-06-2020,NaN
07-06-2020,NaN
08-06-2020,20720.72
09-06-2020,20661.01
10-06-2020,20368.61
11-06-2020,19819.6
12-06-2020,19990.19
13-06-2020,NaN
14-06-2020,NaN
15-06-2020,19587.27
16-06-2020,19806.4
17-06-2020,20063.3
18-06-2020,20043.16
19-06-2020,20234.55
20-06-2020,NaN
21-06-2020,NaN
22-06-2020,20127.7
23-06-2020,20274.84
24-06-2020,20295
25-06-2020,20306.74
26-06-2020,20100.36
27-06-2020,NaN
28-06-2020,NaN
29-06-2020,NaN
30-06-2020,19969.02
01-07-2020,20315.63
02-07-2020,20996.17
03-07-2020,21147.76
04-07-2020,NaN
05-07-2020,NaN
06-07-2020,21584.95
07-07-2020,21469.23
08-07-2020,21127.84
09-07-2020,20395.24
10-07-2020,20369.25
11-07-2020,NaN
12-07-2020,NaN
13-07-2020,20783.2
14-07-2020,21068.03
15-07-2020,20446.31
16-07-2020,NaN
17-07-2020,20217.82
18-07-2020,NaN
19-07-2020,NaN
20-07-2020,19866.98
21-07-2020,19694.59
22-07-2020,19952.87
23-07-2020,20140.18
24-07-2020,20285.07
25-07-2020,NaN
26-07-2020,NaN
27-07-2020,20519.57
28-07-2020,20480.3
29-07-2020,20144.4
30-07-2020,19994.14
31-07-2020,20271.65
01-08-2020,NaN
02-08-2020,NaN
03-08-2020,19974.24
04-08-2020,19898.07
05-08-2020,19915
06-08-2020,20076.97
07-08-2020,20143
08-08-2020,NaN
09-08-2020,NaN
10-08-2020,20134.4
11-08-2020,20215
12-08-2020,20373.77
13-08-2020,20254.02
14-08-2020,20313.07
15-08-2020,NaN
16-08-2020,NaN
17-08-2020,20425.64
18-08-2020,20346.44
19-08-2020,20231.17
20-08-2020,20132.32
21-08-2020,20199.05
22-08-2020,NaN
23-08-2020,NaN
24-08-2020,20069.44
25-08-2020,19759.54
26-08-2020,19588.36
27-08-2020,19708.95
28-08-2020,19648
29-08-2020,NaN
30-08-2020,NaN
31-08-2020,19177
01-09-2020,19085.56
02-09-2020,19337.3
03-09-2020,19478.06
04-09-2020,19314.43
05-09-2020,NaN
06-09-2020,NaN
07-09-2020,19505.04
08-09-2020,19375.75
09-09-2020,19122.63
10-09-2020,18741.2
11-09-2020,18848.87
12-09-2020,NaN
13-09-2020,NaN
14-09-2020,18828.32
15-09-2020,18878.56
16-09-2020,18859.27
17-09-2020,18901.5
18-09-2020,NaN
19-09-2020,NaN
20-09-2020,NaN
21-09-2020,18506.47
22-09-2020,18474.8
23-09-2020,17950.07
24-09-2020,18170.2
25-09-2020,18242.01
26-09-2020,NaN
27-09-2020,NaN
28-09-2020,18278.5
29-09-2020,18097
30-09-2020,18461.98
01-10-2020,18460.36
02-10-2020,18591.26
03-10-2020,NaN
04-10-2020,NaN
05-10-2020,18633.89
06-10-2020,18398.08
07-10-2020,18235.02
08-10-2020,18497.59
09-10-2020,18624.21
10-10-2020,NaN
11-10-2020,NaN
12-10-2020,NaN
13-10-2020,18520.38
14-10-2020,18561.71
15-10-2020,18551.97
16-10-2020,18457.24
17-10-2020,NaN
18-10-2020,NaN
19-10-2020,18408.51
20-10-2020,18581.74
21-10-2020,19073.73
22-10-2020,19188.24
23-10-2020,19176.36
24-10-2020,NaN
25-10-2020,NaN
26-10-2020,18732.12
27-10-2020,18685.64
28-10-2020,18365.35
29-10-2020,18136.08
30-10-2020,17918.79
31-10-2020,NaN
01-11-2020,NaN
02-11-2020,18052.85
03-11-2020,17832.48
04-11-2020,17807.41
05-11-2020,18621.97
06-11-2020,19105.92
07-11-2020,NaN
08-11-2020,NaN
09-11-2020,19693.98
10-11-2020,19909.51
11-11-2020,19909.15
12-11-2020,19601.24
13-11-2020,19994.46
14-11-2020,NaN
15-11-2020,NaN
16-11-2020,20200.04
17-11-2020,20233.88
18-11-2020,20494.35
19-11-2020,20140.53
20-11-2020,20263.82
21-11-2020,NaN
22-11-2020,NaN
23-11-2020,20611.64
24-11-2020,20926.73
25-11-2020,20669.94
26-11-2020,20605.57
27-11-2020,20593.35
28-11-2020,NaN
29-11-2020,NaN
30-11-2020,20229.05
01-12-2020,20567.7
02-12-2020,20769.53
03-12-2020,20929.88
04-12-2020,20933.36
05-12-2020,NaN
06-12-2020,NaN
07-12-2020,20656.26
08-12-2020,NaN
09-12-2020,20752.19
10-12-2020,20564.12
11-12-2020,20473.05
12-12-2020,NaN
13-12-2020,NaN
14-12-2020,20334.41
15-12-2020,20359.09
16-12-2020,20590.06
17-12-2020,20994.56
18-12-2020,21059.56
19-12-2020,NaN
20-12-2020,NaN
21-12-2020,20834.06
22-12-2020,20963.78
23-12-2020,20834.69
24-12-2020,20737.71
25-12-2020,NaN
26-12-2020,NaN
27-12-2020,NaN
28-12-2020,20965.14
29-12-2020,21067.56
30-12-2020,21007.46
31-12-2020,NaN
01-01-2021,NaN
02-01-2021,NaN
03-01-2021,NaN
04-01-2021,21360.31
05-01-2021,21877.67
06-01-2021,22118.06
07-01-2021,22652.15
08-01-2021,22813.87
09-01-2021,NaN
10-01-2021,NaN
11-01-2021,22767.35
12-01-2021,23019.25
13-01-2021,23314.21
14-01-2021,23260.44
15-01-2021,22972.11
16-01-2021,NaN
17-01-2021,NaN
18-01-2021,23207.9
19-01-2021,23438.85
20-01-2021,23329.5
21-01-2021,23080.62
22-01-2021,22622.86
23-01-2021,NaN
24-01-2021,NaN
25-01-2021,22645.02
26-01-2021,22674.52
27-01-2021,22306.76
28-01-2021,22247.12
29-01-2021,21681.02
30-01-2021,NaN
31-01-2021,NaN
01-02-2021,22113.41
02-02-2021,22313.52
03-02-2021,22245.16
04-02-2021,22305.07
05-02-2021,22478.25
06-02-2021,NaN
07-02-2021,NaN
08-02-2021,22643.01
09-02-2021,22905.83
10-02-2021,22835.15
11-02-2021,22951.91
12-02-2021,23201.71
13-02-2021,NaN
14-02-2021,NaN
15-02-2021,23315.37
16-02-2021,23461.04
17-02-2021,23028.3
18-02-2021,22853.24
19-02-2021,23323.98
20-02-2021,NaN
21-02-2021,NaN
22-02-2021,23080.93
23-02-2021,22709.56
24-02-2021,23101.81
25-02-2021,23110.73
26-02-2021,23099.23
27-02-2021,NaN
28-02-2021,NaN
01-03-2021,23403.58
02-03-2021,23806.74
03-03-2021,24107.93
04-03-2021,23738.01
05-03-2021,23784.48
06-03-2021,NaN
07-03-2021,NaN
08-03-2021,23785.71
09-03-2021,24360.19
10-03-2021,24608.11
11-03-2021,24580.33
12-03-2021,24623.13
13-03-2021,NaN
14-03-2021,NaN
15-03-2021,24723.5
16-03-2021,24682.8
17-03-2021,24706.74
18-03-2021,24572.01
19-03-2021,24475.46
20-03-2021,NaN
21-03-2021,NaN
22-03-2021,24338.69
23-03-2021,24199.01
24-03-2021,24367.62
25-03-2021,24013.09
26-03-2021,24450.98
27-03-2021,NaN
28-03-2021,NaN
29-03-2021,24764.56
30-03-2021,24801.89
31-03-2021,24687.27
01-04-2021,24645.73
02-04-2021,NaN
03-04-2021,NaN
04-04-2021,NaN
05-04-2021,24592.89
06-04-2021,24549.11
07-04-2021,24539.96
08-04-2021,24764.36
09-04-2021,25000.06
10-04-2021,NaN
11-04-2021,NaN
12-04-2021,24946.7
13-04-2021,24726.67
14-04-2021,24830.84
15-04-2021,24917.44
16-04-2021,25153.9
17-04-2021,NaN
18-04-2021,NaN
19-04-2021,25095.75
20-04-2021,25106.94
21-04-2021,24917.8
22-04-2021,24474.46
23-04-2021,24425.34
24-04-2021,NaN
25-04-2021,NaN
26-04-2021,24556.54
27-04-2021,23961.93
28-04-2021,23156.14
29-04-2021,22946.04
30-04-2021,22623.22
01-05-2021,NaN
02-05-2021,NaN
03-05-2021,23158.13
04-05-2021,23452.36
05-05-2021,23707.87
06-05-2021,23356.29
07-05-2021,23293.92
08-05-2021,NaN
09-05-2021,NaN
10-05-2021,23179.41
11-05-2021,22906.49
12-05-2021,22633.52
13-05-2021,22451.02
14-05-2021,23054.59
15-05-2021,NaN
16-05-2021,NaN
17-05-2021,21001.47
18-05-2021,20966.34
19-05-2021,20403.94
20-05-2021,20593.94
21-05-2021,NaN
22-05-2021,NaN
23-05-2021,NaN
24-05-2021,20741.6
25-05-2021,20624.79
26-05-2021,20747.09
27-05-2021,20959.59
28-05-2021,21433.57
29-05-2021,NaN
30-05-2021,NaN
31-05-2021,21911.02
01-06-2021,22121.3
02-06-2021,22119.22
03-06-2021,21310.67
04-06-2021,21281.7
05-06-2021,NaN
06-06-2021,NaN
07-06-2021,20855.34
08-06-2021,21048.78
09-06-2021,21464.34
10-06-2021,21439.37
11-06-2021,21660.12
12-06-2021,NaN
13-06-2021,NaN
14-06-2021,21829.16
15-06-2021,21905.34
16-06-2021,21881.96
17-06-2021,21740.33
18-06-2021,21562.97
19-06-2021,NaN
20-06-2021,NaN
21-06-2021,NaN
22-06-2021,21931.46
23-06-2021,21935.66
24-06-2021,22180.83
25-06-2021,21845.32
26-06-2021,NaN
27-06-2021,NaN
28-06-2021,NaN
29-06-2021,21692.52
30-06-2021,21730.5
01-07-2021,21796.92
02-07-2021,21662.01
03-07-2021,NaN
04-07-2021,NaN
05-07-2021,21534.27
06-07-2021,20949.66
07-07-2021,21127.11
08-07-2021,21034.08
09-07-2021,21325.9
10-07-2021,NaN
11-07-2021,NaN
12-07-2021,21288.7
13-07-2021,21081.02
14-07-2021,20875.81
15-07-2021,20831.74
16-07-2021,NaN
17-07-2021,NaN
18-07-2021,NaN
19-07-2021,21200.55
20-07-2021,21472.43
21-07-2021,21372.13
22-07-2021,21422.16
23-07-2021,20974.61
24-07-2021,NaN
25-07-2021,NaN
26-07-2021,20775.75
27-07-2021,20765.21
28-07-2021,20884.38
29-07-2021,21251.31
30-07-2021,21238.31
31-07-2021,NaN
01-08-2021,NaN
02-08-2021,21070.24
03-08-2021,21042.51
04-08-2021,21043.8
05-08-2021,21180.13
06-08-2021,21354.75
07-08-2021,NaN
08-08-2021,NaN
09-08-2021,21184.71
10-08-2021,21659.29
11-08-2021,21772.6
12-08-2021,21811.37
13-08-2021,21961.27
14-08-2021,NaN
15-08-2021,NaN
16-08-2021,21636.19
17-08-2021,21605.47
18-08-2021,21706.22
19-08-2021,21554.71
20-08-2021,21726.06
21-08-2021,NaN
22-08-2021,NaN
23-08-2021,21944.04
24-08-2021,21833.78
25-08-2021,22154.48
26-08-2021,22197.03
27-08-2021,22289.96
28-08-2021,NaN
29-08-2021,NaN
30-08-2021,22524.59
31-08-2021,22466.61
01-09-2021,22291.38
02-09-2021,22222.53
03-09-2021,22318.73
04-09-2021,NaN
05-09-2021,NaN
06-09-2021,22257.61
07-09-2021,22140.71
08-09-2021,21880.15
09-09-2021,22008.76
10-09-2021,22287.89
11-09-2021,NaN
12-09-2021,NaN
13-09-2021,22009.13
14-09-2021,22057.7
15-09-2021,22163.69
16-09-2021,22278.84
17-09-2021,NaN
18-09-2021,NaN
19-09-2021,NaN
20-09-2021,21424.18
21-09-2021,21508.49
22-09-2021,21869.27
23-09-2021,22002.16
24-09-2021,21838.53
25-09-2021,NaN
26-09-2021,NaN
27-09-2021,21690.07
28-09-2021,21544.43
29-09-2021,21599.94
30-09-2021,21723.99
01-10-2021,21558.47
02-10-2021,NaN
03-10-2021,NaN
04-10-2021,21176.06
05-10-2021,21103.65
06-10-2021,20626.35
07-10-2021,20621.74
08-10-2021,20692.59
09-10-2021,NaN
10-10-2021,NaN
11-10-2021,NaN
12-10-2021,20533.19
13-10-2021,20075.97
14-10-2021,20032.79
15-10-2021,19945.59
16-10-2021,NaN
17-10-2021,NaN
18-10-2021,20046.94
19-10-2021,20012.32
20-10-2021,20204.88
21-10-2021,20272.59
22-10-2021,20427.78
23-10-2021,NaN
24-10-2021,NaN
25-10-2021,20851.45
26-10-2021,21225.62
27-10-2021,20652.99
28-10-2021,20559.9
29-10-2021,20561.17
30-10-2021,NaN
31-10-2021,NaN
01-11-2021,NaN
02-11-2021,21124.44
03-11-2021,21614.53
04-11-2021,22410.04
05-11-2021,22039.39
06-11-2021,NaN
07-11-2021,NaN
08-11-2021,21952.96
09-11-2021,22413.32
10-11-2021,22487.19
11-11-2021,22637.46
12-11-2021,22486.09
13-11-2021,NaN
14-11-2021,NaN
15-11-2021,22016.1
16-11-2021,21639.41
17-11-2021,21573.22
18-11-2021,21500.57
19-11-2021,21846.47
20-11-2021,NaN
21-11-2021,NaN
22-11-2021,23874.04
23-11-2021,23494.9
24-11-2021,23182.09
25-11-2021,23039.47
26-11-2021,22925.38
27-11-2021,NaN
28-11-2021,NaN
29-11-2021,22588.53
30-11-2021,22207.38
01-12-2021,21758.61
02-12-2021,21890.2
03-12-2021,21875.96
04-12-2021,NaN
05-12-2021,NaN
06-12-2021,21860.83
07-12-2021,21985.58
08-12-2021,NaN
09-12-2021,22087.95
10-12-2021,22020.63
11-12-2021,NaN
12-12-2021,NaN
13-12-2021,21545.58
14-12-2021,20955.23
15-12-2021,21340.15
16-12-2021,21922.42
17-12-2021,21748.95
18-12-2021,NaN
19-12-2021,NaN
20-12-2021,20405.64
21-12-2021,20697.22
22-12-2021,20625.51
23-12-2021,21175.91
24-12-2021,21480.12
25-12-2021,NaN
26-12-2021,NaN
27-12-2021,21422.72
28-12-2021,21366.16
29-12-2021,21266.27
30-12-2021,21566.81
31-12-2021,NaN
01-01-2022,NaN
02-01-2022,NaN
03-01-2022,21567.54
04-01-2022,21493.93
05-01-2022,21544.76
06-01-2022,21693.19
07-01-2022,21474.63
08-01-2022,NaN
09-01-2022,NaN
10-01-2022,21457.14
11-01-2022,21945.1
12-01-2022,22543.65
13-01-2022,22581.88
14-01-2022,22458.23
15-01-2022,NaN
16-01-2022,NaN
17-01-2022,22428.9
18-01-2022,22590.58
19-01-2022,22472.33
20-01-2022,22522.15
21-01-2022,23167.78
22-01-2022,NaN
23-01-2022,NaN
24-01-2022,22509.19
25-01-2022,22642.09
26-01-2022,22760.71
27-01-2022,22748.62
28-01-2022,22652.07
29-01-2022,NaN
30-01-2022,NaN
31-01-2022,22760.12
01-02-2022,23038.36
02-02-2022,22812.51
03-02-2022,22349.7
04-02-2022,22234.59
05-02-2022,NaN
06-02-2022,NaN
07-02-2022,22488.84
08-02-2022,22950.07
09-02-2022,23065.11
10-02-2022,23310.99
11-02-2022,23410.23
12-02-2022,NaN
13-02-2022,NaN
14-02-2022,23200.26
15-02-2022,23347.02
16-02-2022,23378.55
17-02-2022,22868.4
18-02-2022,22827.4
19-02-2022,NaN
20-02-2022,NaN
21-02-2022,22758.33
22-02-2022,22472.45
23-02-2022,22062.34
24-02-2022,22161.72
25-02-2022,22467.13
26-02-2022,NaN
27-02-2022,NaN
28-02-2022,22851.61
01-03-2022,22380.5
02-03-2022,22647.48
03-03-2022,23165.45
04-03-2022,23577.94
05-03-2022,NaN
06-03-2022,NaN
07-03-2022,23396.72
08-03-2022,23236.77
09-03-2022,23629.57
10-03-2022,23452.45
11-03-2022,23583.46
12-03-2022,NaN
13-03-2022,NaN
14-03-2022,23303.02
15-03-2022,23461.97
16-03-2022,23779.45
17-03-2022,24211.49
18-03-2022,24595.12
19-03-2022,NaN
20-03-2022,NaN
21-03-2022,25307.42
22-03-2022,24832.21
23-03-2022,24646.17
24-03-2022,25217.37
25-03-2022,25248.34
26-03-2022,NaN
27-03-2022,NaN
28-03-2022,25088.64
29-03-2022,24988.77
30-03-2022,25017.63
31-03-2022,25218.1
01-04-2022,25417.79
02-04-2022,NaN
03-04-2022,NaN
04-04-2022,25505.53
05-04-2022,25163.69
06-04-2022,25349.93
07-04-2022,25387.57
08-04-2022,25465.41
09-04-2022,NaN
10-04-2022,NaN
11-04-2022,25126.54
12-04-2022,25064.38
13-04-2022,25187.25
14-04-2022,25160.93
15-04-2022,NaN
16-04-2022,NaN
17-04-2022,NaN
18-04-2022,24976.79
19-04-2022,25253.88
20-04-2022,25550.09
21-04-2022,25067.92
22-04-2022,24868.88
23-04-2022,NaN
24-04-2022,NaN
25-04-2022,24304.66
26-04-2022,23953.77
27-04-2022,24348.75
28-04-2022,24479.35
29-04-2022,24399.63
30-04-2022,NaN
01-05-2022,NaN
02-05-2022,24305.21
03-05-2022,24464.78
04-05-2022,25085.59
05-05-2022,24987.45
06-05-2022,24883.89
07-05-2022,NaN
08-05-2022,NaN
09-05-2022,24379.4
10-05-2022,24178.19
11-05-2022,24143.77
12-05-2022,24311.47
13-05-2022,25174.76
14-05-2022,NaN
15-05-2022,NaN
16-05-2022,25317.12
17-05-2022,26190.99
18-05-2022,26004.26
19-05-2022,26181.66
20-05-2022,26181.04
21-05-2022,NaN
22-05-2022,NaN
23-05-2022,26980.9
24-05-2022,27031.91
25-05-2022,27280.34
26-05-2022,27840.36
27-05-2022,28595.47
28-05-2022,NaN
29-05-2022,NaN
30-05-2022,28626.44
31-05-2022,28204.53
01-06-2022,27781.98
02-06-2022,28160.8
03-06-2022,28124.94
04-06-2022,NaN
05-06-2022,NaN
06-06-2022,28129.28
07-06-2022,28185.99
08-06-2022,27696.08
09-06-2022,27241.63
10-06-2022,27547.95
11-06-2022,NaN
12-06-2022,NaN
13-06-2022,27002.72
14-06-2022,26994.34
15-06-2022,27091.11
16-06-2022,26390.78
17-06-2022,26588.97
18-06-2022,NaN
19-06-2022,NaN
20-06-2022,26764.26
21-06-2022,NaN
22-06-2022,26685.2
23-06-2022,26043.42
24-06-2022,26439.15
25-06-2022,NaN
26-06-2022,NaN
27-06-2022,NaN
28-06-2022,26368.76
29-06-2022,26277.47
30-06-2022,26000.4
01-07-2022,26290.66
02-07-2022,NaN
03-07-2022,NaN
04-07-2022,26281.84
05-07-2022,26417.48
06-07-2022,26429.2
07-07-2022,27056.47
08-07-2022,27068.43
09-07-2022,NaN
10-07-2022,NaN
11-07-2022,26756.79
12-07-2022,26808.48
13-07-2022,27103.52
14-07-2022,27256.04
15-07-2022,26953.31
16-07-2022,NaN
17-07-2022,NaN
18-07-2022,26795.49
19-07-2022,27227.39
20-07-2022,27150.01
21-07-2022,27569.9
22-07-2022,27738.51
23-07-2022,NaN
24-07-2022,NaN
25-07-2022,27928.59
26-07-2022,27665.51
27-07-2022,27958.82
28-07-2022,27984.16
29-07-2022,28056.28
30-07-2022,NaN
31-07-2022,NaN
01-08-2022,27953.33
02-08-2022,27995.37
03-08-2022,27696.31
04-08-2022,27495.5
05-08-2022,27593.44
06-08-2022,NaN
07-08-2022,NaN
08-08-2022,27922.51
09-08-2022,27869.54
10-08-2022,28139.36
11-08-2022,28350.74
12-08-2022,28902.64
13-08-2022,NaN
14-08-2022,NaN
15-08-2022,NaN
16-08-2022,28737.19
17-08-2022,28858.82
18-08-2022,28349.11
19-08-2022,27974.57
20-08-2022,NaN
21-08-2022,NaN
22-08-2022,28343.33
23-08-2022,28637.23
24-08-2022,28967
25-08-2022,29195.08
26-08-2022,29185.4
27-08-2022,NaN
28-08-2022,NaN
29-08-2022,29354.14
30-08-2022,29336.78
31-08-2022,28903.15
01-09-2022,28638.99
02-09-2022,29790.74
03-09-2022,NaN
04-09-2022,NaN
05-09-2022,30584.92
06-09-2022,29894.88
07-09-2022,29627.11
08-09-2022,29760.63
09-09-2022,30375.43
10-09-2022,NaN
11-09-2022,NaN
12-09-2022,30073.6
13-09-2022,30111.51
14-09-2022,30486.5
15-09-2022,29813.99
16-09-2022,NaN
17-09-2022,NaN
18-09-2022,NaN
19-09-2022,NaN
20-09-2022,29006.71
21-09-2022,29247.41
22-09-2022,28681.08
23-09-2022,28094.29
24-09-2022,NaN
25-09-2022,NaN
26-09-2022,28075.81
27-09-2022,28140.66
28-09-2022,27636.56
29-09-2022,27216.82
30-09-2022,27680.69
01-10-2022,NaN
02-10-2022,NaN
03-10-2022,27740.83
04-10-2022,28458.73
05-10-2022,28112.76
06-10-2022,28070.55
07-10-2022,27468.73
08-10-2022,NaN
09-10-2022,NaN
10-10-2022,NaN
11-10-2022,26995.58
12-10-2022,26474.24
13-10-2022,26696.31
14-10-2022,26672.49
15-10-2022,NaN
16-10-2022,NaN
17-10-2022,27520.26
18-10-2022,27663.32
19-10-2022,27617.65
20-10-2022,27776.69
21-10-2022,27977.11
22-10-2022,NaN
23-10-2022,NaN
24-10-2022,27773.85
25-10-2022,28145.88
26-10-2022,28071
27-10-2022,28177.89
28-10-2022,28101.97
29-10-2022,NaN
30-10-2022,NaN
31-10-2022,NaN
01-11-2022,NaN
02-11-2022,27969.14
03-11-2022,28048.93
04-11-2022,28195.64
05-11-2022,NaN
06-11-2022,NaN
07-11-2022,28507.31
08-11-2022,29272.91
09-11-2022,28996.47
10-11-2022,29063.29
11-11-2022,29273.19
12-11-2022,NaN
13-11-2022,NaN
14-11-2022,28852.35
15-11-2022,28386.82
16-11-2022,28313.11
17-11-2022,27758.32
18-11-2022,27866.02
19-11-2022,NaN
20-11-2022,NaN
21-11-2022,28814.97
22-11-2022,28676.53
23-11-2022,28475.86
24-11-2022,28584.57
25-11-2022,28144.53
26-11-2022,NaN
27-11-2022,NaN
28-11-2022,27855.61
29-11-2022,28155.47
30-11-2022,28431.3
01-12-2022,28290.04
02-12-2022,28411.68
03-12-2022,NaN
04-12-2022,NaN
05-12-2022,28247.98
06-12-2022,27905.69
07-12-2022,27779.12
08-12-2022,NaN
09-12-2022,27701.24
10-12-2022,NaN
11-12-2022,NaN
12-12-2022,28035.65
13-12-2022,27968.44
14-12-2022,27795.79
15-12-2022,27218.71
16-12-2022,27371.07
17-12-2022,NaN
18-12-2022,NaN
19-12-2022,27696.65
20-12-2022,28095.1
21-12-2022,27923.72
22-12-2022,27558.45
23-12-2022,27766.89
24-12-2022,NaN
25-12-2022,NaN
26-12-2022,27592.72
27-12-2022,27276.82
28-12-2022,27305.21
29-12-2022,27509.94
30-12-2022,27606.58
31-12-2022,NaN
01-01-2023,NaN
02-01-2023,NaN
03-01-2023,26926.61
04-01-2023,26798.11
05-01-2023,26974.86
06-01-2023,27016.71
07-01-2023,NaN
08-01-2023,NaN
09-01-2023,27181.16
10-01-2023,26999.16
11-01-2023,27306.29
12-01-2023,27402.12
13-01-2023,27131.54
14-01-2023,NaN
15-01-2023,NaN
16-01-2023,27169.24
17-01-2023,27280.65
18-01-2023,27543.11
19-01-2023,27318.17
20-01-2023,27560.89
21-01-2023,NaN
22-01-2023,NaN
23-01-2023,28006.5
24-01-2023,27786.4
25-01-2023,27782.3
26-01-2023,28218.27
27-01-2023,28356.41
28-01-2023,NaN
29-01-2023,NaN
30-01-2023,28370.51
31-01-2023,28359.94
01-02-2023,28212.46
02-02-2023,28225.44
03-02-2023,28296.63
04-02-2023,NaN
05-02-2023,NaN
06-02-2023,28121.42
07-02-2023,27981.7
08-02-2023,28275
09-02-2023,28327.26
10-02-2023,28445.89
11-02-2023,NaN
12-02-2023,NaN
13-02-2023,28383.19
14-02-2023,28233.29
15-02-2023,28547.22
16-02-2023,28868.93
17-02-2023,27975.65
18-02-2023,NaN
19-02-2023,NaN
20-02-2023,28016.43
21-02-2023,27589.87
22-02-2023,27503.4
23-02-2023,27940.56
24-02-2023,28063.05
25-02-2023,NaN
26-02-2023,NaN
27-02-2023,28349.27
28-02-2023,28495.6
01-03-2023,28283.06
02-03-2023,28314.79
03-03-2023,28583.89
04-03-2023,NaN
05-03-2023,NaN
06-03-2023,28387.34
07-03-2023,28142.41
08-03-2023,28193.7
09-03-2023,28034.46
10-03-2023,27891.05
11-03-2023,NaN
12-03-2023,NaN
13-03-2023,27659.5
14-03-2023,27483.19
15-03-2023,26856.74
16-03-2023,26853.04
17-03-2023,26622.9
18-03-2023,NaN
19-03-2023,NaN
20-03-2023,26978.25
21-03-2023,27690.07
22-03-2023,27515.8
23-03-2023,27494.93
24-03-2023,27359.21
25-03-2023,NaN
26-03-2023,NaN
27-03-2023,27411.95
28-03-2023,27334.65
29-03-2023,27643.53
30-03-2023,27519.54
31-03-2023,27565.43
01-04-2023,NaN
02-04-2023,NaN
03-04-2023,27466.61
04-04-2023,27004.99
05-04-2023,27009.75
06-04-2023,27189.35
07-04-2023,NaN
08-04-2023,NaN
09-04-2023,NaN
10-04-2023,27218.09
11-04-2023,27388.76
12-04-2023,27582.34
13-04-2023,27583.09
14-04-2023,27914.13
15-04-2023,NaN
16-04-2023,NaN
17-04-2023,28288
18-04-2023,28300.45
19-04-2023,27982.37
20-04-2023,27791.56
21-04-2023,26599.11
22-04-2023,NaN
23-04-2023,NaN
24-04-2023,26970.56
25-04-2023,26952.05
26-04-2023,26967.65
27-04-2023,27413.29
28-04-2023,27479.09
29-04-2023,NaN
30-04-2023,NaN
01-05-2023,NaN
02-05-2023,27186.49
03-05-2023,27216.23
04-05-2023,27160.73
05-05-2023,27733.99
06-05-2023,NaN
07-05-2023,NaN
08-05-2023,28360.91
09-05-2023,28143.08
10-05-2023,28270.25
11-05-2023,28534.24
12-05-2023,28503.15
13-05-2023,NaN
14-05-2023,NaN
15-05-2023,28615.31
16-05-2023,28780.58
17-05-2023,28666.65
18-05-2023,28841.33
19-05-2023,28869.3
20-05-2023,NaN
21-05-2023,NaN
22-05-2023,29049.19
23-05-2023,29090
24-05-2023,28829.24
25-05-2023,28614.69
26-05-2023,28559.98
27-05-2023,NaN
28-05-2023,NaN
29-05-2023,28619.53
30-05-2023,28576.27
31-05-2023,27993.76
01-06-2023,28243.81
02-06-2023,28874.59
03-06-2023,NaN
04-06-2023,NaN
05-06-2023,28881.36
06-06-2023,29203.88
07-06-2023,29062.21
08-06-2023,29022.72
09-06-2023,29092.66
10-06-2023,NaN
11-06-2023,NaN
12-06-2023,29104.7
13-06-2023,29259.32
14-06-2023,29263.09
15-06-2023,29378.6
16-06-2023,29425.4
17-06-2023,NaN
18-06-2023,NaN
19-06-2023,29519.88
20-06-2023,29637.3
21-06-2023,NaN
22-06-2023,29549.61
23-06-2023,29150.2
24-06-2023,NaN
25-06-2023,NaN
26-06-2023,NaN
27-06-2023,29108.41
28-06-2023,29039.13
29-06-2023,29364.12
30-06-2023,29662.83
01-07-2023,NaN
02-07-2023,NaN
03-07-2023,30075.08
04-07-2023,30298.48
05-07-2023,29986.84
06-07-2023,29747.86
07-07-2023,30580.02
08-07-2023,NaN
09-07-2023,NaN
10-07-2023,30674.47
11-07-2023,30885.93
12-07-2023,31283.21
13-07-2023,31162.43
14-07-2023,31493.58
15-07-2023,NaN
16-07-2023,NaN
17-07-2023,31821.54
18-07-2023,32211.17
19-07-2023,32381.19
20-07-2023,32369.84
21-07-2023,32161.77
22-07-2023,NaN
23-07-2023,NaN
24-07-2023,32303.49
25-07-2023,32657.41
26-07-2023,32491.47
27-07-2023,32172.26
28-07-2023,32321.45
29-07-2023,NaN
30-07-2023,NaN
31-07-2023,32542.82
01-08-2023,32697.87
02-08-2023,32241.19
03-08-2023,31991.79
04-08-2023,32117.79
05-08-2023,NaN
06-08-2023,NaN
07-08-2023,32216.58
08-08-2023,31871.63
09-08-2023,32305.1
10-08-2023,32023.14
11-08-2023,31863.14
12-08-2023,NaN
13-08-2023,NaN
14-08-2023,31636.74
15-08-2023,NaN
16-08-2023,31604.22
17-08-2023,31190.04
18-08-2023,31156.23
19-08-2023,NaN
20-08-2023,NaN
21-08-2023,31199.45
22-08-2023,31334.52
23-08-2023,31449.15
24-08-2023,30870.79
25-08-2023,30717.19
26-08-2023,NaN
27-08-2023,NaN
28-08-2023,30605.94
29-08-2023,30764.13
30-08-2023,30597.81
31-08-2023,30512.14
01-09-2023,30484.93
02-09-2023,NaN
03-09-2023,NaN
04-09-2023,30477.23
05-09-2023,30232.97
06-09-2023,30098.46
07-09-2023,29995.56
08-09-2023,29896.37
09-09-2023,NaN
10-09-2023,NaN
11-09-2023,29940.03
12-09-2023,29911.8
13-09-2023,30048.16
14-09-2023,30456.44
15-09-2023,30514.67
16-09-2023,NaN
17-09-2023,NaN
18-09-2023,NaN
19-09-2023,NaN
20-09-2023,30135.57
21-09-2023,29768.35
22-09-2023,29613.96
23-09-2023,NaN
24-09-2023,NaN
25-09-2023,29394.43
26-09-2023,29283.24
27-09-2023,29246.13
28-09-2023,29617.21
29-09-2023,29664.46
30-09-2023,NaN
01-10-2023,NaN
02-10-2023,29257.57
03-10-2023,28927.14
04-10-2023,28952.58
05-10-2023,28562.05
06-10-2023,28781.33
07-10-2023,NaN
08-10-2023,NaN
09-10-2023,NaN
10-10-2023,29379.69
11-10-2023,29400.56
12-10-2023,29545.61
13-10-2023,29452.92
14-10-2023,NaN
15-10-2023,NaN
16-10-2023,29766.01
17-10-2023,29983.28
18-10-2023,29467.82
19-10-2023,29021.33
20-10-2023,28634.23
21-10-2023,NaN
22-10-2023,NaN
23-10-2023,28014.83
24-10-2023,28260.46
25-10-2023,28013.07
26-10-2023,28271.14
27-10-2023,NaN
28-10-2023,NaN
29-10-2023,NaN
30-10-2023,27580.81
31-10-2023,27418.89
01-11-2023,NaN
02-11-2023,27625.39
03-11-2023,28404.01
04-11-2023,NaN
05-11-2023,NaN
06-11-2023,28126.54
07-11-2023,28484.07
08-11-2023,28493.33
09-11-2023,28439.74
10-11-2023,28360.37
11-11-2023,NaN
12-11-2023,NaN
13-11-2023,28983.63
14-11-2023,28894.93
15-11-2023,29164.3
16-11-2023,28820.18
17-11-2023,29088.93
18-11-2023,NaN
19-11-2023,NaN
20-11-2023,29494
21-11-2023,29225.94
22-11-2023,29272.1
23-11-2023,29300.03
24-11-2023,29143.24
25-11-2023,NaN
26-11-2023,NaN
27-11-2023,29034.46
28-11-2023,29110.24
29-11-2023,29211.38
30-11-2023,29343.47
01-12-2023,29703.02
02-12-2023,NaN
03-12-2023,NaN
04-12-2023,29340.58
05-12-2023,29704.06
06-12-2023,29808.14
07-12-2023,30105.26
08-12-2023,NaN
09-12-2023,NaN
10-12-2023,NaN
11-12-2023,29680.13
12-12-2023,29787.43
13-12-2023,30323.52
14-12-2023,31026.46
15-12-2023,31059.15
16-12-2023,NaN
17-12-2023,NaN
18-12-2023,30636.51
19-12-2023,30697.11
20-12-2023,30768.01
21-12-2023,30941.68
22-12-2023,31176.32
23-12-2023,NaN
24-12-2023,NaN
25-12-2023,NaN
26-12-2023,31516.42
27-12-2023,31450.81
28-12-2023,31700.08
29-12-2023,31437.03
30-12-2023,NaN
31-12-2023,NaN
01-01-2024,NaN
02-01-2024,31520.9
03-01-2024,31166.36
04-01-2024,30851.54
05-01-2024,30715.23
06-01-2024,NaN
07-01-2024,NaN
08-01-2024,30775.14
09-01-2024,30992.77
10-01-2024,30748.01
11-01-2024,30607.91
12-01-2024,30295.94
13-01-2024,NaN
14-01-2024,NaN
15-01-2024,30439.98
16-01-2024,30335.97
17-01-2024,30011.49
18-01-2024,29846.54
19-01-2024,29729.7
20-01-2024,NaN
21-01-2024,NaN
22-01-2024,30076.07
23-01-2024,30294.92
24-01-2024,30733.38
25-01-2024,30390.55
26-01-2024,30734.27
27-01-2024,NaN
28-01-2024,NaN
29-01-2024,30739.4
30-01-2024,30289.76
31-01-2024,30339.78
01-02-2024,30616.2
02-02-2024,30316.96
03-02-2024,NaN
04-02-2024,NaN
05-02-2024,30367.69
06-02-2024,30374.78
07-02-2024,30409.79
08-02-2024,30364.83
09-02-2024,30512.17
10-02-2024,NaN
11-02-2024,NaN
12-02-2024,30859.22
13-02-2024,30493.85
14-02-2024,30759.43
15-02-2024,31273.98
16-02-2024,31995.79
17-02-2024,NaN
18-02-2024,NaN
19-02-2024,32214.33
20-02-2024,32040.14
21-02-2024,31602.74
22-02-2024,31562.17
23-02-2024,31376.07
24-02-2024,NaN
25-02-2024,NaN
26-02-2024,31451.94
27-02-2024,31990.55
28-02-2024,32123.63
29-02-2024,32664.63
01-03-2024,32844.99
02-03-2024,NaN
03-03-2024,NaN
04-03-2024,32147.2
05-03-2024,31750.74
06-03-2024,32175.42
07-03-2024,32233.5
08-03-2024,32130.16
09-03-2024,NaN
10-03-2024,NaN
11-03-2024,32538.51
12-03-2024,32923.77
13-03-2024,32855.93
14-03-2024,32721.51
15-03-2024,32753.57
16-03-2024,NaN
17-03-2024,NaN
18-03-2024,32715.82
19-03-2024,32518.05
20-03-2024,32916.67
21-03-2024,32853.08
22-03-2024,32991.36
23-03-2024,NaN
24-03-2024,NaN
25-03-2024,32881.55
26-03-2024,33006.29
27-03-2024,33372.58
28-03-2024,33600.36
29-03-2024,NaN
30-03-2024,NaN
31-03-2024,NaN
01-04-2024,33593.81
02-04-2024,33564.28
03-04-2024,33476.07
04-04-2024,33343.88
05-04-2024,33003.3
06-04-2024,NaN
07-04-2024,NaN
08-04-2024,33439.44
09-04-2024,33759.57
10-04-2024,33868.27
11-04-2024,34048.07
12-04-2024,33261.4
13-04-2024,NaN
14-04-2024,NaN
15-04-2024,32864.56
16-04-2024,32624.79
17-04-2024,32727.97
18-04-2024,32693.15
19-04-2024,32290.1
20-04-2024,NaN
21-04-2024,NaN
22-04-2024,32328.81
23-04-2024,32758.39
24-04-2024,32280.14
25-04-2024,32033.74
26-04-2024,32397.72
27-04-2024,NaN
28-04-2024,NaN
29-04-2024,33140.2
30-04-2024,32969.77
01-05-2024,NaN
02-05-2024,32924.59
03-05-2024,33229.93
04-05-2024,NaN
05-05-2024,NaN
06-05-2024,32972.16
07-05-2024,33442.11
08-05-2024,33624.23
09-05-2024,33565.73
10-05-2024,33615.43
11-05-2024,NaN
12-05-2024,NaN
13-05-2024,33871.64
14-05-2024,34032
15-05-2024,33924.36
16-05-2024,33659.29
17-05-2024,33695.03
18-05-2024,NaN
19-05-2024,NaN
20-05-2024,33947.95
21-05-2024,NaN
22-05-2024,34087.7
23-05-2024,34299.93
24-05-2024,34303.37
25-05-2024,NaN
26-05-2024,NaN
27-05-2024,34485.84
28-05-2024,34264.52
29-05-2024,33902.25
30-05-2024,33720.9
31-05-2024,33689.2
01-06-2024,NaN
02-06-2024,NaN
03-06-2024,33576.5
04-06-2024,33478.63
05-06-2024,33759.27
06-06-2024,33902.68
07-06-2024,33664.09
08-06-2024,NaN
09-06-2024,NaN
10-06-2024,33601.52
11-06-2024,33224.84
12-06-2024,33195.51
13-06-2024,32952.71
14-06-2024,33083.95
15-06-2024,NaN
16-06-2024,NaN
17-06-2024,33033.05
18-06-2024,33189.52
19-06-2024,33410.49
20-06-2024,NaN
21-06-2024,32919.49
22-06-2024,NaN
23-06-2024,NaN
24-06-2024,32917.17
25-06-2024,32541.82
26-06-2024,33001.16
27-06-2024,32963.96
28-06-2024,32538.84
29-06-2024,NaN
30-06-2024,NaN
01-07-2024,32504.03
02-07-2024,32400.98
03-07-2024,33078.76
04-07-2024,33078.83
05-07-2024,32861.95
06-07-2024,NaN
07-07-2024,NaN
08-07-2024,33030.15
09-07-2024,32790.28
10-07-2024,32774.07
11-07-2024,33103.84
12-07-2024,33131.41
13-07-2024,NaN
14-07-2024,NaN
15-07-2024,33201.82
16-07-2024,NaN
17-07-2024,33212.46
18-07-2024,33235.79
19-07-2024,33150.86
20-07-2024,NaN
21-07-2024,NaN
22-07-2024,33346.65
23-07-2024,33113.23
24-07-2024,32931.47
25-07-2024,32590.32
26-07-2024,32556.24
27-07-2024,NaN
28-07-2024,NaN
29-07-2024,32797
30-07-2024,32704.71
31-07-2024,32586.95
01-08-2024,32440.97
02-08-2024,31956.81
03-08-2024,NaN
04-08-2024,NaN
05-08-2024,30887.31
06-08-2024,31231.48
07-08-2024,31310.49
08-08-2024,31786.2
09-08-2024,31904.99
10-08-2024,NaN
11-08-2024,NaN
12-08-2024,31912.5
13-08-2024,32116.43
14-08-2024,32248.93
15-08-2024,NaN
16-08-2024,32528.88
17-08-2024,NaN
18-08-2024,NaN
19-08-2024,32540.23
20-08-2024,32673.91
21-08-2024,32708.56
22-08-2024,32607.34
23-08-2024,32533.57
24-08-2024,NaN
25-08-2024,NaN
26-08-2024,32421.53
27-08-2024,32130.4
28-08-2024,32139
29-08-2024,32451.79
30-08-2024,32511.73
31-08-2024,NaN
01-09-2024,NaN
02-09-2024,32491.47
03-09-2024,32156.58
04-09-2024,32168.61
05-09-2024,32031.64
06-09-2024,31503.37
07-09-2024,NaN
08-09-2024,NaN
09-09-2024,31442.78
10-09-2024,31344.14
11-09-2024,31751.02
12-09-2024,31922.75
13-09-2024,31953.41
14-09-2024,NaN
15-09-2024,NaN
16-09-2024,31943.11
17-09-2024,31880.25
18-09-2024,NaN
19-09-2024,NaN
20-09-2024,NaN
21-09-2024,NaN
22-09-2024,NaN
23-09-2024,32049.14
24-09-2024,32415.13
25-09-2024,32371.9
26-09-2024,32792.87
27-09-2024,32812.3
28-09-2024,NaN
29-09-2024,NaN
30-09-2024,32628.45
01-10-2024,32443.23
02-10-2024,32182.05
03-10-2024,32165.34
04-10-2024,32582.6
05-10-2024,NaN
06-10-2024,NaN
07-10-2024,32562.19
08-10-2024,32637.2
09-10-2024,32860.48
10-10-2024,33033.02
11-10-2024,33011.19
12-10-2024,NaN
13-10-2024,NaN
14-10-2024,33012.02
15-10-2024,32945.92
16-10-2024,32872.14
17-10-2024,32987.41
18-10-2024,33328.58
19-10-2024,NaN
20-10-2024,NaN
21-10-2024,33462.37
22-10-2024,33495.7
23-10-2024,33548.02
24-10-2024,33733.75
25-10-2024,33867.56
26-10-2024,NaN
27-10-2024,NaN
28-10-2024,33789
29-10-2024,33496.93
30-10-2024,32922.4
31-10-2024,NaN
01-11-2024,NaN
02-11-2024,NaN
03-11-2024,NaN
04-11-2024,33295.46
05-11-2024,32813.39
06-11-2024,33035.45
07-11-2024,32943.77
08-11-2024,32748.35
09-11-2024,NaN
10-11-2024,NaN
11-11-2024,32836.69
12-11-2024,32681.86
13-11-2024,32920.14
14-11-2024,32548.94
15-11-2024,32765.54
16-11-2024,NaN
17-11-2024,NaN
18-11-2024,32839.13
19-11-2024,32859.16
20-11-2024,32972.47
21-11-2024,33043.62
22-11-2024,32919.32
23-11-2024,NaN
24-11-2024,NaN
25-11-2024,32850.41
26-11-2024,32885.36
27-11-2024,32985.05
28-11-2024,33031.27
29-11-2024,33001.8
30-11-2024,NaN
01-12-2024,NaN
02-12-2024,33284.07
03-12-2024,33248.15
04-12-2024,33264.42
05-12-2024,33390.65
06-12-2024,33343.22
07-12-2024,NaN
08-12-2024,NaN
09-12-2024,33645.32
10-12-2024,33670.88
11-12-2024,33720.65
12-12-2024,33953.62
13-12-2024,33905.05
14-12-2024,NaN
15-12-2024,NaN
16-12-2024,34067.7
17-12-2024,33750.64
18-12-2024,33755.44
19-12-2024,33594.95
20-12-2024,33606.69
21-12-2024,NaN
22-12-2024,NaN
23-12-2024,33447.52
24-12-2024,33510.63
25-12-2024,NaN
26-12-2024,33562.77
27-12-2024,33642.67
28-12-2024,NaN
29-12-2024,NaN
30-12-2024,33683.91
31-12-2024,NaN
01-01-2025,NaN
02-01-2025,33557.64
03-01-2025,33640.67
04-01-2025,NaN
05-01-2025,NaN
06-01-2025,34004.66
07-01-2025,34132.48
08-01-2025,33931.98
09-01-2025,34125.75
10-01-2025,34182.56
11-01-2025,NaN
12-01-2025,NaN
13-01-2025,33928.76
14-01-2025,34237.24
15-01-2025,34606.23
16-01-2025,34887.41
17-01-2025,34905.01
18-01-2025,NaN
19-01-2025,NaN
20-01-2025,35146.48
21-01-2025,35275.72
22-01-2025,35230.49
23-01-2025,35336.95
24-01-2025,35429.5
25-01-2025,NaN
26-01-2025,NaN
27-01-2025,35250.05
28-01-2025,35293.54
29-01-2025,35559.01
30-01-2025,36211.55
31-01-2025,36133.05
01-02-2025,NaN
02-02-2025,NaN
03-02-2025,36156.64
04-02-2025,36468.02
05-02-2025,36503.75
06-02-2025,36653.33
07-02-2025,36587.96
08-02-2025,NaN
09-02-2025,NaN
10-02-2025,36624.95
11-02-2025,36542.68
12-02-2025,36561.26
13-02-2025,36768.63
14-02-2025,36920.39
15-02-2025,NaN
16-02-2025,NaN
17-02-2025,36663.7
18-02-2025,36635.29
19-02-2025,36554.77
20-02-2025,36749.69
21-02-2025,36707.35
22-02-2025,NaN
23-02-2025,NaN
24-02-2025,36703.5
25-02-2025,36720.4
26-02-2025,36878.13
27-02-2025,37090.55
28-02-2025,36827.95
01-03-2025,NaN
02-03-2025,NaN
03-03-2025,36906.3
04-03-2025,36747.64
05-03-2025,36828.02
06-03-2025,36992.11
07-03-2025,37046.7
08-03-2025,NaN
09-03-2025,NaN
10-03-2025,37007.86
11-03-2025,36997.27
12-03-2025,37127.52
13-03-2025,37411.6
14-03-2025,37688.16
15-03-2025,NaN
16-03-2025,NaN
17-03-2025,38146.69
18-03-2025,38074.75
19-03-2025,38120.51
20-03-2025,38016.03
21-03-2025,38070.4
22-03-2025,NaN
23-03-2025,NaN
24-03-2025,38302.67
25-03-2025,38183.68
26-03-2025,38126.8
27-03-2025,38417.8
28-03-2025,38616.85
29-03-2025,NaN
30-03-2025,NaN
31-03-2025,38415.75
01-04-2025,38581.19
02-04-2025,38645.16
03-04-2025,38721.9
04-04-2025,37708.02
05-04-2025,NaN
06-04-2025,NaN
07-04-2025,36464.59
08-04-2025,36058.4
09-04-2025,37473.54
10-04-2025,37019.33
11-04-2025,37297.59
12-04-2025,NaN
13-04-2025,NaN
14-04-2025,37956.79
15-04-2025,38537.21
16-04-2025,38621.45
17-04-2025,39101.88
18-04-2025,NaN
19-04-2025,NaN
20-04-2025,NaN
21-04-2025,38806.64
22-04-2025,39110.49
23-04-2025,39623.57
24-04-2025,39986.91
25-04-2025,39959.96
26-04-2025,NaN
27-04-2025,NaN
28-04-2025,39945.57
29-04-2025,40290.46
30-04-2025,40211.34
01-05-2025,NaN
02-05-2025,40209.52
03-05-2025,NaN
04-05-2025,NaN
05-05-2025,40151.86
06-05-2025,40375.88
07-05-2025,40870.65
08-05-2025,40830.42
09-05-2025,41156.65
10-05-2025,NaN
11-05-2025,NaN
12-05-2025,41600.34
13-05-2025,41826.13
14-05-2025,42315.51
15-05-2025,42040.05
16-05-2025,41929.1
17-05-2025,NaN
18-05-2025,NaN
19-05-2025,41963.63
20-05-2025,42117.65
21-05-2025,NaN
22-05-2025,41887.64
23-05-2025,42064.56
24-05-2025,NaN
25-05-2025,NaN
26-05-2025,42032.59
27-05-2025,41874.95
28-05-2025,41372.79
29-05-2025,41140.94
30-05-2025,40472.81
31-05-2025,NaN
01-06-2025,NaN
02-06-2025,40463.68
03-06-2025,40737.87
04-06-2025,41011.68
05-06-2025,40948.59
06-06-2025,41054.36
07-06-2025,NaN
08-06-2025,NaN
09-06-2025,41066.19
10-06-2025,41314.05
11-06-2025,41754.7
12-06-2025,41530.24
13-06-2025,41247.96
14-06-2025,NaN
15-06-2025,NaN
16-06-2025,41052.37
17-06-2025,40709.38
18-06-2025,40688.89
19-06-2025,40617.76
20-06-2025,NaN
21-06-2025,NaN
22-06-2025,NaN
23-06-2025,40408.04
24-06-2025,40939.15
25-06-2025,40903.4
26-06-2025,41085.8
27-06-2025,41255.48
28-06-2025,NaN
29-06-2025,NaN
30-06-2025,41423.74
01-07-2025,41263.43
02-07-2025,41532.57
03-07-2025,41629.5
04-07-2025,41607.86
05-07-2025,NaN
06-07-2025,NaN
07-07-2025,41479.4
08-07-2025,41760.73
09-07-2025,41813.07
10-07-2025,41873.14
11-07-2025,41342.99
12-07-2025,NaN
13-07-2025,NaN
14-07-2025,41355.12
15-07-2025,40967.71
16-07-2025,NaN
17-07-2025,41236.27
18-07-2025,41107.67
19-07-2025,NaN
20-07-2025,NaN
21-07-2025,40827
22-07-2025,40797.22
23-07-2025,40891.43
24-07-2025,40897.88
25-07-2025,41260.1
26-07-2025,NaN
27-07-2025,NaN
28-07-2025,40580.39
29-07-2025,40791.24
30-07-2025,40814.21
31-07-2025,41108.9
01-08-2025,40986.93
02-08-2025,NaN
03-08-2025,NaN
04-08-2025,41242.63
05-08-2025,41175.61
06-08-2025,41417.02
07-08-2025,41952.13
08-08-2025,42729.72
09-08-2025,NaN
10-08-2025,NaN
11-08-2025,43085.55
12-08-2025,43065.55
13-08-2025,43787.69
14-08-2025,43805.24
15-08-2025,NaN
16-08-2025,NaN
17-08-2025,NaN
18-08-2025,44232.29
19-08-2025,43837.94
20-08-2025,43599.8
21-08-2025,43811.12
22-08-2025,44423.09
23-08-2025,NaN
24-08-2025,NaN
25-08-2025,44579.1
26-08-2025,44319.29
27-08-2025,44596.78
28-08-2025,44770.55
29-08-2025,44697.81
30-08-2025,NaN
31-08-2025,NaN
01-09-2025,44818.44
02-09-2025,45127.82
03-09-2025,45464.38
04-09-2025,46002.09
05-09-2025,46192.45
06-09-2025,NaN
07-09-2025,NaN
08-09-2025,45636.48
09-09-2025,45140.05
10-09-2025,45092.11
11-09-2025,45930.78
12-09-2025,45228.54
13-09-2025,NaN
14-09-2025,NaN
15-09-2025,45686.41
16-09-2025,45578.56
17-09-2025,45322.99
18-09-2025,NaN
19-09-2025,NaN
20-09-2025,NaN
21-09-2025,NaN
22-09-2025,45828.69
23-09-2025,45959.34
24-09-2025,45822.65
25-09-2025,45491.66
26-09-2025,45399.81
27-09-2025,NaN
28-09-2025,NaN
29-09-2025,45274.58
30-09-2025,45153.51
01-10-2025,45002.45
02-10-2025,44820.96
03-10-2025,44776.4
04-10-2025,NaN
05-10-2025,NaN
06-10-2025,44486.1
07-10-2025,44479.71
08-10-2025,44849.35
09-10-2025,44425.7
10-10-2025,43747.06
11-10-2025,NaN
12-10-2025,NaN
13-10-2025,44291.42
14-10-2025,45324.98
15-10-2025,45773.64
16-10-2025,45779.62
17-10-2025,45868.46
18-10-2025,NaN
19-10-2025,NaN
20-10-2025,46015.45
21-10-2025,45805.91
22-10-2025,45507.13
23-10-2025,45981.87
24-10-2025,46158.55
25-10-2025,NaN
26-10-2025,NaN
27-10-2025,46278.39
28-10-2025,46399.89
29-10-2025,46845.49
30-10-2025,47349.14
31-10-2025,NaN
01-11-2025,NaN
02-11-2025,NaN
03-11-2025,47764.91
04-11-2025,46896.35
05-11-2025,47404.43
06-11-2025,47538.11
07-11-2025,48240.17
08-11-2025,NaN
09-11-2025,NaN
10-11-2025,48531.75
11-11-2025,48764.35
12-11-2025,49647.83
13-11-2025,48807.73
14-11-2025,48306.6
15-11-2025,NaN
16-11-2025,NaN
17-11-2025,49756.63
18-11-2025,49318.14
19-11-2025,49623.25
20-11-2025,49294.04
21-11-2025,49386.2
22-11-2025,NaN
23-11-2025,NaN
24-11-2025,49285.32
25-11-2025,49966.75
26-11-2025,50194.29
27-11-2025,50574.17
28-11-2025,50848.61
29-11-2025,NaN
30-11-2025,NaN
01-12-2025,50923.94
02-12-2025,50947.64
03-12-2025,51095.22
04-12-2025,51106.37
05-12-2025,51329.76
06-12-2025,NaN
07-12-2025,NaN
08-12-2025,NaN
09-12-2025,51127.07
10-12-2025,51092.69
11-12-2025,51994.41
12-12-2025,52202.08
13-12-2025,NaN
14-12-2025,NaN
15-12-2025,51759.2
16-12-2025,51240.42
17-12-2025,50980.82
18-12-2025,51276.11
19-12-2025,51813.89
20-12-2025,NaN
21-12-2025,NaN
22-12-2025,52224.5
23-12-2025,52310.69
24-12-2025,52238.33
25-12-2025,NaN
26-12-2025,52707.48
27-12-2025,NaN
28-12-2025,NaN
29-12-2025,52893.31
30-12-2025,52725.49
31-12-2025,NaN
01-01-2026,NaN
02-01-2026,52467.93
03-01-2026,NaN
04-01-2026,NaN
05-01-2026,53721.64
06-01-2026,54860.95
07-01-2026,54646.22
08-01-2026,54831.28
09-01-2026,54901.09
10-01-2026,NaN
11-01-2026,NaN
12-01-2026,55577.79
13-01-2026,56483.24
14-01-2026,56352.35
15-01-2026,55746.89
16-01-2026,56047.39
17-01-2026,NaN
18-01-2026,NaN
19-01-2026,55989.66
20-01-2026,56052.43
21-01-2026,56504.55
22-01-2026,57692.99
23-01-2026,57699.48
24-01-2026,NaN
25-01-2026,NaN
26-01-2026,57930.78
27-01-2026,58289.8
28-01-2026,58316
29-01-2026,57832.79
30-01-2026,57350.2
31-01-2026,NaN
01-02-2026,NaN
02-02-2026,57626.97
03-02-2026,58234.47
04-02-2026,57369.63
05-02-2026,56516.89
06-02-2026,56347.51
07-02-2026,NaN
08-02-2026,NaN
09-02-2026,56533.79
10-02-2026,55417.89
11-02-2026,56366.94
12-02-2026,55207.57
13-02-2026,54822.77
14-02-2026,NaN
15-02-2026,NaN
16-02-2026,54865.84
17-02-2026,54758.56
18-02-2026,54632.39
19-02-2026,54392.66
20-02-2026,54588.16
21-02-2026,NaN
22-02-2026,NaN
23-02-2026,54902.58
24-02-2026,55211.43
25-02-2026,55906.8
26-02-2026,55511.83
27-02-2026,54715.48
28-02-2026,NaN
01-03-2026,NaN
02-03-2026,53176.87
03-03-2026,51692.45
04-03-2026,52845.1
05-03-2026,51940.02
06-03-2026,52007.69
07-03-2026,NaN
08-03-2026,NaN
09-03-2026,52550.5
10-03-2026,53399.4
11-03-2026,52941.35
12-03-2026,52495.65
13-03-2026,52813.06
14-03-2026,NaN
15-03-2026,NaN
16-03-2026,53377.63
17-03-2026,53555.31
18-03-2026,53560.56
19-03-2026,52866.96
20-03-2026,51943.74
21-03-2026,NaN
22-03-2026,NaN
23-03-2026,51692.26
24-03-2026,51568.95
25-03-2026,52492.74
26-03-2026,52426.92
27-03-2026,52519.83
28-03-2026,NaN
29-03-2026,NaN
30-03-2026,52518.66
31-03-2026,53557.46
01-04-2026,54553.9
02-04-2026,54025.65
03-04-2026,NaN
04-04-2026,NaN
05-04-2026,NaN
06-04-2026,53828.43
07-04-2026,52996.36
08-04-2026,54597.1
09-04-2026,55035.05
10-04-2026,55609.57
11-04-2026,NaN
12-04-2026,NaN
13-04-2026,55899.78
14-04-2026,56860.54
15-04-2026,56791.39
16-04-2026,57572.16
17-04-2026,57349.41
18-04-2026,NaN
19-04-2026,NaN
20-04-2026,56956.32
21-04-2026,55943.2
22-04-2026,55360.11
23-04-2026,55310.43
24-04-2026,56149.74
25-04-2026,NaN
26-04-2026,NaN
27-04-2026,55941.93
28-04-2026,54904.45
29-04-2026,54694.76
30-04-2026,54943.55
01-05-2026,NaN
02-05-2026,NaN
03-05-2026,NaN
04-05-2026,54065.78
05-05-2026,53943.41
06-05-2026,55090.05
07-05-2026,54766.12
08-05-2026,54250.91
09-05-2026,NaN
10-05-2026,NaN
11-05-2026,54028.97
12-05-2026,53739.7
13-05-2026,52607.25
14-05-2026,52991.09
15-05-2026,52696.77
16-05-2026,NaN
17-05-2026,NaN
18-05-2026,53029.56
19-05-2026,52472.35
20-05-2026,53627.9
21-05-2026,NaN
22-05-2026,53443.3
23-05-2026,NaN
24-05-2026,NaN
25-05-2026,54648.41
26-05-2026,54246
27-05-2026,54699.47
28-05-2026,54962.39
29-05-2026,54507.49
30-05-2026,NaN
31-05-2026,NaN
01-06-2026,53764.49
02-06-2026,53028.47
03-06-2026,52529.92
04-06-2026,52262.99
05-06-2026,52117.48
06-06-2026,NaN
07-06-2026,NaN
08-06-2026,51589.91
09-06-2026,53136.16
10-06-2026,52889.59
11-06-2026,54242.12
12-06-2026,55100.3
13-06-2026,NaN
14-06-2026,NaN
15-06-2026,54901.09
16-06-2026,54993.33
17-06-2026,54555.82
18-06-2026,54633.39
19-06-2026,54842.96
20-06-2026,NaN
21-06-2026,NaN
22-06-2026,54902.16
23-06-2026,54292.44
24-06-2026,53842.11
25-06-2026,53980.58
26-06-2026,54229.76
27-06-2026,NaN
28-06-2026,NaN
29-06-2026,NaN
30-06-2026,54613.35
01-07-2026,54491.41
02-07-2026,54405.22
03-07-2026,54518.37
04-07-2026,NaN
05-07-2026,NaN
06-07-2026,54778.6
07-07-2026,55443.89
08-07-2026,55089.81
09-07-2026,55432.71
10-07-2026,55571.55
11-07-2026,NaN
12-07-2026,NaN
13-07-2026,54979.29
14-07-2026,55413.19
15-07-2026,55046.06
16-07-2026,NaN
17-07-2026,54751.49
18-07-2026,NaN
19-07-2026,NaN
20-07-2026,54791.44
