fecha,valor
02-01-1989,48.69
03-01-1989,49.4
04-01-1989,49.64
05-01-1989,50.74
06-01-1989,52.47
07-01-1989,NaN
08-01-1989,NaN
09-01-1989,54.04
10-01-1989,52.47
11-01-1989,51.68
12-01-1989,52.16
13-01-1989,53.18
14-01-1989,NaN
15-01-1989,NaN
16-01-1989,53.41
17-01-1989,53.18
18-01-1989,52.47
19-01-1989,51.84
20-01-1989,51.37
21-01-1989,NaN
22-01-1989,NaN
23-01-1989,51.53
24-01-1989,52.16
25-01-1989,52.55
26-01-1989,53.02
27-01-1989,53.34
28-01-1989,NaN
29-01-1989,NaN
30-01-1989,53.73
31-01-1989,54.44
01-02-1989,55.3
02-02-1989,57.5
03-02-1989,58.53
04-02-1989,NaN
05-02-1989,NaN
06-02-1989,57.11
07-02-1989,57.19
08-02-1989,57.9
09-02-1989,58.37
10-02-1989,58.84
11-02-1989,NaN
12-02-1989,NaN
13-02-1989,59
14-02-1989,58.29
15-02-1989,58.37
16-02-1989,58.37
17-02-1989,59
18-02-1989,NaN
19-02-1989,NaN
20-02-1989,59.71
21-02-1989,59.94
22-02-1989,60.02
23-02-1989,60.57
24-02-1989,60.89
25-02-1989,NaN
26-02-1989,NaN
27-02-1989,61.04
28-02-1989,60.57
01-03-1989,60.42
02-03-1989,61.36
03-03-1989,62.62
04-03-1989,NaN
05-03-1989,NaN
06-03-1989,63.48
07-03-1989,64.03
08-03-1989,63.33
09-03-1989,63.48
10-03-1989,63.8
11-03-1989,NaN
12-03-1989,NaN
13-03-1989,65.14
14-03-1989,64.03
15-03-1989,61.75
16-03-1989,63.64
17-03-1989,63.8
18-03-1989,NaN
19-03-1989,NaN
20-03-1989,63.01
21-03-1989,60.73
22-03-1989,59
23-03-1989,61.44
24-03-1989,NaN
25-03-1989,NaN
26-03-1989,NaN
27-03-1989,62.78
28-03-1989,63.17
29-03-1989,62.93
30-03-1989,63.09
31-03-1989,63.64
01-04-1989,NaN
02-04-1989,NaN
03-04-1989,63.8
04-04-1989,63.8
05-04-1989,63.48
06-04-1989,64.03
07-04-1989,64.43
08-04-1989,NaN
09-04-1989,NaN
10-04-1989,64.66
11-04-1989,65.84
12-04-1989,66.55
13-04-1989,67.89
14-04-1989,69.78
15-04-1989,NaN
16-04-1989,NaN
17-04-1989,71.51
18-04-1989,71.35
19-04-1989,70.25
20-04-1989,69.93
21-04-1989,69.3
22-04-1989,NaN
23-04-1989,NaN
24-04-1989,68.91
25-04-1989,68.44
26-04-1989,68.12
27-04-1989,67.18
28-04-1989,68.44
29-04-1989,NaN
30-04-1989,NaN
01-05-1989,NaN
02-05-1989,70.01
03-05-1989,70.25
04-05-1989,70.96
05-05-1989,71.59
06-05-1989,NaN
07-05-1989,NaN
08-05-1989,71.66
09-05-1989,73.08
10-05-1989,75.83
11-05-1989,74.97
12-05-1989,74.81
13-05-1989,NaN
14-05-1989,NaN
15-05-1989,72.29
16-05-1989,73.24
17-05-1989,74.58
18-05-1989,76.15
19-05-1989,75.83
20-05-1989,NaN
21-05-1989,NaN
22-05-1989,75.28
23-05-1989,74.65
24-05-1989,73.63
25-05-1989,NaN
26-05-1989,71.98
27-05-1989,NaN
28-05-1989,NaN
29-05-1989,69.3
30-05-1989,67.81
31-05-1989,70.72
01-06-1989,71.51
02-06-1989,70.25
03-06-1989,NaN
04-06-1989,NaN
05-06-1989,67.1
06-06-1989,67.81
07-06-1989,66.94
08-06-1989,65.45
09-06-1989,65.53
10-06-1989,NaN
11-06-1989,NaN
12-06-1989,65.45
13-06-1989,64.51
14-06-1989,64.35
15-06-1989,66.24
16-06-1989,66.79
17-06-1989,NaN
18-06-1989,NaN
19-06-1989,66.47
20-06-1989,66.24
21-06-1989,66.87
22-06-1989,67.26
23-06-1989,67.42
24-06-1989,NaN
25-06-1989,NaN
26-06-1989,66.79
27-06-1989,65.14
28-06-1989,64.66
29-06-1989,NaN
30-06-1989,64.98
01-07-1989,NaN
02-07-1989,NaN
03-07-1989,64.74
04-07-1989,64.66
05-07-1989,65.14
06-07-1989,65.37
07-07-1989,65.53
08-07-1989,NaN
09-07-1989,NaN
10-07-1989,65.37
11-07-1989,65.14
12-07-1989,66.47
13-07-1989,65.53
14-07-1989,64.35
15-07-1989,NaN
16-07-1989,NaN
17-07-1989,63.33
18-07-1989,61.28
19-07-1989,61.04
20-07-1989,61.44
21-07-1989,61.91
22-07-1989,NaN
23-07-1989,NaN
24-07-1989,62.62
25-07-1989,62.93
26-07-1989,63.17
27-07-1989,63.72
28-07-1989,63.72
29-07-1989,NaN
30-07-1989,NaN
31-07-1989,63.8
01-08-1989,63.8
02-08-1989,63.48
03-08-1989,63.48
04-08-1989,63.64
05-08-1989,NaN
06-08-1989,NaN
07-08-1989,63.64
08-08-1989,63.64
09-08-1989,63.64
10-08-1989,63.8
11-08-1989,63.64
12-08-1989,NaN
13-08-1989,NaN
14-08-1989,63.64
15-08-1989,NaN
16-08-1989,63.72
17-08-1989,63.09
18-08-1989,61.6
19-08-1989,NaN
20-08-1989,NaN
21-08-1989,60.65
22-08-1989,59.16
23-08-1989,58.61
24-08-1989,58.84
25-08-1989,59.39
26-08-1989,NaN
27-08-1989,NaN
28-08-1989,60.02
29-08-1989,60.42
30-08-1989,59.16
31-08-1989,58.92
01-09-1989,59.16
02-09-1989,NaN
03-09-1989,NaN
04-09-1989,59
05-09-1989,58.92
06-09-1989,57.9
07-09-1989,57.9
08-09-1989,57.35
09-09-1989,NaN
10-09-1989,NaN
11-09-1989,NaN
12-09-1989,55.93
13-09-1989,54.12
14-09-1989,55.3
15-09-1989,57.19
16-09-1989,NaN
17-09-1989,NaN
18-09-1989,NaN
19-09-1989,NaN
20-09-1989,57.5
21-09-1989,56.88
22-09-1989,56.95
23-09-1989,NaN
24-09-1989,NaN
25-09-1989,57.35
26-09-1989,58.61
27-09-1989,59.16
28-09-1989,60.65
29-09-1989,62.46
30-09-1989,NaN
01-10-1989,NaN
02-10-1989,63.4
03-10-1989,64.51
04-10-1989,NaN
05-10-1989,64.51
06-10-1989,64.43
07-10-1989,NaN
08-10-1989,NaN
09-10-1989,65.69
10-10-1989,66.55
11-10-1989,68.28
12-10-1989,NaN
13-10-1989,69.62
14-10-1989,NaN
15-10-1989,NaN
16-10-1989,68.28
17-10-1989,70.56
18-10-1989,70.72
19-10-1989,71.04
20-10-1989,70.33
21-10-1989,NaN
22-10-1989,NaN
23-10-1989,68.91
24-10-1989,67.89
25-10-1989,67.57
26-10-1989,68.83
27-10-1989,68.99
28-10-1989,NaN
29-10-1989,NaN
30-10-1989,69.15
31-10-1989,69.46
01-11-1989,NaN
02-11-1989,67.5
03-11-1989,67.5
04-11-1989,NaN
05-11-1989,NaN
06-11-1989,68.2
07-11-1989,68.6
08-11-1989,68.2
09-11-1989,68.44
10-11-1989,70.01
11-11-1989,NaN
12-11-1989,NaN
13-11-1989,70.64
14-11-1989,71.9
15-11-1989,73
16-11-1989,73.08
17-11-1989,74.34
18-11-1989,NaN
19-11-1989,NaN
20-11-1989,75.36
21-11-1989,73.79
22-11-1989,73.71
23-11-1989,73.55
24-11-1989,72.29
25-11-1989,NaN
26-11-1989,NaN
27-11-1989,70.33
28-11-1989,69.23
29-11-1989,68.6
30-11-1989,69.46
01-12-1989,69.54
02-12-1989,NaN
03-12-1989,NaN
04-12-1989,70.33
05-12-1989,70.88
06-12-1989,70.72
07-12-1989,68.91
08-12-1989,NaN
09-12-1989,NaN
10-12-1989,NaN
11-12-1989,68.2
12-12-1989,69.3
13-12-1989,69.93
14-12-1989,NaN
15-12-1989,73.55
16-12-1989,NaN
17-12-1989,NaN
18-12-1989,77.17
19-12-1989,77.88
20-12-1989,76.78
21-12-1989,77.01
22-12-1989,77.88
23-12-1989,NaN
24-12-1989,NaN
25-12-1989,NaN
26-12-1989,77.09
27-12-1989,77.17
28-12-1989,78.11
29-12-1989,79.06
30-12-1989,NaN
31-12-1989,NaN
01-01-1990,NaN
02-01-1990,80.02
03-01-1990,83.21
04-01-1990,84.33
05-01-1990,84.38
06-01-1990,NaN
07-01-1990,NaN
08-01-1990,82.06
09-01-1990,82.4
10-01-1990,82.83
11-01-1990,83.79
12-01-1990,84.78
13-01-1990,NaN
14-01-1990,NaN
15-01-1990,84.59
16-01-1990,83.77
17-01-1990,83.19
18-01-1990,83.06
19-01-1990,83.35
20-01-1990,NaN
21-01-1990,NaN
22-01-1990,82.97
23-01-1990,83.28
24-01-1990,83.47
25-01-1990,83.31
26-01-1990,83.66
27-01-1990,NaN
28-01-1990,NaN
29-01-1990,82.89
30-01-1990,82.41
31-01-1990,82.56
01-02-1990,83.33
02-02-1990,83.39
03-02-1990,NaN
04-02-1990,NaN
05-02-1990,83.42
06-02-1990,83.12
07-02-1990,82.86
08-02-1990,82.7
09-02-1990,82.38
10-02-1990,NaN
11-02-1990,NaN
12-02-1990,82.47
13-02-1990,82.45
14-02-1990,82.64
15-02-1990,82.9
16-02-1990,82.93
17-02-1990,NaN
18-02-1990,NaN
19-02-1990,83.35
20-02-1990,84.12
21-02-1990,85.02
22-02-1990,88.32
23-02-1990,89.54
24-02-1990,NaN
25-02-1990,NaN
26-02-1990,90.49
27-02-1990,92.73
28-02-1990,94.36
01-03-1990,96.65
02-03-1990,98.51
03-03-1990,NaN
04-03-1990,NaN
05-03-1990,100.33
06-03-1990,99.82
07-03-1990,97.8
08-03-1990,96.77
09-03-1990,96.59
10-03-1990,NaN
11-03-1990,NaN
12-03-1990,95.31
13-03-1990,94.11
14-03-1990,94.07
15-03-1990,97.14
16-03-1990,99.61
17-03-1990,NaN
18-03-1990,NaN
19-03-1990,99.43
20-03-1990,99.37
21-03-1990,98.14
22-03-1990,97.76
23-03-1990,98.13
24-03-1990,NaN
25-03-1990,NaN
26-03-1990,97.41
27-03-1990,97.91
28-03-1990,96.57
29-03-1990,95.91
30-03-1990,95.58
31-03-1990,NaN
01-04-1990,NaN
02-04-1990,94.67
03-04-1990,93.23
04-04-1990,91.84
05-04-1990,92.64
06-04-1990,93.69
07-04-1990,NaN
08-04-1990,NaN
09-04-1990,93.78
10-04-1990,92.7
11-04-1990,91.84
12-04-1990,92.1
13-04-1990,NaN
14-04-1990,NaN
15-04-1990,NaN
16-04-1990,92.67
17-04-1990,93.94
18-04-1990,94.75
19-04-1990,94.98
20-04-1990,95.63
21-04-1990,NaN
22-04-1990,NaN
23-04-1990,95.65
24-04-1990,96.24
25-04-1990,96.27
26-04-1990,95.75
27-04-1990,95.25
28-04-1990,NaN
29-04-1990,NaN
30-04-1990,94.87
01-05-1990,NaN
02-05-1990,94.04
03-05-1990,94.17
04-05-1990,93.47
05-05-1990,NaN
06-05-1990,NaN
07-05-1990,90.51
08-05-1990,89.58
09-05-1990,89.87
10-05-1990,91.2
11-05-1990,92.6
12-05-1990,NaN
13-05-1990,NaN
14-05-1990,93.06
15-05-1990,92.56
16-05-1990,91.63
17-05-1990,90.9
18-05-1990,91.05
19-05-1990,NaN
20-05-1990,NaN
21-05-1990,NaN
22-05-1990,91
23-05-1990,91.07
24-05-1990,91.56
25-05-1990,93.31
26-05-1990,NaN
27-05-1990,NaN
28-05-1990,93.35
29-05-1990,93.73
30-05-1990,93.54
31-05-1990,94.81
01-06-1990,97.12
02-06-1990,NaN
03-06-1990,NaN
04-06-1990,98.96
05-06-1990,100.81
06-06-1990,98.96
07-06-1990,98.88
08-06-1990,99.27
09-06-1990,NaN
10-06-1990,NaN
11-06-1990,98.68
12-06-1990,98.34
13-06-1990,98.8
14-06-1990,NaN
15-06-1990,98.24
16-06-1990,NaN
17-06-1990,NaN
18-06-1990,96.59
19-06-1990,95.56
20-06-1990,94.9
21-06-1990,94.9
22-06-1990,95.65
23-06-1990,NaN
24-06-1990,NaN
25-06-1990,93.37
26-06-1990,92.24
27-06-1990,92.61
28-06-1990,92.71
29-06-1990,NaN
30-06-1990,NaN
01-07-1990,NaN
02-07-1990,91.56
03-07-1990,89.69
04-07-1990,88.9
05-07-1990,89.53
06-07-1990,89.92
07-07-1990,NaN
08-07-1990,NaN
09-07-1990,90.94
10-07-1990,90.43
11-07-1990,90.1
12-07-1990,89.86
13-07-1990,89.69
14-07-1990,NaN
15-07-1990,NaN
16-07-1990,89.24
17-07-1990,91.21
18-07-1990,92.58
19-07-1990,92.71
20-07-1990,92.63
21-07-1990,NaN
22-07-1990,NaN
23-07-1990,91.62
24-07-1990,90.74
25-07-1990,90.53
26-07-1990,91.13
27-07-1990,91.22
28-07-1990,NaN
29-07-1990,NaN
30-07-1990,92.94
31-07-1990,93.52
01-08-1990,94.37
02-08-1990,95.21
03-08-1990,94.78
04-08-1990,NaN
05-08-1990,NaN
06-08-1990,93.95
07-08-1990,93.18
08-08-1990,92.18
09-08-1990,92.1
10-08-1990,93.28
11-08-1990,NaN
12-08-1990,NaN
13-08-1990,93.51
14-08-1990,93.64
15-08-1990,NaN
16-08-1990,94.68
17-08-1990,94.68
18-08-1990,NaN
19-08-1990,NaN
20-08-1990,95.46
21-08-1990,95.76
22-08-1990,95.81
23-08-1990,94.32
24-08-1990,93.27
25-08-1990,NaN
26-08-1990,NaN
27-08-1990,93.46
28-08-1990,93.69
29-08-1990,93.24
30-08-1990,93.21
31-08-1990,93.51
01-09-1990,NaN
02-09-1990,NaN
03-09-1990,93.95
04-09-1990,93.75
05-09-1990,93.65
06-09-1990,93.8
07-09-1990,93.95
08-09-1990,NaN
09-09-1990,NaN
10-09-1990,93.95
11-09-1990,NaN
12-09-1990,94.13
13-09-1990,94.25
14-09-1990,94.3
15-09-1990,NaN
16-09-1990,NaN
17-09-1990,94.41
18-09-1990,NaN
19-09-1990,NaN
20-09-1990,94.8
21-09-1990,95.59
22-09-1990,NaN
23-09-1990,NaN
24-09-1990,96.89
25-09-1990,95.22
26-09-1990,94.46
27-09-1990,93.39
28-09-1990,92.64
29-09-1990,NaN
30-09-1990,NaN
01-10-1990,91.8
02-10-1990,92.86
03-10-1990,92.22
04-10-1990,91.93
05-10-1990,92.15
06-10-1990,NaN
07-10-1990,NaN
08-10-1990,90.56
09-10-1990,89.96
10-10-1990,89.87
11-10-1990,90.56
12-10-1990,NaN
13-10-1990,NaN
14-10-1990,NaN
15-10-1990,90.43
16-10-1990,90.43
17-10-1990,90.41
18-10-1990,90.87
19-10-1990,91.33
20-10-1990,NaN
21-10-1990,NaN
22-10-1990,92.33
23-10-1990,94.16
24-10-1990,94.86
25-10-1990,95.46
26-10-1990,95.2
27-10-1990,NaN
28-10-1990,NaN
29-10-1990,95.21
30-10-1990,95.23
31-10-1990,95.96
01-11-1990,NaN
02-11-1990,96.48
03-11-1990,NaN
04-11-1990,NaN
05-11-1990,97.45
06-11-1990,98.35
07-11-1990,98.3
08-11-1990,97.71
09-11-1990,98.05
10-11-1990,NaN
11-11-1990,NaN
12-11-1990,98.34
13-11-1990,99.19
14-11-1990,100.77
15-11-1990,102.86
16-11-1990,103.15
17-11-1990,NaN
18-11-1990,NaN
19-11-1990,104.04
20-11-1990,105.33
21-11-1990,107.78
22-11-1990,109.92
23-11-1990,110.25
24-11-1990,NaN
25-11-1990,NaN
26-11-1990,109.62
27-11-1990,110.53
28-11-1990,112.55
29-11-1990,115.72
30-11-1990,115.89
01-12-1990,NaN
02-12-1990,NaN
03-12-1990,117.6
04-12-1990,121.82
05-12-1990,126.5
06-12-1990,126.52
07-12-1990,122.89
08-12-1990,NaN
09-12-1990,NaN
10-12-1990,124.74
11-12-1990,125.38
12-12-1990,125.64
13-12-1990,126.51
14-12-1990,127.24
15-12-1990,NaN
16-12-1990,NaN
17-12-1990,128.03
18-12-1990,130.27
19-12-1990,132.5
20-12-1990,132.92
21-12-1990,131.93
22-12-1990,NaN
23-12-1990,NaN
24-12-1990,131.19
25-12-1990,NaN
26-12-1990,130.14
27-12-1990,130.25
28-12-1990,130.43
29-12-1990,NaN
30-12-1990,NaN
31-12-1990,NaN
01-01-1991,NaN
02-01-1991,130.49
03-01-1991,131.76
04-01-1991,136.99
05-01-1991,NaN
06-01-1991,NaN
07-01-1991,132.19
08-01-1991,131.6
09-01-1991,132.25
10-01-1991,131.18
11-01-1991,130.57
12-01-1991,NaN
13-01-1991,NaN
14-01-1991,126.74
15-01-1991,127.24
16-01-1991,127.91
17-01-1991,134.51
18-01-1991,134.03
19-01-1991,NaN
20-01-1991,NaN
21-01-1991,134.85
22-01-1991,136.35
23-01-1991,139.3
24-01-1991,142.07
25-01-1991,147.49
26-01-1991,NaN
27-01-1991,NaN
28-01-1991,150.04
29-01-1991,154.27
30-01-1991,157.01
31-01-1991,155.17
01-02-1991,152.83
02-02-1991,NaN
03-02-1991,NaN
04-02-1991,156.54
05-02-1991,160.22
06-02-1991,168.15
07-02-1991,173.34
08-02-1991,172.06
09-02-1991,NaN
10-02-1991,NaN
11-02-1991,171.29
12-02-1991,173
13-02-1991,176.23
14-02-1991,184.38
15-02-1991,185.7
16-02-1991,NaN
17-02-1991,NaN
18-02-1991,186.29
19-02-1991,186.47
20-02-1991,185.22
21-02-1991,180.9
22-02-1991,176.4
23-02-1991,NaN
24-02-1991,NaN
25-02-1991,175.61
26-02-1991,179.79
27-02-1991,183.82
28-02-1991,186.47
01-03-1991,184.21
02-03-1991,NaN
03-03-1991,NaN
04-03-1991,180.85
05-03-1991,184.23
06-03-1991,186.5
07-03-1991,186.89
08-03-1991,185.84
09-03-1991,NaN
10-03-1991,NaN
11-03-1991,185.05
12-03-1991,184.02
13-03-1991,181.78
14-03-1991,182.23
15-03-1991,183.41
16-03-1991,NaN
17-03-1991,NaN
18-03-1991,186.11
19-03-1991,191.43
20-03-1991,191.54
21-03-1991,191.15
22-03-1991,191.09
23-03-1991,NaN
24-03-1991,NaN
25-03-1991,191.49
26-03-1991,193.31
27-03-1991,197.54
28-03-1991,202.15
29-03-1991,NaN
30-03-1991,NaN
31-03-1991,NaN
01-04-1991,212.5
02-04-1991,214.07
03-04-1991,220.26
04-04-1991,226.42
05-04-1991,222.05
06-04-1991,NaN
07-04-1991,NaN
08-04-1991,222.52
09-04-1991,223.49
10-04-1991,219.64
11-04-1991,212.23
12-04-1991,215.54
13-04-1991,NaN
14-04-1991,NaN
15-04-1991,215.56
16-04-1991,211.04
17-04-1991,207.01
18-04-1991,207.33
19-04-1991,204.26
20-04-1991,NaN
21-04-1991,NaN
22-04-1991,205.51
23-04-1991,204.73
24-04-1991,203.65
25-04-1991,198.01
26-04-1991,197.05
27-04-1991,NaN
28-04-1991,NaN
29-04-1991,201.77
30-04-1991,207.46
01-05-1991,NaN
02-05-1991,201.13
03-05-1991,203.49
04-05-1991,NaN
05-05-1991,NaN
06-05-1991,206.7
07-05-1991,208.92
08-05-1991,211.5
09-05-1991,211.55
10-05-1991,211.7
11-05-1991,NaN
12-05-1991,NaN
13-05-1991,210.95
14-05-1991,209.36
15-05-1991,211.45
16-05-1991,215.74
17-05-1991,217.67
18-05-1991,NaN
19-05-1991,NaN
20-05-1991,218.11
21-05-1991,NaN
22-05-1991,214.67
23-05-1991,216.8
24-05-1991,219.09
25-05-1991,NaN
26-05-1991,NaN
27-05-1991,217.88
28-05-1991,216.47
29-05-1991,217.76
30-05-1991,NaN
31-05-1991,218.99
01-06-1991,NaN
02-06-1991,NaN
03-06-1991,221.09
04-06-1991,221.82
05-06-1991,222.38
06-06-1991,225.91
07-06-1991,230.63
08-06-1991,NaN
09-06-1991,NaN
10-06-1991,230.88
11-06-1991,232.07
12-06-1991,236.36
13-06-1991,239.99
14-06-1991,243.45
15-06-1991,NaN
16-06-1991,NaN
17-06-1991,250.3
18-06-1991,249.41
19-06-1991,246.85
20-06-1991,248.33
21-06-1991,249.35
22-06-1991,NaN
23-06-1991,NaN
24-06-1991,248.2
25-06-1991,248.11
26-06-1991,250.42
27-06-1991,257.83
28-06-1991,259.97
29-06-1991,NaN
30-06-1991,NaN
01-07-1991,260.81
02-07-1991,269.03
03-07-1991,272.23
04-07-1991,270.87
05-07-1991,275.85
06-07-1991,NaN
07-07-1991,NaN
08-07-1991,284.16
09-07-1991,292.73
10-07-1991,286.86
11-07-1991,283.52
12-07-1991,283.82
13-07-1991,NaN
14-07-1991,NaN
15-07-1991,284.26
16-07-1991,280.27
17-07-1991,281.07
18-07-1991,286.42
19-07-1991,294.53
20-07-1991,NaN
21-07-1991,NaN
22-07-1991,298.01
23-07-1991,295.83
24-07-1991,295.35
25-07-1991,297.45
26-07-1991,298.55
27-07-1991,NaN
28-07-1991,NaN
29-07-1991,300.36
30-07-1991,299.37
31-07-1991,296.77
01-08-1991,299.69
02-08-1991,305.51
03-08-1991,NaN
04-08-1991,NaN
05-08-1991,313.52
06-08-1991,315.58
07-08-1991,317.94
08-08-1991,321.42
09-08-1991,323.59
10-08-1991,NaN
11-08-1991,NaN
12-08-1991,319.48
13-08-1991,319.64
14-08-1991,321.11
15-08-1991,NaN
16-08-1991,323.61
17-08-1991,NaN
18-08-1991,NaN
19-08-1991,315.75
20-08-1991,319.22
21-08-1991,325.15
22-08-1991,327.08
23-08-1991,325.4
24-08-1991,NaN
25-08-1991,NaN
26-08-1991,320.48
27-08-1991,317.64
28-08-1991,319.41
29-08-1991,326.64
30-08-1991,333.75
31-08-1991,NaN
01-09-1991,NaN
02-09-1991,341.42
03-09-1991,353.73
04-09-1991,358.83
05-09-1991,355.8
06-09-1991,363.55
07-09-1991,NaN
08-09-1991,NaN
09-09-1991,373.79
10-09-1991,377.77
11-09-1991,NaN
12-09-1991,371.19
13-09-1991,373.19
14-09-1991,NaN
15-09-1991,NaN
16-09-1991,361.87
17-09-1991,371.87
18-09-1991,NaN
19-09-1991,NaN
20-09-1991,380.17
21-09-1991,NaN
22-09-1991,NaN
23-09-1991,376.69
24-09-1991,372.03
25-09-1991,374.96
26-09-1991,379.07
27-09-1991,381.69
28-09-1991,NaN
29-09-1991,NaN
30-09-1991,384.11
01-10-1991,389.65
02-10-1991,400.84
03-10-1991,406.91
04-10-1991,423.38
05-10-1991,NaN
06-10-1991,NaN
07-10-1991,435.76
08-10-1991,445.94
09-10-1991,438.82
10-10-1991,438.36
11-10-1991,434.88
12-10-1991,NaN
13-10-1991,NaN
14-10-1991,417.31
15-10-1991,405.08
16-10-1991,412.32
17-10-1991,416.69
18-10-1991,403.94
19-10-1991,NaN
20-10-1991,NaN
21-10-1991,389.34
22-10-1991,393.5
23-10-1991,374.09
24-10-1991,352.75
25-10-1991,374.36
26-10-1991,NaN
27-10-1991,NaN
28-10-1991,376.35
29-10-1991,372.84
30-10-1991,368.29
31-10-1991,361.97
01-11-1991,NaN
02-11-1991,NaN
03-11-1991,NaN
04-11-1991,347.65
05-11-1991,346.15
06-11-1991,354.04
07-11-1991,359.23
08-11-1991,364.31
09-11-1991,NaN
10-11-1991,NaN
11-11-1991,358.36
12-11-1991,352.27
13-11-1991,351.37
14-11-1991,350.85
15-11-1991,346.77
16-11-1991,NaN
17-11-1991,NaN
18-11-1991,340.75
19-11-1991,332.52
20-11-1991,336.88
21-11-1991,347.04
22-11-1991,352.65
23-11-1991,NaN
24-11-1991,NaN
25-11-1991,354.3
26-11-1991,355.33
27-11-1991,353.6
28-11-1991,350.67
29-11-1991,347.81
30-11-1991,NaN
01-12-1991,NaN
02-12-1991,339.77
03-12-1991,343.99
04-12-1991,342.93
05-12-1991,337.26
06-12-1991,334.65
07-12-1991,NaN
08-12-1991,NaN
09-12-1991,328.4
10-12-1991,322.92
11-12-1991,329.46
12-12-1991,341.44
13-12-1991,344.52
14-12-1991,NaN
15-12-1991,NaN
16-12-1991,350.09
17-12-1991,351.96
18-12-1991,351.02
19-12-1991,346.07
20-12-1991,346.1
21-12-1991,NaN
22-12-1991,NaN
23-12-1991,347.26
24-12-1991,348.04
25-12-1991,NaN
26-12-1991,348.25
27-12-1991,348.07
28-12-1991,NaN
29-12-1991,NaN
30-12-1991,347.17
31-12-1991,NaN
01-01-1992,NaN
02-01-1992,347.45
03-01-1992,349.36
04-01-1992,NaN
05-01-1992,NaN
06-01-1992,350.29
07-01-1992,348.38
08-01-1992,346.51
09-01-1992,345.75
10-01-1992,343.56
11-01-1992,NaN
12-01-1992,NaN
13-01-1992,342.69
14-01-1992,337.24
15-01-1992,328.91
16-01-1992,329.85
17-01-1992,329.98
18-01-1992,NaN
19-01-1992,NaN
20-01-1992,322.8
21-01-1992,319.36
22-01-1992,317.73
23-01-1992,321.72
24-01-1992,328.63
25-01-1992,NaN
26-01-1992,NaN
27-01-1992,335.78
28-01-1992,340.78
29-01-1992,338.35
30-01-1992,335.5
31-01-1992,337.59
01-02-1992,NaN
02-02-1992,NaN
03-02-1992,338.11
04-02-1992,337.52
05-02-1992,338.42
06-02-1992,340.09
07-02-1992,340.82
08-02-1992,NaN
09-02-1992,NaN
10-02-1992,342.21
11-02-1992,345.36
12-02-1992,352.86
13-02-1992,368.76
14-02-1992,375.85
15-02-1992,NaN
16-02-1992,NaN
17-02-1992,369.98
18-02-1992,367.93
19-02-1992,373.14
20-02-1992,379.6
21-02-1992,382.41
22-02-1992,NaN
23-02-1992,NaN
24-02-1992,381.12
25-02-1992,378.87
26-02-1992,385.71
27-02-1992,388.41
28-02-1992,393.31
29-02-1992,NaN
01-03-1992,NaN
02-03-1992,395.57
03-03-1992,401.22
04-03-1992,406.95
05-03-1992,402.4
06-03-1992,405.04
07-03-1992,NaN
08-03-1992,NaN
09-03-1992,410.18
10-03-1992,411.78
11-03-1992,407.44
12-03-1992,408.58
13-03-1992,415.67
14-03-1992,NaN
15-03-1992,NaN
16-03-1992,420.87
17-03-1992,425.73
18-03-1992,425.56
19-03-1992,419
20-03-1992,421.88
21-03-1992,NaN
22-03-1992,NaN
23-03-1992,426.36
24-03-1992,429.41
25-03-1992,430.53
26-03-1992,437.4
27-03-1992,437.61
28-03-1992,NaN
29-03-1992,NaN
30-03-1992,434
31-03-1992,431.15
01-04-1992,435.98
02-04-1992,442.43
03-04-1992,443.47
04-04-1992,NaN
05-04-1992,NaN
06-04-1992,439.76
07-04-1992,436.5
08-04-1992,419.66
09-04-1992,430.18
10-04-1992,427.85
11-04-1992,NaN
12-04-1992,NaN
13-04-1992,428.03
14-04-1992,424.66
15-04-1992,419.59
16-04-1992,421.12
17-04-1992,NaN
18-04-1992,NaN
19-04-1992,NaN
20-04-1992,426.64
21-04-1992,425.6
22-04-1992,NaN
23-04-1992,428.96
24-04-1992,428.55
25-04-1992,NaN
26-04-1992,NaN
27-04-1992,425.77
28-04-1992,425.91
29-04-1992,430.39
30-04-1992,434.03
01-05-1992,NaN
02-05-1992,NaN
03-05-1992,NaN
04-05-1992,437.19
05-05-1992,436.81
06-05-1992,435.42
07-05-1992,431.84
08-05-1992,435.52
09-05-1992,NaN
10-05-1992,NaN
11-05-1992,437.12
12-05-1992,446.63
13-05-1992,447.19
14-05-1992,450.49
15-05-1992,451.32
16-05-1992,NaN
17-05-1992,NaN
18-05-1992,452.05
19-05-1992,453.2
20-05-1992,452.47
21-05-1992,NaN
22-05-1992,452.29
23-05-1992,NaN
24-05-1992,NaN
25-05-1992,448.16
26-05-1992,442.05
27-05-1992,438.02
28-05-1992,435.56
29-05-1992,437.68
30-05-1992,NaN
31-05-1992,NaN
01-06-1992,439.2
02-06-1992,436.67
03-06-1992,438.34
04-06-1992,442.57
05-06-1992,443.79
06-06-1992,NaN
07-06-1992,NaN
08-06-1992,444.97
09-06-1992,449.58
10-06-1992,457.6
11-06-1992,460.42
12-06-1992,462.74
13-06-1992,NaN
14-06-1992,NaN
15-06-1992,459.51
16-06-1992,462.6
17-06-1992,460.49
18-06-1992,NaN
19-06-1992,460
20-06-1992,NaN
21-06-1992,NaN
22-06-1992,456.46
23-06-1992,449.58
24-06-1992,452.67
25-06-1992,457.6
26-06-1992,458.58
27-06-1992,NaN
28-06-1992,NaN
29-06-1992,NaN
30-06-1992,457.15
01-07-1992,458.23
02-07-1992,459.79
03-07-1992,462.5
04-07-1992,NaN
05-07-1992,NaN
06-07-1992,460.69
07-07-1992,459.62
08-07-1992,458.58
09-07-1992,458.33
10-07-1992,460.56
11-07-1992,NaN
12-07-1992,NaN
13-07-1992,457.88
14-07-1992,456.46
15-07-1992,456.22
16-07-1992,457.6
17-07-1992,464.96
18-07-1992,NaN
19-07-1992,NaN
20-07-1992,462.5
21-07-1992,459.58
22-07-1992,461.87
23-07-1992,463.75
24-07-1992,464.27
25-07-1992,NaN
26-07-1992,NaN
27-07-1992,460.76
28-07-1992,463.96
29-07-1992,466.6
30-07-1992,464.51
31-07-1992,467.85
01-08-1992,NaN
02-08-1992,NaN
03-08-1992,464.17
04-08-1992,456.42
05-08-1992,459.06
06-08-1992,459.58
07-08-1992,456.15
08-08-1992,NaN
09-08-1992,NaN
10-08-1992,453.47
11-08-1992,450.07
12-08-1992,446.01
13-08-1992,443.51
14-08-1992,443.86
15-08-1992,NaN
16-08-1992,NaN
17-08-1992,436.91
18-08-1992,437.26
19-08-1992,431.64
20-08-1992,423.69
21-08-1992,426.39
22-08-1992,NaN
23-08-1992,NaN
24-08-1992,438.06
25-08-1992,450.7
26-08-1992,446.11
27-08-1992,446.95
28-08-1992,445.35
29-08-1992,NaN
30-08-1992,NaN
31-08-1992,437.95
01-09-1992,431.84
02-09-1992,434.27
03-09-1992,438.61
04-09-1992,441.25
05-09-1992,NaN
06-09-1992,NaN
07-09-1992,437.19
08-09-1992,441.08
09-09-1992,439.03
10-09-1992,439.1
11-09-1992,NaN
12-09-1992,NaN
13-09-1992,NaN
14-09-1992,432.82
15-09-1992,427.47
16-09-1992,430.35
17-09-1992,430.8
18-09-1992,NaN
19-09-1992,NaN
20-09-1992,NaN
21-09-1992,429.07
22-09-1992,422.23
23-09-1992,418.06
24-09-1992,420.32
25-09-1992,419.87
26-09-1992,NaN
27-09-1992,NaN
28-09-1992,415.15
29-09-1992,400.01
30-09-1992,401.78
01-10-1992,390.08
02-10-1992,397.72
03-10-1992,NaN
04-10-1992,NaN
05-10-1992,396.95
06-10-1992,389.8
07-10-1992,402.33
08-10-1992,413.48
09-10-1992,423.69
10-10-1992,NaN
11-10-1992,NaN
12-10-1992,NaN
13-10-1992,422.3
14-10-1992,422.26
15-10-1992,415.94
16-10-1992,415.15
17-10-1992,NaN
18-10-1992,NaN
19-10-1992,413.79
20-10-1992,416.85
21-10-1992,414.59
22-10-1992,415.56
23-10-1992,419.1
24-10-1992,NaN
25-10-1992,NaN
26-10-1992,423.27
27-10-1992,423.3
28-10-1992,426.01
29-10-1992,433.16
30-10-1992,439.79
31-10-1992,NaN
01-11-1992,NaN
02-11-1992,429.69
03-11-1992,431.08
04-11-1992,432.37
05-11-1992,435.49
06-11-1992,435.49
07-11-1992,NaN
08-11-1992,NaN
09-11-1992,432.92
10-11-1992,429.93
11-11-1992,428.55
12-11-1992,429.21
13-11-1992,426.74
14-11-1992,NaN
15-11-1992,NaN
16-11-1992,421.39
17-11-1992,415.35
18-11-1992,413.03
19-11-1992,416.33
20-11-1992,416.4
21-11-1992,NaN
22-11-1992,NaN
23-11-1992,414.59
24-11-1992,414.94
25-11-1992,415.53
26-11-1992,413.55
27-11-1992,412.85
28-11-1992,NaN
29-11-1992,NaN
30-11-1992,408.62
01-12-1992,409.17
02-12-1992,410.53
03-12-1992,413.72
04-12-1992,415.28
05-12-1992,NaN
06-12-1992,NaN
07-12-1992,416.05
08-12-1992,NaN
09-12-1992,413.83
10-12-1992,410.32
11-12-1992,408.65
12-12-1992,NaN
13-12-1992,NaN
14-12-1992,408.48
15-12-1992,407.82
16-12-1992,407.65
17-12-1992,404.63
18-12-1992,407.79
19-12-1992,NaN
20-12-1992,NaN
21-12-1992,411.36
22-12-1992,418.24
23-12-1992,423.03
24-12-1992,423.79
25-12-1992,NaN
26-12-1992,NaN
27-12-1992,NaN
28-12-1992,420.77
29-12-1992,418.37
30-12-1992,420.77
31-12-1992,NaN
01-01-1993,NaN
02-01-1993,NaN
03-01-1993,NaN
04-01-1993,418.2
05-01-1993,418.83
06-01-1993,418.12
07-01-1993,416.77
08-01-1993,416.6
09-01-1993,NaN
10-01-1993,NaN
11-01-1993,415.85
12-01-1993,419.97
13-01-1993,429.52
14-01-1993,438.23
15-01-1993,445.76
16-01-1993,NaN
17-01-1993,NaN
18-01-1993,443.2
19-01-1993,439.75
20-01-1993,442.61
21-01-1993,445.26
22-01-1993,447.24
23-01-1993,NaN
24-01-1993,NaN
25-01-1993,459.06
26-01-1993,474.5
27-01-1993,486.7
28-01-1993,476.65
29-01-1993,469.92
30-01-1993,NaN
31-01-1993,NaN
01-02-1993,463.69
02-02-1993,471.01
03-02-1993,474.84
04-02-1993,475.51
05-02-1993,470.84
06-02-1993,NaN
07-02-1993,NaN
08-02-1993,470.25
09-02-1993,469.37
10-02-1993,467.35
11-02-1993,464.49
12-02-1993,465.79
13-02-1993,NaN
14-02-1993,NaN
15-02-1993,462.89
16-02-1993,462.13
17-02-1993,462.34
18-02-1993,464.28
19-02-1993,467.52
20-02-1993,NaN
21-02-1993,NaN
22-02-1993,467.1
23-02-1993,470.29
24-02-1993,468.7
25-02-1993,466.63
26-02-1993,460.49
27-02-1993,NaN
28-02-1993,NaN
01-03-1993,457
02-03-1993,457.59
03-03-1993,456.32
04-03-1993,462.09
05-03-1993,462.05
06-03-1993,NaN
07-03-1993,NaN
08-03-1993,459.14
09-03-1993,455.53
10-03-1993,450.18
11-03-1993,450.43
12-03-1993,456.45
13-03-1993,NaN
14-03-1993,NaN
15-03-1993,457.08
16-03-1993,459.1
17-03-1993,456.83
18-03-1993,457.67
19-03-1993,462.89
20-03-1993,NaN
21-03-1993,NaN
22-03-1993,462.85
23-03-1993,461.58
24-03-1993,462.22
25-03-1993,461.08
26-03-1993,456.87
27-03-1993,NaN
28-03-1993,NaN
29-03-1993,453.55
30-03-1993,452.03
31-03-1993,450.6
01-04-1993,453.17
02-04-1993,453.17
03-04-1993,NaN
04-04-1993,NaN
05-04-1993,452.71
06-04-1993,453.55
07-04-1993,451.82
08-04-1993,450.06
09-04-1993,NaN
10-04-1993,NaN
11-04-1993,NaN
12-04-1993,444.21
13-04-1993,446.98
14-04-1993,446.56
15-04-1993,443.62
16-04-1993,436.67
17-04-1993,NaN
18-04-1993,NaN
19-04-1993,426.07
20-04-1993,430.49
21-04-1993,437.47
22-04-1993,442.61
23-04-1993,435.79
24-04-1993,NaN
25-04-1993,NaN
26-04-1993,431.63
27-04-1993,427.67
28-04-1993,423.46
29-04-1993,421.44
30-04-1993,425.52
01-05-1993,NaN
02-05-1993,NaN
03-05-1993,420.39
04-05-1993,421.86
05-05-1993,422.24
06-05-1993,421.06
07-05-1993,417.53
08-05-1993,NaN
09-05-1993,NaN
10-05-1993,413.57
11-05-1993,414.71
12-05-1993,416.23
13-05-1993,423.21
14-05-1993,424.89
15-05-1993,NaN
16-05-1993,NaN
17-05-1993,424.01
18-05-1993,427.21
19-05-1993,428.05
20-05-1993,434.36
21-05-1993,NaN
22-05-1993,NaN
23-05-1993,NaN
24-05-1993,436.76
25-05-1993,438.69
26-05-1993,434.57
27-05-1993,433.98
28-05-1993,432.76
29-05-1993,NaN
30-05-1993,NaN
31-05-1993,431.88
01-06-1993,430.19
02-06-1993,430.15
03-06-1993,431.42
04-06-1993,435.75
05-06-1993,NaN
06-06-1993,NaN
07-06-1993,437.68
08-06-1993,443.74
09-06-1993,449.05
10-06-1993,NaN
11-06-1993,449.68
12-06-1993,NaN
13-06-1993,NaN
14-06-1993,451.95
15-06-1993,452.16
16-06-1993,459.69
17-06-1993,466.55
18-06-1993,462.64
19-06-1993,NaN
20-06-1993,NaN
21-06-1993,459.35
22-06-1993,466.3
23-06-1993,466.76
24-06-1993,465.46
25-06-1993,467.01
26-06-1993,NaN
27-06-1993,NaN
28-06-1993,467.94
29-06-1993,NaN
30-06-1993,474.5
01-07-1993,478.16
02-07-1993,480.35
03-07-1993,NaN
04-07-1993,NaN
05-07-1993,489.48
06-07-1993,491.29
07-07-1993,486.2
08-07-1993,482.79
09-07-1993,483.21
10-07-1993,NaN
11-07-1993,NaN
12-07-1993,485.32
13-07-1993,482.79
14-07-1993,480.14
15-07-1993,477.19
16-07-1993,483.38
17-07-1993,NaN
18-07-1993,NaN
19-07-1993,484.22
20-07-1993,484.26
21-07-1993,481.07
22-07-1993,482.16
23-07-1993,480.86
24-07-1993,NaN
25-07-1993,NaN
26-07-1993,480.31
27-07-1993,481.23
28-07-1993,477.95
29-07-1993,478.92
30-07-1993,482.29
31-07-1993,NaN
01-08-1993,NaN
02-08-1993,485.82
03-08-1993,491.71
04-08-1993,500.04
05-08-1993,498.91
06-08-1993,501.52
07-08-1993,NaN
08-08-1993,NaN
09-08-1993,498.65
10-08-1993,492.76
11-08-1993,492.51
12-08-1993,494.99
13-08-1993,496.34
14-08-1993,NaN
15-08-1993,NaN
16-08-1993,499.41
17-08-1993,502.69
18-08-1993,502.36
19-08-1993,501.14
20-08-1993,507.15
21-08-1993,NaN
22-08-1993,NaN
23-08-1993,508.14
24-08-1993,506.1
25-08-1993,507.69
26-08-1993,512.19
27-08-1993,513.43
28-08-1993,NaN
29-08-1993,NaN
30-08-1993,511.32
31-08-1993,512.07
01-09-1993,513.89
02-09-1993,516.27
03-09-1993,517.54
04-09-1993,NaN
05-09-1993,NaN
06-09-1993,517.37
07-09-1993,518.56
08-09-1993,519.53
09-09-1993,517.22
10-09-1993,515.67
11-09-1993,NaN
12-09-1993,NaN
13-09-1993,514.62
14-09-1993,514.85
15-09-1993,515.64
16-09-1993,518.72
17-09-1993,519.67
18-09-1993,NaN
19-09-1993,NaN
20-09-1993,519.5
21-09-1993,519.1
22-09-1993,518.83
23-09-1993,521.4
24-09-1993,528.12
25-09-1993,NaN
26-09-1993,NaN
27-09-1993,533.59
28-09-1993,536.54
29-09-1993,536.5
30-09-1993,534.19
01-10-1993,537.08
02-10-1993,NaN
03-10-1993,NaN
04-10-1993,538.02
05-10-1993,541.25
06-10-1993,546.05
07-10-1993,548.73
08-10-1993,555.74
09-10-1993,NaN
10-10-1993,NaN
11-10-1993,557.12
12-10-1993,NaN
13-10-1993,561.97
14-10-1993,559.92
15-10-1993,559.38
16-10-1993,NaN
17-10-1993,NaN
18-10-1993,560.61
19-10-1993,558.38
20-10-1993,567.92
21-10-1993,567.51
22-10-1993,567.65
23-10-1993,NaN
24-10-1993,NaN
25-10-1993,563.51
26-10-1993,557.7
27-10-1993,556.71
28-10-1993,557.18
29-10-1993,560.2
30-10-1993,NaN
31-10-1993,NaN
01-11-1993,NaN
02-11-1993,565.73
03-11-1993,564.95
04-11-1993,558.87
05-11-1993,550.65
06-11-1993,NaN
07-11-1993,NaN
08-11-1993,548.07
09-11-1993,553.18
10-11-1993,564.37
11-11-1993,560.01
12-11-1993,565.75
13-11-1993,NaN
14-11-1993,NaN
15-11-1993,574.96
16-11-1993,580.06
17-11-1993,585.21
18-11-1993,590.34
19-11-1993,591.17
20-11-1993,NaN
21-11-1993,NaN
22-11-1993,589.72
23-11-1993,587.44
24-11-1993,587.57
25-11-1993,592.67
26-11-1993,598.34
27-11-1993,NaN
28-11-1993,NaN
29-11-1993,599.85
30-11-1993,596.88
01-12-1993,595.45
02-12-1993,597.55
03-12-1993,599.64
04-12-1993,NaN
05-12-1993,NaN
06-12-1993,597.69
07-12-1993,598.52
08-12-1993,NaN
09-12-1993,604.79
10-12-1993,613.87
11-12-1993,NaN
12-12-1993,NaN
13-12-1993,629.35
14-12-1993,633.97
15-12-1993,639.71
16-12-1993,656.24
17-12-1993,649.14
18-12-1993,NaN
19-12-1993,NaN
20-12-1993,653
21-12-1993,663.74
22-12-1993,678.67
23-12-1993,688.92
24-12-1993,694.02
25-12-1993,NaN
26-12-1993,NaN
27-12-1993,704.17
28-12-1993,716.47
29-12-1993,706.91
30-12-1993,709.97
31-12-1993,NaN
01-01-1994,NaN
02-01-1994,NaN
03-01-1994,736.83
04-01-1994,745.83
05-01-1994,761.5
06-01-1994,765.45
07-01-1994,757.25
08-01-1994,NaN
09-01-1994,NaN
10-01-1994,764.36
11-01-1994,774.82
12-01-1994,786.09
13-01-1994,769.81
14-01-1994,773.96
15-01-1994,NaN
16-01-1994,NaN
17-01-1994,783.49
18-01-1994,791.98
19-01-1994,803.72
20-01-1994,806.34
21-01-1994,815.67
22-01-1994,NaN
23-01-1994,NaN
24-01-1994,811.51
25-01-1994,798.79
26-01-1994,803.54
27-01-1994,814.17
28-01-1994,819.97
29-01-1994,NaN
30-01-1994,NaN
31-01-1994,838.51
01-02-1994,866.65
02-02-1994,902.23
03-02-1994,894.9
04-02-1994,905.34
05-02-1994,NaN
06-02-1994,NaN
07-02-1994,885.63
08-02-1994,891.66
09-02-1994,878.75
10-02-1994,851.41
11-02-1994,838.52
12-02-1994,NaN
13-02-1994,NaN
14-02-1994,838.03
15-02-1994,846.51
16-02-1994,853.78
17-02-1994,870.07
18-02-1994,856.4
19-02-1994,NaN
20-02-1994,NaN
21-02-1994,863.24
22-02-1994,856.21
23-02-1994,861.54
24-02-1994,834.03
25-02-1994,823.67
26-02-1994,NaN
27-02-1994,NaN
28-02-1994,827.29
01-03-1994,807.51
02-03-1994,782.67
03-03-1994,798.03
04-03-1994,794.42
05-03-1994,NaN
06-03-1994,NaN
07-03-1994,794.83
08-03-1994,800.08
09-03-1994,811.69
10-03-1994,823.25
11-03-1994,814.95
12-03-1994,NaN
13-03-1994,NaN
14-03-1994,818.22
15-03-1994,806.43
16-03-1994,800.96
17-03-1994,803.21
18-03-1994,777.53
19-03-1994,NaN
20-03-1994,NaN
21-03-1994,756.38
22-03-1994,778.94
23-03-1994,777.84
24-03-1994,763.73
25-03-1994,770.08
26-03-1994,NaN
27-03-1994,NaN
28-03-1994,758.12
29-03-1994,747.56
30-03-1994,733.01
31-03-1994,728.81
01-04-1994,NaN
02-04-1994,NaN
03-04-1994,NaN
04-04-1994,695.93
05-04-1994,723.76
06-04-1994,738.45
07-04-1994,762.18
08-04-1994,758.63
09-04-1994,NaN
10-04-1994,NaN
11-04-1994,752.41
12-04-1994,745.11
13-04-1994,748.59
14-04-1994,752.26
15-04-1994,767.43
16-04-1994,NaN
17-04-1994,NaN
18-04-1994,772.95
19-04-1994,765.34
20-04-1994,757.06
21-04-1994,763.11
22-04-1994,767.72
23-04-1994,NaN
24-04-1994,NaN
25-04-1994,779.64
26-04-1994,794.36
27-04-1994,815.09
28-04-1994,806.47
29-04-1994,799.94
30-04-1994,NaN
01-05-1994,NaN
02-05-1994,796.5
03-05-1994,791.24
04-05-1994,792.93
05-05-1994,793.3
06-05-1994,785.23
07-05-1994,NaN
08-05-1994,NaN
09-05-1994,774.99
10-05-1994,778.62
11-05-1994,781.56
12-05-1994,788.35
13-05-1994,793.57
14-05-1994,NaN
15-05-1994,NaN
16-05-1994,798.53
17-05-1994,803.41
18-05-1994,818.32
19-05-1994,833.66
20-05-1994,840.85
21-05-1994,NaN
22-05-1994,NaN
23-05-1994,837.53
24-05-1994,843.83
25-05-1994,856.14
26-05-1994,866.07
27-05-1994,859.49
28-05-1994,NaN
29-05-1994,NaN
30-05-1994,864.59
31-05-1994,872.82
01-06-1994,883.97
02-06-1994,NaN
03-06-1994,893.52
04-06-1994,NaN
05-06-1994,NaN
06-06-1994,902.91
07-06-1994,906.42
08-06-1994,895.35
09-06-1994,889.3
10-06-1994,889.7
11-06-1994,NaN
12-06-1994,NaN
13-06-1994,891.77
14-06-1994,898.98
15-06-1994,898.65
16-06-1994,897.16
17-06-1994,885.49
18-06-1994,NaN
19-06-1994,NaN
20-06-1994,877.36
21-06-1994,861.43
22-06-1994,869.33
23-06-1994,869.37
24-06-1994,860.28
25-06-1994,NaN
26-06-1994,NaN
27-06-1994,861.11
28-06-1994,853.89
29-06-1994,NaN
30-06-1994,838.55
01-07-1994,853.23
02-07-1994,NaN
03-07-1994,NaN
04-07-1994,848.68
05-07-1994,846.02
06-07-1994,840.67
07-07-1994,847.26
08-07-1994,841.73
09-07-1994,NaN
10-07-1994,NaN
11-07-1994,830.18
12-07-1994,837.28
13-07-1994,849.8
14-07-1994,860.34
15-07-1994,857.15
16-07-1994,NaN
17-07-1994,NaN
18-07-1994,858.57
19-07-1994,853.11
20-07-1994,840.31
21-07-1994,840.16
22-07-1994,825.09
23-07-1994,NaN
24-07-1994,NaN
25-07-1994,830.91
26-07-1994,829.02
27-07-1994,827.7
28-07-1994,828.92
29-07-1994,843.1
30-07-1994,NaN
31-07-1994,NaN
01-08-1994,848.66
02-08-1994,869.4
03-08-1994,883.75
04-08-1994,879.41
05-08-1994,874.7
06-08-1994,NaN
07-08-1994,NaN
08-08-1994,878.75
09-08-1994,877.29
10-08-1994,875.38
11-08-1994,872.67
12-08-1994,873.01
13-08-1994,NaN
14-08-1994,NaN
15-08-1994,NaN
16-08-1994,876.06
17-08-1994,886.2
18-08-1994,886.2
19-08-1994,893.9
20-08-1994,NaN
21-08-1994,NaN
22-08-1994,905.98
23-08-1994,908.93
24-08-1994,912.35
25-08-1994,924.51
26-08-1994,934.23
27-08-1994,NaN
28-08-1994,NaN
29-08-1994,941.37
30-08-1994,935.6
31-08-1994,941.53
01-09-1994,931.34
02-09-1994,922.91
03-09-1994,NaN
04-09-1994,NaN
05-09-1994,915.73
06-09-1994,909.89
07-09-1994,918.81
08-09-1994,935.09
09-09-1994,926.34
10-09-1994,NaN
11-09-1994,NaN
12-09-1994,921.24
13-09-1994,920.77
14-09-1994,926.56
15-09-1994,933.62
16-09-1994,948.85
17-09-1994,NaN
18-09-1994,NaN
19-09-1994,NaN
20-09-1994,945.24
21-09-1994,948.56
22-09-1994,949.3
23-09-1994,953.96
24-09-1994,NaN
25-09-1994,NaN
26-09-1994,962.61
27-09-1994,965.84
28-09-1994,972.31
29-09-1994,975.78
30-09-1994,989.02
01-10-1994,NaN
02-10-1994,NaN
03-10-1994,1002.59
04-10-1994,1008.68
05-10-1994,1001
06-10-1994,1008.78
07-10-1994,1028.47
08-10-1994,NaN
09-10-1994,NaN
10-10-1994,1042.24
11-10-1994,1053.83
12-10-1994,NaN
13-10-1994,1078.82
14-10-1994,1083.09
15-10-1994,NaN
16-10-1994,NaN
17-10-1994,1088.84
18-10-1994,1106.44
19-10-1994,1113.11
20-10-1994,1087.19
21-10-1994,1087.71
22-10-1994,NaN
23-10-1994,NaN
24-10-1994,1087.06
25-10-1994,1067.19
26-10-1994,1065.66
27-10-1994,1081.93
28-10-1994,1091.73
29-10-1994,NaN
30-10-1994,NaN
31-10-1994,1095.48
01-11-1994,NaN
02-11-1994,1076.22
03-11-1994,1066.02
04-11-1994,1061.56
05-11-1994,NaN
06-11-1994,NaN
07-11-1994,1056.37
08-11-1994,1071.42
09-11-1994,1079.73
10-11-1994,1082.21
11-11-1994,1068.08
12-11-1994,NaN
13-11-1994,NaN
14-11-1994,1086.05
15-11-1994,1079.95
16-11-1994,1078.47
17-11-1994,1081.4
18-11-1994,1075.48
19-11-1994,NaN
20-11-1994,NaN
21-11-1994,1069.04
22-11-1994,1052.18
23-11-1994,1035.09
24-11-1994,1046.4
25-11-1994,1054.56
26-11-1994,NaN
27-11-1994,NaN
28-11-1994,1061.25
29-11-1994,1074.87
30-11-1994,1069.09
01-12-1994,1047.33
02-12-1994,1033.69
03-12-1994,NaN
04-12-1994,NaN
05-12-1994,1037.01
06-12-1994,1051.12
07-12-1994,1065.15
08-12-1994,NaN
09-12-1994,1057.77
10-12-1994,NaN
11-12-1994,NaN
12-12-1994,1056.64
13-12-1994,1059.58
14-12-1994,1055.29
15-12-1994,1047.22
16-12-1994,1045.24
17-12-1994,NaN
18-12-1994,NaN
19-12-1994,1035.34
20-12-1994,1014.85
21-12-1994,999.67
22-12-1994,994.57
23-12-1994,1024.49
24-12-1994,NaN
25-12-1994,NaN
26-12-1994,1033.73
27-12-1994,1010.23
28-12-1994,997.44
29-12-1994,997.79
30-12-1994,1008.92
31-12-1994,NaN
01-01-1995,NaN
02-01-1995,998.88
03-01-1995,1005.65
04-01-1995,991.12
05-01-1995,992.4
06-01-1995,983.53
07-01-1995,NaN
08-01-1995,NaN
09-01-1995,955.55
10-01-1995,906.48
11-01-1995,940.65
12-01-1995,982.99
13-01-1995,1014.47
14-01-1995,NaN
15-01-1995,NaN
16-01-1995,1013.77
17-01-1995,1005.67
18-01-1995,979.85
19-01-1995,958.07
20-01-1995,962.07
21-01-1995,NaN
22-01-1995,NaN
23-01-1995,950.56
24-01-1995,959.01
25-01-1995,960.37
26-01-1995,961.2
27-01-1995,956.31
28-01-1995,NaN
29-01-1995,NaN
30-01-1995,929.9
31-01-1995,960.81
01-02-1995,970.4
02-02-1995,973.22
03-02-1995,982.68
04-02-1995,NaN
05-02-1995,NaN
06-02-1995,966.56
07-02-1995,959.64
08-02-1995,950.39
09-02-1995,938.93
10-02-1995,941.23
11-02-1995,NaN
12-02-1995,NaN
13-02-1995,936.79
14-02-1995,916.56
15-02-1995,910.9
16-02-1995,881.3
17-02-1995,901.73
18-02-1995,NaN
19-02-1995,NaN
20-02-1995,910.26
21-02-1995,909.38
22-02-1995,907.31
23-02-1995,928.5
24-02-1995,947.44
25-02-1995,NaN
26-02-1995,NaN
27-02-1995,933.29
28-02-1995,926.72
01-03-1995,917.72
02-03-1995,891
03-03-1995,884.62
04-03-1995,NaN
05-03-1995,NaN
06-03-1995,856.5
07-03-1995,828.22
08-03-1995,786.95
09-03-1995,751.44
10-03-1995,822.03
11-03-1995,NaN
12-03-1995,NaN
13-03-1995,854.79
14-03-1995,909.18
15-03-1995,889.9
16-03-1995,899.61
17-03-1995,887.37
18-03-1995,NaN
19-03-1995,NaN
20-03-1995,880.63
21-03-1995,885.04
22-03-1995,892.44
23-03-1995,897.79
24-03-1995,935.78
25-03-1995,NaN
26-03-1995,NaN
27-03-1995,926.41
28-03-1995,919.38
29-03-1995,913.05
30-03-1995,917.53
31-03-1995,908.62
01-04-1995,NaN
02-04-1995,NaN
03-04-1995,904.24
04-04-1995,920.2
05-04-1995,943.19
06-04-1995,944.02
07-04-1995,950.84
08-04-1995,NaN
09-04-1995,NaN
10-04-1995,947.64
11-04-1995,946.31
12-04-1995,944.52
13-04-1995,939.99
14-04-1995,NaN
15-04-1995,NaN
16-04-1995,NaN
17-04-1995,938.9
18-04-1995,940.12
19-04-1995,925.08
20-04-1995,932.26
21-04-1995,949.99
22-04-1995,NaN
23-04-1995,NaN
24-04-1995,967.79
25-04-1995,981.4
26-04-1995,981.05
27-04-1995,980.83
28-04-1995,972.34
29-04-1995,NaN
30-04-1995,NaN
01-05-1995,NaN
02-05-1995,966.94
03-05-1995,992.82
04-05-1995,991.55
05-05-1995,1000.15
06-05-1995,NaN
07-05-1995,NaN
08-05-1995,1007.25
09-05-1995,1014.88
10-05-1995,1036.1
11-05-1995,1036.87
12-05-1995,1053.54
13-05-1995,NaN
14-05-1995,NaN
15-05-1995,1041.15
16-05-1995,1021.68
17-05-1995,1040.39
18-05-1995,1061.05
19-05-1995,1050.33
20-05-1995,NaN
21-05-1995,NaN
22-05-1995,1040.5
23-05-1995,1056.04
24-05-1995,1064.5
25-05-1995,1054.57
26-05-1995,1052.02
27-05-1995,NaN
28-05-1995,NaN
29-05-1995,1062.75
30-05-1995,1058.24
31-05-1995,1052.16
01-06-1995,1057.25
02-06-1995,1061.28
03-06-1995,NaN
04-06-1995,NaN
05-06-1995,1076.62
06-06-1995,1084.38
07-06-1995,1070.34
08-06-1995,1058.48
09-06-1995,1058.43
10-06-1995,NaN
11-06-1995,NaN
12-06-1995,1037.03
13-06-1995,1050.77
14-06-1995,1039.3
15-06-1995,NaN
16-06-1995,1037.25
17-06-1995,NaN
18-06-1995,NaN
19-06-1995,1014.46
20-06-1995,1028.47
21-06-1995,1041.24
22-06-1995,1049.51
23-06-1995,1038.34
24-06-1995,NaN
25-06-1995,NaN
26-06-1995,1039.46
27-06-1995,1038.56
28-06-1995,1054.04
29-06-1995,NaN
30-06-1995,1076.52
01-07-1995,NaN
02-07-1995,NaN
03-07-1995,1089.79
04-07-1995,1052.07
05-07-1995,1075.15
06-07-1995,1098.56
07-07-1995,1099.31
08-07-1995,NaN
09-07-1995,NaN
10-07-1995,1116.52
11-07-1995,1126.63
12-07-1995,1119.83
13-07-1995,1101.46
14-07-1995,1102.45
15-07-1995,NaN
16-07-1995,NaN
17-07-1995,1096.25
18-07-1995,1092.67
19-07-1995,1080.64
20-07-1995,1084.39
21-07-1995,1072.35
22-07-1995,NaN
23-07-1995,NaN
24-07-1995,1056.29
25-07-1995,1056.96
26-07-1995,1058.14
27-07-1995,1055.94
28-07-1995,1047.3
29-07-1995,NaN
30-07-1995,NaN
31-07-1995,1032.4
01-08-1995,1034.7
02-08-1995,1044.4
03-08-1995,1043.26
04-08-1995,1040.25
05-08-1995,NaN
06-08-1995,NaN
07-08-1995,1032.91
08-08-1995,1021.65
09-08-1995,1009.05
10-08-1995,1011.79
11-08-1995,997.5
12-08-1995,NaN
13-08-1995,NaN
14-08-1995,968.89
15-08-1995,NaN
16-08-1995,980.04
17-08-1995,1007.87
18-08-1995,1030.72
19-08-1995,NaN
20-08-1995,NaN
21-08-1995,1017.44
22-08-1995,1004.69
23-08-1995,988.79
24-08-1995,978.31
25-08-1995,977.58
26-08-1995,NaN
27-08-1995,NaN
28-08-1995,967.57
29-08-1995,979.97
30-08-1995,988.76
31-08-1995,993.15
01-09-1995,993.78
02-09-1995,NaN
03-09-1995,NaN
04-09-1995,998.7
05-09-1995,991.93
06-09-1995,988.18
07-09-1995,981.48
08-09-1995,973.92
09-09-1995,NaN
10-09-1995,NaN
11-09-1995,NaN
12-09-1995,967.7
13-09-1995,971.2
14-09-1995,973.52
15-09-1995,983.13
16-09-1995,NaN
17-09-1995,NaN
18-09-1995,NaN
19-09-1995,NaN
20-09-1995,981.17
21-09-1995,971.84
22-09-1995,967.29
23-09-1995,NaN
24-09-1995,NaN
25-09-1995,955.86
26-09-1995,935.23
27-09-1995,937.81
28-09-1995,959.64
29-09-1995,969.9
30-09-1995,NaN
01-10-1995,NaN
02-10-1995,966.74
03-10-1995,956.06
04-10-1995,949.45
05-10-1995,960.83
06-10-1995,970.46
07-10-1995,NaN
08-10-1995,NaN
09-10-1995,964.54
10-10-1995,957.85
11-10-1995,971.62
12-10-1995,NaN
13-10-1995,983.26
14-10-1995,NaN
15-10-1995,NaN
16-10-1995,990.55
17-10-1995,1008.2
18-10-1995,1001.28
19-10-1995,991.78
20-10-1995,992.98
21-10-1995,NaN
22-10-1995,NaN
23-10-1995,1016.26
24-10-1995,1021.07
25-10-1995,1012.48
26-10-1995,999.26
27-10-1995,1023.06
28-10-1995,NaN
29-10-1995,NaN
30-10-1995,1011.12
31-10-1995,1005.21
01-11-1995,NaN
02-11-1995,990.77
03-11-1995,984.74
04-11-1995,NaN
05-11-1995,NaN
06-11-1995,966.99
07-11-1995,971.01
08-11-1995,960.84
09-11-1995,952.2
10-11-1995,940.91
11-11-1995,NaN
12-11-1995,NaN
13-11-1995,935.27
14-11-1995,952
15-11-1995,954.39
16-11-1995,949.55
17-11-1995,957.87
18-11-1995,NaN
19-11-1995,NaN
20-11-1995,960.09
21-11-1995,969.62
22-11-1995,967.9
23-11-1995,956.34
24-11-1995,965.39
25-11-1995,NaN
26-11-1995,NaN
27-11-1995,953.26
28-11-1995,948.46
29-11-1995,950.19
30-11-1995,956.12
01-12-1995,974.49
02-12-1995,NaN
03-12-1995,NaN
04-12-1995,1010.13
05-12-1995,989.98
06-12-1995,987.77
07-12-1995,982.21
08-12-1995,NaN
09-12-1995,NaN
10-12-1995,NaN
11-12-1995,985.16
12-12-1995,1000.37
13-12-1995,1005.76
14-12-1995,1006.01
15-12-1995,1023.46
16-12-1995,NaN
17-12-1995,NaN
18-12-1995,1024.17
19-12-1995,1027.9
20-12-1995,1029.15
21-12-1995,1033.87
22-12-1995,1038.1
23-12-1995,NaN
24-12-1995,NaN
25-12-1995,NaN
26-12-1995,1021.35
27-12-1995,1021.52
28-12-1995,1025.76
29-12-1995,1021.01
30-12-1995,NaN
31-12-1995,NaN
01-01-1996,NaN
02-01-1996,1024.68
03-01-1996,1037.68
04-01-1996,1035.58
05-01-1996,1042.88
06-01-1996,NaN
07-01-1996,NaN
08-01-1996,1044.29
09-01-1996,1045.33
10-01-1996,1034.19
11-01-1996,1034.26
12-01-1996,1040.67
13-01-1996,NaN
14-01-1996,NaN
15-01-1996,1034.56
16-01-1996,1041.4
17-01-1996,1048.27
18-01-1996,1048.34
19-01-1996,1044.68
20-01-1996,NaN
21-01-1996,NaN
22-01-1996,1033.71
23-01-1996,1033.36
24-01-1996,1034.4
25-01-1996,1031.52
26-01-1996,1009.25
27-01-1996,NaN
28-01-1996,NaN
29-01-1996,1014.3
30-01-1996,1009.68
31-01-1996,1015.04
01-02-1996,1033.52
02-02-1996,1042.77
03-02-1996,NaN
04-02-1996,NaN
05-02-1996,1036.44
06-02-1996,1024.34
07-02-1996,1028.62
08-02-1996,1026.99
09-02-1996,1024.82
10-02-1996,NaN
11-02-1996,NaN
12-02-1996,1010.19
13-02-1996,1010.84
14-02-1996,1014.49
15-02-1996,1001.4
16-02-1996,999.01
17-02-1996,NaN
18-02-1996,NaN
19-02-1996,995.1
20-02-1996,1006.26
21-02-1996,1025.22
22-02-1996,1019.19
23-02-1996,1014.8
24-02-1996,NaN
25-02-1996,NaN
26-02-1996,1015.09
27-02-1996,1022.72
28-02-1996,1018.05
29-02-1996,1015.05
01-03-1996,1021.38
02-03-1996,NaN
03-03-1996,NaN
04-03-1996,1022.24
05-03-1996,1016.88
06-03-1996,1005.09
07-03-1996,998.96
08-03-1996,985.9
09-03-1996,NaN
10-03-1996,NaN
11-03-1996,996.88
12-03-1996,998.53
13-03-1996,1000.56
14-03-1996,1000.61
15-03-1996,994.45
16-03-1996,NaN
17-03-1996,NaN
18-03-1996,992.81
19-03-1996,987.84
20-03-1996,989.45
21-03-1996,984.56
22-03-1996,989.24
23-03-1996,NaN
24-03-1996,NaN
25-03-1996,983.25
26-03-1996,969.73
27-03-1996,967.73
28-03-1996,972.27
29-03-1996,973.45
30-03-1996,NaN
31-03-1996,NaN
01-04-1996,963.45
02-04-1996,964.78
03-04-1996,948.73
04-04-1996,946.98
05-04-1996,NaN
06-04-1996,NaN
07-04-1996,NaN
08-04-1996,942.66
09-04-1996,945.5
10-04-1996,953.72
11-04-1996,956.84
12-04-1996,967.07
13-04-1996,NaN
14-04-1996,NaN
15-04-1996,977.27
16-04-1996,981.99
17-04-1996,984.78
18-04-1996,988.92
19-04-1996,1006.28
20-04-1996,NaN
21-04-1996,NaN
22-04-1996,1016.54
23-04-1996,1015.37
24-04-1996,1010.48
25-04-1996,1019.5
26-04-1996,1029.35
27-04-1996,NaN
28-04-1996,NaN
29-04-1996,1021.96
30-04-1996,1014.05
01-05-1996,NaN
02-05-1996,1021.63
03-05-1996,1023.03
04-05-1996,NaN
05-05-1996,NaN
06-05-1996,1025.12
07-05-1996,1033.03
08-05-1996,1036.25
09-05-1996,1041.33
10-05-1996,1037.91
11-05-1996,NaN
12-05-1996,NaN
13-05-1996,1031.99
14-05-1996,1038.44
15-05-1996,1030.08
16-05-1996,1020.29
17-05-1996,1016.47
18-05-1996,NaN
19-05-1996,NaN
20-05-1996,1023.54
21-05-1996,NaN
22-05-1996,1011
23-05-1996,1005.53
24-05-1996,1004.67
25-05-1996,NaN
26-05-1996,NaN
27-05-1996,998.92
28-05-1996,990.34
29-05-1996,987.58
30-05-1996,989.28
31-05-1996,993.62
01-06-1996,NaN
02-06-1996,NaN
03-06-1996,979.4
04-06-1996,966.34
05-06-1996,979.08
06-06-1996,NaN
07-06-1996,993.83
08-06-1996,NaN
09-06-1996,NaN
10-06-1996,999.14
11-06-1996,999.08
12-06-1996,1017.72
13-06-1996,1037.28
14-06-1996,1032.05
15-06-1996,NaN
16-06-1996,NaN
17-06-1996,1023.82
18-06-1996,1031.04
19-06-1996,1029.38
20-06-1996,1027.77
21-06-1996,1031.42
22-06-1996,NaN
23-06-1996,NaN
24-06-1996,1025.61
25-06-1996,1020.17
26-06-1996,1024.33
27-06-1996,1029.55
28-06-1996,1039.79
29-06-1996,NaN
30-06-1996,NaN
01-07-1996,1054.18
02-07-1996,1061.46
03-07-1996,1064.23
04-07-1996,1072.27
05-07-1996,1073.96
06-07-1996,NaN
07-07-1996,NaN
08-07-1996,1071.85
09-07-1996,1074.17
10-07-1996,1064.32
11-07-1996,1060.39
12-07-1996,1048.06
13-07-1996,NaN
14-07-1996,NaN
15-07-1996,1040.15
16-07-1996,1034.51
17-07-1996,1028.66
18-07-1996,1037.62
19-07-1996,1041.22
20-07-1996,NaN
21-07-1996,NaN
22-07-1996,1034.55
23-07-1996,1035.47
24-07-1996,1031.07
25-07-1996,1023.07
26-07-1996,1023.99
27-07-1996,NaN
28-07-1996,NaN
29-07-1996,1013.46
30-07-1996,1016.69
31-07-1996,1015.56
01-08-1996,1016.46
02-08-1996,1030.4
03-08-1996,NaN
04-08-1996,NaN
05-08-1996,1024.91
06-08-1996,1015.5
07-08-1996,1009.3
08-08-1996,1005.47
09-08-1996,1007.49
10-08-1996,NaN
11-08-1996,NaN
12-08-1996,999.73
13-08-1996,990.61
14-08-1996,989.48
15-08-1996,NaN
16-08-1996,1001.06
17-08-1996,NaN
18-08-1996,NaN
19-08-1996,997.61
20-08-1996,1000.46
21-08-1996,1002.79
22-08-1996,1004.22
23-08-1996,996.99
24-08-1996,NaN
25-08-1996,NaN
26-08-1996,985.1
27-08-1996,986.06
28-08-1996,985.3
29-08-1996,981
30-08-1996,980.8
31-08-1996,NaN
01-09-1996,NaN
02-09-1996,978.86
03-09-1996,980.56
04-09-1996,980.67
05-09-1996,986.3
06-09-1996,997.7
07-09-1996,NaN
08-09-1996,NaN
09-09-1996,997.05
10-09-1996,996.27
11-09-1996,NaN
12-09-1996,997.41
13-09-1996,997.2
14-09-1996,NaN
15-09-1996,NaN
16-09-1996,996.99
17-09-1996,999.86
18-09-1996,NaN
19-09-1996,NaN
20-09-1996,1002.78
21-09-1996,NaN
22-09-1996,NaN
23-09-1996,1012.22
24-09-1996,1015.85
25-09-1996,1010.52
26-09-1996,1011
27-09-1996,1010.27
28-09-1996,NaN
29-09-1996,NaN
30-09-1996,1006.01
01-10-1996,1005.89
02-10-1996,1011.27
03-10-1996,1019.79
04-10-1996,1031.37
05-10-1996,NaN
06-10-1996,NaN
07-10-1996,1040.91
08-10-1996,1052.4
09-10-1996,1050.6
10-10-1996,1041.95
11-10-1996,1044.01
12-10-1996,NaN
13-10-1996,NaN
14-10-1996,1041.08
15-10-1996,1036.56
16-10-1996,1035.89
17-10-1996,1035
18-10-1996,1037.15
19-10-1996,NaN
20-10-1996,NaN
21-10-1996,1026.46
22-10-1996,1022.59
23-10-1996,1017.94
24-10-1996,1027.84
25-10-1996,1023.2
26-10-1996,NaN
27-10-1996,NaN
28-10-1996,1018.08
29-10-1996,1009.6
30-10-1996,997.81
31-10-1996,1006.87
01-11-1996,NaN
02-11-1996,NaN
03-11-1996,NaN
04-11-1996,1000.44
05-11-1996,998.53
06-11-1996,997.87
07-11-1996,991.91
08-11-1996,989.42
09-11-1996,NaN
10-11-1996,NaN
11-11-1996,990.94
12-11-1996,998.97
13-11-1996,991.77
14-11-1996,983.76
15-11-1996,972.91
16-11-1996,NaN
17-11-1996,NaN
18-11-1996,966.74
19-11-1996,965.54
20-11-1996,978.39
21-11-1996,976.64
22-11-1996,977.63
23-11-1996,NaN
24-11-1996,NaN
25-11-1996,976.67
26-11-1996,966.14
27-11-1996,959.09
28-11-1996,948.19
29-11-1996,945.86
30-11-1996,NaN
01-12-1996,NaN
02-12-1996,933.33
03-12-1996,934.94
04-12-1996,935.25
05-12-1996,922.88
06-12-1996,914.36
07-12-1996,NaN
08-12-1996,NaN
09-12-1996,924.55
10-12-1996,935.82
11-12-1996,927.58
12-12-1996,922.32
13-12-1996,910.14
14-12-1996,NaN
15-12-1996,NaN
16-12-1996,906.09
17-12-1996,898.71
18-12-1996,897.98
19-12-1996,901.9
20-12-1996,905.19
21-12-1996,NaN
22-12-1996,NaN
23-12-1996,897.31
24-12-1996,895.19
25-12-1996,NaN
26-12-1996,905.85
27-12-1996,906.24
28-12-1996,NaN
29-12-1996,NaN
30-12-1996,900.58
31-12-1996,NaN
01-01-1997,NaN
02-01-1997,904.59
03-01-1997,929.57
04-01-1997,NaN
05-01-1997,NaN
06-01-1997,952.55
07-01-1997,966
08-01-1997,982.01
09-01-1997,973.31
10-01-1997,971.01
11-01-1997,NaN
12-01-1997,NaN
13-01-1997,979.94
14-01-1997,999.26
15-01-1997,1009.78
16-01-1997,1003.32
17-01-1997,1019.45
18-01-1997,NaN
19-01-1997,NaN
20-01-1997,1036.77
21-01-1997,1001.97
22-01-1997,981.09
23-01-1997,998.31
24-01-1997,975.82
25-01-1997,NaN
26-01-1997,NaN
27-01-1997,957.99
28-01-1997,970.84
29-01-1997,973.32
30-01-1997,989.2
31-01-1997,995.51
01-02-1997,NaN
02-02-1997,NaN
03-02-1997,1006.78
04-02-1997,1006.42
05-02-1997,1005.96
06-02-1997,1005.31
07-02-1997,1043.64
08-02-1997,NaN
09-02-1997,NaN
10-02-1997,1041.99
11-02-1997,1029.15
12-02-1997,1038.21
13-02-1997,1048.44
14-02-1997,1042.51
15-02-1997,NaN
16-02-1997,NaN
17-02-1997,1037.49
18-02-1997,1043.41
19-02-1997,1039.46
20-02-1997,1038.6
21-02-1997,1043.6
22-02-1997,NaN
23-02-1997,NaN
24-02-1997,1043.12
25-02-1997,1066.58
26-02-1997,1066
27-02-1997,1057.62
28-02-1997,1044.42
01-03-1997,NaN
02-03-1997,NaN
03-03-1997,1031.56
04-03-1997,1028.04
05-03-1997,1027.54
06-03-1997,1036.21
07-03-1997,1053.17
08-03-1997,NaN
09-03-1997,NaN
10-03-1997,1054.66
11-03-1997,1057.86
12-03-1997,1052.1
13-03-1997,1040.65
14-03-1997,1045.27
15-03-1997,NaN
16-03-1997,NaN
17-03-1997,1031.79
18-03-1997,1017.92
19-03-1997,1009.15
20-03-1997,1004.42
21-03-1997,1016.94
22-03-1997,NaN
23-03-1997,NaN
24-03-1997,1020.75
25-03-1997,1021.37
26-03-1997,1021.08
27-03-1997,1031.53
28-03-1997,NaN
29-03-1997,NaN
30-03-1997,NaN
31-03-1997,1023.24
01-04-1997,1022.88
02-04-1997,1032.65
03-04-1997,1054.37
04-04-1997,1045.43
05-04-1997,NaN
06-04-1997,NaN
07-04-1997,1050.55
08-04-1997,1056.45
09-04-1997,1062.2
10-04-1997,1077.26
11-04-1997,1065.54
12-04-1997,NaN
13-04-1997,NaN
14-04-1997,1055.03
15-04-1997,1045.21
16-04-1997,1061.93
17-04-1997,1051.11
18-04-1997,1057.48
19-04-1997,NaN
20-04-1997,NaN
21-04-1997,1049.65
22-04-1997,1056
23-04-1997,1062.14
24-04-1997,1061.64
25-04-1997,1054.62
26-04-1997,NaN
27-04-1997,NaN
28-04-1997,1054
29-04-1997,1065.73
30-04-1997,1069.76
01-05-1997,NaN
02-05-1997,1074.76
03-05-1997,NaN
04-05-1997,NaN
05-05-1997,1073.7
06-05-1997,1077.02
07-05-1997,1074.28
08-05-1997,1081.33
09-05-1997,1086.13
10-05-1997,NaN
11-05-1997,NaN
12-05-1997,1084.93
13-05-1997,1076.74
14-05-1997,1068.93
15-05-1997,1070.11
16-05-1997,1079.37
17-05-1997,NaN
18-05-1997,NaN
19-05-1997,1090.63
20-05-1997,1098.02
21-05-1997,NaN
22-05-1997,1113.95
23-05-1997,1127.75
24-05-1997,NaN
25-05-1997,NaN
26-05-1997,1128.77
27-05-1997,1137.07
28-05-1997,1145.17
29-05-1997,NaN
30-05-1997,1169.73
31-05-1997,NaN
01-06-1997,NaN
02-06-1997,1202.89
03-06-1997,1201.53
04-06-1997,1200.19
05-06-1997,1178.57
06-06-1997,1176.1
07-06-1997,NaN
08-06-1997,NaN
09-06-1997,1177.62
10-06-1997,1189.83
11-06-1997,1213.8
12-06-1997,1234.4
13-06-1997,1226.07
14-06-1997,NaN
15-06-1997,NaN
16-06-1997,1210.31
17-06-1997,1199.27
18-06-1997,1192.26
19-06-1997,1198.54
20-06-1997,1196.88
21-06-1997,NaN
22-06-1997,NaN
23-06-1997,1184.22
24-06-1997,1192.99
25-06-1997,1185.43
26-06-1997,1184.57
27-06-1997,1185.44
28-06-1997,NaN
29-06-1997,NaN
30-06-1997,1184.82
01-07-1997,1203.37
02-07-1997,1217.6
03-07-1997,1230.52
04-07-1997,1235.93
05-07-1997,NaN
06-07-1997,NaN
07-07-1997,1224.78
08-07-1997,1226.69
09-07-1997,1227.32
10-07-1997,1222.66
11-07-1997,1212.7
12-07-1997,NaN
13-07-1997,NaN
14-07-1997,1205.12
15-07-1997,1182.03
16-07-1997,1194.59
17-07-1997,1183.93
18-07-1997,1170.54
19-07-1997,NaN
20-07-1997,NaN
21-07-1997,1146.73
22-07-1997,1161.75
23-07-1997,1181
24-07-1997,1196.37
25-07-1997,1212.33
26-07-1997,NaN
27-07-1997,NaN
28-07-1997,1198.33
29-07-1997,1204.82
30-07-1997,1212.83
31-07-1997,1207.61
01-08-1997,1221.96
02-08-1997,NaN
03-08-1997,NaN
04-08-1997,1223.85
05-08-1997,1206.83
06-08-1997,1215.83
07-08-1997,1213.92
08-08-1997,1207.52
09-08-1997,NaN
10-08-1997,NaN
11-08-1997,1192.08
12-08-1997,1180
13-08-1997,1175.64
14-08-1997,1190.79
15-08-1997,NaN
16-08-1997,NaN
17-08-1997,NaN
18-08-1997,1181.97
19-08-1997,1190.86
20-08-1997,1206.29
21-08-1997,1196.34
22-08-1997,1181.96
23-08-1997,NaN
24-08-1997,NaN
25-08-1997,1173.3
26-08-1997,1170.54
27-08-1997,1168.88
28-08-1997,1155.72
29-08-1997,1145.99
30-08-1997,NaN
31-08-1997,NaN
01-09-1997,1144.04
02-09-1997,1167.11
03-09-1997,1198.05
04-09-1997,1191.94
05-09-1997,1185.69
06-09-1997,NaN
07-09-1997,NaN
08-09-1997,1176.93
09-09-1997,1184.44
10-09-1997,1179.65
11-09-1997,NaN
12-09-1997,1177.87
13-09-1997,NaN
14-09-1997,NaN
15-09-1997,1164.72
16-09-1997,1175.37
17-09-1997,1182.82
18-09-1997,NaN
19-09-1997,NaN
20-09-1997,NaN
21-09-1997,NaN
22-09-1997,1181.54
23-09-1997,1169.97
24-09-1997,1162.56
25-09-1997,1150.51
26-09-1997,1155.33
27-09-1997,NaN
28-09-1997,NaN
29-09-1997,1156.02
30-09-1997,1151.68
01-10-1997,1152
02-10-1997,1143.6
03-10-1997,1142.99
04-10-1997,NaN
05-10-1997,NaN
06-10-1997,1131.6
07-10-1997,1118.37
08-10-1997,1106.99
09-10-1997,1121.55
10-10-1997,1118.43
11-10-1997,NaN
12-10-1997,NaN
13-10-1997,1116.86
14-10-1997,1106.12
15-10-1997,1101.71
16-10-1997,1100.98
17-10-1997,1090.11
18-10-1997,NaN
19-10-1997,NaN
20-10-1997,1088.36
21-10-1997,1094.61
22-10-1997,1108.11
23-10-1997,1093.94
24-10-1997,1086.11
25-10-1997,NaN
26-10-1997,NaN
27-10-1997,1030.76
28-10-1997,1028.18
29-10-1997,1044.2
30-10-1997,1055.94
31-10-1997,1065.03
01-11-1997,NaN
02-11-1997,NaN
03-11-1997,1075.23
04-11-1997,1066.2
05-11-1997,1070.78
06-11-1997,1057.86
07-11-1997,1033.6
08-11-1997,NaN
09-11-1997,NaN
10-11-1997,1037.43
11-11-1997,1034.31
12-11-1997,1018.83
13-11-1997,1012.22
14-11-1997,1015.2
15-11-1997,NaN
16-11-1997,NaN
17-11-1997,1025.96
18-11-1997,1018.78
19-11-1997,1019.59
20-11-1997,1026.46
21-11-1997,1035.22
22-11-1997,NaN
23-11-1997,NaN
24-11-1997,1031.58
25-11-1997,1031.43
26-11-1997,1038.85
27-11-1997,1038.45
28-11-1997,1037.45
29-11-1997,NaN
30-11-1997,NaN
01-12-1997,1042.77
02-12-1997,1046.63
03-12-1997,1041.39
04-12-1997,1048.82
05-12-1997,1047.39
06-12-1997,NaN
07-12-1997,NaN
08-12-1997,NaN
09-12-1997,1035.92
10-12-1997,1020.77
11-12-1997,NaN
12-12-1997,1017.16
13-12-1997,NaN
14-12-1997,NaN
15-12-1997,1009.47
16-12-1997,1006.59
17-12-1997,1013.42
18-12-1997,1003.41
19-12-1997,987.88
20-12-1997,NaN
21-12-1997,NaN
22-12-1997,983.71
23-12-1997,979.17
24-12-1997,981.94
25-12-1997,NaN
26-12-1997,979.54
27-12-1997,NaN
28-12-1997,NaN
29-12-1997,992.38
30-12-1997,1019.25
31-12-1997,1016.77
01-01-1998,NaN
02-01-1998,1025.69
03-01-1998,NaN
04-01-1998,NaN
05-01-1998,1025.19
06-01-1998,1012.53
07-01-1998,987.88
08-01-1998,957.07
09-01-1998,917.68
10-01-1998,NaN
11-01-1998,NaN
12-01-1998,915.53
13-01-1998,904.83
14-01-1998,895.69
15-01-1998,885.73
16-01-1998,904.92
17-01-1998,NaN
18-01-1998,NaN
19-01-1998,918.24
20-01-1998,915.58
21-01-1998,905.06
22-01-1998,892.9
23-01-1998,890.04
24-01-1998,NaN
25-01-1998,NaN
26-01-1998,886.52
27-01-1998,871.29
28-01-1998,876.71
29-01-1998,881.08
30-01-1998,907.31
31-01-1998,NaN
01-02-1998,NaN
02-02-1998,939.19
03-02-1998,932.1
04-02-1998,919.66
05-02-1998,908.41
06-02-1998,909.07
07-02-1998,NaN
08-02-1998,NaN
09-02-1998,903.64
10-02-1998,901.25
11-02-1998,900.45
12-02-1998,901.68
13-02-1998,915.01
14-02-1998,NaN
15-02-1998,NaN
16-02-1998,917.85
17-02-1998,943.23
18-02-1998,964.22
19-02-1998,972.82
20-02-1998,974.76
21-02-1998,NaN
22-02-1998,NaN
23-02-1998,980.79
24-02-1998,966.79
25-02-1998,965.72
26-02-1998,989.74
27-02-1998,1001.46
28-02-1998,NaN
01-03-1998,NaN
02-03-1998,1018.28
03-03-1998,1021.21
04-03-1998,1020.01
05-03-1998,1017.47
06-03-1998,1039.34
07-03-1998,NaN
08-03-1998,NaN
09-03-1998,1034.32
10-03-1998,1043.52
11-03-1998,1050.02
12-03-1998,1046.84
13-03-1998,1061.39
14-03-1998,NaN
15-03-1998,NaN
16-03-1998,1066.66
17-03-1998,1060.71
18-03-1998,1042.12
19-03-1998,1039.95
20-03-1998,1068.52
21-03-1998,NaN
22-03-1998,NaN
23-03-1998,1060.08
24-03-1998,1057.35
25-03-1998,1048.36
26-03-1998,1057.26
27-03-1998,1053.81
28-03-1998,NaN
29-03-1998,NaN
30-03-1998,1056.33
31-03-1998,1062.64
01-04-1998,1065.41
02-04-1998,1072.53
03-04-1998,1070.69
04-04-1998,NaN
05-04-1998,NaN
06-04-1998,1073.78
07-04-1998,1060.04
08-04-1998,1053.79
09-04-1998,1058.43
10-04-1998,NaN
11-04-1998,NaN
12-04-1998,NaN
13-04-1998,1042.64
14-04-1998,1039.46
15-04-1998,1032.32
16-04-1998,1019
17-04-1998,1010.78
18-04-1998,NaN
19-04-1998,NaN
20-04-1998,992.44
21-04-1998,991.55
22-04-1998,996.62
23-04-1998,990.74
24-04-1998,983.24
25-04-1998,NaN
26-04-1998,NaN
27-04-1998,972.27
28-04-1998,981.01
29-04-1998,986.61
30-04-1998,995.4
01-05-1998,NaN
02-05-1998,NaN
03-05-1998,NaN
04-05-1998,998.4
05-05-1998,995.31
06-05-1998,995.66
07-05-1998,991.96
08-05-1998,986.45
09-05-1998,NaN
10-05-1998,NaN
11-05-1998,972.05
12-05-1998,965.07
13-05-1998,947.78
14-05-1998,943.48
15-05-1998,934.59
16-05-1998,NaN
17-05-1998,NaN
18-05-1998,925.46
19-05-1998,922.71
20-05-1998,932.74
21-05-1998,NaN
22-05-1998,940.19
23-05-1998,NaN
24-05-1998,NaN
25-05-1998,937.86
26-05-1998,922.12
27-05-1998,914.34
28-05-1998,908.96
29-05-1998,910.28
30-05-1998,NaN
31-05-1998,NaN
01-06-1998,899.75
02-06-1998,891.66
03-06-1998,902.8
04-06-1998,906.46
05-06-1998,914.27
06-06-1998,NaN
07-06-1998,NaN
08-06-1998,915.66
09-06-1998,934.23
10-06-1998,913.54
11-06-1998,NaN
12-06-1998,891.12
13-06-1998,NaN
14-06-1998,NaN
15-06-1998,860.04
16-06-1998,849.04
17-06-1998,864.49
18-06-1998,858.04
19-06-1998,856.49
20-06-1998,NaN
21-06-1998,NaN
22-06-1998,846.2
23-06-1998,850.66
24-06-1998,849.17
25-06-1998,836.81
26-06-1998,850.63
27-06-1998,NaN
28-06-1998,NaN
29-06-1998,NaN
30-06-1998,860.86
01-07-1998,864.52
02-07-1998,852.8
03-07-1998,845.66
04-07-1998,NaN
05-07-1998,NaN
06-07-1998,844.68
07-07-1998,840.28
08-07-1998,855.76
09-07-1998,861.93
10-07-1998,860.4
11-07-1998,NaN
12-07-1998,NaN
13-07-1998,866.51
14-07-1998,882.68
15-07-1998,895.84
16-07-1998,910.98
17-07-1998,943.33
18-07-1998,NaN
19-07-1998,NaN
20-07-1998,942.2
21-07-1998,927.94
22-07-1998,914.37
23-07-1998,910.18
24-07-1998,912.9
25-07-1998,NaN
26-07-1998,NaN
27-07-1998,911.6
28-07-1998,904.93
29-07-1998,898.03
30-07-1998,892.89
31-07-1998,902.67
01-08-1998,NaN
02-08-1998,NaN
03-08-1998,900.42
04-08-1998,889.8
05-08-1998,886.1
06-08-1998,882.12
07-08-1998,875.24
08-08-1998,NaN
09-08-1998,NaN
10-08-1998,864.83
11-08-1998,838.03
12-08-1998,832.4
13-08-1998,827.51
14-08-1998,825.24
15-08-1998,NaN
16-08-1998,NaN
17-08-1998,808.75
18-08-1998,802.47
19-08-1998,792.19
20-08-1998,761.09
21-08-1998,740.53
22-08-1998,NaN
23-08-1998,NaN
24-08-1998,726.75
25-08-1998,733.11
26-08-1998,704.04
27-08-1998,660.27
28-08-1998,661.37
29-08-1998,NaN
30-08-1998,NaN
31-08-1998,633.15
01-09-1998,662.14
02-09-1998,648.22
03-09-1998,626.24
04-09-1998,607.56
05-09-1998,NaN
06-09-1998,NaN
07-09-1998,614.87
08-09-1998,611.68
09-09-1998,606.03
10-09-1998,561.31
11-09-1998,NaN
12-09-1998,NaN
13-09-1998,NaN
14-09-1998,554.7
15-09-1998,603.13
16-09-1998,600.95
17-09-1998,593.2
18-09-1998,NaN
19-09-1998,NaN
20-09-1998,NaN
21-09-1998,592.49
22-09-1998,615.58
23-09-1998,668.6
24-09-1998,649.28
25-09-1998,655.31
26-09-1998,NaN
27-09-1998,NaN
28-09-1998,674.82
29-09-1998,673.59
30-09-1998,668.99
01-10-1998,649.98
02-10-1998,666.85
03-10-1998,NaN
04-10-1998,NaN
05-10-1998,653.9
06-10-1998,653.11
07-10-1998,640.56
08-10-1998,623
09-10-1998,643.64
10-10-1998,NaN
11-10-1998,NaN
12-10-1998,NaN
13-10-1998,652.88
14-10-1998,663.56
15-10-1998,672.89
16-10-1998,673.95
17-10-1998,NaN
18-10-1998,NaN
19-10-1998,681.82
20-10-1998,696.61
21-10-1998,679.5
22-10-1998,698.73
23-10-1998,705.11
24-10-1998,NaN
25-10-1998,NaN
26-10-1998,700.51
27-10-1998,708.15
28-10-1998,704.01
29-10-1998,705.72
30-10-1998,732.94
31-10-1998,NaN
01-11-1998,NaN
02-11-1998,745.87
03-11-1998,776.52
04-11-1998,792.2
05-11-1998,794.72
06-11-1998,806.77
07-11-1998,NaN
08-11-1998,NaN
09-11-1998,796.75
10-11-1998,794.8
11-11-1998,820.27
12-11-1998,813.28
13-11-1998,808.01
14-11-1998,NaN
15-11-1998,NaN
16-11-1998,799.86
17-11-1998,802.01
18-11-1998,801.41
19-11-1998,817.34
20-11-1998,821.45
21-11-1998,NaN
22-11-1998,NaN
23-11-1998,825.94
24-11-1998,821.93
25-11-1998,824.43
26-11-1998,832.21
27-11-1998,836.63
28-11-1998,NaN
29-11-1998,NaN
30-11-1998,829.08
01-12-1998,820.43
02-12-1998,797.27
03-12-1998,780.05
04-12-1998,769.65
05-12-1998,NaN
06-12-1998,NaN
07-12-1998,771.97
08-12-1998,NaN
09-12-1998,752.71
10-12-1998,749.6
11-12-1998,740.03
12-12-1998,NaN
13-12-1998,NaN
14-12-1998,727.8
15-12-1998,753.94
16-12-1998,757.02
17-12-1998,775.09
18-12-1998,784.35
19-12-1998,NaN
20-12-1998,NaN
21-12-1998,804.75
22-12-1998,796.47
23-12-1998,802.31
24-12-1998,799.26
25-12-1998,NaN
26-12-1998,NaN
27-12-1998,NaN
28-12-1998,779.92
29-12-1998,783.97
30-12-1998,786.66
31-12-1998,NaN
01-01-1999,NaN
02-01-1999,NaN
03-01-1999,NaN
04-01-1999,793.44
05-01-1999,795.87
06-01-1999,799.69
07-01-1999,790.03
08-01-1999,785.01
09-01-1999,NaN
10-01-1999,NaN
11-01-1999,764.3
12-01-1999,742.68
13-01-1999,705.76
14-01-1999,686.99
15-01-1999,705.8
16-01-1999,NaN
17-01-1999,NaN
18-01-1999,711.74
19-01-1999,707.52
20-01-1999,727.8
21-01-1999,734.55
22-01-1999,740.7
23-01-1999,NaN
24-01-1999,NaN
25-01-1999,795.62
26-01-1999,813.02
27-01-1999,810.61
28-01-1999,814.35
29-01-1999,810.5
30-01-1999,NaN
31-01-1999,NaN
01-02-1999,822.36
02-02-1999,820.41
03-02-1999,818.68
04-02-1999,815.69
05-02-1999,817.7
06-02-1999,NaN
07-02-1999,NaN
08-02-1999,827.18
09-02-1999,843.8
10-02-1999,858.2
11-02-1999,876.73
12-02-1999,869.29
13-02-1999,NaN
14-02-1999,NaN
15-02-1999,868.73
16-02-1999,872.29
17-02-1999,871.71
18-02-1999,886.11
19-02-1999,899.77
20-02-1999,NaN
21-02-1999,NaN
22-02-1999,892.28
23-02-1999,876.7
24-02-1999,885.18
25-02-1999,878.37
26-02-1999,859.6
27-02-1999,NaN
28-02-1999,NaN
01-03-1999,858.22
02-03-1999,849.55
03-03-1999,869.01
04-03-1999,896.86
05-03-1999,898.19
06-03-1999,NaN
07-03-1999,NaN
08-03-1999,901.36
09-03-1999,897.26
10-03-1999,906
11-03-1999,899.6
12-03-1999,905.84
13-03-1999,NaN
14-03-1999,NaN
15-03-1999,907.32
16-03-1999,907.94
17-03-1999,905.17
18-03-1999,910.66
19-03-1999,919.54
20-03-1999,NaN
21-03-1999,NaN
22-03-1999,918.71
23-03-1999,909.84
24-03-1999,908.69
25-03-1999,916.64
26-03-1999,917.48
27-03-1999,NaN
28-03-1999,NaN
29-03-1999,915.41
30-03-1999,919.09
31-03-1999,931.65
01-04-1999,938.98
02-04-1999,NaN
03-04-1999,NaN
04-04-1999,NaN
05-04-1999,947.26
06-04-1999,945.92
07-04-1999,956.31
08-04-1999,970.86
09-04-1999,971.2
10-04-1999,NaN
11-04-1999,NaN
12-04-1999,975.39
13-04-1999,982.9
14-04-1999,986.48
15-04-1999,990.01
16-04-1999,998.87
17-04-1999,NaN
18-04-1999,NaN
19-04-1999,1016.82
20-04-1999,1038.92
21-04-1999,1002.98
22-04-1999,979.58
23-04-1999,955.45
24-04-1999,NaN
25-04-1999,NaN
26-04-1999,926.07
27-04-1999,915.08
28-04-1999,936.98
29-04-1999,927.84
30-04-1999,939.82
01-05-1999,NaN
02-05-1999,NaN
03-05-1999,932.15
04-05-1999,935.22
05-05-1999,937.96
06-05-1999,937.18
07-05-1999,958.55
08-05-1999,NaN
09-05-1999,NaN
10-05-1999,980.41
11-05-1999,960.56
12-05-1999,958.22
13-05-1999,987.4
14-05-1999,965.49
15-05-1999,NaN
16-05-1999,NaN
17-05-1999,951.29
18-05-1999,949.86
19-05-1999,934.92
20-05-1999,930.98
21-05-1999,NaN
22-05-1999,NaN
23-05-1999,NaN
24-05-1999,906.71
25-05-1999,893.88
26-05-1999,919.18
27-05-1999,904.37
28-05-1999,903.1
29-05-1999,NaN
30-05-1999,NaN
31-05-1999,897.63
01-06-1999,906.63
02-06-1999,909.35
03-06-1999,NaN
04-06-1999,922.37
05-06-1999,NaN
06-06-1999,NaN
07-06-1999,931.73
08-06-1999,937.92
09-06-1999,939.18
10-06-1999,941.78
11-06-1999,948.79
12-06-1999,NaN
13-06-1999,NaN
14-06-1999,942.2
15-06-1999,944.76
16-06-1999,971.06
17-06-1999,980.96
18-06-1999,984.93
19-06-1999,NaN
20-06-1999,NaN
21-06-1999,1001.12
22-06-1999,996.05
23-06-1999,980.77
24-06-1999,979.26
25-06-1999,972.74
26-06-1999,NaN
27-06-1999,NaN
28-06-1999,971.57
29-06-1999,NaN
30-06-1999,1006.07
01-07-1999,1032.35
02-07-1999,1048.83
03-07-1999,NaN
04-07-1999,NaN
05-07-1999,1058.19
06-07-1999,1068.33
07-07-1999,1071
08-07-1999,1062.73
09-07-1999,1074.12
10-07-1999,NaN
11-07-1999,NaN
12-07-1999,1062.58
13-07-1999,1067.89
14-07-1999,1058.77
15-07-1999,1061.64
16-07-1999,1059.52
17-07-1999,NaN
18-07-1999,NaN
19-07-1999,1047.65
20-07-1999,1050.94
21-07-1999,1060.58
22-07-1999,1057.96
23-07-1999,1030.43
24-07-1999,NaN
25-07-1999,NaN
26-07-1999,1009.1
27-07-1999,1005.38
28-07-1999,1019.89
29-07-1999,1014.09
30-07-1999,1014.01
31-07-1999,NaN
01-08-1999,NaN
02-08-1999,1020.49
03-08-1999,1024.12
04-08-1999,1036.06
05-08-1999,1029.98
06-08-1999,1030.29
07-08-1999,NaN
08-08-1999,NaN
09-08-1999,1016
10-08-1999,1004.9
11-08-1999,998.45
12-08-1999,999.87
13-08-1999,1002.19
14-08-1999,NaN
15-08-1999,NaN
16-08-1999,997.21
17-08-1999,995.93
18-08-1999,981.02
19-08-1999,975.3
20-08-1999,978.41
21-08-1999,NaN
22-08-1999,NaN
23-08-1999,984.75
24-08-1999,988.26
25-08-1999,1007.94
26-08-1999,1011.29
27-08-1999,1007.75
28-08-1999,NaN
29-08-1999,NaN
30-08-1999,1010.79
31-08-1999,1008.32
01-09-1999,1033.67
02-09-1999,1031.21
03-09-1999,1046.12
04-09-1999,NaN
05-09-1999,NaN
06-09-1999,NaN
07-09-1999,1045.93
08-09-1999,1046.66
09-09-1999,1073.72
10-09-1999,1069.62
11-09-1999,NaN
12-09-1999,NaN
13-09-1999,1062.59
14-09-1999,1063.42
15-09-1999,1051.95
16-09-1999,1037.51
17-09-1999,1030.55
18-09-1999,NaN
19-09-1999,NaN
20-09-1999,1039.49
21-09-1999,1027.41
22-09-1999,1028.56
23-09-1999,1017.08
24-09-1999,1014.85
25-09-1999,NaN
26-09-1999,NaN
27-09-1999,1010.74
28-09-1999,1000.04
29-09-1999,991.13
30-09-1999,984.23
01-10-1999,985.04
02-10-1999,NaN
03-10-1999,NaN
04-10-1999,990.06
05-10-1999,996.14
06-10-1999,989.09
07-10-1999,988.07
08-10-1999,978.14
09-10-1999,NaN
10-10-1999,NaN
11-10-1999,972.6
12-10-1999,NaN
13-10-1999,951.43
14-10-1999,952.99
15-10-1999,930.01
16-10-1999,NaN
17-10-1999,NaN
18-10-1999,912.68
19-10-1999,917.45
20-10-1999,950.15
21-10-1999,964.87
22-10-1999,971.62
23-10-1999,NaN
24-10-1999,NaN
25-10-1999,957.13
26-10-1999,943.69
27-10-1999,938.66
28-10-1999,958.31
29-10-1999,987.69
30-10-1999,NaN
31-10-1999,NaN
01-11-1999,NaN
02-11-1999,1003.99
03-11-1999,1009.66
04-11-1999,1003.68
05-11-1999,1023.54
06-11-1999,NaN
07-11-1999,NaN
08-11-1999,1019.58
09-11-1999,1026.78
10-11-1999,1026.44
11-11-1999,1026.17
12-11-1999,1029.03
13-11-1999,NaN
14-11-1999,NaN
15-11-1999,1042.09
16-11-1999,1048.66
17-11-1999,1040.59
18-11-1999,1046.19
19-11-1999,1045.91
20-11-1999,NaN
21-11-1999,NaN
22-11-1999,1031.99
23-11-1999,1028.51
24-11-1999,1022.33
25-11-1999,1031.59
26-11-1999,1043.58
27-11-1999,NaN
28-11-1999,NaN
29-11-1999,1058.23
30-11-1999,1058.38
01-12-1999,1069.95
02-12-1999,1081.23
03-12-1999,1093.21
04-12-1999,NaN
05-12-1999,NaN
06-12-1999,1088.19
07-12-1999,1079.97
08-12-1999,NaN
09-12-1999,1081.97
10-12-1999,1076.71
11-12-1999,NaN
12-12-1999,NaN
13-12-1999,1083.98
14-12-1999,1084.33
15-12-1999,1076.02
16-12-1999,1079.09
17-12-1999,1098.26
18-12-1999,NaN
19-12-1999,NaN
20-12-1999,1101.42
21-12-1999,1107.71
22-12-1999,1104.75
23-12-1999,1111.88
24-12-1999,1119.64
25-12-1999,NaN
26-12-1999,NaN
27-12-1999,1108.86
28-12-1999,1101.94
29-12-1999,1113.32
30-12-1999,1125.3
31-12-1999,NaN
01-01-2000,NaN
02-01-2000,NaN
03-01-2000,1137.61
04-01-2000,1121.88
05-01-2000,1124.06
06-01-2000,1120.54
07-01-2000,1127.58
08-01-2000,NaN
09-01-2000,NaN
10-01-2000,1146.9
11-01-2000,1142.03
12-01-2000,1153.54
13-01-2000,1196.08
14-01-2000,1214.33
15-01-2000,NaN
16-01-2000,NaN
17-01-2000,1229.55
18-01-2000,1217.36
19-01-2000,1210.76
20-01-2000,1210.74
21-01-2000,1208.18
22-01-2000,NaN
23-01-2000,NaN
24-01-2000,1180.7
25-01-2000,1166.4
26-01-2000,1166.07
27-01-2000,1161.57
28-01-2000,1163.14
29-01-2000,NaN
30-01-2000,NaN
31-01-2000,1151.36
01-02-2000,1151.25
02-02-2000,1165.09
03-02-2000,1186.09
04-02-2000,1214.15
05-02-2000,NaN
06-02-2000,NaN
07-02-2000,1213.73
08-02-2000,1232.48
09-02-2000,1225.91
10-02-2000,1218.1
11-02-2000,1223.39
12-02-2000,NaN
13-02-2000,NaN
14-02-2000,1201.3
15-02-2000,1190.25
16-02-2000,1172.11
17-02-2000,1163.78
18-02-2000,1135.79
19-02-2000,NaN
20-02-2000,NaN
21-02-2000,1133.8
22-02-2000,1106.03
23-02-2000,1109.97
24-02-2000,1093.26
25-02-2000,1077.79
26-02-2000,NaN
27-02-2000,NaN
28-02-2000,1079.71
29-02-2000,1106.23
01-03-2000,1131.6
02-03-2000,1132.18
03-03-2000,1144.95
04-03-2000,NaN
05-03-2000,NaN
06-03-2000,1136.11
07-03-2000,1118.44
08-03-2000,1138.59
09-03-2000,1121.72
10-03-2000,1123.13
11-03-2000,NaN
12-03-2000,NaN
13-03-2000,1106.04
14-03-2000,1101.02
15-03-2000,1105.87
16-03-2000,1114.73
17-03-2000,1121.13
18-03-2000,NaN
19-03-2000,NaN
20-03-2000,1124.9
21-03-2000,1134.1
22-03-2000,1128.78
23-03-2000,1131.86
24-03-2000,1149.1
25-03-2000,NaN
26-03-2000,NaN
27-03-2000,1158.38
28-03-2000,1143.93
29-03-2000,1137.12
30-03-2000,1121.62
31-03-2000,1129.76
01-04-2000,NaN
02-04-2000,NaN
03-04-2000,1119.02
04-04-2000,1103.34
05-04-2000,1120.92
06-04-2000,1129.2
07-04-2000,1155.19
08-04-2000,NaN
09-04-2000,NaN
10-04-2000,1146.54
11-04-2000,1141.71
12-04-2000,1126.85
13-04-2000,1111.74
14-04-2000,1091.78
15-04-2000,NaN
16-04-2000,NaN
17-04-2000,1080.63
18-04-2000,1083.09
19-04-2000,1083.19
20-04-2000,1093.79
21-04-2000,NaN
22-04-2000,NaN
23-04-2000,NaN
24-04-2000,1078.85
25-04-2000,1098.87
26-04-2000,1097.97
27-04-2000,1091.39
28-04-2000,1074.95
29-04-2000,NaN
30-04-2000,NaN
01-05-2000,NaN
02-05-2000,1079.71
03-05-2000,1064.17
04-05-2000,1064.35
05-05-2000,1082.62
06-05-2000,NaN
07-05-2000,NaN
08-05-2000,1074.26
09-05-2000,1078.04
10-05-2000,1070.98
11-05-2000,1082.69
12-05-2000,1124.84
13-05-2000,NaN
14-05-2000,NaN
15-05-2000,1166.13
16-05-2000,1165.19
17-05-2000,1150.35
18-05-2000,1149.52
19-05-2000,1147.51
20-05-2000,NaN
21-05-2000,NaN
22-05-2000,1128.96
23-05-2000,1126.96
24-05-2000,1130.87
25-05-2000,1117.53
26-05-2000,1105.49
27-05-2000,NaN
28-05-2000,NaN
29-05-2000,1106.14
30-05-2000,1117.02
31-05-2000,1124.2
01-06-2000,1130.33
02-06-2000,1134.16
03-06-2000,NaN
04-06-2000,NaN
05-06-2000,1118.51
06-06-2000,1117.7
07-06-2000,1116.32
08-06-2000,1114.22
09-06-2000,1121.96
10-06-2000,NaN
11-06-2000,NaN
12-06-2000,1108.5
13-06-2000,1110.96
14-06-2000,1112.4
15-06-2000,1105.78
16-06-2000,1109.14
17-06-2000,NaN
18-06-2000,NaN
19-06-2000,NaN
20-06-2000,1096.83
21-06-2000,1099.95
22-06-2000,1096.5
23-06-2000,1094.84
24-06-2000,NaN
25-06-2000,NaN
26-06-2000,NaN
27-06-2000,1100.04
28-06-2000,1099.24
29-06-2000,1100.96
30-06-2000,1108.67
01-07-2000,NaN
02-07-2000,NaN
03-07-2000,1112.06
04-07-2000,1112.17
05-07-2000,1120.87
06-07-2000,1115.82
07-07-2000,1121.54
08-07-2000,NaN
09-07-2000,NaN
10-07-2000,1127.88
11-07-2000,1131.3
12-07-2000,1130.3
13-07-2000,1112.32
14-07-2000,1110.01
15-07-2000,NaN
16-07-2000,NaN
17-07-2000,1114.42
18-07-2000,1109.72
19-07-2000,1106.2
20-07-2000,1117.61
21-07-2000,1123.48
22-07-2000,NaN
23-07-2000,NaN
24-07-2000,1123.08
25-07-2000,1108.8
26-07-2000,1099.84
27-07-2000,1096.25
28-07-2000,1076.68
29-07-2000,NaN
30-07-2000,NaN
31-07-2000,1074.76
01-08-2000,1100.94
02-08-2000,1107.09
03-08-2000,1113.02
04-08-2000,1115.03
05-08-2000,NaN
06-08-2000,NaN
07-08-2000,1114.25
08-08-2000,1113.05
09-08-2000,1119.06
10-08-2000,1122.19
11-08-2000,1117.33
12-08-2000,NaN
13-08-2000,NaN
14-08-2000,1115.54
15-08-2000,NaN
16-08-2000,1112.99
17-08-2000,1117.39
18-08-2000,1126.5
19-08-2000,NaN
20-08-2000,NaN
21-08-2000,1123.31
22-08-2000,1122.34
23-08-2000,1119.07
24-08-2000,1110.35
25-08-2000,1101.88
26-08-2000,NaN
27-08-2000,NaN
28-08-2000,1102.67
29-08-2000,1120.16
30-08-2000,1116.51
31-08-2000,1123.29
01-09-2000,1139.56
02-09-2000,NaN
03-09-2000,NaN
04-09-2000,NaN
05-09-2000,1131.68
06-09-2000,1125.28
07-09-2000,1128.36
08-09-2000,1127.39
09-09-2000,NaN
10-09-2000,NaN
11-09-2000,1127.24
12-09-2000,1119.75
13-09-2000,1120.86
14-09-2000,1129.51
15-09-2000,1140.15
16-09-2000,NaN
17-09-2000,NaN
18-09-2000,NaN
19-09-2000,NaN
20-09-2000,1130.7
21-09-2000,1125.49
22-09-2000,1123.37
23-09-2000,NaN
24-09-2000,NaN
25-09-2000,1115.67
26-09-2000,1098.53
27-09-2000,1096.35
28-09-2000,1103.09
29-09-2000,1109.79
30-09-2000,NaN
01-10-2000,NaN
02-10-2000,1102.37
03-10-2000,1091.66
04-10-2000,1089.32
05-10-2000,1094.36
06-10-2000,1094.28
07-10-2000,NaN
08-10-2000,NaN
09-10-2000,NaN
10-10-2000,1085.35
11-10-2000,1074.26
12-10-2000,1046.1
13-10-2000,1054.84
14-10-2000,NaN
15-10-2000,NaN
16-10-2000,1055.81
17-10-2000,1034.07
18-10-2000,1010.79
19-10-2000,1020.25
20-10-2000,1018.26
21-10-2000,NaN
22-10-2000,NaN
23-10-2000,1024.84
24-10-2000,1032.96
25-10-2000,1033.03
26-10-2000,1023.4
27-10-2000,1049.28
28-10-2000,NaN
29-10-2000,NaN
30-10-2000,1041.35
31-10-2000,1060.81
01-11-2000,NaN
02-11-2000,1068.02
03-11-2000,1100.58
04-11-2000,NaN
05-11-2000,NaN
06-11-2000,1117.65
07-11-2000,1121.44
08-11-2000,1115.16
09-11-2000,1103.97
10-11-2000,1104.96
11-11-2000,NaN
12-11-2000,NaN
13-11-2000,1095.17
14-11-2000,1097.51
15-11-2000,1097.76
16-11-2000,1094.59
17-11-2000,1100.29
18-11-2000,NaN
19-11-2000,NaN
20-11-2000,1095.26
21-11-2000,1104.6
22-11-2000,1097.22
23-11-2000,1100.19
24-11-2000,1103.31
25-11-2000,NaN
26-11-2000,NaN
27-11-2000,1103.04
28-11-2000,1092.99
29-11-2000,1090.73
30-11-2000,1086.6
01-12-2000,1088.25
02-12-2000,NaN
03-12-2000,NaN
04-12-2000,1087.21
05-12-2000,1096.25
06-12-2000,1092.35
07-12-2000,1088.38
08-12-2000,NaN
09-12-2000,NaN
10-12-2000,NaN
11-12-2000,1090.44
12-12-2000,1102.2
13-12-2000,1103.79
14-12-2000,1104.86
15-12-2000,1094.49
16-12-2000,NaN
17-12-2000,NaN
18-12-2000,1088.88
19-12-2000,1090.11
20-12-2000,1072.41
21-12-2000,1073.06
22-12-2000,1066.68
23-12-2000,NaN
24-12-2000,NaN
25-12-2000,NaN
26-12-2000,1058.7
27-12-2000,1064.99
28-12-2000,1083.93
29-12-2000,1084.41
30-12-2000,NaN
31-12-2000,NaN
01-01-2001,NaN
02-01-2001,1077.7
03-01-2001,1084.05
04-01-2001,1093.02
05-01-2001,1097.91
06-01-2001,NaN
07-01-2001,NaN
08-01-2001,1094.39
09-01-2001,1091.59
10-01-2001,1094.88
11-01-2001,1101.66
12-01-2001,1102.21
13-01-2001,NaN
14-01-2001,NaN
15-01-2001,1107.47
16-01-2001,1109.72
17-01-2001,1118.4
18-01-2001,1133.82
19-01-2001,1134.33
20-01-2001,NaN
21-01-2001,NaN
22-01-2001,1141.26
23-01-2001,1143.65
24-01-2001,1136.31
25-01-2001,1133.6
26-01-2001,1131.16
27-01-2001,NaN
28-01-2001,NaN
29-01-2001,1128.19
30-01-2001,1131.75
31-01-2001,1138.43
01-02-2001,1134.83
02-02-2001,1130.43
03-02-2001,NaN
04-02-2001,NaN
05-02-2001,1124.23
06-02-2001,1118.36
07-02-2001,1106.39
08-02-2001,1108.32
09-02-2001,1109.06
10-02-2001,NaN
11-02-2001,NaN
12-02-2001,1100.99
13-02-2001,1104.98
14-02-2001,1098.26
15-02-2001,1104.5
16-02-2001,1098.58
17-02-2001,NaN
18-02-2001,NaN
19-02-2001,1099.97
20-02-2001,1101.94
21-02-2001,1094.6
22-02-2001,1093.7
23-02-2001,1089.1
24-02-2001,NaN
25-02-2001,NaN
26-02-2001,1090.93
27-02-2001,1092.01
28-02-2001,1096.2
01-03-2001,1089.15
02-03-2001,1094.65
03-03-2001,NaN
04-03-2001,NaN
05-03-2001,1090.68
06-03-2001,1100.76
07-03-2001,1110.95
08-03-2001,1110.85
09-03-2001,1105.69
10-03-2001,NaN
11-03-2001,NaN
12-03-2001,1084.9
13-03-2001,1074.31
14-03-2001,1061
15-03-2001,1063.91
16-03-2001,1062.49
17-03-2001,NaN
18-03-2001,NaN
19-03-2001,1062.43
20-03-2001,1056.16
21-03-2001,1051.62
22-03-2001,1040.14
23-03-2001,1042.66
24-03-2001,NaN
25-03-2001,NaN
26-03-2001,1049.17
27-03-2001,1052.09
28-03-2001,1049.68
29-03-2001,1052.53
30-03-2001,1062.44
31-03-2001,NaN
01-04-2001,NaN
02-04-2001,1066.17
03-04-2001,1052.53
04-04-2001,1052.72
05-04-2001,1061.66
06-04-2001,1053.14
07-04-2001,NaN
08-04-2001,NaN
09-04-2001,1055.41
10-04-2001,1051.7
11-04-2001,1051.89
12-04-2001,1052.43
13-04-2001,NaN
14-04-2001,NaN
15-04-2001,NaN
16-04-2001,1050.1
17-04-2001,1057.14
18-04-2001,1072.89
19-04-2001,1085.87
20-04-2001,1083.06
21-04-2001,NaN
22-04-2001,NaN
23-04-2001,1078.51
24-04-2001,1072.59
25-04-2001,1072.35
26-04-2001,1084.39
27-04-2001,1102.42
28-04-2001,NaN
29-04-2001,NaN
30-04-2001,1105.66
01-05-2001,NaN
02-05-2001,1115.44
03-05-2001,1110.57
04-05-2001,1126.49
05-05-2001,NaN
06-05-2001,NaN
07-05-2001,1133.24
08-05-2001,1146.45
09-05-2001,1145.73
10-05-2001,1153.97
11-05-2001,1158.22
12-05-2001,NaN
13-05-2001,NaN
14-05-2001,1153.61
15-05-2001,1150.27
16-05-2001,1149.74
17-05-2001,1155.8
18-05-2001,1166.03
19-05-2001,NaN
20-05-2001,NaN
21-05-2001,NaN
22-05-2001,1168.69
23-05-2001,1164.08
24-05-2001,1168.96
25-05-2001,1179.56
26-05-2001,NaN
27-05-2001,NaN
28-05-2001,1180.93
29-05-2001,1189.09
30-05-2001,1190.68
31-05-2001,1208.26
01-06-2001,1205.55
02-06-2001,NaN
03-06-2001,NaN
04-06-2001,1193.6
05-06-2001,1185.46
06-06-2001,1184.04
07-06-2001,1188.37
08-06-2001,1194.23
09-06-2001,NaN
10-06-2001,NaN
11-06-2001,NaN
12-06-2001,1188.55
13-06-2001,1200.51
14-06-2001,1207.93
15-06-2001,1206.73
16-06-2001,NaN
17-06-2001,NaN
18-06-2001,1186.96
19-06-2001,1180.12
20-06-2001,1171.51
21-06-2001,1174.59
22-06-2001,1181.87
23-06-2001,NaN
24-06-2001,NaN
25-06-2001,1177.4
26-06-2001,1168.83
27-06-2001,1159.89
28-06-2001,1164.65
29-06-2001,1169.2
30-06-2001,NaN
01-07-2001,NaN
02-07-2001,NaN
03-07-2001,1168.7
04-07-2001,1175.28
05-07-2001,1185.31
06-07-2001,1181.44
07-07-2001,NaN
08-07-2001,NaN
09-07-2001,1179.62
10-07-2001,1170.95
11-07-2001,1165.38
12-07-2001,1152.53
13-07-2001,1152.32
14-07-2001,NaN
15-07-2001,NaN
16-07-2001,1145.06
17-07-2001,1157.5
18-07-2001,1147.42
19-07-2001,1144.63
20-07-2001,1163.55
21-07-2001,NaN
22-07-2001,NaN
23-07-2001,1173.51
24-07-2001,1173.05
25-07-2001,1185.08
26-07-2001,1186.85
27-07-2001,1190.97
28-07-2001,NaN
29-07-2001,NaN
30-07-2001,1195.69
31-07-2001,1201.15
01-08-2001,1196.76
02-08-2001,1203.24
03-08-2001,1203.81
04-08-2001,NaN
05-08-2001,NaN
06-08-2001,1201
07-08-2001,1202.69
08-08-2001,1213.15
09-08-2001,1220.04
10-08-2001,1229.7
11-08-2001,NaN
12-08-2001,NaN
13-08-2001,1233.35
14-08-2001,1244.96
15-08-2001,NaN
16-08-2001,1252.63
17-08-2001,1236.47
18-08-2001,NaN
19-08-2001,NaN
20-08-2001,1248.94
21-08-2001,1248.94
22-08-2001,1246.56
23-08-2001,1232.75
24-08-2001,1235.23
25-08-2001,NaN
26-08-2001,NaN
27-08-2001,1231.73
28-08-2001,1244.39
29-08-2001,1248.02
30-08-2001,1235.39
31-08-2001,1239.25
01-09-2001,NaN
02-09-2001,NaN
03-09-2001,NaN
04-09-2001,1227.94
05-09-2001,1231.7
06-09-2001,1228.3
07-09-2001,1222.5
08-09-2001,NaN
09-09-2001,NaN
10-09-2001,1211.86
11-09-2001,1177.91
12-09-2001,1185.81
13-09-2001,1164.75
14-09-2001,1144.61
15-09-2001,NaN
16-09-2001,NaN
17-09-2001,1163.95
18-09-2001,NaN
19-09-2001,NaN
20-09-2001,1133.5
21-09-2001,1104.5
22-09-2001,NaN
23-09-2001,NaN
24-09-2001,1108.63
25-09-2001,1103.41
26-09-2001,1092.56
27-09-2001,1077.12
28-09-2001,1071.28
29-09-2001,NaN
30-09-2001,NaN
01-10-2001,1066.64
02-10-2001,1062.74
03-10-2001,1057.16
04-10-2001,1043.98
05-10-2001,1033.96
06-10-2001,NaN
07-10-2001,NaN
08-10-2001,1013.9
09-10-2001,1021.91
10-10-2001,1055.96
11-10-2001,1078.28
12-10-2001,1071.95
13-10-2001,NaN
14-10-2001,NaN
15-10-2001,NaN
16-10-2001,1087.12
17-10-2001,1102.59
18-10-2001,1102.84
19-10-2001,1100.11
20-10-2001,NaN
21-10-2001,NaN
22-10-2001,1114.21
23-10-2001,1127.36
24-10-2001,1131.28
25-10-2001,1122.53
26-10-2001,1136.95
27-10-2001,NaN
28-10-2001,NaN
29-10-2001,1118.21
30-10-2001,1118.34
31-10-2001,1121.87
01-11-2001,NaN
02-11-2001,1115.08
03-11-2001,NaN
04-11-2001,NaN
05-11-2001,1126.26
06-11-2001,1139.82
07-11-2001,1163.13
08-11-2001,1177.65
09-11-2001,1177.17
10-11-2001,NaN
11-11-2001,NaN
12-11-2001,1179.46
13-11-2001,1192.64
14-11-2001,1199.82
15-11-2001,1199.36
16-11-2001,1215.14
17-11-2001,NaN
18-11-2001,NaN
19-11-2001,1237.35
20-11-2001,1222.26
21-11-2001,1221.84
22-11-2001,1226.05
23-11-2001,1226.61
24-11-2001,NaN
25-11-2001,NaN
26-11-2001,1223.71
27-11-2001,1210.39
28-11-2001,1188.63
29-11-2001,1187.86
30-11-2001,1192.07
01-12-2001,NaN
02-12-2001,NaN
03-12-2001,1184.82
04-12-2001,1186.09
05-12-2001,1197.72
06-12-2001,1192
07-12-2001,1195.61
08-12-2001,NaN
09-12-2001,NaN
10-12-2001,1191.43
11-12-2001,1191.18
12-12-2001,1178.22
13-12-2001,1180.21
14-12-2001,1189
15-12-2001,NaN
16-12-2001,NaN
17-12-2001,1188.85
18-12-2001,1195.72
19-12-2001,1193.18
20-12-2001,1175.75
21-12-2001,1187.53
22-12-2001,NaN
23-12-2001,NaN
24-12-2001,1190.3
25-12-2001,NaN
26-12-2001,1186.37
27-12-2001,1187.3
28-12-2001,1183.12
29-12-2001,NaN
30-12-2001,NaN
31-12-2001,NaN
01-01-2002,NaN
02-01-2002,1185.76
03-01-2002,1195.89
04-01-2002,1203.4
05-01-2002,NaN
06-01-2002,NaN
07-01-2002,1188.86
08-01-2002,1168.02
09-01-2002,1148.12
10-01-2002,1152.02
11-01-2002,1154.09
12-01-2002,NaN
13-01-2002,NaN
14-01-2002,1140.32
15-01-2002,1140.78
16-01-2002,1137.89
17-01-2002,1145.32
18-01-2002,1142.21
19-01-2002,NaN
20-01-2002,NaN
21-01-2002,1143.54
22-01-2002,1143.79
23-01-2002,1143.62
24-01-2002,1157.67
25-01-2002,1154.9
26-01-2002,NaN
27-01-2002,NaN
28-01-2002,1152.11
29-01-2002,1155.07
30-01-2002,1149.22
31-01-2002,1153.01
01-02-2002,1156.75
02-02-2002,NaN
03-02-2002,NaN
04-02-2002,1150.74
05-02-2002,1136.88
06-02-2002,1133.06
07-02-2002,1132.41
08-02-2002,1129.74
09-02-2002,NaN
10-02-2002,NaN
11-02-2002,1124.49
12-02-2002,1127.82
13-02-2002,1138.49
14-02-2002,1142.23
15-02-2002,1144.08
16-02-2002,NaN
17-02-2002,NaN
18-02-2002,1145.43
19-02-2002,1133.38
20-02-2002,1122.18
21-02-2002,1127.72
22-02-2002,1125.56
23-02-2002,NaN
24-02-2002,NaN
25-02-2002,1136.1
26-02-2002,1137.84
27-02-2002,1138.37
28-02-2002,1144.39
01-03-2002,1156.75
02-03-2002,NaN
03-03-2002,NaN
04-03-2002,1179.87
05-03-2002,1179.48
06-03-2002,1190.35
07-03-2002,1201.26
08-03-2002,1203.01
09-03-2002,NaN
10-03-2002,NaN
11-03-2002,1191.68
12-03-2002,1181.37
13-03-2002,1185.74
14-03-2002,1181.31
15-03-2002,1187.77
16-03-2002,NaN
17-03-2002,NaN
18-03-2002,1189
19-03-2002,1181.07
20-03-2002,1178.77
21-03-2002,1193.22
22-03-2002,1189.43
23-03-2002,NaN
24-03-2002,NaN
25-03-2002,1181.94
26-03-2002,1182.31
27-03-2002,1159.08
28-03-2002,1163.6
29-03-2002,NaN
30-03-2002,NaN
31-03-2002,NaN
01-04-2002,1151.32
02-04-2002,1139.96
03-04-2002,1146.33
04-04-2002,1150.21
05-04-2002,1151.73
06-04-2002,NaN
07-04-2002,NaN
08-04-2002,1146.27
09-04-2002,1154.58
10-04-2002,1156
11-04-2002,1149.24
12-04-2002,1146.38
13-04-2002,NaN
14-04-2002,NaN
15-04-2002,1139.38
16-04-2002,1153.67
17-04-2002,1152.7
18-04-2002,1147.41
19-04-2002,1150.7
20-04-2002,NaN
21-04-2002,NaN
22-04-2002,1144.2
23-04-2002,1139.51
24-04-2002,NaN
25-04-2002,1129.59
26-04-2002,1130.61
27-04-2002,NaN
28-04-2002,NaN
29-04-2002,1126.98
30-04-2002,1137.83
01-05-2002,NaN
02-05-2002,1141.84
03-05-2002,1140.87
04-05-2002,NaN
05-05-2002,NaN
06-05-2002,1142.07
07-05-2002,1143.4
08-05-2002,1148.91
09-05-2002,1145.91
10-05-2002,1141.75
11-05-2002,NaN
12-05-2002,NaN
13-05-2002,1136.87
14-05-2002,1134.51
15-05-2002,1129.21
16-05-2002,1137.05
17-05-2002,1138.37
18-05-2002,NaN
19-05-2002,NaN
20-05-2002,1139.52
21-05-2002,NaN
22-05-2002,1131.85
23-05-2002,1123.72
24-05-2002,1125.8
25-05-2002,NaN
26-05-2002,NaN
27-05-2002,NaN
28-05-2002,1113.08
29-05-2002,1101.23
30-05-2002,1098.29
31-05-2002,1099.65
01-06-2002,NaN
02-06-2002,NaN
03-06-2002,1090.06
04-06-2002,1080.3
05-06-2002,1076.58
06-06-2002,1069.77
07-06-2002,1078.99
08-06-2002,NaN
09-06-2002,NaN
10-06-2002,1077.92
11-06-2002,1062.16
12-06-2002,1053.77
13-06-2002,1056.65
14-06-2002,1063.55
15-06-2002,NaN
16-06-2002,NaN
17-06-2002,1077.46
18-06-2002,1076.43
19-06-2002,1067.34
20-06-2002,1055.49
21-06-2002,1041.93
22-06-2002,NaN
23-06-2002,NaN
24-06-2002,1050.55
25-06-2002,1050.79
26-06-2002,1031.43
27-06-2002,1033.29
28-06-2002,1031.96
29-06-2002,NaN
30-06-2002,NaN
01-07-2002,1027.66
02-07-2002,1023.94
03-07-2002,1004.27
04-07-2002,1009
05-07-2002,1015.52
06-07-2002,NaN
07-07-2002,NaN
08-07-2002,1008.02
09-07-2002,1002.47
10-07-2002,985.97
11-07-2002,976.46
12-07-2002,981.85
13-07-2002,NaN
14-07-2002,NaN
15-07-2002,961.95
16-07-2002,953.17
17-07-2002,952.48
18-07-2002,967.16
19-07-2002,968.17
20-07-2002,NaN
21-07-2002,NaN
22-07-2002,950.64
23-07-2002,944.69
24-07-2002,963.82
25-07-2002,957.05
26-07-2002,974.24
27-07-2002,NaN
28-07-2002,NaN
29-07-2002,1002.07
30-07-2002,1030.29
31-07-2002,1039.55
01-08-2002,1021.78
02-08-2002,1021.22
03-08-2002,NaN
04-08-2002,NaN
05-08-2002,1001.3
06-08-2002,1019.66
07-08-2002,1045.46
08-08-2002,1070.73
09-08-2002,1052.12
10-08-2002,NaN
11-08-2002,NaN
12-08-2002,1043.74
13-08-2002,1041.06
14-08-2002,1052.62
15-08-2002,NaN
16-08-2002,1057.32
17-08-2002,NaN
18-08-2002,NaN
19-08-2002,1055.63
20-08-2002,1037.29
21-08-2002,1035.38
22-08-2002,1043.59
23-08-2002,1041.98
24-08-2002,NaN
25-08-2002,NaN
26-08-2002,1041.29
27-08-2002,1030.11
28-08-2002,1014.95
29-08-2002,1020.46
30-08-2002,1022.35
31-08-2002,NaN
01-09-2002,NaN
02-09-2002,1015.25
03-09-2002,1006.12
04-09-2002,1007.64
05-09-2002,991.39
06-09-2002,997
07-09-2002,NaN
08-09-2002,NaN
09-09-2002,1004.88
10-09-2002,1008.45
11-09-2002,1015.43
12-09-2002,1002.26
13-09-2002,996.06
14-09-2002,NaN
15-09-2002,NaN
16-09-2002,987.2
17-09-2002,985.56
18-09-2002,NaN
19-09-2002,NaN
20-09-2002,965.76
21-09-2002,NaN
22-09-2002,NaN
23-09-2002,948.66
24-09-2002,932.99
25-09-2002,942.59
26-09-2002,946.63
27-09-2002,937.13
28-09-2002,NaN
29-09-2002,NaN
30-09-2002,927.39
01-10-2002,943.1
02-10-2002,931.94
03-10-2002,935.37
04-10-2002,951.29
05-10-2002,NaN
06-10-2002,NaN
07-10-2002,925.29
08-10-2002,917.96
09-10-2002,894.76
10-10-2002,902.9
11-10-2002,910.27
12-10-2002,NaN
13-10-2002,NaN
14-10-2002,906.12
15-10-2002,899.62
16-10-2002,885.7
17-10-2002,898.6
18-10-2002,918.78
19-10-2002,NaN
20-10-2002,NaN
21-10-2002,917.15
22-10-2002,912.84
23-10-2002,916.41
24-10-2002,926.63
25-10-2002,930.21
26-10-2002,NaN
27-10-2002,NaN
28-10-2002,936.46
29-10-2002,932.91
30-10-2002,948.4
31-10-2002,958.51
01-11-2002,NaN
02-11-2002,NaN
03-11-2002,NaN
04-11-2002,962.88
05-11-2002,970.96
06-11-2002,973.18
07-11-2002,956.02
08-11-2002,949.81
09-11-2002,NaN
10-11-2002,NaN
11-11-2002,941.98
12-11-2002,942.03
13-11-2002,948.44
14-11-2002,966.31
15-11-2002,974.4
16-11-2002,NaN
17-11-2002,NaN
18-11-2002,973.28
19-11-2002,965.97
20-11-2002,961.15
21-11-2002,965.95
22-11-2002,966.62
23-11-2002,NaN
24-11-2002,NaN
25-11-2002,954.07
26-11-2002,944.54
27-11-2002,950.05
28-11-2002,954.4
29-11-2002,960.31
30-11-2002,NaN
01-12-2002,NaN
02-12-2002,959.13
03-12-2002,958
04-12-2002,954.44
05-12-2002,959.63
06-12-2002,971.09
07-12-2002,NaN
08-12-2002,NaN
09-12-2002,962.36
10-12-2002,960.59
11-12-2002,966.04
12-12-2002,964.64
13-12-2002,965.34
14-12-2002,NaN
15-12-2002,NaN
16-12-2002,967.81
17-12-2002,974.56
18-12-2002,994.8
19-12-2002,1006.26
20-12-2002,1004.85
21-12-2002,NaN
22-12-2002,NaN
23-12-2002,1007.28
24-12-2002,996.08
25-12-2002,NaN
26-12-2002,996.92
27-12-2002,998.14
28-12-2002,NaN
29-12-2002,NaN
30-12-2002,1000
31-12-2002,NaN
01-01-2003,NaN
02-01-2003,999.84
03-01-2003,1008.46
04-01-2003,NaN
05-01-2003,NaN
06-01-2003,1020.19
07-01-2003,1014.98
08-01-2003,1005.77
09-01-2003,1021.23
10-01-2003,1030.2
11-01-2003,NaN
12-01-2003,NaN
13-01-2003,1030.85
14-01-2003,1035.68
15-01-2003,1028.47
16-01-2003,1018.85
17-01-2003,1012.91
18-01-2003,NaN
19-01-2003,NaN
20-01-2003,1017.96
21-01-2003,1006.29
22-01-2003,1004.04
23-01-2003,1003.89
24-01-2003,994
25-01-2003,NaN
26-01-2003,NaN
27-01-2003,982.17
28-01-2003,988.65
29-01-2003,984.43
30-01-2003,989.55
31-01-2003,1001.99
01-02-2003,NaN
02-02-2003,NaN
03-02-2003,1003.84
04-02-2003,1004.77
05-02-2003,1013.35
06-02-2003,1010.52
07-02-2003,1015.24
08-02-2003,NaN
09-02-2003,NaN
10-02-2003,1013.89
11-02-2003,1015.24
12-02-2003,1017.42
13-02-2003,1012.79
14-02-2003,1011.29
15-02-2003,NaN
16-02-2003,NaN
17-02-2003,1012.14
18-02-2003,1009.84
19-02-2003,1004.16
20-02-2003,1005.54
21-02-2003,1008.27
22-02-2003,NaN
23-02-2003,NaN
24-02-2003,998.64
25-02-2003,998.47
26-02-2003,998.63
27-02-2003,1007.13
28-02-2003,1014.94
01-03-2003,NaN
02-03-2003,NaN
03-03-2003,1013.78
04-03-2003,1013.39
05-03-2003,1013.38
06-03-2003,1024.39
07-03-2003,1035.26
08-03-2003,NaN
09-03-2003,NaN
10-03-2003,1019.96
11-03-2003,1012.79
12-03-2003,1018.72
13-03-2003,1019.18
14-03-2003,1017.52
15-03-2003,NaN
16-03-2003,NaN
17-03-2003,1014.05
18-03-2003,1015.07
19-03-2003,1017.13
20-03-2003,1023.22
21-03-2003,1022.98
22-03-2003,NaN
23-03-2003,NaN
24-03-2003,1012.22
25-03-2003,1011.27
26-03-2003,1007.9
27-03-2003,1003.92
28-03-2003,1009.34
29-03-2003,NaN
30-03-2003,NaN
31-03-2003,1009.13
01-04-2003,1006.93
02-04-2003,1013.12
03-04-2003,1016.43
04-04-2003,1018.79
05-04-2003,NaN
06-04-2003,NaN
07-04-2003,1026.47
08-04-2003,1025.55
09-04-2003,1031.89
10-04-2003,1043.98
11-04-2003,1052.4
12-04-2003,NaN
13-04-2003,NaN
14-04-2003,1063.6
15-04-2003,1068.6
16-04-2003,1075.03
17-04-2003,1086.48
18-04-2003,NaN
19-04-2003,NaN
20-04-2003,NaN
21-04-2003,1089.38
22-04-2003,1083.28
23-04-2003,1103.15
24-04-2003,1109.59
25-04-2003,1109.69
26-04-2003,NaN
27-04-2003,NaN
28-04-2003,1114.79
29-04-2003,1138.79
30-04-2003,1163.96
01-05-2003,NaN
02-05-2003,1183.96
03-05-2003,NaN
04-05-2003,NaN
05-05-2003,1192.48
06-05-2003,1176.75
07-05-2003,1181.65
08-05-2003,1178.27
09-05-2003,1200.82
10-05-2003,NaN
11-05-2003,NaN
12-05-2003,1209.1
13-05-2003,1224.78
14-05-2003,1225.03
15-05-2003,1228.37
16-05-2003,1206.53
17-05-2003,NaN
18-05-2003,NaN
19-05-2003,1177.36
20-05-2003,1160.38
21-05-2003,NaN
22-05-2003,1193.09
23-05-2003,1197.06
24-05-2003,NaN
25-05-2003,NaN
26-05-2003,1202.29
27-05-2003,1205.09
28-05-2003,1224.38
29-05-2003,1229.82
30-05-2003,1231.01
31-05-2003,NaN
01-06-2003,NaN
02-06-2003,1242.04
03-06-2003,1240.24
04-06-2003,1247.19
05-06-2003,1257.58
06-06-2003,1270.85
07-06-2003,NaN
08-06-2003,NaN
09-06-2003,1273.81
10-06-2003,1275.06
11-06-2003,1273.53
12-06-2003,1280.31
13-06-2003,1277.89
14-06-2003,NaN
15-06-2003,NaN
16-06-2003,NaN
17-06-2003,1282.59
18-06-2003,1263.92
19-06-2003,1253.57
20-06-2003,1245.38
21-06-2003,NaN
22-06-2003,NaN
23-06-2003,1225.51
24-06-2003,1213.2
25-06-2003,1224.17
26-06-2003,1214.84
27-06-2003,1228.08
28-06-2003,NaN
29-06-2003,NaN
30-06-2003,1228.12
01-07-2003,1253.98
02-07-2003,1261.9
03-07-2003,1257.07
04-07-2003,1257.53
05-07-2003,NaN
06-07-2003,NaN
07-07-2003,1262.93
08-07-2003,1264.37
09-07-2003,1253.13
10-07-2003,1242.56
11-07-2003,1256.7
12-07-2003,NaN
13-07-2003,NaN
14-07-2003,1254.38
15-07-2003,1253.15
16-07-2003,1247.33
17-07-2003,1238.74
18-07-2003,1248.75
19-07-2003,NaN
20-07-2003,NaN
21-07-2003,1246.35
22-07-2003,1263.4
23-07-2003,1275.81
24-07-2003,1278.98
25-07-2003,1301.84
26-07-2003,NaN
27-07-2003,NaN
28-07-2003,1300.12
29-07-2003,1302.26
30-07-2003,1306.33
31-07-2003,1321.38
01-08-2003,1333.51
02-08-2003,NaN
03-08-2003,NaN
04-08-2003,1319.24
05-08-2003,1308.69
06-08-2003,1323.28
07-08-2003,1326.99
08-08-2003,1335.45
09-08-2003,NaN
10-08-2003,NaN
11-08-2003,1347.03
12-08-2003,1357.63
13-08-2003,1373.53
14-08-2003,1398.51
15-08-2003,NaN
16-08-2003,NaN
17-08-2003,NaN
18-08-2003,1401.7
19-08-2003,1395.24
20-08-2003,1398.68
21-08-2003,1389.71
22-08-2003,1367.35
23-08-2003,NaN
24-08-2003,NaN
25-08-2003,1354.34
26-08-2003,1343.39
27-08-2003,1363.48
28-08-2003,1368.03
29-08-2003,1369.62
30-08-2003,NaN
31-08-2003,NaN
01-09-2003,1370.21
02-09-2003,1363.82
03-09-2003,1363.47
04-09-2003,1348.49
05-09-2003,1354.45
06-09-2003,NaN
07-09-2003,NaN
08-09-2003,1368.36
09-09-2003,1372.69
10-09-2003,1372.18
11-09-2003,1380.7
12-09-2003,1364.71
13-09-2003,NaN
14-09-2003,NaN
15-09-2003,1358.63
16-09-2003,1366.55
17-09-2003,1370.04
18-09-2003,NaN
19-09-2003,NaN
20-09-2003,NaN
21-09-2003,NaN
22-09-2003,1359.18
23-09-2003,1380.37
24-09-2003,1378.36
25-09-2003,1393.09
26-09-2003,1415.21
27-09-2003,NaN
28-09-2003,NaN
29-09-2003,1432.58
30-09-2003,1430.49
01-10-2003,1456.35
02-10-2003,1458.66
03-10-2003,1475.7
04-10-2003,NaN
05-10-2003,NaN
06-10-2003,1483.92
07-10-2003,1467.07
08-10-2003,1487.25
09-10-2003,1500.14
10-10-2003,1519.15
11-10-2003,NaN
12-10-2003,NaN
13-10-2003,1530.55
14-10-2003,1559.87
15-10-2003,1557.37
16-10-2003,1565.71
17-10-2003,1560.32
18-10-2003,NaN
19-10-2003,NaN
20-10-2003,1575.89
21-10-2003,1585.78
22-10-2003,1584.43
23-10-2003,1561.29
24-10-2003,1551.21
25-10-2003,NaN
26-10-2003,NaN
27-10-2003,1559.78
28-10-2003,1554.21
29-10-2003,1548.41
30-10-2003,1531.82
31-10-2003,1515.96
01-11-2003,NaN
02-11-2003,NaN
03-11-2003,1505.31
04-11-2003,1466.33
05-11-2003,1443.76
06-11-2003,1435.43
07-11-2003,1419.83
08-11-2003,NaN
09-11-2003,NaN
10-11-2003,1383.97
11-11-2003,1407.42
12-11-2003,1437.3
13-11-2003,1458.03
14-11-2003,1469.6
15-11-2003,NaN
16-11-2003,NaN
17-11-2003,1447.07
18-11-2003,1432.63
19-11-2003,1421.68
20-11-2003,1408.94
21-11-2003,1414.19
22-11-2003,NaN
23-11-2003,NaN
24-11-2003,1422.5
25-11-2003,1423.02
26-11-2003,1426.16
27-11-2003,1436.77
28-11-2003,1458.34
29-11-2003,NaN
30-11-2003,NaN
01-12-2003,1486.05
02-12-2003,1476.64
03-12-2003,1469.28
04-12-2003,1478.04
05-12-2003,1485.62
06-12-2003,NaN
07-12-2003,NaN
08-12-2003,NaN
09-12-2003,1464.96
10-12-2003,1453.13
11-12-2003,1456.49
12-12-2003,1464.85
13-12-2003,NaN
14-12-2003,NaN
15-12-2003,1461.16
16-12-2003,1439.16
17-12-2003,1437.59
18-12-2003,1449.13
19-12-2003,1440.13
20-12-2003,NaN
21-12-2003,NaN
22-12-2003,1449.15
23-12-2003,1468.53
24-12-2003,1469.44
25-12-2003,NaN
26-12-2003,1471.92
27-12-2003,NaN
28-12-2003,NaN
29-12-2003,1478.61
30-12-2003,1484.8
31-12-2003,NaN
01-01-2004,NaN
02-01-2004,1484.6
03-01-2004,NaN
04-01-2004,NaN
05-01-2004,1484.8
06-01-2004,1466.77
07-01-2004,1461.6
08-01-2004,1462.85
09-01-2004,1476.4
10-01-2004,NaN
11-01-2004,NaN
12-01-2004,1475.81
13-01-2004,1467.89
14-01-2004,1481.69
15-01-2004,1475.09
16-01-2004,1459.48
17-01-2004,NaN
18-01-2004,NaN
19-01-2004,1455.98
20-01-2004,1453.98
21-01-2004,1446.37
22-01-2004,1451.02
23-01-2004,1453.5
24-01-2004,NaN
25-01-2004,NaN
26-01-2004,1438.92
27-01-2004,1439.96
28-01-2004,1432.74
29-01-2004,1415.25
30-01-2004,1408.86
31-01-2004,NaN
01-02-2004,NaN
02-02-2004,1411.33
03-02-2004,1416.47
04-02-2004,1412.48
05-02-2004,1426.19
06-02-2004,1424.71
07-02-2004,NaN
08-02-2004,NaN
09-02-2004,1427.29
10-02-2004,1428.7
11-02-2004,1432.95
12-02-2004,1435.47
13-02-2004,1445.45
14-02-2004,NaN
15-02-2004,NaN
16-02-2004,1461.6
17-02-2004,1487.43
18-02-2004,1514.61
19-02-2004,1506.62
20-02-2004,1504.79
21-02-2004,NaN
22-02-2004,NaN
23-02-2004,1533.4
24-02-2004,1524.81
25-02-2004,1531.23
26-02-2004,1537.33
27-02-2004,1543.08
28-02-2004,NaN
29-02-2004,NaN
01-03-2004,1546.97
02-03-2004,1567.81
03-03-2004,1568.41
04-03-2004,1554.09
05-03-2004,1540.53
06-03-2004,NaN
07-03-2004,NaN
08-03-2004,1493.64
09-03-2004,1512.68
10-03-2004,1512.69
11-03-2004,1496.58
12-03-2004,1484.66
13-03-2004,NaN
14-03-2004,NaN
15-03-2004,1463.44
16-03-2004,1474.68
17-03-2004,1475.37
18-03-2004,1460.97
19-03-2004,1453.67
20-03-2004,NaN
21-03-2004,NaN
22-03-2004,1424.25
23-03-2004,1429.5
24-03-2004,1418.01
25-03-2004,1441.44
26-03-2004,1433.87
27-03-2004,NaN
28-03-2004,NaN
29-03-2004,1447.3
30-03-2004,1449.62
31-03-2004,1458.9
01-04-2004,1480.31
02-04-2004,1488.92
03-04-2004,NaN
04-04-2004,NaN
05-04-2004,1507.66
06-04-2004,1500.93
07-04-2004,1496.3
08-04-2004,1481.62
09-04-2004,NaN
10-04-2004,NaN
11-04-2004,NaN
12-04-2004,1487.93
13-04-2004,1479.87
14-04-2004,1475.33
15-04-2004,1459.1
16-04-2004,1465.04
17-04-2004,NaN
18-04-2004,NaN
19-04-2004,1450.53
20-04-2004,1444.5
21-04-2004,1430.84
22-04-2004,1446.11
23-04-2004,1460.88
24-04-2004,NaN
25-04-2004,NaN
26-04-2004,1461.44
27-04-2004,1460.48
28-04-2004,1444.08
29-04-2004,1432.54
30-04-2004,1430.6
01-05-2004,NaN
02-05-2004,NaN
03-05-2004,1415.36
04-05-2004,1427.94
05-05-2004,1443.41
06-05-2004,1429.85
07-05-2004,1421.9
08-05-2004,NaN
09-05-2004,NaN
10-05-2004,1390.63
11-05-2004,1417.52
12-05-2004,1415.79
13-05-2004,1408.41
14-05-2004,1415.9
15-05-2004,NaN
16-05-2004,NaN
17-05-2004,1400.21
18-05-2004,1408.85
19-05-2004,1422.63
20-05-2004,1412.83
21-05-2004,NaN
22-05-2004,NaN
23-05-2004,NaN
24-05-2004,1400.54
25-05-2004,1400.01
26-05-2004,1417.97
27-05-2004,1438.64
28-05-2004,1429.42
29-05-2004,NaN
30-05-2004,NaN
31-05-2004,1428.8
01-06-2004,1415.86
02-06-2004,1415.7
03-06-2004,1398.45
04-06-2004,1400.83
05-06-2004,NaN
06-06-2004,NaN
07-06-2004,NaN
08-06-2004,1419.28
09-06-2004,1435.83
10-06-2004,1442.92
11-06-2004,1447.4
12-06-2004,NaN
13-06-2004,NaN
14-06-2004,1436.95
15-06-2004,1446.41
16-06-2004,1460.46
17-06-2004,1470.31
18-06-2004,1472.27
19-06-2004,NaN
20-06-2004,NaN
21-06-2004,1468.12
22-06-2004,1457.91
23-06-2004,1472.56
24-06-2004,1477.02
25-06-2004,1477.01
26-06-2004,NaN
27-06-2004,NaN
28-06-2004,NaN
29-06-2004,1476.63
30-06-2004,1482.98
01-07-2004,1480.35
02-07-2004,1481.36
03-07-2004,NaN
04-07-2004,NaN
05-07-2004,1476.39
06-07-2004,1478.03
07-07-2004,1488.66
08-07-2004,1489.85
09-07-2004,1496.76
10-07-2004,NaN
11-07-2004,NaN
12-07-2004,1500.42
13-07-2004,1499.79
14-07-2004,1500.45
15-07-2004,1498.09
16-07-2004,1508.1
17-07-2004,NaN
18-07-2004,NaN
19-07-2004,1498.84
20-07-2004,1504.38
21-07-2004,1502.58
22-07-2004,1499.96
23-07-2004,1497.33
24-07-2004,NaN
25-07-2004,NaN
26-07-2004,1495.02
27-07-2004,1506.53
28-07-2004,1506.75
29-07-2004,1521.64
30-07-2004,1520.85
31-07-2004,NaN
01-08-2004,NaN
02-08-2004,1522.5
03-08-2004,1521.73
04-08-2004,1522.05
05-08-2004,1526.58
06-08-2004,1524.4
07-08-2004,NaN
08-08-2004,NaN
09-08-2004,1532.39
10-08-2004,1532.27
11-08-2004,1538.33
12-08-2004,1542.92
13-08-2004,1539.79
14-08-2004,NaN
15-08-2004,NaN
16-08-2004,1545.46
17-08-2004,1563.9
18-08-2004,1586.03
19-08-2004,1585.45
20-08-2004,1596.53
21-08-2004,NaN
22-08-2004,NaN
23-08-2004,1592.27
24-08-2004,1591.9
25-08-2004,1600.85
26-08-2004,1600.74
27-08-2004,1626.43
28-08-2004,NaN
29-08-2004,NaN
30-08-2004,1623.72
31-08-2004,1631.41
01-09-2004,1636.35
02-09-2004,1634.98
03-09-2004,1642.03
04-09-2004,NaN
05-09-2004,NaN
06-09-2004,1642.18
07-09-2004,1629.2
08-09-2004,1614.78
09-09-2004,1599.06
10-09-2004,1608.01
11-09-2004,NaN
12-09-2004,NaN
13-09-2004,1609.48
14-09-2004,1630.04
15-09-2004,1647.15
16-09-2004,1658.55
17-09-2004,NaN
18-09-2004,NaN
19-09-2004,NaN
20-09-2004,1661.26
21-09-2004,1682.94
22-09-2004,1672.65
23-09-2004,1684.55
24-09-2004,1690.75
25-09-2004,NaN
26-09-2004,NaN
27-09-2004,1693.7
28-09-2004,1687.82
29-09-2004,1714.76
30-09-2004,1707.02
01-10-2004,1731.16
02-10-2004,NaN
03-10-2004,NaN
04-10-2004,1743.01
05-10-2004,1731.59
06-10-2004,1724.43
07-10-2004,1716.72
08-10-2004,1703.44
09-10-2004,NaN
10-10-2004,NaN
11-10-2004,NaN
12-10-2004,1691.15
13-10-2004,1678.06
14-10-2004,1681.31
15-10-2004,1700.04
16-10-2004,NaN
17-10-2004,NaN
18-10-2004,1721.47
19-10-2004,1727.56
20-10-2004,1714.31
21-10-2004,1739.26
22-10-2004,1749.38
23-10-2004,NaN
24-10-2004,NaN
25-10-2004,1723.8
26-10-2004,1725.2
27-10-2004,1739.86
28-10-2004,1758.84
29-10-2004,1768.2
30-10-2004,NaN
31-10-2004,NaN
01-11-2004,NaN
02-11-2004,1782.38
03-11-2004,1771.34
04-11-2004,1774.92
05-11-2004,1768.21
06-11-2004,NaN
07-11-2004,NaN
08-11-2004,1759.29
09-11-2004,1750.12
10-11-2004,1745.32
11-11-2004,1741.53
12-11-2004,1740.98
13-11-2004,NaN
14-11-2004,NaN
15-11-2004,1725.29
16-11-2004,1733.9
17-11-2004,1739.3
18-11-2004,1749.09
19-11-2004,NaN
20-11-2004,NaN
21-11-2004,NaN
22-11-2004,1748.71
23-11-2004,1761.33
24-11-2004,1770.21
25-11-2004,1775.53
26-11-2004,1773.94
27-11-2004,NaN
28-11-2004,NaN
29-11-2004,1775.39
30-11-2004,1790.47
01-12-2004,1808.5
02-12-2004,1808.05
03-12-2004,1806.77
04-12-2004,NaN
05-12-2004,NaN
06-12-2004,1802.14
07-12-2004,1786.9
08-12-2004,NaN
09-12-2004,1770.4
10-12-2004,1783.55
11-12-2004,NaN
12-12-2004,NaN
13-12-2004,1790.01
14-12-2004,1801.3
15-12-2004,1800.68
16-12-2004,1798.93
17-12-2004,1797.95
18-12-2004,NaN
19-12-2004,NaN
20-12-2004,1798.26
21-12-2004,1810.1
22-12-2004,1825.34
23-12-2004,1815.88
24-12-2004,1811.35
25-12-2004,NaN
26-12-2004,NaN
27-12-2004,1793.67
28-12-2004,1794.97
29-12-2004,1797.45
30-12-2004,1796.48
31-12-2004,NaN
01-01-2005,NaN
02-01-2005,NaN
03-01-2005,1795.89
04-01-2005,1781.05
05-01-2005,1767.74
06-01-2005,1750.7
07-01-2005,1764.46
08-01-2005,NaN
09-01-2005,NaN
10-01-2005,1754.39
11-01-2005,1717.08
12-01-2005,1710.07
13-01-2005,1733.64
14-01-2005,1745.31
15-01-2005,NaN
16-01-2005,NaN
17-01-2005,1745.31
18-01-2005,1726.65
19-01-2005,1743.78
20-01-2005,1755.53
21-01-2005,1753.34
22-01-2005,NaN
23-01-2005,NaN
24-01-2005,1746.31
25-01-2005,1757.86
26-01-2005,1772.62
27-01-2005,1793.85
28-01-2005,1799.67
29-01-2005,NaN
30-01-2005,NaN
31-01-2005,1809.88
01-02-2005,1803.58
02-02-2005,1802.45
03-02-2005,1805.43
04-02-2005,1815.54
05-02-2005,NaN
06-02-2005,NaN
07-02-2005,1829.28
08-02-2005,1836.34
09-02-2005,1826.18
10-02-2005,1828.09
11-02-2005,1825.34
12-02-2005,NaN
13-02-2005,NaN
14-02-2005,1828.25
15-02-2005,1829.18
16-02-2005,1827.3
17-02-2005,1832.43
18-02-2005,1838.44
19-02-2005,NaN
20-02-2005,NaN
21-02-2005,1843.74
22-02-2005,1847.95
23-02-2005,1855.62
24-02-2005,1874.79
25-02-2005,1887.33
26-02-2005,NaN
27-02-2005,NaN
28-02-2005,1895.2
01-03-2005,1912.7
02-03-2005,1917.34
03-03-2005,1928.29
04-03-2005,1920.72
05-03-2005,NaN
06-03-2005,NaN
07-03-2005,1915.91
08-03-2005,1934.63
09-03-2005,1933.93
10-03-2005,1929.29
11-03-2005,1910.55
12-03-2005,NaN
13-03-2005,NaN
14-03-2005,1892.77
15-03-2005,1902.51
16-03-2005,1913.84
17-03-2005,1923
18-03-2005,1936.29
19-03-2005,NaN
20-03-2005,NaN
21-03-2005,1950.11
22-03-2005,1941.35
23-03-2005,1922.79
24-03-2005,1942.75
25-03-2005,NaN
26-03-2005,NaN
27-03-2005,NaN
28-03-2005,1968.84
29-03-2005,1941.65
30-03-2005,1953.19
31-03-2005,1961.69
01-04-2005,1955.89
02-04-2005,NaN
03-04-2005,NaN
04-04-2005,1950.33
05-04-2005,1959.26
06-04-2005,1974.23
07-04-2005,1988.31
08-04-2005,1992.53
09-04-2005,NaN
10-04-2005,NaN
11-04-2005,1996.89
12-04-2005,2008.03
13-04-2005,1997.56
14-04-2005,1976.41
15-04-2005,1963.66
16-04-2005,NaN
17-04-2005,NaN
18-04-2005,1978.11
19-04-2005,1990.48
20-04-2005,1989.8
21-04-2005,1989.84
22-04-2005,1982.2
23-04-2005,NaN
24-04-2005,NaN
25-04-2005,1964.61
26-04-2005,1976.15
27-04-2005,1949.84
28-04-2005,1947.71
29-04-2005,1956.98
30-04-2005,NaN
01-05-2005,NaN
02-05-2005,1961.45
03-05-2005,1972.85
04-05-2005,1992.39
05-05-2005,1988.49
06-05-2005,1993.43
07-05-2005,NaN
08-05-2005,NaN
09-05-2005,1996.83
10-05-2005,1987.77
11-05-2005,1977.05
12-05-2005,1965.21
13-05-2005,1949.96
14-05-2005,NaN
15-05-2005,NaN
16-05-2005,1928.96
17-05-2005,1950.13
18-05-2005,1962.72
19-05-2005,1955.13
20-05-2005,1953.9
21-05-2005,NaN
22-05-2005,NaN
23-05-2005,NaN
24-05-2005,1940.49
25-05-2005,1934.59
26-05-2005,1940.73
27-05-2005,1951.01
28-05-2005,NaN
29-05-2005,NaN
30-05-2005,1969.51
31-05-2005,1968.78
01-06-2005,1985.33
02-06-2005,2005.98
03-06-2005,2012.91
04-06-2005,NaN
05-06-2005,NaN
06-06-2005,2011.19
07-06-2005,2006.48
08-06-2005,2010.32
09-06-2005,2005.48
10-06-2005,2017.49
11-06-2005,NaN
12-06-2005,NaN
13-06-2005,2014.12
14-06-2005,2024.98
15-06-2005,2041
16-06-2005,2058.48
17-06-2005,2065.54
18-06-2005,NaN
19-06-2005,NaN
20-06-2005,2053.94
21-06-2005,2075.26
22-06-2005,2088.93
23-06-2005,2068.64
24-06-2005,2063.51
25-06-2005,NaN
26-06-2005,NaN
27-06-2005,NaN
28-06-2005,2071.3
29-06-2005,2055.91
30-06-2005,2056.84
01-07-2005,2062.9
02-07-2005,NaN
03-07-2005,NaN
04-07-2005,2061.2
05-07-2005,2062.89
06-07-2005,2063.61
07-07-2005,2058.34
08-07-2005,2061.33
09-07-2005,NaN
10-07-2005,NaN
11-07-2005,2062.51
12-07-2005,2067.38
13-07-2005,2084.07
14-07-2005,2095.39
15-07-2005,2091.43
16-07-2005,NaN
17-07-2005,NaN
18-07-2005,2103.02
19-07-2005,2132.74
20-07-2005,2127.26
21-07-2005,2136.36
22-07-2005,2151.86
23-07-2005,NaN
24-07-2005,NaN
25-07-2005,2158.77
26-07-2005,2152.79
27-07-2005,2155.76
28-07-2005,2177.52
29-07-2005,2175.06
30-07-2005,NaN
31-07-2005,NaN
01-08-2005,2194.06
02-08-2005,2214.07
03-08-2005,2198.18
04-08-2005,2187.72
05-08-2005,2152.19
06-08-2005,NaN
07-08-2005,NaN
08-08-2005,2164.55
09-08-2005,2166.06
10-08-2005,2141.43
11-08-2005,2132.37
12-08-2005,2107.27
13-08-2005,NaN
14-08-2005,NaN
15-08-2005,NaN
16-08-2005,2106.33
17-08-2005,2111.7
18-08-2005,2105.21
19-08-2005,2089.08
20-08-2005,NaN
21-08-2005,NaN
22-08-2005,2083.97
23-08-2005,2123.18
24-08-2005,2132.26
25-08-2005,2127.43
26-08-2005,2124.87
27-08-2005,NaN
28-08-2005,NaN
29-08-2005,2107.53
30-08-2005,2086.08
31-08-2005,2086.25
01-09-2005,2080.79
02-09-2005,2065.33
03-09-2005,NaN
04-09-2005,NaN
05-09-2005,2046.72
06-09-2005,2073.03
07-09-2005,2092.65
08-09-2005,2098.06
09-09-2005,2101.03
10-09-2005,NaN
11-09-2005,NaN
12-09-2005,2115.16
13-09-2005,2118.79
14-09-2005,2123.95
15-09-2005,2111.52
16-09-2005,2121.57
17-09-2005,NaN
18-09-2005,NaN
19-09-2005,NaN
20-09-2005,2146.15
21-09-2005,2162.22
22-09-2005,2154.17
23-09-2005,2158.25
24-09-2005,NaN
25-09-2005,NaN
26-09-2005,2160.28
27-09-2005,2146.37
28-09-2005,2138.37
29-09-2005,2140.14
30-09-2005,2152.82
01-10-2005,NaN
02-10-2005,NaN
03-10-2005,2181.27
04-10-2005,2190.06
05-10-2005,2163.47
06-10-2005,2150.26
07-10-2005,2160.43
08-10-2005,NaN
09-10-2005,NaN
10-10-2005,NaN
11-10-2005,2163.85
12-10-2005,2142.09
13-10-2005,2132.07
14-10-2005,2131.97
15-10-2005,NaN
16-10-2005,NaN
17-10-2005,2137.17
18-10-2005,2131.61
19-10-2005,2125.46
20-10-2005,2098.84
21-10-2005,2100.32
22-10-2005,NaN
23-10-2005,NaN
24-10-2005,2118.65
25-10-2005,2094.21
26-10-2005,2104.42
27-10-2005,2073.3
28-10-2005,2056.94
29-10-2005,NaN
30-10-2005,NaN
31-10-2005,2072.64
01-11-2005,NaN
02-11-2005,2095.63
03-11-2005,2075.54
04-11-2005,2036
05-11-2005,NaN
06-11-2005,NaN
07-11-2005,1998.11
08-11-2005,1985.71
09-11-2005,2014.7
10-11-2005,2013.99
11-11-2005,2023.76
12-11-2005,NaN
13-11-2005,NaN
14-11-2005,2015.97
15-11-2005,2002
16-11-2005,2032.18
17-11-2005,2071.51
18-11-2005,2083.46
19-11-2005,NaN
20-11-2005,NaN
21-11-2005,2068.73
22-11-2005,2067.87
23-11-2005,2070.75
24-11-2005,2056.97
25-11-2005,2069.49
26-11-2005,NaN
27-11-2005,NaN
28-11-2005,2034.9
29-11-2005,2030.27
30-11-2005,2027.61
01-12-2005,2049.78
02-12-2005,2056.91
03-12-2005,NaN
04-12-2005,NaN
05-12-2005,2041.44
06-12-2005,2035.54
07-12-2005,2006.73
08-12-2005,NaN
09-12-2005,2004.37
10-12-2005,NaN
11-12-2005,NaN
12-12-2005,1979.15
13-12-2005,1962.2
14-12-2005,1941.86
15-12-2005,1978.11
16-12-2005,1996.92
17-12-2005,NaN
18-12-2005,NaN
19-12-2005,1984.87
20-12-2005,1961.13
21-12-2005,1946.8
22-12-2005,1954.03
23-12-2005,1968.12
24-12-2005,NaN
25-12-2005,NaN
26-12-2005,1947.54
27-12-2005,1950.27
28-12-2005,1946.04
29-12-2005,1961.02
30-12-2005,1964.47
31-12-2005,NaN
01-01-2006,NaN
02-01-2006,1939.6
03-01-2006,1976.12
04-01-2006,2020.4
05-01-2006,2042.68
06-01-2006,2071.12
07-01-2006,NaN
08-01-2006,NaN
09-01-2006,2057.49
10-01-2006,2051.74
11-01-2006,2077.96
12-01-2006,2061.28
13-01-2006,2069.56
14-01-2006,NaN
15-01-2006,NaN
16-01-2006,2061.75
17-01-2006,2055.69
18-01-2006,2051.85
19-01-2006,2069.96
20-01-2006,2063.55
21-01-2006,NaN
22-01-2006,NaN
23-01-2006,2047.55
24-01-2006,2056.15
25-01-2006,2067.15
26-01-2006,2098.32
27-01-2006,2110.65
28-01-2006,NaN
29-01-2006,NaN
30-01-2006,2115.37
31-01-2006,2118.46
01-02-2006,2119.73
02-02-2006,2101.94
03-02-2006,2114.46
04-02-2006,NaN
05-02-2006,NaN
06-02-2006,2118.29
07-02-2006,2105.67
08-02-2006,2111.83
09-02-2006,2131.53
10-02-2006,2138.12
11-02-2006,NaN
12-02-2006,NaN
13-02-2006,2135.19
14-02-2006,2122.02
15-02-2006,2116.56
16-02-2006,2101.81
17-02-2006,2106.78
18-02-2006,NaN
19-02-2006,NaN
20-02-2006,2099.59
21-02-2006,2113.95
22-02-2006,2143.79
23-02-2006,2158.59
24-02-2006,2163.76
25-02-2006,NaN
26-02-2006,NaN
27-02-2006,2176.9
28-02-2006,2166.84
01-03-2006,2152.48
02-03-2006,2145.72
03-03-2006,2159.62
04-03-2006,NaN
05-03-2006,NaN
06-03-2006,2160.8
07-03-2006,2130.11
08-03-2006,2126.07
09-03-2006,2119.86
10-03-2006,2123.96
11-03-2006,NaN
12-03-2006,NaN
13-03-2006,2138.24
14-03-2006,2145.35
15-03-2006,2154.37
16-03-2006,2162.15
17-03-2006,2166.55
18-03-2006,NaN
19-03-2006,NaN
20-03-2006,2176.6
21-03-2006,2172.41
22-03-2006,2169.31
23-03-2006,2173.91
24-03-2006,2182.29
25-03-2006,NaN
26-03-2006,NaN
27-03-2006,2172.55
28-03-2006,2171.43
29-03-2006,2191.19
30-03-2006,2185.92
31-03-2006,2181.96
01-04-2006,NaN
02-04-2006,NaN
03-04-2006,2183.59
04-04-2006,2184.1
05-04-2006,2181.56
06-04-2006,2180.06
07-04-2006,2170.1
08-04-2006,NaN
09-04-2006,NaN
10-04-2006,2156.06
11-04-2006,2127.31
12-04-2006,2137.88
13-04-2006,2150.96
14-04-2006,NaN
15-04-2006,NaN
16-04-2006,NaN
17-04-2006,2155.35
18-04-2006,2183.48
19-04-2006,2182.11
20-04-2006,2195.99
21-04-2006,2210.09
22-04-2006,NaN
23-04-2006,NaN
24-04-2006,2222.55
25-04-2006,2213.23
26-04-2006,2208.5
27-04-2006,2211.84
28-04-2006,2201.56
29-04-2006,NaN
30-04-2006,NaN
01-05-2006,NaN
02-05-2006,2201.79
03-05-2006,2209.32
04-05-2006,2200.79
05-05-2006,2218.81
06-05-2006,NaN
07-05-2006,NaN
08-05-2006,2242.94
09-05-2006,2243.82
10-05-2006,2237.04
11-05-2006,2227.94
12-05-2006,2211.95
13-05-2006,NaN
14-05-2006,NaN
15-05-2006,2195.9
16-05-2006,2211.07
17-05-2006,2168.87
18-05-2006,2150.69
19-05-2006,2160.39
20-05-2006,NaN
21-05-2006,NaN
22-05-2006,2127.41
23-05-2006,2135.03
24-05-2006,2124.75
25-05-2006,2139.96
26-05-2006,2153.22
27-05-2006,NaN
28-05-2006,NaN
29-05-2006,2148.46
30-05-2006,2115.31
31-05-2006,2156.53
01-06-2006,2163.02
02-06-2006,2163.08
03-06-2006,NaN
04-06-2006,NaN
05-06-2006,2148.68
06-06-2006,2135.31
07-06-2006,2109.04
08-06-2006,2102.97
09-06-2006,2079.11
10-06-2006,NaN
11-06-2006,NaN
12-06-2006,NaN
13-06-2006,1988.24
14-06-2006,1997.36
15-06-2006,2054.92
16-06-2006,2062.92
17-06-2006,NaN
18-06-2006,NaN
19-06-2006,2033.16
20-06-2006,2043.67
21-06-2006,2074.11
22-06-2006,2078.64
23-06-2006,2072.8
24-06-2006,NaN
25-06-2006,NaN
26-06-2006,NaN
27-06-2006,2067.52
28-06-2006,2070.89
29-06-2006,2119.92
30-06-2006,2126.02
01-07-2006,NaN
02-07-2006,NaN
03-07-2006,2142.6
04-07-2006,2146.57
05-07-2006,2126.35
06-07-2006,2122.96
07-07-2006,2105.78
08-07-2006,NaN
09-07-2006,NaN
10-07-2006,2103.34
11-07-2006,2103
12-07-2006,2100.48
13-07-2006,2079.64
14-07-2006,2063.22
15-07-2006,NaN
16-07-2006,NaN
17-07-2006,2039.79
18-07-2006,2064.3
19-07-2006,2091.53
20-07-2006,2082.04
21-07-2006,2073.13
22-07-2006,NaN
23-07-2006,NaN
24-07-2006,2084.9
25-07-2006,2097.18
26-07-2006,2118.47
27-07-2006,2119.43
28-07-2006,2133.39
29-07-2006,NaN
30-07-2006,NaN
31-07-2006,2131.58
01-08-2006,2111.68
02-08-2006,2136.56
03-08-2006,2136.3
04-08-2006,2147.41
05-08-2006,NaN
06-08-2006,NaN
07-08-2006,2141.75
08-08-2006,2137.52
09-08-2006,2149.37
10-08-2006,2154.82
11-08-2006,2142.11
12-08-2006,NaN
13-08-2006,NaN
14-08-2006,2146.95
15-08-2006,NaN
16-08-2006,2165.42
17-08-2006,2168.68
18-08-2006,2168.31
19-08-2006,NaN
20-08-2006,NaN
21-08-2006,2164.55
22-08-2006,2164.09
23-08-2006,2158.08
24-08-2006,2152.87
25-08-2006,2158.13
26-08-2006,NaN
27-08-2006,NaN
28-08-2006,2169.2
29-08-2006,2177.14
30-08-2006,2191.45
31-08-2006,2206.37
01-09-2006,2207.96
02-09-2006,NaN
03-09-2006,NaN
04-09-2006,2202.46
05-09-2006,2213.29
06-09-2006,2199.83
07-09-2006,2193
08-09-2006,2197.8
09-09-2006,NaN
10-09-2006,NaN
11-09-2006,2190.63
12-09-2006,2200.2
13-09-2006,2215.29
14-09-2006,2224.48
15-09-2006,2232.58
16-09-2006,NaN
17-09-2006,NaN
18-09-2006,NaN
19-09-2006,NaN
20-09-2006,2242.63
21-09-2006,2227.83
22-09-2006,2231.91
23-09-2006,NaN
24-09-2006,NaN
25-09-2006,2243.07
26-09-2006,2268.29
27-09-2006,2266.12
28-09-2006,2275.88
29-09-2006,2280.48
30-09-2006,NaN
01-10-2006,NaN
02-10-2006,2275.45
03-10-2006,2284.02
04-10-2006,2316.28
05-10-2006,2329.47
06-10-2006,2312.43
07-10-2006,NaN
08-10-2006,NaN
09-10-2006,NaN
10-10-2006,2337.39
11-10-2006,2336.07
12-10-2006,2349.48
13-10-2006,2356.97
14-10-2006,NaN
15-10-2006,NaN
16-10-2006,2356.48
17-10-2006,2359.73
18-10-2006,2362.66
19-10-2006,2366.41
20-10-2006,2365.87
21-10-2006,NaN
22-10-2006,NaN
23-10-2006,2366.81
24-10-2006,2380.43
25-10-2006,2386.44
26-10-2006,2383.82
27-10-2006,2372.86
28-10-2006,NaN
29-10-2006,NaN
30-10-2006,2364.49
31-10-2006,2380.26
01-11-2006,NaN
02-11-2006,2371.64
03-11-2006,2345.07
04-11-2006,NaN
05-11-2006,NaN
06-11-2006,2380.1
07-11-2006,2411.62
08-11-2006,2434.75
09-11-2006,2447.65
10-11-2006,2442.24
11-11-2006,NaN
12-11-2006,NaN
13-11-2006,2437.6
14-11-2006,2472.74
15-11-2006,2486.29
16-11-2006,2514.38
17-11-2006,2494.05
18-11-2006,NaN
19-11-2006,NaN
20-11-2006,2481.13
21-11-2006,2513.72
22-11-2006,2517.83
23-11-2006,2544.3
24-11-2006,2542.7
25-11-2006,NaN
26-11-2006,NaN
27-11-2006,2519.79
28-11-2006,2508.46
29-11-2006,2549.41
30-11-2006,2559.67
01-12-2006,2561.7
02-12-2006,NaN
03-12-2006,NaN
04-12-2006,2569.47
05-12-2006,2589.17
06-12-2006,2583.39
07-12-2006,2585.48
08-12-2006,NaN
09-12-2006,NaN
10-12-2006,NaN
11-12-2006,2605.54
12-12-2006,2599.36
13-12-2006,2627.72
14-12-2006,2644.05
15-12-2006,2668.17
16-12-2006,NaN
17-12-2006,NaN
18-12-2006,2679.58
19-12-2006,2677.43
20-12-2006,2701.48
21-12-2006,2694.43
22-12-2006,2692.08
23-12-2006,NaN
24-12-2006,NaN
25-12-2006,NaN
26-12-2006,2697.83
27-12-2006,2712.81
28-12-2006,2694.3
29-12-2006,2693.36
30-12-2006,NaN
31-12-2006,NaN
01-01-2007,NaN
02-01-2007,2689.19
03-01-2007,2725.6
04-01-2007,2738.99
05-01-2007,2723.48
06-01-2007,NaN
07-01-2007,NaN
08-01-2007,2719.84
09-01-2007,2713.76
10-01-2007,2690.93
11-01-2007,2697.25
12-01-2007,2741.08
13-01-2007,NaN
14-01-2007,NaN
15-01-2007,2758.71
16-01-2007,2765.18
17-01-2007,2790
18-01-2007,2808.55
19-01-2007,2827.14
20-01-2007,NaN
21-01-2007,NaN
22-01-2007,2852.28
23-01-2007,2850.28
24-01-2007,2880.79
25-01-2007,2868.18
26-01-2007,2853.04
27-01-2007,NaN
28-01-2007,NaN
29-01-2007,2824.24
30-01-2007,2843.17
31-01-2007,2895.28
01-02-2007,2939.52
02-02-2007,2951.55
03-02-2007,NaN
04-02-2007,NaN
05-02-2007,2944.47
06-02-2007,2953.47
07-02-2007,2991.83
08-02-2007,2993.37
09-02-2007,3019.63
10-02-2007,NaN
11-02-2007,NaN
12-02-2007,3011.63
13-02-2007,3050.21
14-02-2007,3085.96
15-02-2007,3094.61
16-02-2007,3107.4
17-02-2007,NaN
18-02-2007,NaN
19-02-2007,3081.56
20-02-2007,3011.43
21-02-2007,2925.51
22-02-2007,2970.34
23-02-2007,2919.84
24-02-2007,NaN
25-02-2007,NaN
26-02-2007,2872.41
27-02-2007,2729.63
28-02-2007,2811.62
01-03-2007,2828.59
02-03-2007,2832.33
03-03-2007,NaN
04-03-2007,NaN
05-03-2007,2802.02
06-03-2007,2854.81
07-03-2007,2833.62
08-03-2007,2870.02
09-03-2007,2875.62
10-03-2007,NaN
11-03-2007,NaN
12-03-2007,2912.25
13-03-2007,2857.47
14-03-2007,2849.68
15-03-2007,2900.03
16-03-2007,2916.85
17-03-2007,NaN
18-03-2007,NaN
19-03-2007,2958.65
20-03-2007,2956.31
21-03-2007,2977.13
22-03-2007,2962.61
23-03-2007,2954.35
24-03-2007,NaN
25-03-2007,NaN
26-03-2007,2945.29
27-03-2007,2918.85
28-03-2007,2890.46
29-03-2007,2919.72
30-03-2007,2929
31-03-2007,NaN
01-04-2007,NaN
02-04-2007,2940.63
03-04-2007,2967.18
04-04-2007,2986.62
05-04-2007,2996.09
06-04-2007,NaN
07-04-2007,NaN
08-04-2007,NaN
09-04-2007,3019.61
10-04-2007,3041.76
11-04-2007,3040.78
12-04-2007,3065.63
13-04-2007,3083.89
14-04-2007,NaN
15-04-2007,NaN
16-04-2007,3094.07
17-04-2007,3082.55
18-04-2007,3106.63
19-04-2007,3133.87
20-04-2007,3150.51
21-04-2007,NaN
22-04-2007,NaN
23-04-2007,3117.76
24-04-2007,3114.56
25-04-2007,3141.38
26-04-2007,3146.27
27-04-2007,3149.19
28-04-2007,NaN
29-04-2007,NaN
30-04-2007,3161.22
01-05-2007,NaN
02-05-2007,3167.86
03-05-2007,3194.35
04-05-2007,3214.18
05-05-2007,NaN
06-05-2007,NaN
07-05-2007,3255.07
08-05-2007,3212.89
09-05-2007,3253.18
10-05-2007,3232.64
11-05-2007,3247.27
12-05-2007,NaN
13-05-2007,NaN
14-05-2007,3219.72
15-05-2007,3175.09
16-05-2007,3188.64
17-05-2007,3216.19
18-05-2007,3257.23
19-05-2007,NaN
20-05-2007,NaN
21-05-2007,NaN
22-05-2007,3115.4
23-05-2007,3162.81
24-05-2007,3153.94
25-05-2007,3210.31
26-05-2007,NaN
27-05-2007,NaN
28-05-2007,3241.23
29-05-2007,3244.68
30-05-2007,3260.87
31-05-2007,3279.53
01-06-2007,3304.57
02-06-2007,NaN
03-06-2007,NaN
04-06-2007,3319.41
05-06-2007,3319.84
06-06-2007,3290.78
07-06-2007,3227.77
08-06-2007,3288.52
09-06-2007,NaN
10-06-2007,NaN
11-06-2007,3315.15
12-06-2007,3308.77
13-06-2007,3334.77
14-06-2007,3371.81
15-06-2007,3380.13
16-06-2007,NaN
17-06-2007,NaN
18-06-2007,3362.54
19-06-2007,3409.45
20-06-2007,3390.19
21-06-2007,3431.47
22-06-2007,3447.45
23-06-2007,NaN
24-06-2007,NaN
25-06-2007,3445.44
26-06-2007,3418.25
27-06-2007,3427.09
28-06-2007,3439.49
29-06-2007,3470.18
30-06-2007,NaN
01-07-2007,NaN
02-07-2007,NaN
03-07-2007,3499.5
04-07-2007,3491.46
05-07-2007,3455.38
06-07-2007,3425.28
07-07-2007,NaN
08-07-2007,NaN
09-07-2007,3436.07
10-07-2007,3408.3
11-07-2007,3384.26
12-07-2007,3372.61
13-07-2007,3385.09
14-07-2007,NaN
15-07-2007,NaN
16-07-2007,NaN
17-07-2007,3382.88
18-07-2007,3389.62
19-07-2007,3383.55
20-07-2007,3366.39
21-07-2007,NaN
22-07-2007,NaN
23-07-2007,3392.02
24-07-2007,3378.29
25-07-2007,3348.08
26-07-2007,3277.82
27-07-2007,3292.29
28-07-2007,NaN
29-07-2007,NaN
30-07-2007,3336.08
31-07-2007,3340.43
01-08-2007,3325.68
02-08-2007,3329.12
03-08-2007,3314.86
04-08-2007,NaN
05-08-2007,NaN
06-08-2007,3251.45
07-08-2007,3255
08-08-2007,3289.46
09-08-2007,3230.31
10-08-2007,3192.84
11-08-2007,NaN
12-08-2007,NaN
13-08-2007,3162.55
14-08-2007,3085.49
15-08-2007,NaN
16-08-2007,2961.23
17-08-2007,3033.55
18-08-2007,NaN
19-08-2007,NaN
20-08-2007,3056.84
21-08-2007,3136.01
22-08-2007,3210.71
23-08-2007,3206.79
24-08-2007,3252.47
25-08-2007,NaN
26-08-2007,NaN
27-08-2007,3270.3
28-08-2007,3191
29-08-2007,3238.67
30-08-2007,3252.52
31-08-2007,3310.14
01-09-2007,NaN
02-09-2007,NaN
03-09-2007,3326.57
04-09-2007,3324.58
05-09-2007,3286.31
06-09-2007,3265.62
07-09-2007,3200.85
08-09-2007,NaN
09-09-2007,NaN
10-09-2007,3152.46
11-09-2007,3154.55
12-09-2007,3114.57
13-09-2007,3133.56
14-09-2007,3167.87
15-09-2007,NaN
16-09-2007,NaN
17-09-2007,NaN
18-09-2007,NaN
19-09-2007,NaN
20-09-2007,3214.67
21-09-2007,3220.31
22-09-2007,NaN
23-09-2007,NaN
24-09-2007,3191.22
25-09-2007,3174.67
26-09-2007,3190.73
27-09-2007,3230.33
28-09-2007,3249
29-09-2007,NaN
30-09-2007,NaN
01-10-2007,3295.96
02-10-2007,3333.33
03-10-2007,3293.48
04-10-2007,3300.09
05-10-2007,3361.1
06-10-2007,NaN
07-10-2007,NaN
08-10-2007,3360.16
09-10-2007,3405.14
10-10-2007,3393.83
11-10-2007,3393.93
12-10-2007,3414.67
13-10-2007,NaN
14-10-2007,NaN
15-10-2007,NaN
16-10-2007,3380.63
17-10-2007,3406.28
18-10-2007,3441.79
19-10-2007,3414.02
20-10-2007,NaN
21-10-2007,NaN
22-10-2007,3429.68
23-10-2007,3454.02
24-10-2007,3464.87
25-10-2007,3495.66
26-10-2007,3496.18
27-10-2007,NaN
28-10-2007,NaN
29-10-2007,3487.26
30-10-2007,3478.02
31-10-2007,3451.18
01-11-2007,NaN
02-11-2007,3388.45
03-11-2007,NaN
04-11-2007,NaN
05-11-2007,3318.42
06-11-2007,3312.4
07-11-2007,3261.33
08-11-2007,3251.23
09-11-2007,3240.88
10-11-2007,NaN
11-11-2007,NaN
12-11-2007,3200.43
13-11-2007,3238.89
14-11-2007,3285.34
15-11-2007,3259.73
16-11-2007,3236.28
17-11-2007,NaN
18-11-2007,NaN
19-11-2007,3172.95
20-11-2007,3114.67
21-11-2007,3067
22-11-2007,3085.27
23-11-2007,3114.06
24-11-2007,NaN
25-11-2007,NaN
26-11-2007,3060.63
27-11-2007,3056.86
28-11-2007,3160.23
29-11-2007,3175.99
30-11-2007,3204.47
01-12-2007,NaN
02-12-2007,NaN
03-12-2007,3194.97
04-12-2007,3154.88
05-12-2007,3212.6
06-12-2007,3282.25
07-12-2007,3294.4
08-12-2007,NaN
09-12-2007,NaN
10-12-2007,3252.11
11-12-2007,3165.71
12-12-2007,3090.63
13-12-2007,3009.55
14-12-2007,3031.53
15-12-2007,NaN
16-12-2007,NaN
17-12-2007,2947.72
18-12-2007,2943.39
19-12-2007,2952.27
20-12-2007,3031.5
21-12-2007,3085.41
22-12-2007,NaN
23-12-2007,NaN
24-12-2007,3079.97
25-12-2007,NaN
26-12-2007,3077.25
27-12-2007,3059.39
28-12-2007,3051.83
29-12-2007,NaN
30-12-2007,NaN
31-12-2007,NaN
01-01-2008,NaN
02-01-2008,2996.35
03-01-2008,2989.67
04-01-2008,2907.84
05-01-2008,NaN
06-01-2008,NaN
07-01-2008,2851.04
08-01-2008,2822.88
09-01-2008,2749.81
10-01-2008,2821.09
11-01-2008,2821.7
12-01-2008,NaN
13-01-2008,NaN
14-01-2008,2801.19
15-01-2008,2727.77
16-01-2008,2684.51
17-01-2008,2587.42
18-01-2008,2555.66
19-01-2008,NaN
20-01-2008,NaN
21-01-2008,2427.11
22-01-2008,2546.88
23-01-2008,2524.62
24-01-2008,2671.16
25-01-2008,2647.59
26-01-2008,NaN
27-01-2008,NaN
28-01-2008,2658.74
29-01-2008,2742.69
30-01-2008,2794.53
31-01-2008,2788.34
01-02-2008,2813.67
02-02-2008,NaN
03-02-2008,NaN
04-02-2008,2807.97
05-02-2008,2715.33
06-02-2008,2745.03
07-02-2008,2731.01
08-02-2008,2734.93
09-02-2008,NaN
10-02-2008,NaN
11-02-2008,2774
12-02-2008,2826.42
13-02-2008,2874.44
14-02-2008,2852.31
15-02-2008,2830.73
16-02-2008,NaN
17-02-2008,NaN
18-02-2008,2867.26
19-02-2008,2874.14
20-02-2008,2911.28
21-02-2008,2910.04
22-02-2008,2903.84
23-02-2008,NaN
24-02-2008,NaN
25-02-2008,2937.37
26-02-2008,2930.82
27-02-2008,2933.11
28-02-2008,2903.75
29-02-2008,2836.83
01-03-2008,NaN
02-03-2008,NaN
03-03-2008,2791.71
04-03-2008,2751.45
05-03-2008,2779.73
06-03-2008,2755.63
07-03-2008,2740.29
08-03-2008,NaN
09-03-2008,NaN
10-03-2008,2709.82
11-03-2008,2774.98
12-03-2008,2848.29
13-03-2008,2847.68
14-03-2008,2843.61
15-03-2008,NaN
16-03-2008,NaN
17-03-2008,2835.95
18-03-2008,2840.61
19-03-2008,2838.45
20-03-2008,2842.93
21-03-2008,NaN
22-03-2008,NaN
23-03-2008,NaN
24-03-2008,2885.9
25-03-2008,2890.19
26-03-2008,2866.61
27-03-2008,2886.44
28-03-2008,2890.4
29-03-2008,NaN
30-03-2008,NaN
31-03-2008,2902.02
01-04-2008,2921.37
02-04-2008,2899.06
03-04-2008,2918.51
04-04-2008,2937.1
05-04-2008,NaN
06-04-2008,NaN
07-04-2008,2946.42
08-04-2008,2941.55
09-04-2008,2946
10-04-2008,2938.76
11-04-2008,2947.46
12-04-2008,NaN
13-04-2008,NaN
14-04-2008,2966.38
15-04-2008,2996.76
16-04-2008,3027.91
17-04-2008,3034.16
18-04-2008,3064.49
19-04-2008,NaN
20-04-2008,NaN
21-04-2008,3089.36
22-04-2008,3043.85
23-04-2008,3017.54
24-04-2008,3021.28
25-04-2008,3019.58
26-04-2008,NaN
27-04-2008,NaN
28-04-2008,3006.48
29-04-2008,2967
30-04-2008,2989.41
01-05-2008,NaN
02-05-2008,2997.83
03-05-2008,NaN
04-05-2008,NaN
05-05-2008,2979.35
06-05-2008,2957.49
07-05-2008,2924.43
08-05-2008,2922.17
09-05-2008,2919.68
10-05-2008,NaN
11-05-2008,NaN
12-05-2008,2906.72
13-05-2008,2896.14
14-05-2008,2909.31
15-05-2008,2918.57
16-05-2008,2963.84
17-05-2008,NaN
18-05-2008,NaN
19-05-2008,2988.12
20-05-2008,3021.02
21-05-2008,NaN
22-05-2008,3025.46
23-05-2008,3026.91
24-05-2008,NaN
25-05-2008,NaN
26-05-2008,3053.02
27-05-2008,3066.78
28-05-2008,3070.33
29-05-2008,3096.11
30-05-2008,3048.85
31-05-2008,NaN
01-06-2008,NaN
02-06-2008,3044.94
03-06-2008,3043.23
04-06-2008,3048.16
05-06-2008,3080.14
06-06-2008,3017.39
07-06-2008,NaN
08-06-2008,NaN
09-06-2008,3018.14
10-06-2008,3018.08
11-06-2008,3000.58
12-06-2008,3050.08
13-06-2008,3067.6
14-06-2008,NaN
15-06-2008,NaN
16-06-2008,3024.38
17-06-2008,3038.33
18-06-2008,3050.92
19-06-2008,3072.18
20-06-2008,3035.16
21-06-2008,NaN
22-06-2008,NaN
23-06-2008,3047.29
24-06-2008,3045.98
25-06-2008,3077.56
26-06-2008,3042.98
27-06-2008,3025.1
28-06-2008,NaN
29-06-2008,NaN
30-06-2008,2999.9
01-07-2008,2952.88
02-07-2008,2839.89
03-07-2008,2758.83
04-07-2008,2768.52
05-07-2008,NaN
06-07-2008,NaN
07-07-2008,2796.43
08-07-2008,2820.51
09-07-2008,2823.44
10-07-2008,2803.82
11-07-2008,2761.14
12-07-2008,NaN
13-07-2008,NaN
14-07-2008,2770.19
15-07-2008,2728.11
16-07-2008,NaN
17-07-2008,2778.19
18-07-2008,2821.86
19-07-2008,NaN
20-07-2008,NaN
21-07-2008,2826.35
22-07-2008,2851.56
23-07-2008,2907.92
24-07-2008,2873.28
25-07-2008,2922.07
26-07-2008,NaN
27-07-2008,NaN
28-07-2008,2893.04
29-07-2008,2946.26
30-07-2008,3011.39
31-07-2008,3014.8
01-08-2008,2994.05
02-08-2008,NaN
03-08-2008,NaN
04-08-2008,2962.32
05-08-2008,2977.58
06-08-2008,2984.72
07-08-2008,2983.82
08-08-2008,2964.36
09-08-2008,NaN
10-08-2008,NaN
11-08-2008,2926.38
12-08-2008,2917.35
13-08-2008,2884.84
14-08-2008,2894.51
15-08-2008,NaN
16-08-2008,NaN
17-08-2008,NaN
18-08-2008,2872.05
19-08-2008,2817.46
20-08-2008,2824.68
21-08-2008,2839.65
22-08-2008,2892.38
23-08-2008,NaN
24-08-2008,NaN
25-08-2008,2886.68
26-08-2008,2894.24
27-08-2008,2897.83
28-08-2008,2896.47
29-08-2008,2895.21
30-08-2008,NaN
31-08-2008,NaN
01-09-2008,2872.83
02-09-2008,2868.64
03-09-2008,2843.94
04-09-2008,2795.08
05-09-2008,2771.25
06-09-2008,NaN
07-09-2008,NaN
08-09-2008,2779.7
09-09-2008,2734.04
10-09-2008,2757.17
11-09-2008,2767.61
12-09-2008,2827.81
13-09-2008,NaN
14-09-2008,NaN
15-09-2008,2808.74
16-09-2008,2759.85
17-09-2008,2688.85
18-09-2008,NaN
19-09-2008,NaN
20-09-2008,NaN
21-09-2008,NaN
22-09-2008,2743.44
23-09-2008,2740.44
24-09-2008,2754.53
25-09-2008,2800.58
26-09-2008,2784.23
27-09-2008,NaN
28-09-2008,NaN
29-09-2008,2631.16
30-09-2008,2753.31
01-10-2008,2776.51
02-10-2008,2668.88
03-10-2008,2607.62
04-10-2008,NaN
05-10-2008,NaN
06-10-2008,2450.5
07-10-2008,2345.22
08-10-2008,2238.66
09-10-2008,2202.46
10-10-2008,2101.1
11-10-2008,NaN
12-10-2008,NaN
13-10-2008,2364.33
14-10-2008,2441.74
15-10-2008,2431.74
16-10-2008,2396.24
17-10-2008,2433.04
18-10-2008,NaN
19-10-2008,NaN
20-10-2008,2546.3
21-10-2008,2541.65
22-10-2008,2391.57
23-10-2008,2396.22
24-10-2008,2342.9
25-10-2008,NaN
26-10-2008,NaN
27-10-2008,2347.25
28-10-2008,2389.85
29-10-2008,2436.52
30-10-2008,2489.59
31-10-2008,NaN
01-11-2008,NaN
02-11-2008,NaN
03-11-2008,2559.68
04-11-2008,2627.15
05-11-2008,2596.18
06-11-2008,2527.06
07-11-2008,2575.12
08-11-2008,NaN
09-11-2008,NaN
10-11-2008,2614.46
11-11-2008,2567.34
12-11-2008,2476.62
13-11-2008,2527.85
14-11-2008,2551.72
15-11-2008,NaN
16-11-2008,NaN
17-11-2008,2532.48
18-11-2008,2497.68
19-11-2008,2489.61
20-11-2008,2400.92
21-11-2008,2369.65
22-11-2008,NaN
23-11-2008,NaN
24-11-2008,2418.29
25-11-2008,2413.01
26-11-2008,2420.65
27-11-2008,2432.56
28-11-2008,2406.26
29-11-2008,NaN
30-11-2008,NaN
01-12-2008,2334.52
02-12-2008,2317.95
03-12-2008,2303.51
04-12-2008,2302.01
05-12-2008,2304.05
06-12-2008,NaN
07-12-2008,NaN
08-12-2008,NaN
09-12-2008,2307.35
10-12-2008,2321.51
11-12-2008,2328.7
12-12-2008,2344.17
13-12-2008,NaN
14-12-2008,NaN
15-12-2008,2324.02
16-12-2008,2335.7
17-12-2008,2347.73
18-12-2008,2351.37
19-12-2008,2346.46
20-12-2008,NaN
21-12-2008,NaN
22-12-2008,2335.06
23-12-2008,2337.34
24-12-2008,2338.52
25-12-2008,NaN
26-12-2008,2350.46
27-12-2008,NaN
28-12-2008,NaN
29-12-2008,2373.19
30-12-2008,2376.42
31-12-2008,NaN
01-01-2009,NaN
02-01-2009,2436.52
03-01-2009,NaN
04-01-2009,NaN
05-01-2009,2441.93
06-01-2009,2504.04
07-01-2009,2478.9
08-01-2009,2485.67
09-01-2009,2500.08
10-01-2009,NaN
11-01-2009,NaN
12-01-2009,2467.93
13-01-2009,2470.06
14-01-2009,2450.68
15-01-2009,2483.65
16-01-2009,2498.68
17-01-2009,NaN
18-01-2009,NaN
19-01-2009,2501.93
20-01-2009,2481.02
21-01-2009,2470.33
22-01-2009,2493.96
23-01-2009,2494.93
24-01-2009,NaN
25-01-2009,NaN
26-01-2009,2514.9
27-01-2009,2541.54
28-01-2009,2571.11
29-01-2009,2564.49
30-01-2009,2549.46
31-01-2009,NaN
01-02-2009,NaN
02-02-2009,2553.77
03-02-2009,2580.69
04-02-2009,2591.24
05-02-2009,2627.08
06-02-2009,2673.28
07-02-2009,NaN
08-02-2009,NaN
09-02-2009,2696.27
10-02-2009,2635.3
11-02-2009,2624.31
12-02-2009,2606.72
13-02-2009,2611.33
14-02-2009,NaN
15-02-2009,NaN
16-02-2009,2632.56
17-02-2009,2593.29
18-02-2009,2609.94
19-02-2009,2628.75
20-02-2009,2591.53
21-02-2009,NaN
22-02-2009,NaN
23-02-2009,2542.48
24-02-2009,2545.43
25-02-2009,2538.01
26-02-2009,2516.99
27-02-2009,2468.63
28-02-2009,NaN
01-03-2009,NaN
02-03-2009,2409.81
03-03-2009,2401.61
04-03-2009,2435.74
05-03-2009,2382.99
06-03-2009,2360
07-03-2009,NaN
08-03-2009,NaN
09-03-2009,2372.42
10-03-2009,2439.94
11-03-2009,2428.41
12-03-2009,2436.13
13-03-2009,2444.57
14-03-2009,NaN
15-03-2009,NaN
16-03-2009,2456.14
17-03-2009,2482.05
18-03-2009,2512.07
19-03-2009,2502.52
20-03-2009,2487.73
21-03-2009,NaN
22-03-2009,NaN
23-03-2009,2544.52
24-03-2009,2538.97
25-03-2009,2546.98
26-03-2009,2550.82
27-03-2009,2547.76
28-03-2009,NaN
29-03-2009,NaN
30-03-2009,2494.07
31-03-2009,2478.94
01-04-2009,2517.18
02-04-2009,2535.51
03-04-2009,2551.26
04-04-2009,NaN
05-04-2009,NaN
06-04-2009,2545.05
07-04-2009,2537.07
08-04-2009,2543.19
09-04-2009,2585.65
10-04-2009,NaN
11-04-2009,NaN
12-04-2009,NaN
13-04-2009,2636.51
14-04-2009,2646.12
15-04-2009,2640.62
16-04-2009,2686.29
17-04-2009,2676.79
18-04-2009,NaN
19-04-2009,NaN
20-04-2009,2636.25
21-04-2009,2667.17
22-04-2009,2676.18
23-04-2009,2680.51
24-04-2009,2680.31
25-04-2009,NaN
26-04-2009,NaN
27-04-2009,2661.65
28-04-2009,2671.62
29-04-2009,2714.52
30-04-2009,2670.78
01-05-2009,NaN
02-05-2009,NaN
03-05-2009,NaN
04-05-2009,2756.07
05-05-2009,2775.52
06-05-2009,2804.31
07-05-2009,2814.31
08-05-2009,2906.17
09-05-2009,NaN
10-05-2009,NaN
11-05-2009,2925.49
12-05-2009,2932.73
13-05-2009,2900.22
14-05-2009,2918.74
15-05-2009,2963.11
16-05-2009,NaN
17-05-2009,NaN
18-05-2009,3055.21
19-05-2009,3054.25
20-05-2009,3052.42
21-05-2009,NaN
22-05-2009,3062.97
23-05-2009,NaN
24-05-2009,NaN
25-05-2009,3104.5
26-05-2009,3131.15
27-05-2009,3054.91
28-05-2009,3102.26
29-05-2009,3100.42
30-05-2009,NaN
31-05-2009,NaN
01-06-2009,3191.16
02-06-2009,3205.33
03-06-2009,3173.26
04-06-2009,3188.13
05-06-2009,3216.68
06-06-2009,NaN
07-06-2009,NaN
08-06-2009,3200.08
09-06-2009,3215.55
10-06-2009,3247.08
11-06-2009,3257.89
12-06-2009,3252.5
13-06-2009,NaN
14-06-2009,NaN
15-06-2009,3239.55
16-06-2009,3194.83
17-06-2009,3106.01
18-06-2009,3118.99
19-06-2009,3134.32
20-06-2009,NaN
21-06-2009,NaN
22-06-2009,3054.77
23-06-2009,3022.22
24-06-2009,3020.17
25-06-2009,3071.46
26-06-2009,3104.43
27-06-2009,NaN
28-06-2009,NaN
29-06-2009,NaN
30-06-2009,3090.5
01-07-2009,3105.87
02-07-2009,3103.87
03-07-2009,3116.06
04-07-2009,NaN
05-07-2009,NaN
06-07-2009,3108.97
07-07-2009,3088.81
08-07-2009,3061.45
09-07-2009,3084.32
10-07-2009,3081.28
11-07-2009,NaN
12-07-2009,NaN
13-07-2009,3126.1
14-07-2009,3154.9
15-07-2009,3209.92
16-07-2009,NaN
17-07-2009,3207.8
18-07-2009,NaN
19-07-2009,NaN
20-07-2009,3244.9
21-07-2009,3245.35
22-07-2009,3224.67
23-07-2009,3239.71
24-07-2009,3251.03
25-07-2009,NaN
26-07-2009,NaN
27-07-2009,3239.8
28-07-2009,3233.62
29-07-2009,3229.3
30-07-2009,3240.27
31-07-2009,3226.2
01-08-2009,NaN
02-08-2009,NaN
03-08-2009,3274.62
04-08-2009,3292.99
05-08-2009,3307.57
06-08-2009,3278.8
07-08-2009,3281.18
08-08-2009,NaN
09-08-2009,NaN
10-08-2009,3276.45
11-08-2009,3245.77
12-08-2009,3265.77
13-08-2009,3293.35
14-08-2009,3294.36
15-08-2009,NaN
16-08-2009,NaN
17-08-2009,3262.31
18-08-2009,3286.08
19-08-2009,3260.7
20-08-2009,3277.81
21-08-2009,3265.56
22-08-2009,NaN
23-08-2009,NaN
24-08-2009,3244.2
25-08-2009,3255.8
26-08-2009,3261.06
27-08-2009,3225.11
28-08-2009,3222.13
29-08-2009,NaN
30-08-2009,NaN
31-08-2009,3175.18
01-09-2009,3132.87
02-09-2009,3146.63
03-09-2009,3191.64
04-09-2009,3199.4
05-09-2009,NaN
06-09-2009,NaN
07-09-2009,3189.84
08-09-2009,3198.34
09-09-2009,3203.32
10-09-2009,3231.51
11-09-2009,3245.91
12-09-2009,NaN
13-09-2009,NaN
14-09-2009,3233.7
15-09-2009,3233.23
16-09-2009,3272.9
17-09-2009,3297.17
18-09-2009,NaN
19-09-2009,NaN
20-09-2009,NaN
21-09-2009,3297.27
22-09-2009,3294.87
23-09-2009,3317
24-09-2009,3316.41
25-09-2009,3319.5
26-09-2009,NaN
27-09-2009,NaN
28-09-2009,3358.54
29-09-2009,3369.09
30-09-2009,3372.87
01-10-2009,3352.25
02-10-2009,3350.25
03-10-2009,NaN
04-10-2009,NaN
05-10-2009,3390.72
06-10-2009,3417.66
07-10-2009,3429.27
08-10-2009,3423.62
09-10-2009,3456.76
10-10-2009,NaN
11-10-2009,NaN
12-10-2009,NaN
13-10-2009,3481.32
14-10-2009,3464.68
15-10-2009,3437.02
16-10-2009,3446.68
17-10-2009,NaN
18-10-2009,NaN
19-10-2009,3456.39
20-10-2009,3445.16
21-10-2009,3424.01
22-10-2009,3414.27
23-10-2009,3421.95
24-10-2009,NaN
25-10-2009,NaN
26-10-2009,3405.56
27-10-2009,3372.17
28-10-2009,3321.75
29-10-2009,3372.02
30-10-2009,3314.45
31-10-2009,NaN
01-11-2009,NaN
02-11-2009,3286.68
03-11-2009,3291.72
04-11-2009,3347.02
05-11-2009,3351.61
06-11-2009,3364.23
07-11-2009,NaN
08-11-2009,NaN
09-11-2009,3403.41
10-11-2009,3389.37
11-11-2009,3373.76
12-11-2009,3343.85
13-11-2009,3337.07
14-11-2009,NaN
15-11-2009,NaN
16-11-2009,3324.92
17-11-2009,3284.1
18-11-2009,3251.63
19-11-2009,3264.16
20-11-2009,3289.6
21-11-2009,NaN
22-11-2009,NaN
23-11-2009,3268.85
24-11-2009,3251.16
25-11-2009,3254.29
26-11-2009,3184.04
27-11-2009,3222.22
28-11-2009,NaN
29-11-2009,NaN
30-11-2009,3255.32
01-12-2009,3323.52
02-12-2009,3343.54
03-12-2009,3328.98
04-12-2009,3349.73
05-12-2009,NaN
06-12-2009,NaN
07-12-2009,3329.76
08-12-2009,NaN
09-12-2009,3322.38
10-12-2009,3361.08
11-12-2009,3435.12
12-12-2009,NaN
13-12-2009,NaN
14-12-2009,3465.49
15-12-2009,3473.3
16-12-2009,3483.11
17-12-2009,3482.5
18-12-2009,3499.07
19-12-2009,NaN
20-12-2009,NaN
21-12-2009,3518.57
22-12-2009,3514.7
23-12-2009,3523.46
24-12-2009,3529.82
25-12-2009,NaN
26-12-2009,NaN
27-12-2009,NaN
28-12-2009,3541.45
29-12-2009,3563.18
30-12-2009,3581.42
31-12-2009,NaN
01-01-2010,NaN
02-01-2010,NaN
03-01-2010,NaN
04-01-2010,3620.7
05-01-2010,3624.1
06-01-2010,3639.96
07-01-2010,3681.06
08-01-2010,3726.5
09-01-2010,NaN
10-01-2010,NaN
11-01-2010,3744.17
12-01-2010,3740.19
13-01-2010,3760.01
14-01-2010,3782.53
15-01-2010,3756.18
16-01-2010,NaN
17-01-2010,NaN
18-01-2010,3802.92
19-01-2010,3814.97
20-01-2010,3813.93
21-01-2010,3780.6
22-01-2010,3774.82
23-01-2010,NaN
24-01-2010,NaN
25-01-2010,3802.39
26-01-2010,3809.37
27-01-2010,3782.88
28-01-2010,3774.02
29-01-2010,3808.96
30-01-2010,NaN
31-01-2010,NaN
01-02-2010,3832.55
02-02-2010,3853.58
03-02-2010,3851.61
04-02-2010,3774.2
05-02-2010,3696.24
06-02-2010,NaN
07-02-2010,NaN
08-02-2010,3734.22
09-02-2010,3759.53
10-02-2010,3752.2
11-02-2010,3780.52
12-02-2010,3770.77
13-02-2010,NaN
14-02-2010,NaN
15-02-2010,3767.31
16-02-2010,3820.55
17-02-2010,3860.71
18-02-2010,3859.96
19-02-2010,3845.05
20-02-2010,NaN
21-02-2010,NaN
22-02-2010,3850.74
23-02-2010,3817.57
24-02-2010,3814.92
25-02-2010,3787.71
26-02-2010,3827.44
27-02-2010,NaN
28-02-2010,NaN
01-03-2010,3782.04
02-03-2010,3760.39
03-03-2010,3708.91
04-03-2010,3742.17
05-03-2010,3789.77
06-03-2010,NaN
07-03-2010,NaN
08-03-2010,3798.82
09-03-2010,3792.35
10-03-2010,3813.98
11-03-2010,3816.32
12-03-2010,3824.49
13-03-2010,NaN
14-03-2010,NaN
15-03-2010,3791.73
16-03-2010,3818.27
17-03-2010,3799.55
18-03-2010,3802.23
19-03-2010,3764.69
20-03-2010,NaN
21-03-2010,NaN
22-03-2010,3778.83
23-03-2010,3784.23
24-03-2010,3774.48
25-03-2010,3758.39
26-03-2010,3748.92
27-03-2010,NaN
28-03-2010,NaN
29-03-2010,3745.51
30-03-2010,3763.25
31-03-2010,3763.12
01-04-2010,3799.38
02-04-2010,NaN
03-04-2010,NaN
04-04-2010,NaN
05-04-2010,3828.25
06-04-2010,3853.75
07-04-2010,3849.61
08-04-2010,3828.97
09-04-2010,3842.28
10-04-2010,NaN
11-04-2010,NaN
12-04-2010,3827.7
13-04-2010,3816.54
14-04-2010,3838.38
15-04-2010,3828.59
16-04-2010,3801.08
17-04-2010,NaN
18-04-2010,NaN
19-04-2010,3800.27
20-04-2010,3832.25
21-04-2010,3829.78
22-04-2010,3833.6
23-04-2010,3836.02
24-04-2010,NaN
25-04-2010,NaN
26-04-2010,3826.93
27-04-2010,3803.07
28-04-2010,3814.6
29-04-2010,3850.41
30-04-2010,3865.45
01-05-2010,NaN
02-05-2010,NaN
03-05-2010,3877.01
04-05-2010,3849.54
05-05-2010,3819.79
06-05-2010,3779.73
07-05-2010,3759.16
08-05-2010,NaN
09-05-2010,NaN
10-05-2010,3851
11-05-2010,3858.17
12-05-2010,3890.05
13-05-2010,3872.48
14-05-2010,3839.42
15-05-2010,NaN
16-05-2010,NaN
17-05-2010,3855.38
18-05-2010,3855.21
19-05-2010,3849.75
20-05-2010,3781.22
21-05-2010,NaN
22-05-2010,NaN
23-05-2010,NaN
24-05-2010,3774.86
25-05-2010,3727.84
26-05-2010,3787.25
27-05-2010,3812.25
28-05-2010,3833.91
29-05-2010,NaN
30-05-2010,NaN
31-05-2010,3886.86
01-06-2010,3836.33
02-06-2010,3883.73
03-06-2010,3890.62
04-06-2010,3864.14
05-06-2010,NaN
06-06-2010,NaN
07-06-2010,3860.66
08-06-2010,3876.68
09-06-2010,3903.4
10-06-2010,3944.33
11-06-2010,3969.23
12-06-2010,NaN
13-06-2010,NaN
14-06-2010,3986.27
15-06-2010,4035.98
16-06-2010,4060.33
17-06-2010,4083.3
18-06-2010,4121.72
19-06-2010,NaN
20-06-2010,NaN
21-06-2010,4117
22-06-2010,4078.01
23-06-2010,4087.35
24-06-2010,4075.27
25-06-2010,4123.85
26-06-2010,NaN
27-06-2010,NaN
28-06-2010,NaN
29-06-2010,4078.72
30-06-2010,4065.29
01-07-2010,4025.17
02-07-2010,4060.13
03-07-2010,NaN
04-07-2010,NaN
05-07-2010,4032.01
06-07-2010,4070.27
07-07-2010,4129.39
08-07-2010,4175.91
09-07-2010,4180.95
10-07-2010,NaN
11-07-2010,NaN
12-07-2010,4168.13
13-07-2010,4203.67
14-07-2010,4213.19
15-07-2010,4221.61
16-07-2010,NaN
17-07-2010,NaN
18-07-2010,NaN
19-07-2010,4209.14
20-07-2010,4241.75
21-07-2010,4286.14
22-07-2010,4304
23-07-2010,4326
24-07-2010,NaN
25-07-2010,NaN
26-07-2010,4366.65
27-07-2010,4379.08
28-07-2010,4354.03
29-07-2010,4357.21
30-07-2010,4364.15
31-07-2010,NaN
01-08-2010,NaN
02-08-2010,4418.66
03-08-2010,4399.58
04-08-2010,4422.36
05-08-2010,4441.34
06-08-2010,4462.82
07-08-2010,NaN
08-08-2010,NaN
09-08-2010,4495.91
10-08-2010,4482.82
11-08-2010,4388.52
12-08-2010,4384.46
13-08-2010,4462.25
14-08-2010,NaN
15-08-2010,NaN
16-08-2010,4464.44
17-08-2010,4495.3
18-08-2010,4513.66
19-08-2010,4522.38
20-08-2010,4513.31
21-08-2010,NaN
22-08-2010,NaN
23-08-2010,4523.51
24-08-2010,4506.38
25-08-2010,4453.2
26-08-2010,4455.1
27-08-2010,4480.35
28-08-2010,NaN
29-08-2010,NaN
30-08-2010,4487.45
31-08-2010,4525.01
01-09-2010,4582.79
02-09-2010,4597.61
03-09-2010,4628.12
04-09-2010,NaN
05-09-2010,NaN
06-09-2010,4634.1
07-09-2010,4604.19
08-09-2010,4664.08
09-09-2010,4698.1
10-09-2010,4710.86
11-09-2010,NaN
12-09-2010,NaN
13-09-2010,4760.88
14-09-2010,4800.83
15-09-2010,4821.9
16-09-2010,4813.53
17-09-2010,NaN
18-09-2010,NaN
19-09-2010,NaN
20-09-2010,NaN
21-09-2010,4818.27
22-09-2010,4772.29
23-09-2010,4730.86
24-09-2010,4730.2
25-09-2010,NaN
26-09-2010,NaN
27-09-2010,4777.4
28-09-2010,4804.62
29-09-2010,4782.83
30-09-2010,4795.38
01-10-2010,4802.93
02-10-2010,NaN
03-10-2010,NaN
04-10-2010,4787.08
05-10-2010,4773.12
06-10-2010,4758.42
07-10-2010,4702.08
08-10-2010,4699.18
09-10-2010,NaN
10-10-2010,NaN
11-10-2010,NaN
12-10-2010,4666.77
13-10-2010,4794.11
14-10-2010,4771.09
15-10-2010,4735.06
16-10-2010,NaN
17-10-2010,NaN
18-10-2010,4747.4
19-10-2010,4765.01
20-10-2010,4767.13
21-10-2010,4786.83
22-10-2010,4793.37
23-10-2010,NaN
24-10-2010,NaN
25-10-2010,4808.75
26-10-2010,4834.57
27-10-2010,4877.62
28-10-2010,4885.95
29-10-2010,4912.53
30-10-2010,NaN
31-10-2010,NaN
01-11-2010,NaN
02-11-2010,4986.74
03-11-2010,4977.13
04-11-2010,4973.03
05-11-2010,4958.45
06-11-2010,NaN
07-11-2010,NaN
08-11-2010,5003.16
09-11-2010,5024.9
10-11-2010,5026.28
11-11-2010,5013.97
12-11-2010,4977.95
13-11-2010,NaN
14-11-2010,NaN
15-11-2010,4955.97
16-11-2010,4885.13
17-11-2010,4900.62
18-11-2010,4931.35
19-11-2010,4965.17
20-11-2010,NaN
21-11-2010,NaN
22-11-2010,4988.08
23-11-2010,4951.73
24-11-2010,5003.85
25-11-2010,4988.63
26-11-2010,4974.77
27-11-2010,NaN
28-11-2010,NaN
29-11-2010,4973.58
30-11-2010,4956.96
01-12-2010,4956.79
02-12-2010,4978.29
03-12-2010,4970.02
04-12-2010,NaN
05-12-2010,NaN
06-12-2010,4963.15
07-12-2010,4989.05
08-12-2010,NaN
09-12-2010,4964.05
10-12-2010,4945.74
11-12-2010,NaN
12-12-2010,NaN
13-12-2010,4945.18
14-12-2010,4967.67
15-12-2010,4996.86
16-12-2010,5003.08
17-12-2010,5006.59
18-12-2010,NaN
19-12-2010,NaN
20-12-2010,4992.94
21-12-2010,4950.94
22-12-2010,4885.83
23-12-2010,4884.09
24-12-2010,4895.59
25-12-2010,NaN
26-12-2010,NaN
27-12-2010,4840.56
28-12-2010,4835.22
29-12-2010,4888.11
30-12-2010,4927.53
31-12-2010,NaN
01-01-2011,NaN
02-01-2011,NaN
03-01-2011,4967.51
04-01-2011,5024.65
05-01-2011,5040.97
06-01-2011,4996.75
07-01-2011,4947.04
08-01-2011,NaN
09-01-2011,NaN
10-01-2011,4863.31
11-01-2011,4829.94
12-01-2011,4878.42
13-01-2011,4939.11
14-01-2011,4931.41
15-01-2011,NaN
16-01-2011,NaN
17-01-2011,4934.25
18-01-2011,4929.79
19-01-2011,4901.87
20-01-2011,4870.84
21-01-2011,4875.66
22-01-2011,NaN
23-01-2011,NaN
24-01-2011,4882.97
25-01-2011,4830.83
26-01-2011,4838.53
27-01-2011,4766.1
28-01-2011,4672.33
29-01-2011,NaN
30-01-2011,NaN
31-01-2011,4673.07
01-02-2011,4706.54
02-02-2011,4632.06
03-02-2011,4566.94
04-02-2011,4610.28
05-02-2011,NaN
06-02-2011,NaN
07-02-2011,4590.66
08-02-2011,4544.24
09-02-2011,4431.69
10-02-2011,4464.02
11-02-2011,4578.14
12-02-2011,NaN
13-02-2011,NaN
14-02-2011,4608.24
15-02-2011,4572.34
16-02-2011,4536.75
17-02-2011,4478.08
18-02-2011,4445.98
19-02-2011,NaN
20-02-2011,NaN
21-02-2011,4417.44
22-02-2011,4359.65
23-02-2011,4284.86
24-02-2011,4302.76
25-02-2011,4373.9
26-02-2011,NaN
27-02-2011,NaN
28-02-2011,4444.57
01-03-2011,4400.67
02-03-2011,4418.72
03-03-2011,4515.96
04-03-2011,4527.47
05-03-2011,NaN
06-03-2011,NaN
07-03-2011,4487.68
08-03-2011,4482.68
09-03-2011,4448.08
10-03-2011,4371.23
11-03-2011,4324.28
12-03-2011,NaN
13-03-2011,NaN
14-03-2011,4325.12
15-03-2011,4363.88
16-03-2011,4334.64
17-03-2011,4329.2
18-03-2011,4313.64
19-03-2011,NaN
20-03-2011,NaN
21-03-2011,4436.32
22-03-2011,4510.31
23-03-2011,4555.37
24-03-2011,4596.71
25-03-2011,4588.55
26-03-2011,NaN
27-03-2011,NaN
28-03-2011,4593.4
29-03-2011,4557.9
30-03-2011,4594.19
31-03-2011,4624.47
01-04-2011,4712.85
02-04-2011,NaN
03-04-2011,NaN
04-04-2011,4738.81
05-04-2011,4765.23
06-04-2011,4781.67
07-04-2011,4741.31
08-04-2011,4712.97
09-04-2011,NaN
10-04-2011,NaN
11-04-2011,4694
12-04-2011,4616.79
13-04-2011,4645.17
14-04-2011,4656.13
15-04-2011,4669.87
16-04-2011,NaN
17-04-2011,NaN
18-04-2011,4643.95
19-04-2011,4675.6
20-04-2011,4718.51
21-04-2011,4738.67
22-04-2011,NaN
23-04-2011,NaN
24-04-2011,NaN
25-04-2011,4752.2
26-04-2011,4767.26
27-04-2011,4754.91
28-04-2011,4757.99
29-04-2011,4822.5
30-04-2011,NaN
01-05-2011,NaN
02-05-2011,4826.07
03-05-2011,4810
04-05-2011,4758.66
05-05-2011,4788.84
06-05-2011,4813.64
07-05-2011,NaN
08-05-2011,NaN
09-05-2011,4821.66
10-05-2011,4857.58
11-05-2011,4848.89
12-05-2011,4863.81
13-05-2011,4851.01
14-05-2011,NaN
15-05-2011,NaN
16-05-2011,4855
17-05-2011,4852.96
18-05-2011,4865.86
19-05-2011,4816.49
20-05-2011,4818.96
21-05-2011,NaN
22-05-2011,NaN
23-05-2011,4798.29
24-05-2011,4790.38
25-05-2011,4800.82
26-05-2011,4839.87
27-05-2011,4841.65
28-05-2011,NaN
29-05-2011,NaN
30-05-2011,4845.32
31-05-2011,4847.87
01-06-2011,4848.22
02-06-2011,4870.58
03-06-2011,4877.85
04-06-2011,NaN
05-06-2011,NaN
06-06-2011,4811.5
07-06-2011,4815.4
08-06-2011,4819.39
09-06-2011,4762.44
10-06-2011,4737.51
11-06-2011,NaN
12-06-2011,NaN
13-06-2011,4663.35
14-06-2011,4646.13
15-06-2011,4572.09
16-06-2011,4530.7
17-06-2011,4623.51
18-06-2011,NaN
19-06-2011,NaN
20-06-2011,4630.57
21-06-2011,4697.84
22-06-2011,4711.09
23-06-2011,4694.88
24-06-2011,4696.35
25-06-2011,NaN
26-06-2011,NaN
27-06-2011,NaN
28-06-2011,4762.71
29-06-2011,4771.43
30-06-2011,4795.28
01-07-2011,4798.12
02-07-2011,NaN
03-07-2011,NaN
04-07-2011,4772.54
05-07-2011,4808.53
06-07-2011,4777.69
07-07-2011,4776.59
08-07-2011,4769.39
09-07-2011,NaN
10-07-2011,NaN
11-07-2011,4756.13
12-07-2011,4725.55
13-07-2011,4724.47
14-07-2011,4698.15
15-07-2011,4724.8
16-07-2011,NaN
17-07-2011,NaN
18-07-2011,4670.93
19-07-2011,4662.09
20-07-2011,4604.43
21-07-2011,4618.04
22-07-2011,4627.8
23-07-2011,NaN
24-07-2011,NaN
25-07-2011,4620.54
26-07-2011,4525.3
27-07-2011,4413.54
28-07-2011,4434.68
29-07-2011,4425.98
30-07-2011,NaN
31-07-2011,NaN
01-08-2011,4486.39
02-08-2011,4391.46
03-08-2011,4312.44
04-08-2011,4142.38
05-08-2011,4066.09
06-08-2011,NaN
07-08-2011,NaN
08-08-2011,3784.65
09-08-2011,4005.39
10-08-2011,4104.19
11-08-2011,4213.01
12-08-2011,4250.69
13-08-2011,NaN
14-08-2011,NaN
15-08-2011,NaN
16-08-2011,4215.44
17-08-2011,4229.26
18-08-2011,4149.3
19-08-2011,4129.71
20-08-2011,NaN
21-08-2011,NaN
22-08-2011,4112.89
23-08-2011,4162.52
24-08-2011,4158.68
25-08-2011,4113.44
26-08-2011,4120.84
27-08-2011,NaN
28-08-2011,NaN
29-08-2011,4214.63
30-08-2011,4261.41
31-08-2011,4288.35
01-09-2011,4308.13
02-09-2011,4250.72
03-09-2011,NaN
04-09-2011,NaN
05-09-2011,4107.81
06-09-2011,4111.48
07-09-2011,4214
08-09-2011,4198.38
09-09-2011,4106.37
10-09-2011,NaN
11-09-2011,NaN
12-09-2011,4010.99
13-09-2011,4031.33
14-09-2011,4052.75
15-09-2011,4073.22
16-09-2011,4057.54
17-09-2011,NaN
18-09-2011,NaN
19-09-2011,NaN
20-09-2011,4105.61
21-09-2011,4045.57
22-09-2011,3824.37
23-09-2011,3772.14
24-09-2011,NaN
25-09-2011,NaN
26-09-2011,3812.27
27-09-2011,3925.55
28-09-2011,3901.4
29-09-2011,3901.13
30-09-2011,3888.58
01-10-2011,NaN
02-10-2011,NaN
03-10-2011,3763.91
04-10-2011,3606.31
05-10-2011,3698.75
06-10-2011,3889.01
07-10-2011,3865.74
08-10-2011,NaN
09-10-2011,NaN
10-10-2011,NaN
11-10-2011,3940
12-10-2011,4005.89
13-10-2011,4016.46
14-10-2011,4003.63
15-10-2011,NaN
16-10-2011,NaN
17-10-2011,4008.43
18-10-2011,4052.39
19-10-2011,4088.99
20-10-2011,4075.21
21-10-2011,4127.63
22-10-2011,NaN
23-10-2011,NaN
24-10-2011,4197.9
25-10-2011,4139.38
26-10-2011,4167.31
27-10-2011,4316.82
28-10-2011,4327.25
29-10-2011,NaN
30-10-2011,NaN
31-10-2011,NaN
01-11-2011,NaN
02-11-2011,4270.96
03-11-2011,4277.39
04-11-2011,4269.21
05-11-2011,NaN
06-11-2011,NaN
07-11-2011,4343.72
08-11-2011,4370.8
09-11-2011,4290.66
10-11-2011,4288.68
11-11-2011,4337.83
12-11-2011,NaN
13-11-2011,NaN
14-11-2011,4325.76
15-11-2011,4348.51
16-11-2011,4366.83
17-11-2011,4288.7
18-11-2011,4265.31
19-11-2011,NaN
20-11-2011,NaN
21-11-2011,4183.91
22-11-2011,4127.01
23-11-2011,4016.42
24-11-2011,4014.25
25-11-2011,3955.55
26-11-2011,NaN
27-11-2011,NaN
28-11-2011,4054.15
29-11-2011,4057.82
30-11-2011,4161.29
01-12-2011,4140.15
02-12-2011,4139.79
03-12-2011,NaN
04-12-2011,NaN
05-12-2011,4100.12
06-12-2011,4092.23
07-12-2011,4156.1
08-12-2011,NaN
09-12-2011,4184.15
10-12-2011,NaN
11-12-2011,NaN
12-12-2011,4159.94
13-12-2011,4166.63
14-12-2011,4119.12
15-12-2011,4138.04
16-12-2011,4139.9
17-12-2011,NaN
18-12-2011,NaN
19-12-2011,4140.81
20-12-2011,4179.2
21-12-2011,4199.56
22-12-2011,4199.64
23-12-2011,4197
24-12-2011,NaN
25-12-2011,NaN
26-12-2011,4175.21
27-12-2011,4187.93
28-12-2011,4151.72
29-12-2011,4171.95
30-12-2011,4177.53
31-12-2011,NaN
01-01-2012,NaN
02-01-2012,4158.06
03-01-2012,4163.16
04-01-2012,4198.12
05-01-2012,4188.65
06-01-2012,4201.48
07-01-2012,NaN
08-01-2012,NaN
09-01-2012,4205.19
10-01-2012,4210.47
11-01-2012,4204.19
12-01-2012,4213.54
13-01-2012,4205.05
14-01-2012,NaN
15-01-2012,NaN
16-01-2012,4220.57
17-01-2012,4228.73
18-01-2012,4249.39
19-01-2012,4268.94
20-01-2012,4278.17
21-01-2012,NaN
22-01-2012,NaN
23-01-2012,4248.17
24-01-2012,4243.44
25-01-2012,4219.47
26-01-2012,4218.79
27-01-2012,4226.08
28-01-2012,NaN
29-01-2012,NaN
30-01-2012,4222.4
31-01-2012,4260.76
01-02-2012,4316.37
02-02-2012,4338.37
03-02-2012,4382.05
04-02-2012,NaN
05-02-2012,NaN
06-02-2012,4377.69
07-02-2012,4362.74
08-02-2012,4362.16
09-02-2012,4403.95
10-02-2012,4410.74
11-02-2012,NaN
12-02-2012,NaN
13-02-2012,4433.59
14-02-2012,4435.18
15-02-2012,4477.48
16-02-2012,4490.66
17-02-2012,4545.9
18-02-2012,NaN
19-02-2012,NaN
20-02-2012,4540.95
21-02-2012,4525.33
22-02-2012,4519.44
23-02-2012,4494.72
24-02-2012,4512.17
25-02-2012,NaN
26-02-2012,NaN
27-02-2012,4495.32
28-02-2012,4520.79
29-02-2012,4535.6
01-03-2012,4559.81
02-03-2012,4552.34
03-03-2012,NaN
04-03-2012,NaN
05-03-2012,4506.41
06-03-2012,4483.75
07-03-2012,4480.32
08-03-2012,4515.34
09-03-2012,4520.31
10-03-2012,NaN
11-03-2012,NaN
12-03-2012,4525.67
13-03-2012,4529.01
14-03-2012,4551.5
15-03-2012,4580.63
16-03-2012,4585.95
17-03-2012,NaN
18-03-2012,NaN
19-03-2012,4644.31
20-03-2012,4614.38
21-03-2012,4620.51
22-03-2012,4586.78
23-03-2012,4617.69
24-03-2012,NaN
25-03-2012,NaN
26-03-2012,4659.97
27-03-2012,4689.64
28-03-2012,4668.23
29-03-2012,4650.07
30-03-2012,4671.28
31-03-2012,NaN
01-04-2012,NaN
02-04-2012,4694.86
03-04-2012,4655.18
04-04-2012,4634.59
05-04-2012,4647.99
06-04-2012,NaN
07-04-2012,NaN
08-04-2012,NaN
09-04-2012,4606.02
10-04-2012,4569.42
11-04-2012,4547.14
12-04-2012,4549.72
13-04-2012,4527.46
14-04-2012,NaN
15-04-2012,NaN
16-04-2012,4519.46
17-04-2012,4517.98
18-04-2012,4520.74
19-04-2012,4541.04
20-04-2012,4594.44
21-04-2012,NaN
22-04-2012,NaN
23-04-2012,4551.45
24-04-2012,4565.2
25-04-2012,4566.37
26-04-2012,4559.34
27-04-2012,4575.54
28-04-2012,NaN
29-04-2012,NaN
30-04-2012,4585.77
01-05-2012,NaN
02-05-2012,4554.39
03-05-2012,4521.01
04-05-2012,4529.21
05-05-2012,NaN
06-05-2012,NaN
07-05-2012,4545.65
08-05-2012,4520.62
09-05-2012,4492.75
10-05-2012,4485.53
11-05-2012,4476.3
12-05-2012,NaN
13-05-2012,NaN
14-05-2012,4414.92
15-05-2012,4357.9
16-05-2012,4313.7
17-05-2012,4277.33
18-05-2012,4239.71
19-05-2012,NaN
20-05-2012,NaN
21-05-2012,NaN
22-05-2012,4236.99
23-05-2012,4201.45
24-05-2012,4221.18
25-05-2012,4254.61
26-05-2012,NaN
27-05-2012,NaN
28-05-2012,4260.62
29-05-2012,4269.38
30-05-2012,4270.76
31-05-2012,4318.16
01-06-2012,4280.51
02-06-2012,NaN
03-06-2012,NaN
04-06-2012,4206.68
05-06-2012,4205.52
06-06-2012,4270.31
07-06-2012,4284.48
08-06-2012,4349.46
09-06-2012,NaN
10-06-2012,NaN
11-06-2012,4305.8
12-06-2012,4281.82
13-06-2012,4255.47
14-06-2012,4274.41
15-06-2012,4317.83
16-06-2012,NaN
17-06-2012,NaN
18-06-2012,4337.43
19-06-2012,4356.63
20-06-2012,4396.78
21-06-2012,4361.58
22-06-2012,4358.84
23-06-2012,NaN
24-06-2012,NaN
25-06-2012,4326.54
26-06-2012,4324.01
27-06-2012,4337.08
28-06-2012,4336.36
29-06-2012,4400.1
30-06-2012,NaN
01-07-2012,NaN
02-07-2012,NaN
03-07-2012,4420.32
04-07-2012,4418.69
05-07-2012,4426.2
06-07-2012,4413.41
07-07-2012,NaN
08-07-2012,NaN
09-07-2012,4376.62
10-07-2012,4352.82
11-07-2012,4365.53
12-07-2012,4355.89
13-07-2012,4372.67
14-07-2012,NaN
15-07-2012,NaN
16-07-2012,NaN
17-07-2012,4390.73
18-07-2012,4406.39
19-07-2012,4392.84
20-07-2012,4384.5
21-07-2012,NaN
22-07-2012,NaN
23-07-2012,4337.85
24-07-2012,4321.17
25-07-2012,4291.37
26-07-2012,4235.79
27-07-2012,4254.32
28-07-2012,NaN
29-07-2012,NaN
30-07-2012,4244.23
31-07-2012,4227.56
01-08-2012,4173.09
02-08-2012,4114.29
03-08-2012,4193.1
04-08-2012,NaN
05-08-2012,NaN
06-08-2012,4190.19
07-08-2012,4152.84
08-08-2012,4176.3
09-08-2012,4163
10-08-2012,4187.65
11-08-2012,NaN
12-08-2012,NaN
13-08-2012,4180.98
14-08-2012,4184.52
15-08-2012,NaN
16-08-2012,4214.62
17-08-2012,4261.98
18-08-2012,NaN
19-08-2012,NaN
20-08-2012,4274.22
21-08-2012,4262.04
22-08-2012,4217.94
23-08-2012,4205.27
24-08-2012,4188.11
25-08-2012,NaN
26-08-2012,NaN
27-08-2012,4156.37
28-08-2012,4157.78
29-08-2012,4155.22
30-08-2012,4125.46
31-08-2012,4155.68
01-09-2012,NaN
02-09-2012,NaN
03-09-2012,4136.27
04-09-2012,4118.51
05-09-2012,4103.95
06-09-2012,4126.82
07-09-2012,4166.15
08-09-2012,NaN
09-09-2012,NaN
10-09-2012,4174.47
11-09-2012,4190.28
12-09-2012,4172.76
13-09-2012,4184.77
14-09-2012,4218
15-09-2012,NaN
16-09-2012,NaN
17-09-2012,NaN
18-09-2012,NaN
19-09-2012,NaN
20-09-2012,4210.15
21-09-2012,4231.07
22-09-2012,NaN
23-09-2012,NaN
24-09-2012,4211.06
25-09-2012,4199.13
26-09-2012,4200.48
27-09-2012,4211.61
28-09-2012,4230.42
29-09-2012,NaN
30-09-2012,NaN
01-10-2012,4232.08
02-10-2012,4245.39
03-10-2012,4245.31
04-10-2012,4277.22
05-10-2012,4302.69
06-10-2012,NaN
07-10-2012,NaN
08-10-2012,4303.25
09-10-2012,4266.65
10-10-2012,4244
11-10-2012,4250.49
12-10-2012,4246.13
13-10-2012,NaN
14-10-2012,NaN
15-10-2012,NaN
16-10-2012,4290.24
17-10-2012,4311.66
18-10-2012,4322.14
19-10-2012,4265.38
20-10-2012,NaN
21-10-2012,NaN
22-10-2012,4242.97
23-10-2012,4235.67
24-10-2012,4244.43
25-10-2012,4236.12
26-10-2012,4250.4
27-10-2012,NaN
28-10-2012,NaN
29-10-2012,4257.51
30-10-2012,4260.78
31-10-2012,4266.35
01-11-2012,NaN
02-11-2012,NaN
03-11-2012,NaN
04-11-2012,NaN
05-11-2012,4261.81
06-11-2012,4275.76
07-11-2012,4256.34
08-11-2012,4249.92
09-11-2012,4237.78
10-11-2012,NaN
11-11-2012,NaN
12-11-2012,4224.34
13-11-2012,4207.11
14-11-2012,4187.73
15-11-2012,4187.09
16-11-2012,4184.85
17-11-2012,NaN
18-11-2012,NaN
19-11-2012,4191.12
20-11-2012,4179.7
21-11-2012,4145.42
22-11-2012,4139.68
23-11-2012,4143.25
24-11-2012,NaN
25-11-2012,NaN
26-11-2012,4132.75
27-11-2012,4116.38
28-11-2012,4112.94
29-11-2012,4137.55
30-11-2012,4139.99
01-12-2012,NaN
02-12-2012,NaN
03-12-2012,4158.66
04-12-2012,4144.06
05-12-2012,4149.5
06-12-2012,4139.86
07-12-2012,4136.97
08-12-2012,NaN
09-12-2012,NaN
10-12-2012,4135.71
11-12-2012,4198.77
12-12-2012,4233.97
13-12-2012,4230.82
14-12-2012,4263.04
15-12-2012,NaN
16-12-2012,NaN
17-12-2012,4279.93
18-12-2012,4288.38
19-12-2012,4291.08
20-12-2012,4291.56
21-12-2012,4293.78
22-12-2012,NaN
23-12-2012,NaN
24-12-2012,4292.7
25-12-2012,NaN
26-12-2012,4301
27-12-2012,4294.5
28-12-2012,4301.38
29-12-2012,NaN
30-12-2012,NaN
31-12-2012,NaN
01-01-2013,NaN
02-01-2013,4349.05
03-01-2013,4356.8
04-01-2013,4397.91
05-01-2013,NaN
06-01-2013,NaN
07-01-2013,4398.65
08-01-2013,4405.94
09-01-2013,4427.39
10-01-2013,4460.44
11-01-2013,4438.66
12-01-2013,NaN
13-01-2013,NaN
14-01-2013,4455.03
15-01-2013,4450.21
16-01-2013,4479.27
17-01-2013,4495.06
18-01-2013,4528.45
19-01-2013,NaN
20-01-2013,NaN
21-01-2013,4527.04
22-01-2013,4535.38
23-01-2013,4510.95
24-01-2013,4485.67
25-01-2013,4504.99
26-01-2013,NaN
27-01-2013,NaN
28-01-2013,4518.84
29-01-2013,4516.85
30-01-2013,4541.51
31-01-2013,4552.4
01-02-2013,4566.12
02-02-2013,NaN
03-02-2013,NaN
04-02-2013,4561.91
05-02-2013,4581.25
06-02-2013,4596.83
07-02-2013,4590.64
08-02-2013,4589.06
09-02-2013,NaN
10-02-2013,NaN
11-02-2013,4592.62
12-02-2013,4595.52
13-02-2013,4614.66
14-02-2013,4609.87
15-02-2013,4594.85
16-02-2013,NaN
17-02-2013,NaN
18-02-2013,4597.18
19-02-2013,4604.81
20-02-2013,4542.66
21-02-2013,4519.2
22-02-2013,4544.45
23-02-2013,NaN
24-02-2013,NaN
25-02-2013,4516.04
26-02-2013,4499.38
27-02-2013,4520.52
28-02-2013,4558.46
01-03-2013,4573.26
02-03-2013,NaN
03-03-2013,NaN
04-03-2013,4582.56
05-03-2013,4569.59
06-03-2013,4519.16
07-03-2013,4495.71
08-03-2013,4528.91
09-03-2013,NaN
10-03-2013,NaN
11-03-2013,4527.29
12-03-2013,4506.32
13-03-2013,4480.4
14-03-2013,4449.78
15-03-2013,4409.43
16-03-2013,NaN
17-03-2013,NaN
18-03-2013,4404.09
19-03-2013,4431.04
20-03-2013,4457.2
21-03-2013,4450.35
22-03-2013,4451.03
23-03-2013,NaN
24-03-2013,NaN
25-03-2013,4409.77
26-03-2013,4440.5
27-03-2013,4430.46
28-03-2013,4432.14
29-03-2013,NaN
30-03-2013,NaN
31-03-2013,NaN
01-04-2013,4415.69
02-04-2013,4396.2
03-04-2013,4347.35
04-04-2013,4327.15
05-04-2013,4270.82
06-04-2013,NaN
07-04-2013,NaN
08-04-2013,4298.46
09-04-2013,4348.04
10-04-2013,4353.61
11-04-2013,4340.76
12-04-2013,4330.45
13-04-2013,NaN
14-04-2013,NaN
15-04-2013,4230.78
16-04-2013,4260.97
17-04-2013,4243.43
18-04-2013,4279.4
19-04-2013,4305.75
20-04-2013,NaN
21-04-2013,NaN
22-04-2013,4291.96
23-04-2013,4313.04
24-04-2013,4312.36
25-04-2013,4311.83
26-04-2013,4281.44
27-04-2013,NaN
28-04-2013,NaN
29-04-2013,4257.95
30-04-2013,4292.14
01-05-2013,NaN
02-05-2013,4309.4
03-05-2013,4341.61
04-05-2013,NaN
05-05-2013,NaN
06-05-2013,4328.78
07-05-2013,4340.95
08-05-2013,4356.17
09-05-2013,4349.46
10-05-2013,4319.96
11-05-2013,NaN
12-05-2013,NaN
13-05-2013,4281.88
14-05-2013,4288.95
15-05-2013,4286.32
16-05-2013,4261.2
17-05-2013,4258.99
18-05-2013,NaN
19-05-2013,NaN
20-05-2013,4233.14
21-05-2013,NaN
22-05-2013,4270.12
23-05-2013,4237.04
24-05-2013,4197.29
25-05-2013,NaN
26-05-2013,NaN
27-05-2013,4171.25
28-05-2013,4138.88
29-05-2013,4134.56
30-05-2013,4138.25
31-05-2013,4191.26
01-06-2013,NaN
02-06-2013,NaN
03-06-2013,4167.21
04-06-2013,4198.83
05-06-2013,4192.67
06-06-2013,4168.83
07-06-2013,4119.25
08-06-2013,NaN
09-06-2013,NaN
10-06-2013,4030.78
11-06-2013,3962.95
12-06-2013,3924.43
13-06-2013,3981.48
14-06-2013,3990.21
15-06-2013,NaN
16-06-2013,NaN
17-06-2013,3972.59
18-06-2013,3974.23
19-06-2013,3947.11
20-06-2013,3826.43
21-06-2013,3821.74
22-06-2013,NaN
23-06-2013,NaN
24-06-2013,3802.19
25-06-2013,3821.26
26-06-2013,3903.31
27-06-2013,3961.88
28-06-2013,4029.67
29-06-2013,NaN
30-06-2013,NaN
01-07-2013,3953.87
02-07-2013,3876.62
03-07-2013,3847.63
04-07-2013,3866.23
05-07-2013,3831.92
06-07-2013,NaN
07-07-2013,NaN
08-07-2013,3817.7
09-07-2013,3777.95
10-07-2013,3735.91
11-07-2013,3730.44
12-07-2013,3740.3
13-07-2013,NaN
14-07-2013,NaN
15-07-2013,3806.92
16-07-2013,NaN
17-07-2013,3864.43
18-07-2013,3909.94
19-07-2013,3852.57
20-07-2013,NaN
21-07-2013,NaN
22-07-2013,3859.92
23-07-2013,3859.95
24-07-2013,3872.01
25-07-2013,3849.89
26-07-2013,3809.52
27-07-2013,NaN
28-07-2013,NaN
29-07-2013,3803.89
30-07-2013,3748.36
31-07-2013,3732.54
01-08-2013,3830.59
02-08-2013,3820.54
03-08-2013,NaN
04-08-2013,NaN
05-08-2013,3778.91
06-08-2013,3711.01
07-08-2013,3666.22
08-08-2013,3740.59
09-08-2013,3779.02
10-08-2013,NaN
11-08-2013,NaN
12-08-2013,3785.04
13-08-2013,3775.22
14-08-2013,3759.45
15-08-2013,NaN
16-08-2013,3730.4
17-08-2013,NaN
18-08-2013,NaN
19-08-2013,3702.92
20-08-2013,3687.19
21-08-2013,3620.66
22-08-2013,3616.15
23-08-2013,3660.17
24-08-2013,NaN
25-08-2013,NaN
26-08-2013,3641.24
27-08-2013,3558.24
28-08-2013,3537.81
29-08-2013,3554.45
30-08-2013,3628.73
31-08-2013,NaN
01-09-2013,NaN
02-09-2013,3639.13
03-09-2013,3613.7
04-09-2013,3618.64
05-09-2013,3709.79
06-09-2013,3799.28
07-09-2013,NaN
08-09-2013,NaN
09-09-2013,3893.53
10-09-2013,3893.42
11-09-2013,3903.44
12-09-2013,3830.97
13-09-2013,3791.66
14-09-2013,NaN
15-09-2013,NaN
16-09-2013,3835.03
17-09-2013,3820.84
18-09-2013,NaN
19-09-2013,NaN
20-09-2013,NaN
21-09-2013,NaN
22-09-2013,NaN
23-09-2013,3952.03
24-09-2013,3918.11
25-09-2013,3902.07
26-09-2013,3896.27
27-09-2013,3872.91
28-09-2013,NaN
29-09-2013,NaN
30-09-2013,3823.85
01-10-2013,3855.7
02-10-2013,3821.79
03-10-2013,3826.61
04-10-2013,3839.24
05-10-2013,NaN
06-10-2013,NaN
07-10-2013,3812.86
08-10-2013,3809.79
09-10-2013,3776.53
10-10-2013,3819.44
11-10-2013,3837.16
12-10-2013,NaN
13-10-2013,NaN
14-10-2013,3844.8
15-10-2013,3853.04
16-10-2013,3856.42
17-10-2013,3823.21
18-10-2013,3848.61
19-10-2013,NaN
20-10-2013,NaN
21-10-2013,3891.86
22-10-2013,3894.86
23-10-2013,3930.06
24-10-2013,3906.88
25-10-2013,3879.11
26-10-2013,NaN
27-10-2013,NaN
28-10-2013,3885.03
29-10-2013,3871.47
30-10-2013,3912.44
31-10-2013,NaN
01-11-2013,NaN
02-11-2013,NaN
03-11-2013,NaN
04-11-2013,3923.48
05-11-2013,3923.33
06-11-2013,3904.29
07-11-2013,3904.28
08-11-2013,3837.62
09-11-2013,NaN
10-11-2013,NaN
11-11-2013,3777.42
12-11-2013,3781.46
13-11-2013,3723.77
14-11-2013,3746.62
15-11-2013,3799.45
16-11-2013,NaN
17-11-2013,NaN
18-11-2013,3842.26
19-11-2013,3804.83
20-11-2013,3764.74
21-11-2013,3715.14
22-11-2013,3735.54
23-11-2013,NaN
24-11-2013,NaN
25-11-2013,3717.72
26-11-2013,3671.78
27-11-2013,3716.92
28-11-2013,3741.89
29-11-2013,3789.06
30-11-2013,NaN
01-12-2013,NaN
02-12-2013,3760.5
03-12-2013,3718.76
04-12-2013,3714.93
05-12-2013,3729.69
06-12-2013,3706.94
07-12-2013,NaN
08-12-2013,NaN
09-12-2013,3704.15
10-12-2013,3708.34
11-12-2013,3699.27
12-12-2013,3673.42
13-12-2013,3657.6
14-12-2013,NaN
15-12-2013,NaN
16-12-2013,3688.51
17-12-2013,3670.87
18-12-2013,3664.82
19-12-2013,3679.89
20-12-2013,3705.76
21-12-2013,NaN
22-12-2013,NaN
23-12-2013,3679.4
24-12-2013,3677.59
25-12-2013,NaN
26-12-2013,3652.91
27-12-2013,3696.75
28-12-2013,NaN
29-12-2013,NaN
30-12-2013,3699.19
31-12-2013,NaN
01-01-2014,NaN
02-01-2014,3694.33
03-01-2014,3698.6
04-01-2014,NaN
05-01-2014,NaN
06-01-2014,3694.99
07-01-2014,3673.68
08-01-2014,3689.76
09-01-2014,3645.12
10-01-2014,3620.46
11-01-2014,NaN
12-01-2014,NaN
13-01-2014,3618.8
14-01-2014,3615.22
15-01-2014,3650.07
16-01-2014,3673
17-01-2014,3704.44
18-01-2014,NaN
19-01-2014,NaN
20-01-2014,3686.68
21-01-2014,3679.77
22-01-2014,3700.08
23-01-2014,3673.23
24-01-2014,3597.98
25-01-2014,NaN
26-01-2014,NaN
27-01-2014,3520.82
28-01-2014,3487
29-01-2014,3393.31
30-01-2014,3391.31
31-01-2014,3439.41
01-02-2014,NaN
02-02-2014,NaN
03-02-2014,3393.27
04-02-2014,3407.26
05-02-2014,3408.89
06-02-2014,3446.99
07-02-2014,3485.41
08-02-2014,NaN
09-02-2014,NaN
10-02-2014,3501
11-02-2014,3548.88
12-02-2014,3605.45
13-02-2014,3603.95
14-02-2014,3666.48
15-02-2014,NaN
16-02-2014,NaN
17-02-2014,3671.7
18-02-2014,3648.03
19-02-2014,3641.25
20-02-2014,3641.09
21-02-2014,3626.69
22-02-2014,NaN
23-02-2014,NaN
24-02-2014,3640.44
25-02-2014,3633.78
26-02-2014,3675.28
27-02-2014,3689.01
28-02-2014,3718.88
01-03-2014,NaN
02-03-2014,NaN
03-03-2014,3661.65
04-03-2014,3703.81
05-03-2014,3715.81
06-03-2014,3730.39
07-03-2014,3697.79
08-03-2014,NaN
09-03-2014,NaN
10-03-2014,3652.51
11-03-2014,3659.3
12-03-2014,3623.29
13-03-2014,3630.76
14-03-2014,3611.65
15-03-2014,NaN
16-03-2014,NaN
17-03-2014,3631.28
18-03-2014,3673.62
19-03-2014,3638.8
20-03-2014,3656.05
21-03-2014,3633.2
22-03-2014,NaN
23-03-2014,NaN
24-03-2014,3658.94
25-03-2014,3707.74
26-03-2014,3697.14
27-03-2014,3742.36
28-03-2014,3759.79
29-03-2014,NaN
30-03-2014,NaN
31-03-2014,3772.76
01-04-2014,3794.62
02-04-2014,3809.86
03-04-2014,3793.64
04-04-2014,3766.41
05-04-2014,NaN
06-04-2014,NaN
07-04-2014,3778.26
08-04-2014,3822.19
09-04-2014,3863.92
10-04-2014,3853.95
11-04-2014,3868.35
12-04-2014,NaN
13-04-2014,NaN
14-04-2014,3893.51
15-04-2014,3877.49
16-04-2014,3912.24
17-04-2014,3895.63
18-04-2014,NaN
19-04-2014,NaN
20-04-2014,NaN
21-04-2014,3887.86
22-04-2014,3878.5
23-04-2014,3871.61
24-04-2014,3869.16
25-04-2014,3823.65
26-04-2014,NaN
27-04-2014,NaN
28-04-2014,3812.86
29-04-2014,3846.91
30-04-2014,3909.64
01-05-2014,NaN
02-05-2014,3929.85
03-05-2014,NaN
04-05-2014,NaN
05-05-2014,3907
06-05-2014,3891.53
07-05-2014,3903.68
08-05-2014,3910.93
09-05-2014,3904.06
10-05-2014,NaN
11-05-2014,NaN
12-05-2014,3920.17
13-05-2014,3956.33
14-05-2014,3964.09
15-05-2014,3947.2
16-05-2014,3969.38
17-05-2014,NaN
18-05-2014,NaN
19-05-2014,3935.28
20-05-2014,3881.35
21-05-2014,NaN
22-05-2014,3925.31
23-05-2014,3960.06
24-05-2014,NaN
25-05-2014,NaN
26-05-2014,3959.01
27-05-2014,3930.02
28-05-2014,3929.3
29-05-2014,3944.21
30-05-2014,3903.81
31-05-2014,NaN
01-06-2014,NaN
02-06-2014,3891.19
03-06-2014,3914.19
04-06-2014,3916.96
05-06-2014,3940.35
06-06-2014,3936.37
07-06-2014,NaN
08-06-2014,NaN
09-06-2014,3912.01
10-06-2014,3929.53
11-06-2014,3906.91
12-06-2014,3890.77
13-06-2014,3863.13
14-06-2014,NaN
15-06-2014,NaN
16-06-2014,3841.28
17-06-2014,3827.68
18-06-2014,3869.3
19-06-2014,3893.56
20-06-2014,3870.2
21-06-2014,NaN
22-06-2014,NaN
23-06-2014,3879.98
24-06-2014,3902.03
25-06-2014,3893.83
26-06-2014,3886.91
27-06-2014,3874.47
28-06-2014,NaN
29-06-2014,NaN
30-06-2014,3875.73
01-07-2014,3871.02
02-07-2014,3887.72
03-07-2014,3893.48
04-07-2014,3887.55
05-07-2014,NaN
06-07-2014,NaN
07-07-2014,3882.17
08-07-2014,3920.66
09-07-2014,3974.34
10-07-2014,3967.36
11-07-2014,3974.45
12-07-2014,NaN
13-07-2014,NaN
14-07-2014,3964.81
15-07-2014,3964.22
16-07-2014,NaN
17-07-2014,3946.67
18-07-2014,3945.35
19-07-2014,NaN
20-07-2014,NaN
21-07-2014,3936.83
22-07-2014,3931.12
23-07-2014,3921.98
24-07-2014,3929.51
25-07-2014,3918.79
26-07-2014,NaN
27-07-2014,NaN
28-07-2014,3918.56
29-07-2014,3914.86
30-07-2014,3906.37
31-07-2014,3875.44
01-08-2014,3904.93
02-08-2014,NaN
03-08-2014,NaN
04-08-2014,3934.93
05-08-2014,3940.62
06-08-2014,3923.37
07-08-2014,3906.73
08-08-2014,3894.46
09-08-2014,NaN
10-08-2014,NaN
11-08-2014,3926.35
12-08-2014,3924.05
13-08-2014,3952.77
14-08-2014,3955.38
15-08-2014,NaN
16-08-2014,NaN
17-08-2014,NaN
18-08-2014,3953.56
19-08-2014,3947.96
20-08-2014,3978
21-08-2014,3969.36
22-08-2014,3950.01
23-08-2014,NaN
24-08-2014,NaN
25-08-2014,3945.78
26-08-2014,3951.44
27-08-2014,3973.31
28-08-2014,3963.78
29-08-2014,3996.64
30-08-2014,NaN
31-08-2014,NaN
01-09-2014,4012.06
02-09-2014,4055.1
03-09-2014,4094.65
04-09-2014,4086.33
05-09-2014,4071.26
06-09-2014,NaN
07-09-2014,NaN
08-09-2014,4060.05
09-09-2014,4062.51
10-09-2014,4067.05
11-09-2014,4025.73
12-09-2014,3990.97
13-09-2014,NaN
14-09-2014,NaN
15-09-2014,3968.13
16-09-2014,3994
17-09-2014,4028.55
18-09-2014,NaN
19-09-2014,NaN
20-09-2014,NaN
21-09-2014,NaN
22-09-2014,3999.34
23-09-2014,3962.28
24-09-2014,3972.79
25-09-2014,3976.17
26-09-2014,3968.61
27-09-2014,NaN
28-09-2014,NaN
29-09-2014,3943.88
30-09-2014,3943.56
01-10-2014,3882.16
02-10-2014,3872.52
03-10-2014,3924.31
04-10-2014,NaN
05-10-2014,NaN
06-10-2014,3948.68
07-10-2014,3933.41
08-10-2014,3913.52
09-10-2014,3884.81
10-10-2014,3831.91
11-10-2014,NaN
12-10-2014,NaN
13-10-2014,3858.49
14-10-2014,3846.23
15-10-2014,3791.28
16-10-2014,3778.03
17-10-2014,3760.74
18-10-2014,NaN
19-10-2014,NaN
20-10-2014,3757.11
21-10-2014,3794.5
22-10-2014,3808.67
23-10-2014,3816.88
24-10-2014,3822.55
25-10-2014,NaN
26-10-2014,NaN
27-10-2014,3794.83
28-10-2014,3792.22
29-10-2014,3804.9
30-10-2014,3850.97
31-10-2014,NaN
01-11-2014,NaN
02-11-2014,NaN
03-11-2014,3901.14
04-11-2014,3901.15
05-11-2014,3908.46
06-11-2014,3890.3
07-11-2014,3888.07
08-11-2014,NaN
09-11-2014,NaN
10-11-2014,3890.44
11-11-2014,3891.37
12-11-2014,3921.62
13-11-2014,3931.8
14-11-2014,3919.85
15-11-2014,NaN
16-11-2014,NaN
17-11-2014,3921.98
18-11-2014,3933.64
19-11-2014,3975.15
20-11-2014,3976.18
21-11-2014,3988.04
22-11-2014,NaN
23-11-2014,NaN
24-11-2014,3972.04
25-11-2014,3975.86
26-11-2014,3962.08
27-11-2014,3981.07
28-11-2014,3991.78
29-11-2014,NaN
30-11-2014,NaN
01-12-2014,3958.49
02-12-2014,3948.93
03-12-2014,3948.27
04-12-2014,3941.88
05-12-2014,3968.12
06-12-2014,NaN
07-12-2014,NaN
08-12-2014,NaN
09-12-2014,3911.27
10-12-2014,3859.57
11-12-2014,3825.33
12-12-2014,3802.56
13-12-2014,NaN
14-12-2014,NaN
15-12-2014,3752.89
16-12-2014,3751.51
17-12-2014,3779.19
18-12-2014,3808.53
19-12-2014,3810.23
20-12-2014,NaN
21-12-2014,NaN
22-12-2014,3798.47
23-12-2014,3820.58
24-12-2014,3812.14
25-12-2014,NaN
26-12-2014,3818.48
27-12-2014,NaN
28-12-2014,NaN
29-12-2014,3854.41
30-12-2014,3850.96
31-12-2014,NaN
01-01-2015,NaN
02-01-2015,3851.23
03-01-2015,NaN
04-01-2015,NaN
05-01-2015,3797.99
06-01-2015,3776.64
07-01-2015,3776.65
08-01-2015,3785.57
09-01-2015,3783.06
10-01-2015,NaN
11-01-2015,NaN
12-01-2015,3779.32
13-01-2015,3786.57
14-01-2015,3749.1
15-01-2015,3729.39
16-01-2015,3729.91
17-01-2015,NaN
18-01-2015,NaN
19-01-2015,3733.46
20-01-2015,3748.76
21-01-2015,3806.04
22-01-2015,3865.59
23-01-2015,3859.89
24-01-2015,NaN
25-01-2015,NaN
26-01-2015,3837.62
27-01-2015,3852.71
28-01-2015,3845.37
29-01-2015,3839.79
30-01-2015,3836.73
31-01-2015,NaN
01-02-2015,NaN
02-02-2015,3861.55
03-02-2015,3915.34
04-02-2015,3917.29
05-02-2015,3931.16
06-02-2015,3951.17
07-02-2015,NaN
08-02-2015,NaN
09-02-2015,3923.71
10-02-2015,3905.48
11-02-2015,3920.45
12-02-2015,3963.81
13-02-2015,3983.27
14-02-2015,NaN
15-02-2015,NaN
16-02-2015,3994.03
17-02-2015,3983.54
18-02-2015,3990.16
19-02-2015,3996.13
20-02-2015,3994.14
21-02-2015,NaN
22-02-2015,NaN
23-02-2015,4024.08
24-02-2015,3987.49
25-02-2015,3986.05
26-02-2015,3988.89
27-02-2015,3983.72
28-02-2015,NaN
01-03-2015,NaN
02-03-2015,3940.95
03-03-2015,3966.17
04-03-2015,3963
05-03-2015,3952.89
06-03-2015,3933.54
07-03-2015,NaN
08-03-2015,NaN
09-03-2015,3890.58
10-03-2015,3871.16
11-03-2015,3867.46
12-03-2015,3873.52
13-03-2015,3826.46
14-03-2015,NaN
15-03-2015,NaN
16-03-2015,3830.7
17-03-2015,3849.72
18-03-2015,3865.4
19-03-2015,3863.2
20-03-2015,3885.25
21-03-2015,NaN
22-03-2015,NaN
23-03-2015,3878.24
24-03-2015,3895.62
25-03-2015,3897.3
26-03-2015,3872.02
27-03-2015,3884.33
28-03-2015,NaN
29-03-2015,NaN
30-03-2015,3912.63
31-03-2015,3916.92
01-04-2015,3939.17
02-04-2015,3965.71
03-04-2015,NaN
04-04-2015,NaN
05-04-2015,NaN
06-04-2015,3979.92
07-04-2015,3981.33
08-04-2015,3992.1
09-04-2015,4014.21
10-04-2015,4035.72
11-04-2015,NaN
12-04-2015,NaN
13-04-2015,4039.58
14-04-2015,4018.82
15-04-2015,4032
16-04-2015,4068.99
17-04-2015,4018.06
18-04-2015,NaN
19-04-2015,NaN
20-04-2015,4020.59
21-04-2015,4036.12
22-04-2015,4036.34
23-04-2015,4055.44
24-04-2015,4075.92
25-04-2015,NaN
26-04-2015,NaN
27-04-2015,4130.26
28-04-2015,4090.16
29-04-2015,4055.14
30-04-2015,4043.45
01-05-2015,NaN
02-05-2015,NaN
03-05-2015,NaN
04-05-2015,4062.8
05-05-2015,4086.75
06-05-2015,4112.17
07-05-2015,4110.27
08-05-2015,4105.91
09-05-2015,NaN
10-05-2015,NaN
11-05-2015,4144.98
12-05-2015,4118.15
13-05-2015,4098.71
14-05-2015,4076.73
15-05-2015,4111.66
16-05-2015,NaN
17-05-2015,NaN
18-05-2015,4107
19-05-2015,4080.03
20-05-2015,4057.94
21-05-2015,NaN
22-05-2015,4061.83
23-05-2015,NaN
24-05-2015,NaN
25-05-2015,4043.97
26-05-2015,4016.83
27-05-2015,4036.61
28-05-2015,4032.16
29-05-2015,4045.62
30-05-2015,NaN
31-05-2015,NaN
01-06-2015,4004.96
02-06-2015,3986.11
03-06-2015,3994.46
04-06-2015,3952.84
05-06-2015,3967.03
06-06-2015,NaN
07-06-2015,NaN
08-06-2015,3946.98
09-06-2015,3906.62
10-06-2015,3956.19
11-06-2015,3967.39
12-06-2015,3957.42
13-06-2015,NaN
14-06-2015,NaN
15-06-2015,3925.85
16-06-2015,3937.52
17-06-2015,3950.91
18-06-2015,3914.35
19-06-2015,3893.14
20-06-2015,NaN
21-06-2015,NaN
22-06-2015,3918.64
23-06-2015,3922.31
24-06-2015,3905.64
25-06-2015,3860.33
26-06-2015,3881.39
27-06-2015,NaN
28-06-2015,NaN
29-06-2015,NaN
30-06-2015,3897.1
01-07-2015,3831.88
02-07-2015,3855.09
03-07-2015,3842.93
04-07-2015,NaN
05-07-2015,NaN
06-07-2015,3796.02
07-07-2015,3777.91
08-07-2015,3758.12
09-07-2015,3796.55
10-07-2015,3881.73
11-07-2015,NaN
12-07-2015,NaN
13-07-2015,3903.08
14-07-2015,3915.92
15-07-2015,3902.69
16-07-2015,NaN
17-07-2015,3900.26
18-07-2015,NaN
19-07-2015,NaN
20-07-2015,3912.48
21-07-2015,3922.79
22-07-2015,3891.28
23-07-2015,3871.28
24-07-2015,3840.26
25-07-2015,NaN
26-07-2015,NaN
27-07-2015,3793.47
28-07-2015,3782.75
29-07-2015,3804.75
30-07-2015,3788.04
31-07-2015,3870.35
01-08-2015,NaN
02-08-2015,NaN
03-08-2015,3836.37
04-08-2015,3850.07
05-08-2015,3875.96
06-08-2015,3866.7
07-08-2015,3862.89
08-08-2015,NaN
09-08-2015,NaN
10-08-2015,3869.17
11-08-2015,3836.18
12-08-2015,3828.28
13-08-2015,3813.34
14-08-2015,3799.3
15-08-2015,NaN
16-08-2015,NaN
17-08-2015,3785.55
18-08-2015,3778.94
19-08-2015,3777.95
20-08-2015,3765.28
21-08-2015,3718.9
22-08-2015,NaN
23-08-2015,NaN
24-08-2015,3615.99
25-08-2015,3666.4
26-08-2015,3677.4
27-08-2015,3792.66
28-08-2015,3798.99
29-08-2015,NaN
30-08-2015,NaN
31-08-2015,3840.21
01-09-2015,3786.22
02-09-2015,3799.43
03-09-2015,3843.17
04-09-2015,3774.27
05-09-2015,NaN
06-09-2015,NaN
07-09-2015,3774.92
08-09-2015,3755.12
09-09-2015,3734.46
10-09-2015,3763.59
11-09-2015,3748.68
12-09-2015,NaN
13-09-2015,NaN
14-09-2015,3754.5
15-09-2015,3774.99
16-09-2015,3807.1
17-09-2015,3796.69
18-09-2015,NaN
19-09-2015,NaN
20-09-2015,NaN
21-09-2015,3793.69
22-09-2015,3752.66
23-09-2015,3722.27
24-09-2015,3727.39
25-09-2015,3716.38
26-09-2015,NaN
27-09-2015,NaN
28-09-2015,3652.83
29-09-2015,3657.39
30-09-2015,3685.18
01-10-2015,3684.7
02-10-2015,3691.69
03-10-2015,NaN
04-10-2015,NaN
05-10-2015,3745.81
06-10-2015,3776.31
07-10-2015,3797.02
08-10-2015,3805.45
09-10-2015,3832.55
10-10-2015,NaN
11-10-2015,NaN
12-10-2015,NaN
13-10-2015,3820.34
14-10-2015,3793.73
15-10-2015,3808.45
16-10-2015,3796.71
17-10-2015,NaN
18-10-2015,NaN
19-10-2015,3813.3
20-10-2015,3822.33
21-10-2015,3834.37
22-10-2015,3873.4
23-10-2015,3896.03
24-10-2015,NaN
25-10-2015,NaN
26-10-2015,3904.88
27-10-2015,3875.79
28-10-2015,3873.86
29-10-2015,3836.4
30-10-2015,3827.99
31-10-2015,NaN
01-11-2015,NaN
02-11-2015,3839.01
03-11-2015,3873.1
04-11-2015,3865.68
05-11-2015,3858.99
06-11-2015,3849.62
07-11-2015,NaN
08-11-2015,NaN
09-11-2015,3830.55
10-11-2015,3808.17
11-11-2015,3804.62
12-11-2015,3794.35
13-11-2015,3779.32
14-11-2015,NaN
15-11-2015,NaN
16-11-2015,3759.66
17-11-2015,3735.1
18-11-2015,3766.65
19-11-2015,3802.74
20-11-2015,3844.66
21-11-2015,NaN
22-11-2015,NaN
23-11-2015,3805.58
24-11-2015,3774.8
25-11-2015,3760.31
26-11-2015,3757.01
27-11-2015,3719.01
28-11-2015,NaN
29-11-2015,NaN
30-11-2015,3655.3
01-12-2015,3633.58
02-12-2015,3605.1
03-12-2015,3605.12
04-12-2015,3612.82
05-12-2015,NaN
06-12-2015,NaN
07-12-2015,3590
08-12-2015,NaN
09-12-2015,3559.16
10-12-2015,3564.32
11-12-2015,3533.07
12-12-2015,NaN
13-12-2015,NaN
14-12-2015,3532.73
15-12-2015,3570.23
16-12-2015,3619.55
17-12-2015,3663.05
18-12-2015,3626.47
19-12-2015,NaN
20-12-2015,NaN
21-12-2015,3600.88
22-12-2015,3608.04
23-12-2015,3661.24
24-12-2015,3655.26
25-12-2015,NaN
26-12-2015,NaN
27-12-2015,NaN
28-12-2015,3655.4
29-12-2015,3664.64
30-12-2015,3680.21
31-12-2015,NaN
01-01-2016,NaN
02-01-2016,NaN
03-01-2016,NaN
04-01-2016,3621.24
05-01-2016,3626.13
06-01-2016,3614.97
07-01-2016,3557.77
08-01-2016,3559.16
09-01-2016,NaN
10-01-2016,NaN
11-01-2016,3543.36
12-01-2016,3527.35
13-01-2016,3531.58
14-01-2016,3547.45
15-01-2016,3486.34
16-01-2016,NaN
17-01-2016,NaN
18-01-2016,3474.04
19-01-2016,3479.4
20-01-2016,3455.74
21-01-2016,3474.68
22-01-2016,3531.56
23-01-2016,NaN
24-01-2016,NaN
25-01-2016,3532.4
26-01-2016,3540.78
27-01-2016,3546.2
28-01-2016,3593
29-01-2016,3705.92
30-01-2016,NaN
31-01-2016,NaN
01-02-2016,3707.22
02-02-2016,3632.9
03-02-2016,3590.41
04-02-2016,3666.26
05-02-2016,3656.44
06-02-2016,NaN
07-02-2016,NaN
08-02-2016,3651.39
09-02-2016,3649.16
10-02-2016,3675.67
11-02-2016,3650.88
12-02-2016,3667.47
13-02-2016,NaN
14-02-2016,NaN
15-02-2016,3679.89
16-02-2016,3714.33
17-02-2016,3738.61
18-02-2016,3768.24
19-02-2016,3755.26
20-02-2016,NaN
21-02-2016,NaN
22-02-2016,3754.41
23-02-2016,3716.22
24-02-2016,3678.46
25-02-2016,3693.51
26-02-2016,3711.75
27-02-2016,NaN
28-02-2016,NaN
29-02-2016,3715.84
01-03-2016,3744.66
02-03-2016,3766.83
03-03-2016,3817.47
04-03-2016,3838.39
05-03-2016,NaN
06-03-2016,NaN
07-03-2016,3838
08-03-2016,3820.54
09-03-2016,3812.65
10-03-2016,3834.24
11-03-2016,3839.83
12-03-2016,NaN
13-03-2016,NaN
14-03-2016,3856.83
15-03-2016,3851.29
16-03-2016,3861.14
17-03-2016,3898.11
18-03-2016,3962.9
19-03-2016,NaN
20-03-2016,NaN
21-03-2016,3967.02
22-03-2016,3949.4
23-03-2016,3899.26
24-03-2016,3885.12
25-03-2016,NaN
26-03-2016,NaN
27-03-2016,NaN
28-03-2016,3884.42
29-03-2016,3917.65
30-03-2016,3946.47
31-03-2016,3937.49
01-04-2016,3947.34
02-04-2016,NaN
03-04-2016,NaN
04-04-2016,3950.13
05-04-2016,3920.31
06-04-2016,3883.4
07-04-2016,3890.16
08-04-2016,3926.83
09-04-2016,NaN
10-04-2016,NaN
11-04-2016,3923.38
12-04-2016,3953.68
13-04-2016,3957.24
14-04-2016,3950.56
15-04-2016,3962.06
16-04-2016,NaN
17-04-2016,NaN
18-04-2016,3965.07
19-04-2016,3989.7
20-04-2016,3985.07
21-04-2016,3986.46
22-04-2016,3972.1
23-04-2016,NaN
24-04-2016,NaN
25-04-2016,3953.2
26-04-2016,3952.85
27-04-2016,3979.58
28-04-2016,4022.59
29-04-2016,4002.07
30-04-2016,NaN
01-05-2016,NaN
02-05-2016,4004.04
03-05-2016,4001.37
04-05-2016,4006.14
05-05-2016,4014.44
06-05-2016,4003.02
07-05-2016,NaN
08-05-2016,NaN
09-05-2016,3986.31
10-05-2016,4004.89
11-05-2016,4000.23
12-05-2016,4015.1
13-05-2016,4002.72
14-05-2016,NaN
15-05-2016,NaN
16-05-2016,3992.78
17-05-2016,3976.35
18-05-2016,3966.45
19-05-2016,3938.45
20-05-2016,3940.07
21-05-2016,NaN
22-05-2016,NaN
23-05-2016,3949.33
24-05-2016,3955.47
25-05-2016,3958.61
26-05-2016,3952.45
27-05-2016,3947.18
28-05-2016,NaN
29-05-2016,NaN
30-05-2016,3949.67
31-05-2016,3934.71
01-06-2016,3929.72
02-06-2016,3918.6
03-06-2016,3955.87
04-06-2016,NaN
05-06-2016,NaN
06-06-2016,3987.54
07-06-2016,4014.71
08-06-2016,4012.77
09-06-2016,3975.91
10-06-2016,3954.49
11-06-2016,NaN
12-06-2016,NaN
13-06-2016,3940.88
14-06-2016,3939.66
15-06-2016,3958.12
16-06-2016,3963.3
17-06-2016,3976.87
18-06-2016,NaN
19-06-2016,NaN
20-06-2016,3980.95
21-06-2016,3989.21
22-06-2016,3993.43
23-06-2016,4022.23
24-06-2016,3965.17
25-06-2016,NaN
26-06-2016,NaN
27-06-2016,NaN
28-06-2016,3936.03
29-06-2016,3978.49
30-06-2016,3995.91
01-07-2016,4029.51
02-07-2016,NaN
03-07-2016,NaN
04-07-2016,4029.17
05-07-2016,4018.07
06-07-2016,3994.96
07-07-2016,3997.71
08-07-2016,4024.96
09-07-2016,NaN
10-07-2016,NaN
11-07-2016,4034.24
12-07-2016,4059.87
13-07-2016,4048.02
14-07-2016,4074.97
15-07-2016,4098.61
16-07-2016,NaN
17-07-2016,NaN
18-07-2016,4112.28
19-07-2016,4139.71
20-07-2016,4108.7
21-07-2016,4121.37
22-07-2016,4143.81
23-07-2016,NaN
24-07-2016,NaN
25-07-2016,4144.46
26-07-2016,4148.53
27-07-2016,4146.67
28-07-2016,4139.38
29-07-2016,4117.47
30-07-2016,NaN
31-07-2016,NaN
01-08-2016,4118.24
02-08-2016,4089.07
03-08-2016,4097.83
04-08-2016,4116.85
05-08-2016,4120.89
06-08-2016,NaN
07-08-2016,NaN
08-08-2016,4139.25
09-08-2016,4148.26
10-08-2016,4134.18
11-08-2016,4151.63
12-08-2016,4160.28
13-08-2016,NaN
14-08-2016,NaN
15-08-2016,NaN
16-08-2016,4170.3
17-08-2016,4132.5
18-08-2016,4143.81
19-08-2016,4147.42
20-08-2016,NaN
21-08-2016,NaN
22-08-2016,4159.49
23-08-2016,4172.09
24-08-2016,4159.86
25-08-2016,4153.02
26-08-2016,4142.51
27-08-2016,NaN
28-08-2016,NaN
29-08-2016,4155.35
30-08-2016,4140.72
31-08-2016,4119.28
01-09-2016,4120.8
02-09-2016,4140.15
03-09-2016,NaN
04-09-2016,NaN
05-09-2016,4130.13
06-09-2016,4133.97
07-09-2016,4114.96
08-09-2016,4106.14
09-09-2016,4092.76
10-09-2016,NaN
11-09-2016,NaN
12-09-2016,4067.89
13-09-2016,4064.04
14-09-2016,4065.27
15-09-2016,4066.88
16-09-2016,4048.29
17-09-2016,NaN
18-09-2016,NaN
19-09-2016,NaN
20-09-2016,4063.01
21-09-2016,4074.7
22-09-2016,4100.17
23-09-2016,4094
24-09-2016,NaN
25-09-2016,NaN
26-09-2016,4089.39
27-09-2016,4052.52
28-09-2016,4063.94
29-09-2016,4052.33
30-09-2016,4015.25
01-10-2016,NaN
02-10-2016,NaN
03-10-2016,4036.95
04-10-2016,4063.26
05-10-2016,4085.15
06-10-2016,4077.28
07-10-2016,4075.68
08-10-2016,NaN
09-10-2016,NaN
10-10-2016,NaN
11-10-2016,4103.55
12-10-2016,4112.2
13-10-2016,4125.4
14-10-2016,4141.16
15-10-2016,NaN
16-10-2016,NaN
17-10-2016,4151.79
18-10-2016,4202.16
19-10-2016,4256.38
20-10-2016,4235.28
21-10-2016,4258.9
22-10-2016,NaN
23-10-2016,NaN
24-10-2016,4275.99
25-10-2016,4313.02
26-10-2016,4295.29
27-10-2016,4302.66
28-10-2016,4289.78
29-10-2016,NaN
30-10-2016,NaN
31-10-2016,NaN
01-11-2016,NaN
02-11-2016,4262.98
03-11-2016,4241.91
04-11-2016,4213.17
05-11-2016,NaN
06-11-2016,NaN
07-11-2016,4251.19
08-11-2016,4302.85
09-11-2016,4295.32
10-11-2016,4214.06
11-11-2016,4150.39
12-11-2016,NaN
13-11-2016,NaN
14-11-2016,4104.4
15-11-2016,4153.04
16-11-2016,4182.48
17-11-2016,4185.71
18-11-2016,4185.78
19-11-2016,NaN
20-11-2016,NaN
21-11-2016,4233.65
22-11-2016,4216.62
23-11-2016,4221.89
24-11-2016,4196.4
25-11-2016,4210.75
26-11-2016,NaN
27-11-2016,NaN
28-11-2016,4202.75
29-11-2016,4174.29
30-11-2016,4207.24
01-12-2016,4197.48
02-12-2016,4202.99
03-12-2016,NaN
04-12-2016,NaN
05-12-2016,4206.44
06-12-2016,4214.38
07-12-2016,4224.67
08-12-2016,NaN
09-12-2016,4268.43
10-12-2016,NaN
11-12-2016,NaN
12-12-2016,4242.52
13-12-2016,4272.48
14-12-2016,4229.75
15-12-2016,4224.62
16-12-2016,4212.37
17-12-2016,NaN
18-12-2016,NaN
19-12-2016,4202.64
20-12-2016,4193.18
21-12-2016,4152.05
22-12-2016,4117.67
23-12-2016,4042.24
24-12-2016,NaN
25-12-2016,NaN
26-12-2016,4047.72
27-12-2016,4041.32
28-12-2016,4098.22
29-12-2016,4127.48
30-12-2016,4151.39
31-12-2016,NaN
01-01-2017,NaN
02-01-2017,NaN
03-01-2017,4148.86
04-01-2017,4168.34
05-01-2017,4163.65
06-01-2017,4171.14
07-01-2017,NaN
08-01-2017,NaN
09-01-2017,4161.51
10-01-2017,4174.58
11-01-2017,4210.13
12-01-2017,4234.95
13-01-2017,4234.91
14-01-2017,NaN
15-01-2017,NaN
16-01-2017,4222.47
17-01-2017,4231.33
18-01-2017,4267.43
19-01-2017,4266.21
20-01-2017,4258.37
21-01-2017,NaN
22-01-2017,NaN
23-01-2017,4258.88
24-01-2017,4276.04
25-01-2017,4296.05
26-01-2017,4311.51
27-01-2017,4275.72
28-01-2017,NaN
29-01-2017,NaN
30-01-2017,4209.78
31-01-2017,4199.5
01-02-2017,4204.2
02-02-2017,4226.07
03-02-2017,4261.98
04-02-2017,NaN
05-02-2017,NaN
06-02-2017,4247.17
07-02-2017,4257.78
08-02-2017,4267.33
09-02-2017,4296.15
10-02-2017,4312.23
11-02-2017,NaN
12-02-2017,NaN
13-02-2017,4358.43
14-02-2017,4343
15-02-2017,4354.65
16-02-2017,4363.72
17-02-2017,4349.97
18-02-2017,NaN
19-02-2017,NaN
20-02-2017,4355.65
21-02-2017,4373.39
22-02-2017,4375.7
23-02-2017,4359.13
24-02-2017,4343.67
25-02-2017,NaN
26-02-2017,NaN
27-02-2017,4346.44
28-02-2017,4359.88
01-03-2017,4399.95
02-03-2017,4420.11
03-03-2017,4429.79
04-03-2017,NaN
05-03-2017,NaN
06-03-2017,4467.32
07-03-2017,4476.43
08-03-2017,4468.5
09-03-2017,4467.98
10-03-2017,4474.88
11-03-2017,NaN
12-03-2017,NaN
13-03-2017,4542.4
14-03-2017,4527.59
15-03-2017,4548.86
16-03-2017,4616.47
17-03-2017,4652.4
18-03-2017,NaN
19-03-2017,NaN
20-03-2017,4662.14
21-03-2017,4671.42
22-03-2017,4689.78
23-03-2017,4727.4
24-03-2017,4760.87
25-03-2017,NaN
26-03-2017,NaN
27-03-2017,4759.19
28-03-2017,4868.88
29-03-2017,4854.58
30-03-2017,4818.87
31-03-2017,4783.42
01-04-2017,NaN
02-04-2017,NaN
03-04-2017,4791.56
04-04-2017,4825.76
05-04-2017,4872.82
06-04-2017,4897.64
07-04-2017,4888.35
08-04-2017,NaN
09-04-2017,NaN
10-04-2017,4900.42
11-04-2017,4876.01
12-04-2017,4864.03
13-04-2017,4858.51
14-04-2017,NaN
15-04-2017,NaN
16-04-2017,NaN
17-04-2017,4860.48
18-04-2017,4837.87
19-04-2017,NaN
20-04-2017,4805.32
21-04-2017,4809.47
22-04-2017,NaN
23-04-2017,NaN
24-04-2017,4849.15
25-04-2017,4868.06
26-04-2017,4852.09
27-04-2017,4783.08
28-04-2017,4795.13
29-04-2017,NaN
30-04-2017,NaN
01-05-2017,NaN
02-05-2017,4878.12
03-05-2017,4854.88
04-05-2017,4853.4
05-05-2017,4843.77
06-05-2017,NaN
07-05-2017,NaN
08-05-2017,4823.33
09-05-2017,4807.72
10-05-2017,4825.49
11-05-2017,4820.62
12-05-2017,4851.94
13-05-2017,NaN
14-05-2017,NaN
15-05-2017,4890.96
16-05-2017,4875.4
17-05-2017,4853.49
18-05-2017,4775.07
19-05-2017,4793.71
20-05-2017,NaN
21-05-2017,NaN
22-05-2017,4802.9
23-05-2017,4833.98
24-05-2017,4871.34
25-05-2017,4872.36
26-05-2017,4886.44
27-05-2017,NaN
28-05-2017,NaN
29-05-2017,4890.49
30-05-2017,4901.14
31-05-2017,4855.75
01-06-2017,4888.56
02-06-2017,4899.28
03-06-2017,NaN
04-06-2017,NaN
05-06-2017,4897.01
06-06-2017,4912
07-06-2017,4890.39
08-06-2017,4859.67
09-06-2017,4846.33
10-06-2017,NaN
11-06-2017,NaN
12-06-2017,4850.42
13-06-2017,4881.96
14-06-2017,4880.6
15-06-2017,4849.95
16-06-2017,4836.23
17-06-2017,NaN
18-06-2017,NaN
19-06-2017,4824.41
20-06-2017,4795.59
21-06-2017,4752.46
22-06-2017,4756.95
23-06-2017,4766.2
24-06-2017,NaN
25-06-2017,NaN
26-06-2017,NaN
27-06-2017,4759.7
28-06-2017,4747.23
29-06-2017,4730.31
30-06-2017,4747.24
01-07-2017,NaN
02-07-2017,NaN
03-07-2017,4783.89
04-07-2017,4836.51
05-07-2017,4848.56
06-07-2017,4832.28
07-07-2017,4854.98
08-07-2017,NaN
09-07-2017,NaN
10-07-2017,4901.9
11-07-2017,4894.91
12-07-2017,4956.95
13-07-2017,4986.41
14-07-2017,5000.4
15-07-2017,NaN
16-07-2017,NaN
17-07-2017,5046.88
18-07-2017,5039.72
19-07-2017,5037.32
20-07-2017,5035.08
21-07-2017,5010.02
22-07-2017,NaN
23-07-2017,NaN
24-07-2017,5020.72
25-07-2017,5033.41
26-07-2017,5042.09
27-07-2017,5049.41
28-07-2017,5076.07
29-07-2017,NaN
30-07-2017,NaN
31-07-2017,5064.63
01-08-2017,5077.38
02-08-2017,5097.15
03-08-2017,5074.86
04-08-2017,5106.41
05-08-2017,NaN
06-08-2017,NaN
07-08-2017,5140.75
08-08-2017,5124.23
09-08-2017,5086.27
10-08-2017,5057.12
11-08-2017,5033.33
12-08-2017,NaN
13-08-2017,NaN
14-08-2017,5063.73
15-08-2017,NaN
16-08-2017,5110.67
17-08-2017,5111.05
18-08-2017,5116.27
19-08-2017,NaN
20-08-2017,NaN
21-08-2017,5101.73
22-08-2017,5114.69
23-08-2017,5127.93
24-08-2017,5152.8
25-08-2017,5176.11
26-08-2017,NaN
27-08-2017,NaN
28-08-2017,5171.12
29-08-2017,5162.89
30-08-2017,5156.23
31-08-2017,5153.15
01-09-2017,5173.91
02-09-2017,NaN
03-09-2017,NaN
04-09-2017,5147.94
05-09-2017,5133.18
06-09-2017,5080.59
07-09-2017,5110.55
08-09-2017,5091.81
09-09-2017,NaN
10-09-2017,NaN
11-09-2017,5152.09
12-09-2017,5168.92
13-09-2017,5162.91
14-09-2017,5160.46
15-09-2017,5202.05
16-09-2017,NaN
17-09-2017,NaN
18-09-2017,NaN
19-09-2017,NaN
20-09-2017,5241.48
21-09-2017,5288
22-09-2017,5289.92
23-09-2017,NaN
24-09-2017,NaN
25-09-2017,5261.73
26-09-2017,5264.11
27-09-2017,5299.51
28-09-2017,5309.47
29-09-2017,5341.93
30-09-2017,NaN
01-10-2017,NaN
02-10-2017,5371.43
03-10-2017,5420.14
04-10-2017,5450.49
05-10-2017,5439.13
06-10-2017,5485.63
07-10-2017,NaN
08-10-2017,NaN
09-10-2017,NaN
10-10-2017,5477.32
11-10-2017,5465.65
12-10-2017,5435.08
13-10-2017,5460.47
14-10-2017,NaN
15-10-2017,NaN
16-10-2017,5485.38
17-10-2017,5483.29
18-10-2017,5517.97
19-10-2017,5477.27
20-10-2017,5523.97
21-10-2017,NaN
22-10-2017,NaN
23-10-2017,5560.06
24-10-2017,5536.29
25-10-2017,5495.09
26-10-2017,5516.46
27-10-2017,NaN
28-10-2017,NaN
29-10-2017,NaN
30-10-2017,5608.67
31-10-2017,5588.08
01-11-2017,NaN
02-11-2017,5512.07
03-11-2017,5485.89
04-11-2017,NaN
05-11-2017,NaN
06-11-2017,5527.56
07-11-2017,5490.82
08-11-2017,5485.65
09-11-2017,5443.89
10-11-2017,5394.7
11-11-2017,NaN
12-11-2017,NaN
13-11-2017,5337.01
14-11-2017,5308.65
15-11-2017,5273.77
16-11-2017,5314.53
17-11-2017,5391.75
18-11-2017,NaN
19-11-2017,NaN
20-11-2017,5076.02
21-11-2017,5199.04
22-11-2017,5128.87
23-11-2017,5034.33
24-11-2017,5040.51
25-11-2017,NaN
26-11-2017,NaN
27-11-2017,5032.53
28-11-2017,5061.2
29-11-2017,5012.6
30-11-2017,5003.4
01-12-2017,5024.42
02-12-2017,NaN
03-12-2017,NaN
04-12-2017,5014.47
05-12-2017,4925.21
06-12-2017,4888.13
07-12-2017,4887.16
08-12-2017,NaN
09-12-2017,NaN
10-12-2017,NaN
11-12-2017,5018.67
12-12-2017,5039.9
13-12-2017,5135.19
14-12-2017,5119.3
15-12-2017,5234.64
16-12-2017,NaN
17-12-2017,NaN
18-12-2017,5595.65
19-12-2017,5588.09
20-12-2017,5528.71
21-12-2017,5450.83
22-12-2017,5537.6
23-12-2017,NaN
24-12-2017,NaN
25-12-2017,NaN
26-12-2017,5514.74
27-12-2017,5496.25
28-12-2017,5550.93
29-12-2017,5564.6
30-12-2017,NaN
31-12-2017,NaN
01-01-2018,NaN
02-01-2018,5618.91
03-01-2018,5616.47
04-01-2018,5634.98
05-01-2018,5695.43
06-01-2018,NaN
07-01-2018,NaN
08-01-2018,5705.61
09-01-2018,5709.8
10-01-2018,5678.09
11-01-2018,5717.65
12-01-2018,5733.35
13-01-2018,NaN
14-01-2018,NaN
15-01-2018,5745.95
16-01-2018,NaN
17-01-2018,5786.15
18-01-2018,5839.37
19-01-2018,5856.27
20-01-2018,NaN
21-01-2018,NaN
22-01-2018,5826.82
23-01-2018,5799.81
24-01-2018,5798.25
25-01-2018,5811.54
26-01-2018,5855.67
27-01-2018,NaN
28-01-2018,NaN
29-01-2018,5880.47
30-01-2018,5859.61
31-01-2018,5855.38
01-02-2018,5862.57
02-02-2018,5825.99
03-02-2018,NaN
04-02-2018,NaN
05-02-2018,5731.47
06-02-2018,5697.28
07-02-2018,5750.61
08-02-2018,5651.58
09-02-2018,5549.15
10-02-2018,NaN
11-02-2018,NaN
12-02-2018,5557.07
13-02-2018,5500.58
14-02-2018,5560.38
15-02-2018,5630.06
16-02-2018,5621.67
17-02-2018,NaN
18-02-2018,NaN
19-02-2018,5629
20-02-2018,5673.42
21-02-2018,5706.54
22-02-2018,5726.09
23-02-2018,5742.54
24-02-2018,NaN
25-02-2018,NaN
26-02-2018,5669.86
27-02-2018,5642.04
28-02-2018,5602.83
01-03-2018,5527.92
02-03-2018,5545.48
03-03-2018,NaN
04-03-2018,NaN
05-03-2018,5538.52
06-03-2018,5548.21
07-03-2018,5549.64
08-03-2018,5576.37
09-03-2018,5637.04
10-03-2018,NaN
11-03-2018,NaN
12-03-2018,5653.42
13-03-2018,5631.28
14-03-2018,5618.38
15-03-2018,5587.15
16-03-2018,5596.69
17-03-2018,NaN
18-03-2018,NaN
19-03-2018,5576.55
20-03-2018,5542.93
21-03-2018,5535.49
22-03-2018,5515.99
23-03-2018,5490.24
24-03-2018,NaN
25-03-2018,NaN
26-03-2018,5446.77
27-03-2018,5480.31
28-03-2018,5466.62
29-03-2018,5542.22
30-03-2018,NaN
31-03-2018,NaN
01-04-2018,NaN
02-04-2018,5502.6
03-04-2018,5534.4
04-04-2018,5542.78
05-04-2018,5607.03
06-04-2018,5583.15
07-04-2018,NaN
08-04-2018,NaN
09-04-2018,5594.05
10-04-2018,5605.86
11-04-2018,5613.81
12-04-2018,5630.99
13-04-2018,5630.9
14-04-2018,NaN
15-04-2018,NaN
16-04-2018,5613.14
17-04-2018,5633.4
18-04-2018,5690.79
19-04-2018,5697.48
20-04-2018,5689.47
21-04-2018,NaN
22-04-2018,NaN
23-04-2018,5704.7
24-04-2018,5674.35
25-04-2018,5665.17
26-04-2018,5679.65
27-04-2018,5690.48
28-04-2018,NaN
29-04-2018,NaN
30-04-2018,5710.9
01-05-2018,NaN
02-05-2018,5695.02
03-05-2018,5640.1
04-05-2018,5622.24
05-05-2018,NaN
06-05-2018,NaN
07-05-2018,5645.84
08-05-2018,5644.82
09-05-2018,5664.2
10-05-2018,5710.45
11-05-2018,5702.85
12-05-2018,NaN
13-05-2018,NaN
14-05-2018,5695.82
15-05-2018,5710.86
16-05-2018,5727.86
17-05-2018,5689.45
18-05-2018,5667.86
19-05-2018,NaN
20-05-2018,NaN
21-05-2018,NaN
22-05-2018,5651.1
23-05-2018,5612.59
24-05-2018,5577.31
25-05-2018,5576.48
26-05-2018,NaN
27-05-2018,NaN
28-05-2018,5570.05
29-05-2018,5494.51
30-05-2018,5484.9
31-05-2018,5455.09
01-06-2018,5471.32
02-06-2018,NaN
03-06-2018,NaN
04-06-2018,5558.5
05-06-2018,5523.05
06-06-2018,5497.33
07-06-2018,5467.87
08-06-2018,5523.03
09-06-2018,NaN
10-06-2018,NaN
11-06-2018,5521.35
12-06-2018,5544.03
13-06-2018,5534.27
14-06-2018,5524.69
15-06-2018,5470.32
16-06-2018,NaN
17-06-2018,NaN
18-06-2018,5447.39
19-06-2018,5435.08
20-06-2018,5417.53
21-06-2018,5385.48
22-06-2018,5375.12
23-06-2018,NaN
24-06-2018,NaN
25-06-2018,5285.53
26-06-2018,5292.61
27-06-2018,5276.44
28-06-2018,5257.68
29-06-2018,5301.25
30-06-2018,NaN
01-07-2018,NaN
02-07-2018,NaN
03-07-2018,5255.13
04-07-2018,5243.81
05-07-2018,5266.98
06-07-2018,5284.64
07-07-2018,NaN
08-07-2018,NaN
09-07-2018,5325.52
10-07-2018,5323.29
11-07-2018,5297.48
12-07-2018,5283.82
13-07-2018,5305.39
14-07-2018,NaN
15-07-2018,NaN
16-07-2018,NaN
17-07-2018,5351.7
18-07-2018,5377.46
19-07-2018,5371.2
20-07-2018,5430.13
21-07-2018,NaN
22-07-2018,NaN
23-07-2018,5407.6
24-07-2018,5450.19
25-07-2018,5457.96
26-07-2018,5442.69
27-07-2018,5369.51
28-07-2018,NaN
29-07-2018,NaN
30-07-2018,5382.69
31-07-2018,5434.44
01-08-2018,5398.37
02-08-2018,5386.07
03-08-2018,5405.32
04-08-2018,NaN
05-08-2018,NaN
06-08-2018,5364.54
07-08-2018,5328.36
08-08-2018,5319.26
09-08-2018,5294.29
10-08-2018,5267.25
11-08-2018,NaN
12-08-2018,NaN
13-08-2018,5227.49
14-08-2018,5272.05
15-08-2018,NaN
16-08-2018,5256.23
17-08-2018,5242.77
18-08-2018,NaN
19-08-2018,NaN
20-08-2018,5241.43
21-08-2018,5251.14
22-08-2018,5274.31
23-08-2018,5268.95
24-08-2018,5259.77
25-08-2018,NaN
26-08-2018,NaN
27-08-2018,5281.23
28-08-2018,5291.19
29-08-2018,5297.78
30-08-2018,5244.57
31-08-2018,5270.44
01-09-2018,NaN
02-09-2018,NaN
03-09-2018,5236.34
04-09-2018,5173.03
05-09-2018,5137.49
06-09-2018,5169.52
07-09-2018,5218.15
08-09-2018,NaN
09-09-2018,NaN
10-09-2018,5203.93
11-09-2018,5212.36
12-09-2018,5262.42
13-09-2018,5362.86
14-09-2018,5354.45
15-09-2018,NaN
16-09-2018,NaN
17-09-2018,NaN
18-09-2018,NaN
19-09-2018,NaN
20-09-2018,5446.18
21-09-2018,5461.82
22-09-2018,NaN
23-09-2018,NaN
24-09-2018,5385.65
25-09-2018,5360.58
26-09-2018,5333.83
27-09-2018,5323.62
28-09-2018,5283.53
29-09-2018,NaN
30-09-2018,NaN
01-10-2018,5298.38
02-10-2018,5323.49
03-10-2018,5342.89
04-10-2018,5326.13
05-10-2018,5260
06-10-2018,NaN
07-10-2018,NaN
08-10-2018,5327.4
09-10-2018,5307.93
10-10-2018,5232.71
11-10-2018,5168.9
12-10-2018,5144.98
13-10-2018,NaN
14-10-2018,NaN
15-10-2018,NaN
16-10-2018,5144.34
17-10-2018,5141.19
18-10-2018,5119.06
19-10-2018,5118.74
20-10-2018,NaN
21-10-2018,NaN
22-10-2018,5122.51
23-10-2018,5114.17
24-10-2018,5140.55
25-10-2018,5141.67
26-10-2018,5124.1
27-10-2018,NaN
28-10-2018,NaN
29-10-2018,5063.63
30-10-2018,5016.1
31-10-2018,5104.33
01-11-2018,NaN
02-11-2018,NaN
03-11-2018,NaN
04-11-2018,NaN
05-11-2018,5250.95
06-11-2018,5221.93
07-11-2018,5221.33
08-11-2018,5227.56
09-11-2018,5180.35
10-11-2018,NaN
11-11-2018,NaN
12-11-2018,5153
13-11-2018,5129.98
14-11-2018,5135.81
15-11-2018,5175.95
16-11-2018,5190.98
17-11-2018,NaN
18-11-2018,NaN
19-11-2018,5164.27
20-11-2018,5100.35
21-11-2018,5128.45
22-11-2018,5117.15
23-11-2018,5140.74
24-11-2018,NaN
25-11-2018,NaN
26-11-2018,5133.43
27-11-2018,5128.14
28-11-2018,5114.16
29-11-2018,5156.43
30-11-2018,5111.88
01-12-2018,NaN
02-12-2018,NaN
03-12-2018,5151.67
04-12-2018,5149.11
05-12-2018,5141.89
06-12-2018,5121.08
07-12-2018,5094.63
08-12-2018,NaN
09-12-2018,NaN
10-12-2018,5035
11-12-2018,5071.74
12-12-2018,5118.56
13-12-2018,5160
14-12-2018,5164.25
15-12-2018,NaN
16-12-2018,NaN
17-12-2018,5105.15
18-12-2018,5116.83
19-12-2018,5109.92
20-12-2018,5053.37
21-12-2018,5063.33
22-12-2018,NaN
23-12-2018,NaN
24-12-2018,5030.73
25-12-2018,NaN
26-12-2018,5062.78
27-12-2018,5070.65
28-12-2018,5105.43
29-12-2018,NaN
30-12-2018,NaN
31-12-2018,NaN
01-01-2019,NaN
02-01-2019,5125.37
03-01-2019,5129.15
04-01-2019,5189.2
05-01-2019,NaN
06-01-2019,NaN
07-01-2019,5190.06
08-01-2019,5224.28
09-01-2019,5264.51
10-01-2019,5297.95
11-01-2019,5352.88
12-01-2019,NaN
13-01-2019,NaN
14-01-2019,5357.15
15-01-2019,5373.92
16-01-2019,5419.07
17-01-2019,5435.94
18-01-2019,5479.04
19-01-2019,NaN
20-01-2019,NaN
21-01-2019,5456.39
22-01-2019,5401.13
23-01-2019,5402.74
24-01-2019,5414.85
25-01-2019,5441.72
26-01-2019,NaN
27-01-2019,NaN
28-01-2019,5445.91
29-01-2019,5415.76
30-01-2019,5388.34
31-01-2019,5405.61
01-02-2019,5452.97
02-02-2019,NaN
03-02-2019,NaN
04-02-2019,5472.93
05-02-2019,5466.54
06-02-2019,5426.51
07-02-2019,5426.94
08-02-2019,5379.09
09-02-2019,NaN
10-02-2019,NaN
11-02-2019,5375.07
12-02-2019,5384.88
13-02-2019,5386.61
14-02-2019,5376.39
15-02-2019,5399.83
16-02-2019,NaN
17-02-2019,NaN
18-02-2019,5370.29
19-02-2019,5386.31
20-02-2019,5410.5
21-02-2019,5439.12
22-02-2019,5483.93
23-02-2019,NaN
24-02-2019,NaN
25-02-2019,5479.69
26-02-2019,5475.54
27-02-2019,5372.59
28-02-2019,5287.54
01-03-2019,5274.66
02-03-2019,NaN
03-03-2019,NaN
04-03-2019,5240.89
05-03-2019,5229.9
06-03-2019,5256.07
07-03-2019,5256.82
08-03-2019,5274.96
09-03-2019,NaN
10-03-2019,NaN
11-03-2019,5299.32
12-03-2019,5289.44
13-03-2019,5313.49
14-03-2019,5300.79
15-03-2019,5324.12
16-03-2019,NaN
17-03-2019,NaN
18-03-2019,5324.4
19-03-2019,5305.72
20-03-2019,5245.09
21-03-2019,5261.33
22-03-2019,5209.98
23-03-2019,NaN
24-03-2019,NaN
25-03-2019,5193.52
26-03-2019,5190.89
27-03-2019,5174.14
28-03-2019,5214.02
29-03-2019,5259.41
30-03-2019,NaN
31-03-2019,NaN
01-04-2019,5256.67
02-04-2019,5208.56
03-04-2019,5222.96
04-04-2019,5283.7
05-04-2019,5254.94
06-04-2019,NaN
07-04-2019,NaN
08-04-2019,5274.72
09-04-2019,5281.78
10-04-2019,5278
11-04-2019,5254.88
12-04-2019,5239.57
13-04-2019,NaN
14-04-2019,NaN
15-04-2019,5232.32
16-04-2019,5261
17-04-2019,5275.43
18-04-2019,5261.71
19-04-2019,NaN
20-04-2019,NaN
21-04-2019,NaN
22-04-2019,5234.3
23-04-2019,5217.07
24-04-2019,5201.44
25-04-2019,5170.42
26-04-2019,5191.7
27-04-2019,NaN
28-04-2019,NaN
29-04-2019,5169.86
30-04-2019,5187.1
01-05-2019,NaN
02-05-2019,5141.58
03-05-2019,5132.32
04-05-2019,NaN
05-05-2019,NaN
06-05-2019,5124.21
07-05-2019,5078.64
08-05-2019,5060.47
09-05-2019,5045.53
10-05-2019,5050.57
11-05-2019,NaN
12-05-2019,NaN
13-05-2019,4970.01
14-05-2019,5018.93
15-05-2019,5005.24
16-05-2019,4977.75
17-05-2019,4925.58
18-05-2019,NaN
19-05-2019,NaN
20-05-2019,4914.48
21-05-2019,NaN
22-05-2019,4920.89
23-05-2019,4893.89
24-05-2019,4881.47
25-05-2019,NaN
26-05-2019,NaN
27-05-2019,4850.38
28-05-2019,4798.35
29-05-2019,4876.72
30-05-2019,4934.41
31-05-2019,4977.09
01-06-2019,NaN
02-06-2019,NaN
03-06-2019,5013.66
04-06-2019,5005.39
05-06-2019,4957.45
06-06-2019,4926.98
07-06-2019,4951.13
08-06-2019,NaN
09-06-2019,NaN
10-06-2019,5018.99
11-06-2019,5069.23
12-06-2019,5067.85
13-06-2019,5071.77
14-06-2019,5058.88
15-06-2019,NaN
16-06-2019,NaN
17-06-2019,5024.91
18-06-2019,5040.57
19-06-2019,5033.6
20-06-2019,5060.72
21-06-2019,5060
22-06-2019,NaN
23-06-2019,NaN
24-06-2019,5090.65
25-06-2019,5098.18
26-06-2019,5083.55
27-06-2019,5074.03
28-06-2019,5070.72
29-06-2019,NaN
30-06-2019,NaN
01-07-2019,5062.9
02-07-2019,5009.72
03-07-2019,5054.95
04-07-2019,5054.87
05-07-2019,5075.73
06-07-2019,NaN
07-07-2019,NaN
08-07-2019,5066.69
09-07-2019,5054.21
10-07-2019,5073.48
11-07-2019,5074.88
12-07-2019,5068.41
13-07-2019,NaN
14-07-2019,NaN
15-07-2019,5076.43
16-07-2019,NaN
17-07-2019,5050.75
18-07-2019,5041.09
19-07-2019,5052.72
20-07-2019,NaN
21-07-2019,NaN
22-07-2019,5032.09
23-07-2019,4997.63
24-07-2019,4969.33
25-07-2019,4992.75
26-07-2019,4981.09
27-07-2019,NaN
28-07-2019,NaN
29-07-2019,5000.71
30-07-2019,5001.1
31-07-2019,4972.36
01-08-2019,4940.81
02-08-2019,4885.29
03-08-2019,NaN
04-08-2019,NaN
05-08-2019,4780.39
06-08-2019,4777.87
07-08-2019,4811.07
08-08-2019,4910.08
09-08-2019,4913.1
10-08-2019,NaN
11-08-2019,NaN
12-08-2019,4827.53
13-08-2019,4845.6
14-08-2019,4781.03
15-08-2019,NaN
16-08-2019,4798.52
17-08-2019,NaN
18-08-2019,NaN
19-08-2019,4787.01
20-08-2019,4777.04
21-08-2019,4784.49
22-08-2019,4738.97
23-08-2019,4648.62
24-08-2019,NaN
25-08-2019,NaN
26-08-2019,4616.64
27-08-2019,4604.96
28-08-2019,4609.64
29-08-2019,4692.2
30-08-2019,4804.37
31-08-2019,NaN
01-09-2019,NaN
02-09-2019,4772.2
03-09-2019,4713.35
04-09-2019,4757.44
05-09-2019,4817.83
06-09-2019,4823.57
07-09-2019,NaN
08-09-2019,NaN
09-09-2019,4860.63
10-09-2019,4880.27
11-09-2019,4957
12-09-2019,4974.8
13-09-2019,5004.44
14-09-2019,NaN
15-09-2019,NaN
16-09-2019,5069.68
17-09-2019,5072.93
18-09-2019,NaN
19-09-2019,NaN
20-09-2019,NaN
21-09-2019,NaN
22-09-2019,NaN
23-09-2019,5025.21
24-09-2019,5000.64
25-09-2019,5006.24
26-09-2019,5026.19
27-09-2019,5099.64
28-09-2019,NaN
29-09-2019,NaN
30-09-2019,5059.04
01-10-2019,5042.61
02-10-2019,5021.67
03-10-2019,5000.77
04-10-2019,5040.2
05-10-2019,NaN
06-10-2019,NaN
07-10-2019,5050.95
08-10-2019,5041.19
09-10-2019,5032.56
10-10-2019,5056.11
11-10-2019,5136.6
12-10-2019,NaN
13-10-2019,NaN
14-10-2019,5131.57
15-10-2019,5157.5
16-10-2019,5150.11
17-10-2019,5172.31
18-10-2019,5192.39
19-10-2019,NaN
20-10-2019,NaN
21-10-2019,4953.2
22-10-2019,4992.77
23-10-2019,4910.53
24-10-2019,5014.95
25-10-2019,4943.85
26-10-2019,NaN
27-10-2019,NaN
28-10-2019,4962.35
29-10-2019,4880.87
30-10-2019,4744.13
31-10-2019,NaN
01-11-2019,NaN
02-11-2019,NaN
03-11-2019,NaN
04-11-2019,4801.56
05-11-2019,4730.12
06-11-2019,4599.38
07-11-2019,4672.77
08-11-2019,4690.88
09-11-2019,NaN
10-11-2019,NaN
11-11-2019,4619.59
12-11-2019,4544.2
13-11-2019,4412.25
14-11-2019,4498.52
15-11-2019,4861.44
16-11-2019,NaN
17-11-2019,NaN
18-11-2019,4814.17
19-11-2019,4791.88
20-11-2019,4786.12
21-11-2019,4744.3
22-11-2019,4729.9
23-11-2019,NaN
24-11-2019,NaN
25-11-2019,4651.65
26-11-2019,4563
27-11-2019,4596.44
28-11-2019,4518.68
29-11-2019,4538.8
30-11-2019,NaN
01-12-2019,NaN
02-12-2019,4501.58
03-12-2019,4492.92
04-12-2019,4644.98
05-12-2019,4735.1
06-12-2019,4723.8
07-12-2019,NaN
08-12-2019,NaN
09-12-2019,4748.2
10-12-2019,4759.73
11-12-2019,4784.73
12-12-2019,4815.27
13-12-2019,4884.92
14-12-2019,NaN
15-12-2019,NaN
16-12-2019,4876.31
17-12-2019,4814.68
18-12-2019,4739
19-12-2019,4752.91
20-12-2019,4735.95
21-12-2019,NaN
22-12-2019,NaN
23-12-2019,4726.1
24-12-2019,4714.65
25-12-2019,NaN
26-12-2019,4673.77
27-12-2019,4669.06
28-12-2019,NaN
29-12-2019,NaN
30-12-2019,4669.85
31-12-2019,NaN
01-01-2020,NaN
02-01-2020,4804.59
03-01-2020,4839.7
04-01-2020,NaN
05-01-2020,NaN
06-01-2020,4884.39
07-01-2020,4913.36
08-01-2020,4909.76
09-01-2020,4898.43
10-01-2020,4996.19
11-01-2020,NaN
12-01-2020,NaN
13-01-2020,4958.79
14-01-2020,4922.18
15-01-2020,4883.68
16-01-2020,4893.52
17-01-2020,4881.32
18-01-2020,NaN
19-01-2020,NaN
20-01-2020,4816.01
21-01-2020,4693.92
22-01-2020,4670.02
23-01-2020,4652.01
24-01-2020,4640.86
25-01-2020,NaN
26-01-2020,NaN
27-01-2020,4561.6
28-01-2020,4570.42
29-01-2020,4573.85
30-01-2020,4550.91
31-01-2020,4572.06
01-02-2020,NaN
02-02-2020,NaN
03-02-2020,4579.45
04-02-2020,4669.25
05-02-2020,4675.28
06-02-2020,4699.52
07-02-2020,4686.83
08-02-2020,NaN
09-02-2020,NaN
10-02-2020,4627.63
11-02-2020,4660.27
12-02-2020,4667.9
13-02-2020,4659.81
14-02-2020,4655.86
15-02-2020,NaN
16-02-2020,NaN
17-02-2020,4631.33
18-02-2020,4543.62
19-02-2020,4519.19
20-02-2020,4536.05
21-02-2020,4532.62
22-02-2020,NaN
23-02-2020,NaN
24-02-2020,4430.63
25-02-2020,4361.41
26-02-2020,4297.7
27-02-2020,4263.24
28-02-2020,4122.63
29-02-2020,NaN
01-03-2020,NaN
02-03-2020,4283.63
03-03-2020,4289.4
04-03-2020,4366.36
05-03-2020,4324.09
06-03-2020,4229.46
07-03-2020,NaN
08-03-2020,NaN
09-03-2020,4035.54
10-03-2020,4070.29
11-03-2020,3979.67
12-03-2020,3727.6
13-03-2020,3763.57
14-03-2020,NaN
15-03-2020,NaN
16-03-2020,3232.36
17-03-2020,3271.4
18-03-2020,2876.03
19-03-2020,3081.43
20-03-2020,3077.18
21-03-2020,NaN
22-03-2020,NaN
23-03-2020,2897.83
24-03-2020,2894.74
25-03-2020,3123.13
26-03-2020,3214.57
27-03-2020,3228.37
28-03-2020,NaN
29-03-2020,NaN
30-03-2020,3316.27
31-03-2020,3487.49
01-04-2020,3421.39
02-04-2020,3559.25
03-04-2020,3674.43
04-04-2020,NaN
05-04-2020,NaN
06-04-2020,3748.47
07-04-2020,3711.66
08-04-2020,3759.76
09-04-2020,3822.18
10-04-2020,NaN
11-04-2020,NaN
12-04-2020,NaN
13-04-2020,3859.16
14-04-2020,3919.91
15-04-2020,3854.71
16-04-2020,3802.47
17-04-2020,3819.61
18-04-2020,NaN
19-04-2020,NaN
20-04-2020,3748.31
21-04-2020,3652.87
22-04-2020,3678.5
23-04-2020,3748.49
24-04-2020,3679.67
25-04-2020,NaN
26-04-2020,NaN
27-04-2020,3810.89
28-04-2020,3900.92
29-04-2020,4014.7
30-04-2020,3977.56
01-05-2020,NaN
02-05-2020,NaN
03-05-2020,NaN
04-05-2020,3853.27
05-05-2020,3922.4
06-05-2020,3964.94
07-05-2020,3999.54
08-05-2020,3818.24
09-05-2020,NaN
10-05-2020,NaN
11-05-2020,3811.75
12-05-2020,3734.75
13-05-2020,3604.91
14-05-2020,3641.64
15-05-2020,3622.15
16-05-2020,NaN
17-05-2020,NaN
18-05-2020,3763.21
19-05-2020,3729.97
20-05-2020,3755.08
21-05-2020,NaN
22-05-2020,3723.57
23-05-2020,NaN
24-05-2020,NaN
25-05-2020,3751.39
26-05-2020,3733.78
27-05-2020,3769.32
28-05-2020,3658.11
29-05-2020,3647.6
30-05-2020,NaN
31-05-2020,NaN
01-06-2020,3685.72
02-06-2020,3750.37
03-06-2020,3833.47
04-06-2020,3885.41
05-06-2020,4033.42
06-06-2020,NaN
07-06-2020,NaN
08-06-2020,4139.9
09-06-2020,4126.17
10-06-2020,4063.89
11-06-2020,3944.23
12-06-2020,3981.84
13-06-2020,NaN
14-06-2020,NaN
15-06-2020,3893.13
16-06-2020,3939.79
17-06-2020,3996.6
18-06-2020,3990.77
19-06-2020,4026.79
20-06-2020,NaN
21-06-2020,NaN
22-06-2020,3998.52
23-06-2020,4031.73
24-06-2020,4036.23
25-06-2020,4038.32
26-06-2020,3990.95
27-06-2020,NaN
28-06-2020,NaN
29-06-2020,NaN
30-06-2020,3959.02
01-07-2020,4037.07
02-07-2020,4177.89
03-07-2020,4202.17
04-07-2020,NaN
05-07-2020,NaN
06-07-2020,4284.42
07-07-2020,4257.67
08-07-2020,4185.91
09-07-2020,4032.15
10-07-2020,4029.4
11-07-2020,NaN
12-07-2020,NaN
13-07-2020,4115.28
14-07-2020,4180.91
15-07-2020,4041.62
16-07-2020,NaN
17-07-2020,3994.73
18-07-2020,NaN
19-07-2020,NaN
20-07-2020,3924.61
21-07-2020,3887.28
22-07-2020,3944.82
23-07-2020,3984.28
24-07-2020,4014.88
25-07-2020,NaN
26-07-2020,NaN
27-07-2020,4062.65
28-07-2020,4055.59
29-07-2020,3983.25
30-07-2020,3953.3
31-07-2020,4017.08
01-08-2020,NaN
02-08-2020,NaN
03-08-2020,3946.52
04-08-2020,3926.25
05-08-2020,3932.35
06-08-2020,3968.74
07-08-2020,3988.9
08-08-2020,NaN
09-08-2020,NaN
10-08-2020,3984.09
11-08-2020,4000.25
12-08-2020,4036.54
13-08-2020,4004.99
14-08-2020,4017.11
15-08-2020,NaN
16-08-2020,NaN
17-08-2020,4041.02
18-08-2020,4023.76
19-08-2020,3998.8
20-08-2020,3977.97
21-08-2020,3994.71
22-08-2020,NaN
23-08-2020,NaN
24-08-2020,3962.37
25-08-2020,3897.73
26-08-2020,3861.65
27-08-2020,3887.8
28-08-2020,3873.78
29-08-2020,NaN
30-08-2020,NaN
31-08-2020,3767.15
01-09-2020,3752.95
02-09-2020,3814.95
03-09-2020,3845.87
04-09-2020,3810.61
05-09-2020,NaN
06-09-2020,NaN
07-09-2020,3854.21
08-09-2020,3826.07
09-09-2020,3771.72
10-09-2020,3687.17
11-09-2020,3712.67
12-09-2020,NaN
13-09-2020,NaN
14-09-2020,3709.84
15-09-2020,3721.71
16-09-2020,3717.06
17-09-2020,3729.64
18-09-2020,NaN
19-09-2020,NaN
20-09-2020,NaN
21-09-2020,3643.86
22-09-2020,3634.63
23-09-2020,3520.46
24-09-2020,3571.42
25-09-2020,3589.04
26-09-2020,NaN
27-09-2020,NaN
28-09-2020,3595.39
29-09-2020,3555.32
30-09-2020,3637.3
01-10-2020,3635.47
02-10-2020,3666.03
03-10-2020,NaN
04-10-2020,NaN
05-10-2020,3675.83
06-10-2020,3621.71
07-10-2020,3588.35
08-10-2020,3650.27
09-10-2020,3677.45
10-10-2020,NaN
11-10-2020,NaN
12-10-2020,NaN
13-10-2020,3654.69
14-10-2020,3664.4
15-10-2020,3661.72
16-10-2020,3640.58
17-10-2020,NaN
18-10-2020,NaN
19-10-2020,3631.8
20-10-2020,3672.92
21-10-2020,3782.66
22-10-2020,3811.29
23-10-2020,3807.95
24-10-2020,NaN
25-10-2020,NaN
26-10-2020,3705.99
27-10-2020,3697
28-10-2020,3629.48
29-10-2020,3582.64
30-10-2020,3539.92
31-10-2020,NaN
01-11-2020,NaN
02-11-2020,3571.13
03-11-2020,3521.45
04-11-2020,3518.05
05-11-2020,3703.94
06-11-2020,3812.38
07-11-2020,NaN
08-11-2020,NaN
09-11-2020,3928.48
10-11-2020,3977.45
11-11-2020,3979.34
12-11-2020,3916.5
13-11-2020,4005.35
14-11-2020,NaN
15-11-2020,NaN
16-11-2020,4047.42
17-11-2020,4053.5
18-11-2020,4108.79
19-11-2020,4028.3
20-11-2020,4054.53
21-11-2020,NaN
22-11-2020,NaN
23-11-2020,4131.26
24-11-2020,4197.27
25-11-2020,4135.16
26-11-2020,4121.96
27-11-2020,4117.03
28-11-2020,NaN
29-11-2020,NaN
30-11-2020,4032.87
01-12-2020,4110.59
02-12-2020,4157.12
03-12-2020,4188.8
04-12-2020,4191.18
05-12-2020,NaN
06-12-2020,NaN
07-12-2020,4130.41
08-12-2020,NaN
09-12-2020,4148.7
10-12-2020,4106.42
11-12-2020,4085.89
12-12-2020,NaN
13-12-2020,NaN
14-12-2020,4052.84
15-12-2020,4061.67
16-12-2020,4110.99
17-12-2020,4199.33
18-12-2020,4210.69
19-12-2020,NaN
20-12-2020,NaN
21-12-2020,4162.96
22-12-2020,4190.03
23-12-2020,4156.29
24-12-2020,4133.35
25-12-2020,NaN
26-12-2020,NaN
27-12-2020,NaN
28-12-2020,4180.22
29-12-2020,4197.87
30-12-2020,4177.22
31-12-2020,NaN
01-01-2021,NaN
02-01-2021,NaN
03-01-2021,NaN
04-01-2021,4257.44
05-01-2021,4367.18
06-01-2021,4417.84
07-01-2021,4528.85
08-01-2021,4560.02
09-01-2021,NaN
10-01-2021,NaN
11-01-2021,4552.52
12-01-2021,4600.12
13-01-2021,4658.71
14-01-2021,4640.84
15-01-2021,4572.1
16-01-2021,NaN
17-01-2021,NaN
18-01-2021,4624.11
19-01-2021,4669.74
20-01-2021,4637.84
21-01-2021,4579.27
22-01-2021,4481
23-01-2021,NaN
24-01-2021,NaN
25-01-2021,4488.93
26-01-2021,4497.74
27-01-2021,4417.99
28-01-2021,4410.8
29-01-2021,4288.65
30-01-2021,NaN
31-01-2021,NaN
01-02-2021,4381.01
02-02-2021,4416.95
03-02-2021,4401.87
04-02-2021,4412
05-02-2021,4449.45
06-02-2021,NaN
07-02-2021,NaN
08-02-2021,4487.09
09-02-2021,4542.72
10-02-2021,4527.66
11-02-2021,4548.2
12-02-2021,4599.09
13-02-2021,NaN
14-02-2021,NaN
15-02-2021,4620.12
16-02-2021,4653.07
17-02-2021,4559.2
18-02-2021,4518.64
19-02-2021,4623.74
20-02-2021,NaN
21-02-2021,NaN
22-02-2021,4569.34
23-02-2021,4489.21
24-02-2021,4576.41
25-02-2021,4574.43
26-02-2021,4573.37
27-02-2021,NaN
28-02-2021,NaN
01-03-2021,4637.54
02-03-2021,4720.09
03-03-2021,4787.45
04-03-2021,4700.57
05-03-2021,4713.73
06-03-2021,NaN
07-03-2021,NaN
08-03-2021,4712.95
09-03-2021,4838.18
10-03-2021,4888.55
11-03-2021,4881.1
12-03-2021,4893.23
13-03-2021,NaN
14-03-2021,NaN
15-03-2021,4913.78
16-03-2021,4905.05
17-03-2021,4909.4
18-03-2021,4878.67
19-03-2021,4854.92
20-03-2021,NaN
21-03-2021,NaN
22-03-2021,4831.62
23-03-2021,4802.9
24-03-2021,4842.26
25-03-2021,4767.79
26-03-2021,4854.42
27-03-2021,NaN
28-03-2021,NaN
29-03-2021,4916.69
30-03-2021,4928.15
31-03-2021,4898.09
01-04-2021,4885.26
02-04-2021,NaN
03-04-2021,NaN
04-04-2021,NaN
05-04-2021,4871.17
06-04-2021,4860.65
07-04-2021,4859.07
08-04-2021,4910.19
09-04-2021,4958.04
10-04-2021,NaN
11-04-2021,NaN
12-04-2021,4950.06
13-04-2021,4901.91
14-04-2021,4927.08
15-04-2021,4942.16
16-04-2021,4988.17
17-04-2021,NaN
18-04-2021,NaN
19-04-2021,4970.29
20-04-2021,4975.8
21-04-2021,4932.18
22-04-2021,4843.82
23-04-2021,4839.14
24-04-2021,NaN
25-04-2021,NaN
26-04-2021,4864.86
27-04-2021,4748.52
28-04-2021,4586.27
29-04-2021,4542.55
30-04-2021,4472.84
01-05-2021,NaN
02-05-2021,NaN
03-05-2021,4589.24
04-05-2021,4648.82
05-05-2021,4704.25
06-05-2021,4630.72
07-05-2021,4618.8
08-05-2021,NaN
09-05-2021,NaN
10-05-2021,4594.6
11-05-2021,4540.8
12-05-2021,4485.58
13-05-2021,4443.64
14-05-2021,4574.69
15-05-2021,NaN
16-05-2021,NaN
17-05-2021,4147.86
18-05-2021,4143.96
19-05-2021,4030.39
20-05-2021,4079.99
21-05-2021,NaN
22-05-2021,NaN
23-05-2021,NaN
24-05-2021,4115.37
25-05-2021,4091.05
26-05-2021,4119.06
27-05-2021,4160.26
28-05-2021,4258.75
29-05-2021,NaN
30-05-2021,NaN
31-05-2021,4356.43
01-06-2021,4396.1
02-06-2021,4393.97
03-06-2021,4226.9
04-06-2021,4225.89
05-06-2021,NaN
06-06-2021,NaN
07-06-2021,4131.38
08-06-2021,4172.34
09-06-2021,4268.36
10-06-2021,4260.22
11-06-2021,4310.64
12-06-2021,NaN
13-06-2021,NaN
14-06-2021,4344.92
15-06-2021,4361.62
16-06-2021,4356.51
17-06-2021,4330.27
18-06-2021,4294.39
19-06-2021,NaN
20-06-2021,NaN
21-06-2021,NaN
22-06-2021,4371.93
23-06-2021,4370.24
24-06-2021,4421.23
25-06-2021,4349.51
26-06-2021,NaN
27-06-2021,NaN
28-06-2021,NaN
29-06-2021,4323.69
30-06-2021,4331.33
01-07-2021,4345.51
02-07-2021,4314.81
03-07-2021,NaN
04-07-2021,NaN
05-07-2021,4287.54
06-07-2021,4165.81
07-07-2021,4206.43
08-07-2021,4188.16
09-07-2021,4247.83
10-07-2021,NaN
11-07-2021,NaN
12-07-2021,4243.21
13-07-2021,4198.73
14-07-2021,4158.36
15-07-2021,4153.02
16-07-2021,NaN
17-07-2021,NaN
18-07-2021,NaN
19-07-2021,4232.33
20-07-2021,4292.01
21-07-2021,4274.27
22-07-2021,4288.05
23-07-2021,4187.49
24-07-2021,NaN
25-07-2021,NaN
26-07-2021,4146.71
27-07-2021,4147.04
28-07-2021,4172.18
29-07-2021,4253.91
30-07-2021,4252.04
31-07-2021,NaN
01-08-2021,NaN
02-08-2021,4211.7
03-08-2021,4207.03
04-08-2021,4211.48
05-08-2021,4240.54
06-08-2021,4282.48
07-08-2021,NaN
08-08-2021,NaN
09-08-2021,4243.72
10-08-2021,4345.42
11-08-2021,4368
12-08-2021,4374.75
13-08-2021,4401.94
14-08-2021,NaN
15-08-2021,NaN
16-08-2021,4329.42
17-08-2021,4320.58
18-08-2021,4341.59
19-08-2021,4310.51
20-08-2021,4347.48
21-08-2021,NaN
22-08-2021,NaN
23-08-2021,4392.75
24-08-2021,4369.43
25-08-2021,4437.94
26-08-2021,4443.81
27-08-2021,4459.22
28-08-2021,NaN
29-08-2021,NaN
30-08-2021,4506.53
31-08-2021,4491.57
01-09-2021,4450.96
02-09-2021,4437.44
03-09-2021,4463.55
04-09-2021,NaN
05-09-2021,NaN
06-09-2021,4456.2
07-09-2021,4432.98
08-09-2021,4378.14
09-09-2021,4407.24
10-09-2021,4464
11-09-2021,NaN
12-09-2021,NaN
13-09-2021,4401.31
14-09-2021,4409.42
15-09-2021,4433.84
16-09-2021,4465.47
17-09-2021,NaN
18-09-2021,NaN
19-09-2021,NaN
20-09-2021,4291.36
21-09-2021,4307.43
22-09-2021,4384.02
23-09-2021,4411.69
24-09-2021,4377.19
25-09-2021,NaN
26-09-2021,NaN
27-09-2021,4351.71
28-09-2021,4323.34
29-09-2021,4335.2
30-09-2021,4362.59
01-10-2021,4326.72
02-10-2021,NaN
03-10-2021,NaN
04-10-2021,4242.62
05-10-2021,4226.09
06-10-2021,4132.31
07-10-2021,4129.68
08-10-2021,4145.62
09-10-2021,NaN
10-10-2021,NaN
11-10-2021,NaN
12-10-2021,4103.12
13-10-2021,4006.49
14-10-2021,3996.48
15-10-2021,3982.18
16-10-2021,NaN
17-10-2021,NaN
18-10-2021,4008.74
19-10-2021,3994.91
20-10-2021,4037.49
21-10-2021,4053.4
22-10-2021,4084.35
23-10-2021,NaN
24-10-2021,NaN
25-10-2021,4175.95
26-10-2021,4245.91
27-10-2021,4115.66
28-10-2021,4096.24
29-10-2021,4092.2
30-10-2021,NaN
31-10-2021,NaN
01-11-2021,NaN
02-11-2021,4207.2
03-11-2021,4309.93
04-11-2021,4473.8
05-11-2021,4388.19
06-11-2021,NaN
07-11-2021,NaN
08-11-2021,4363.33
09-11-2021,4470.52
10-11-2021,4489.04
11-11-2021,4519.38
12-11-2021,4485.97
13-11-2021,NaN
14-11-2021,NaN
15-11-2021,4382.46
16-11-2021,4304.81
17-11-2021,4293.18
18-11-2021,4281.66
19-11-2021,4358.48
20-11-2021,NaN
21-11-2021,NaN
22-11-2021,4780.91
23-11-2021,4697.66
24-11-2021,4629.24
25-11-2021,4601.91
26-11-2021,4579.3
27-11-2021,NaN
28-11-2021,NaN
29-11-2021,4505.62
30-11-2021,4432.71
01-12-2021,4332.45
02-12-2021,4370.9
03-12-2021,4369.4
04-12-2021,NaN
05-12-2021,NaN
06-12-2021,4368.82
07-12-2021,4395.15
08-12-2021,NaN
09-12-2021,4418.79
10-12-2021,4405.72
11-12-2021,NaN
12-12-2021,NaN
13-12-2021,4301.25
14-12-2021,4179.56
15-12-2021,4271.4
16-12-2021,4392.34
17-12-2021,4357.78
18-12-2021,NaN
19-12-2021,NaN
20-12-2021,4088.26
21-12-2021,4142.49
22-12-2021,4121.91
23-12-2021,4241.63
24-12-2021,4299.09
25-12-2021,NaN
26-12-2021,NaN
27-12-2021,4281.89
28-12-2021,4269.37
29-12-2021,4250.29
30-12-2021,4308.38
31-12-2021,NaN
01-01-2022,NaN
02-01-2022,NaN
03-01-2022,4301.32
04-01-2022,4294.64
05-01-2022,4317.6
06-01-2022,4348.44
07-01-2022,4296.35
08-01-2022,NaN
09-01-2022,NaN
10-01-2022,4298.24
11-01-2022,4394.91
12-01-2022,4507.82
13-01-2022,4512.43
14-01-2022,4486.57
15-01-2022,NaN
16-01-2022,NaN
17-01-2022,4473.27
18-01-2022,4500.8
19-01-2022,4470.71
20-01-2022,4486.72
21-01-2022,4644.86
22-01-2022,NaN
23-01-2022,NaN
24-01-2022,4503.17
25-01-2022,4529.3
26-01-2022,4552.33
27-01-2022,4562.74
28-01-2022,4542.86
29-01-2022,NaN
30-01-2022,NaN
31-01-2022,4548.45
01-02-2022,4598.72
02-02-2022,4555.38
03-02-2022,4454.97
04-02-2022,4425.52
05-02-2022,NaN
06-02-2022,NaN
07-02-2022,4474.1
08-02-2022,4582.62
09-02-2022,4605.08
10-02-2022,4641.53
11-02-2022,4652.21
12-02-2022,NaN
13-02-2022,NaN
14-02-2022,4604.62
15-02-2022,4643.69
16-02-2022,4653.04
17-02-2022,4549.08
18-02-2022,4549.07
19-02-2022,NaN
20-02-2022,NaN
21-02-2022,4525.8
22-02-2022,4472.86
23-02-2022,4375.7
24-02-2022,4399.6
25-02-2022,4465.51
26-02-2022,NaN
27-02-2022,NaN
28-02-2022,4534.47
01-03-2022,4435.17
02-03-2022,4487.37
03-03-2022,4571.8
04-03-2022,4641.45
05-03-2022,NaN
06-03-2022,NaN
07-03-2022,4618.07
08-03-2022,4578.68
09-03-2022,4656.03
10-03-2022,4608.98
11-03-2022,4633.35
12-03-2022,NaN
13-03-2022,NaN
14-03-2022,4588.49
15-03-2022,4623.04
16-03-2022,4695.41
17-03-2022,4789.88
18-03-2022,4854.44
19-03-2022,NaN
20-03-2022,NaN
21-03-2022,4994.67
22-03-2022,4888.18
23-03-2022,4841.46
24-03-2022,4954.51
25-03-2022,4965.11
26-03-2022,NaN
27-03-2022,NaN
28-03-2022,4938.8
29-03-2022,4914.73
30-03-2022,4894.98
31-03-2022,4936.97
01-04-2022,4978.49
02-04-2022,NaN
03-04-2022,NaN
04-04-2022,4992.29
05-04-2022,4929.1
06-04-2022,4971.94
07-04-2022,4965.32
08-04-2022,4969.25
09-04-2022,NaN
10-04-2022,NaN
11-04-2022,4918.79
12-04-2022,4909.04
13-04-2022,4921.46
14-04-2022,4917.3
15-04-2022,NaN
16-04-2022,NaN
17-04-2022,NaN
18-04-2022,4867.64
19-04-2022,4911.77
20-04-2022,4974.76
21-04-2022,4911.9
22-04-2022,4867.88
23-04-2022,NaN
24-04-2022,NaN
25-04-2022,4759.15
26-04-2022,4701.47
27-04-2022,4775.36
28-04-2022,4792.66
29-04-2022,4778.43
30-04-2022,NaN
01-05-2022,NaN
02-05-2022,4759.9
03-05-2022,4785.63
04-05-2022,4887.57
05-05-2022,4853.79
06-05-2022,4838.54
07-05-2022,NaN
08-05-2022,NaN
09-05-2022,4744.18
10-05-2022,4697.16
11-05-2022,4676.93
12-05-2022,4713.77
13-05-2022,4850.44
14-05-2022,NaN
15-05-2022,NaN
16-05-2022,4868.58
17-05-2022,5023.24
18-05-2022,4964.77
19-05-2022,4982.1
20-05-2022,4982.95
21-05-2022,NaN
22-05-2022,NaN
23-05-2022,5127.52
24-05-2022,5142.75
25-05-2022,5191.05
26-05-2022,5268.96
27-05-2022,5387.06
28-05-2022,NaN
29-05-2022,NaN
30-05-2022,5385.7
31-05-2022,5350.48
01-06-2022,5299.11
02-06-2022,5353.13
03-06-2022,5352.44
04-06-2022,NaN
05-06-2022,NaN
06-06-2022,5332.59
07-06-2022,5358.95
08-06-2022,5277
09-06-2022,5184.27
10-06-2022,5237.85
11-06-2022,NaN
12-06-2022,NaN
13-06-2022,5131.3
14-06-2022,5121.4
15-06-2022,5139.41
16-06-2022,5029.48
17-06-2022,5067.06
18-06-2022,NaN
19-06-2022,NaN
20-06-2022,5084.37
21-06-2022,NaN
22-06-2022,5056.37
23-06-2022,4934.81
24-06-2022,4983.66
25-06-2022,NaN
26-06-2022,NaN
27-06-2022,NaN
28-06-2022,5004.48
29-06-2022,5009.63
30-06-2022,4950.39
01-07-2022,4993.37
02-07-2022,NaN
03-07-2022,NaN
04-07-2022,4989.07
05-07-2022,5003.81
06-07-2022,5006.95
07-07-2022,5101.42
08-07-2022,5112.78
09-07-2022,NaN
10-07-2022,NaN
11-07-2022,5058.45
12-07-2022,5074.26
13-07-2022,5117.81
14-07-2022,5136.05
15-07-2022,5091.73
16-07-2022,NaN
17-07-2022,NaN
18-07-2022,5081.74
19-07-2022,5160.19
20-07-2022,5147
21-07-2022,5204.45
22-07-2022,5220.33
23-07-2022,NaN
24-07-2022,NaN
25-07-2022,5236.33
26-07-2022,5200.13
27-07-2022,5251.32
28-07-2022,5259.39
29-07-2022,5259.05
30-07-2022,NaN
31-07-2022,NaN
01-08-2022,5258.4
02-08-2022,5248.53
03-08-2022,5206.06
04-08-2022,5174.64
05-08-2022,5212.4
06-08-2022,NaN
07-08-2022,NaN
08-08-2022,5260.34
09-08-2022,5236.34
10-08-2022,5272.93
11-08-2022,5325.9
12-08-2022,5394.91
13-08-2022,NaN
14-08-2022,NaN
15-08-2022,NaN
16-08-2022,5386.81
17-08-2022,5405.31
18-08-2022,5345.53
19-08-2022,5292.84
20-08-2022,NaN
21-08-2022,NaN
22-08-2022,5340.49
23-08-2022,5377.52
24-08-2022,5418.17
25-08-2022,5460.62
26-08-2022,5461.8
27-08-2022,NaN
28-08-2022,NaN
29-08-2022,5517.11
30-08-2022,5536.39
31-08-2022,5441.26
01-09-2022,5408.05
02-09-2022,5653.2
03-09-2022,NaN
04-09-2022,NaN
05-09-2022,5779.25
06-09-2022,5608.08
07-09-2022,5540.82
08-09-2022,5516.81
09-09-2022,5612.07
10-09-2022,NaN
11-09-2022,NaN
12-09-2022,5596.26
13-09-2022,5580.67
14-09-2022,5609.33
15-09-2022,5522.92
16-09-2022,NaN
17-09-2022,NaN
18-09-2022,NaN
19-09-2022,NaN
20-09-2022,5340.97
21-09-2022,5369.33
22-09-2022,5303.06
23-09-2022,5207.22
24-09-2022,NaN
25-09-2022,NaN
26-09-2022,5178.75
27-09-2022,5180.64
28-09-2022,5100.24
29-09-2022,5035.38
30-09-2022,5114.19
01-10-2022,NaN
02-10-2022,NaN
03-10-2022,5143.23
04-10-2022,5248.87
05-10-2022,5192.25
06-10-2022,5183.56
07-10-2022,5079.68
08-10-2022,NaN
09-10-2022,NaN
10-10-2022,NaN
11-10-2022,4988.8
12-10-2022,4936.56
13-10-2022,4961.09
14-10-2022,4972.39
15-10-2022,NaN
16-10-2022,NaN
17-10-2022,5103.06
18-10-2022,5122.85
19-10-2022,5087.69
20-10-2022,5139.35
21-10-2022,5147.37
22-10-2022,NaN
23-10-2022,NaN
24-10-2022,5108.17
25-10-2022,5164.31
26-10-2022,5151.34
27-10-2022,5187.42
28-10-2022,5193.81
29-10-2022,NaN
30-10-2022,NaN
31-10-2022,NaN
01-11-2022,NaN
02-11-2022,5194.66
03-11-2022,5180.3
04-11-2022,5220.04
05-11-2022,NaN
06-11-2022,NaN
07-11-2022,5289.55
08-11-2022,5406.12
09-11-2022,5350.36
10-11-2022,5339.54
11-11-2022,5350.79
12-11-2022,NaN
13-11-2022,NaN
14-11-2022,5302.44
15-11-2022,5239.13
16-11-2022,5230.45
17-11-2022,5172.31
18-11-2022,5196.92
19-11-2022,NaN
20-11-2022,NaN
21-11-2022,5312.69
22-11-2022,5294.78
23-11-2022,5260.91
24-11-2022,5273.72
25-11-2022,5249.57
26-11-2022,NaN
27-11-2022,NaN
28-11-2022,5207.64
29-11-2022,5244.86
30-11-2022,5282.61
01-12-2022,5274.68
02-12-2022,5290.76
03-12-2022,NaN
04-12-2022,NaN
05-12-2022,5274.19
06-12-2022,5239.16
07-12-2022,5202.85
08-12-2022,NaN
09-12-2022,5192.68
10-12-2022,NaN
11-12-2022,NaN
12-12-2022,5257.07
13-12-2022,5226.77
14-12-2022,5206.46
15-12-2022,5132.77
16-12-2022,5161.26
17-12-2022,NaN
18-12-2022,NaN
19-12-2022,5206.95
20-12-2022,5287.93
21-12-2022,5269.7
22-12-2022,5222.23
23-12-2022,5256.91
24-12-2022,NaN
25-12-2022,NaN
26-12-2022,5222.45
27-12-2022,5197.25
28-12-2022,5215.42
29-12-2022,5249.37
30-12-2022,5261.91
31-12-2022,NaN
01-01-2023,NaN
02-01-2023,NaN
03-01-2023,5136.53
04-01-2023,5091.47
05-01-2023,5124.2
06-01-2023,5136.69
07-01-2023,NaN
08-01-2023,NaN
09-01-2023,5159.91
10-01-2023,5144.37
11-01-2023,5180.44
12-01-2023,5201.83
13-01-2023,5156.65
14-01-2023,NaN
15-01-2023,NaN
16-01-2023,5156.11
17-01-2023,5176.1
18-01-2023,5229.55
19-01-2023,5207.83
20-01-2023,5235.97
21-01-2023,NaN
22-01-2023,NaN
23-01-2023,5311.84
24-01-2023,5256.63
25-01-2023,5257.18
26-01-2023,5333.69
27-01-2023,5351.34
28-01-2023,NaN
29-01-2023,NaN
30-01-2023,5337.95
31-01-2023,5322.39
01-02-2023,5308.17
02-02-2023,5313.52
03-02-2023,5314.29
04-02-2023,NaN
05-02-2023,NaN
06-02-2023,5285.62
07-02-2023,5271.27
08-02-2023,5328.83
09-02-2023,5356.92
10-02-2023,5392.45
11-02-2023,NaN
12-02-2023,NaN
13-02-2023,5366.18
14-02-2023,5332.43
15-02-2023,5404.3
16-02-2023,5451.45
17-02-2023,5328.96
18-02-2023,NaN
19-02-2023,NaN
20-02-2023,5330.76
21-02-2023,5261.37
22-02-2023,5258.46
23-02-2023,5312.79
24-02-2023,5331.57
25-02-2023,NaN
26-02-2023,NaN
27-02-2023,5357.1
28-02-2023,5394.9
01-03-2023,5375.37
02-03-2023,5407.24
03-03-2023,5439.46
04-03-2023,NaN
05-03-2023,NaN
06-03-2023,5427.53
07-03-2023,5403.44
08-03-2023,5416.39
09-03-2023,5410.59
10-03-2023,5393.72
11-03-2023,NaN
12-03-2023,NaN
13-03-2023,5337.04
14-03-2023,5298.78
15-03-2023,5196.61
16-03-2023,5198.35
17-03-2023,5112.03
18-03-2023,NaN
19-03-2023,NaN
20-03-2023,5170.09
21-03-2023,5299.17
22-03-2023,5271.18
23-03-2023,5275.37
24-03-2023,5248.86
25-03-2023,NaN
26-03-2023,NaN
27-03-2023,5258.08
28-03-2023,5244.75
29-03-2023,5313.76
30-03-2023,5309.2
31-03-2023,5324.62
01-04-2023,NaN
02-04-2023,NaN
03-04-2023,5309
04-04-2023,5228
05-04-2023,5236.22
06-04-2023,5274.2
07-04-2023,NaN
08-04-2023,NaN
09-04-2023,NaN
10-04-2023,5281.48
11-04-2023,5306.88
12-04-2023,5353.09
13-04-2023,5365.12
14-04-2023,5417.18
15-04-2023,NaN
16-04-2023,NaN
17-04-2023,5469.94
18-04-2023,5474.62
19-04-2023,5423.49
20-04-2023,5397.59
21-04-2023,5226.93
22-04-2023,NaN
23-04-2023,NaN
24-04-2023,5296.78
25-04-2023,5299.58
26-04-2023,5325.59
27-04-2023,5410.22
28-04-2023,5416.09
29-04-2023,NaN
30-04-2023,NaN
01-05-2023,NaN
02-05-2023,5369.34
03-05-2023,5372.58
04-05-2023,5376.42
05-05-2023,5480.42
06-05-2023,NaN
07-05-2023,NaN
08-05-2023,5608.49
09-05-2023,5550.89
10-05-2023,5569.61
11-05-2023,5600
12-05-2023,5596.49
13-05-2023,NaN
14-05-2023,NaN
15-05-2023,5598.21
16-05-2023,5619.06
17-05-2023,5605.36
18-05-2023,5640.66
19-05-2023,5653.6
20-05-2023,NaN
21-05-2023,NaN
22-05-2023,5691.5
23-05-2023,5685.3
24-05-2023,5643.3
25-05-2023,5620.21
26-05-2023,5609.45
27-05-2023,NaN
28-05-2023,NaN
29-05-2023,5598.83
30-05-2023,5592.86
31-05-2023,5471.54
01-06-2023,5520.74
02-06-2023,5653.81
03-06-2023,NaN
04-06-2023,NaN
05-06-2023,5654.45
06-06-2023,5714.33
07-06-2023,5679.29
08-06-2023,5672.72
09-06-2023,5690.94
10-06-2023,NaN
11-06-2023,NaN
12-06-2023,5693.17
13-06-2023,5712.24
14-06-2023,5716.29
15-06-2023,5741.71
16-06-2023,5739.9
17-06-2023,NaN
18-06-2023,NaN
19-06-2023,5754.24
20-06-2023,5783.11
21-06-2023,NaN
22-06-2023,5763.3
23-06-2023,5679.56
24-06-2023,NaN
25-06-2023,NaN
26-06-2023,NaN
27-06-2023,5658.86
28-06-2023,5656.99
29-06-2023,5728.31
30-06-2023,5786.8
01-07-2023,NaN
02-07-2023,NaN
03-07-2023,5853.8
04-07-2023,5894.34
05-07-2023,5835.13
06-07-2023,5792.17
07-07-2023,5942.2
08-07-2023,NaN
09-07-2023,NaN
10-07-2023,5951.95
11-07-2023,5995.47
12-07-2023,6078.57
13-07-2023,6061.93
14-07-2023,6130.68
15-07-2023,NaN
16-07-2023,NaN
17-07-2023,6197.19
18-07-2023,6286.5
19-07-2023,6320.48
20-07-2023,6322.92
21-07-2023,6300.92
22-07-2023,NaN
23-07-2023,NaN
24-07-2023,6351.09
25-07-2023,6411.43
26-07-2023,6379.42
27-07-2023,6318.63
28-07-2023,6339.04
29-07-2023,NaN
30-07-2023,NaN
31-07-2023,6394.4
01-08-2023,6432.76
02-08-2023,6332.1
03-08-2023,6272.29
04-08-2023,6292.64
05-08-2023,NaN
06-08-2023,NaN
07-08-2023,6318.35
08-08-2023,6241.32
09-08-2023,6341.36
10-08-2023,6290.34
11-08-2023,6257.44
12-08-2023,NaN
13-08-2023,NaN
14-08-2023,6216.27
15-08-2023,NaN
16-08-2023,6213.18
17-08-2023,6131.5
18-08-2023,6133.27
19-08-2023,NaN
20-08-2023,NaN
21-08-2023,6122.92
22-08-2023,6158.74
23-08-2023,6189.92
24-08-2023,6067.74
25-08-2023,6046.62
26-08-2023,NaN
27-08-2023,NaN
28-08-2023,6030.15
29-08-2023,6059.65
30-08-2023,6028.19
31-08-2023,6009.28
01-09-2023,5996.36
02-09-2023,NaN
03-09-2023,NaN
04-09-2023,5990.24
05-09-2023,5927.93
06-09-2023,5905.74
07-09-2023,5885.52
08-09-2023,5868.85
09-09-2023,NaN
10-09-2023,NaN
11-09-2023,5879.15
12-09-2023,5886.43
13-09-2023,5915.52
14-09-2023,6002.07
15-09-2023,6002.67
16-09-2023,NaN
17-09-2023,NaN
18-09-2023,NaN
19-09-2023,NaN
20-09-2023,5932.83
21-09-2023,5857.72
22-09-2023,5831.95
23-09-2023,NaN
24-09-2023,NaN
25-09-2023,5785.84
26-09-2023,5762.58
27-09-2023,5762.7
28-09-2023,5824.68
29-09-2023,5833.36
30-09-2023,NaN
01-10-2023,NaN
02-10-2023,5755.64
03-10-2023,5685.84
04-10-2023,5699.33
05-10-2023,5615.83
06-10-2023,5659.29
07-10-2023,NaN
08-10-2023,NaN
09-10-2023,NaN
10-10-2023,5781.4
11-10-2023,5780.96
12-10-2023,5800.22
13-10-2023,5777.75
14-10-2023,NaN
15-10-2023,NaN
16-10-2023,5853.21
17-10-2023,5890.74
18-10-2023,5796.44
19-10-2023,5713.44
20-10-2023,5631.33
21-10-2023,NaN
22-10-2023,NaN
23-10-2023,5503.33
24-10-2023,5557.62
25-10-2023,5515.63
26-10-2023,5568.35
27-10-2023,NaN
28-10-2023,NaN
29-10-2023,NaN
30-10-2023,5433.36
31-10-2023,5407.5
01-11-2023,NaN
02-11-2023,5460.65
03-11-2023,5620.57
04-11-2023,NaN
05-11-2023,NaN
06-11-2023,5575.48
07-11-2023,5650.77
08-11-2023,5647.96
09-11-2023,5630.63
10-11-2023,5618.68
11-11-2023,NaN
12-11-2023,NaN
13-11-2023,5726.94
14-11-2023,5712.1
15-11-2023,5775.38
16-11-2023,5729.71
17-11-2023,5771.1
18-11-2023,NaN
19-11-2023,NaN
20-11-2023,5841.76
21-11-2023,5790.24
22-11-2023,5800.57
23-11-2023,5807.19
24-11-2023,5776.75
25-11-2023,NaN
26-11-2023,NaN
27-11-2023,5757.42
28-11-2023,5776.56
29-11-2023,5792.78
30-11-2023,5818.51
01-12-2023,5886.71
02-12-2023,NaN
03-12-2023,NaN
04-12-2023,5823.36
05-12-2023,5905.31
06-12-2023,5920.01
07-12-2023,5970.81
08-12-2023,NaN
09-12-2023,NaN
10-12-2023,NaN
11-12-2023,5884.78
12-12-2023,5913.5
13-12-2023,6020.41
14-12-2023,6146.59
15-12-2023,6138.1
16-12-2023,NaN
17-12-2023,NaN
18-12-2023,6051.52
19-12-2023,6060.44
20-12-2023,6073.86
21-12-2023,6107.78
22-12-2023,6153.66
23-12-2023,NaN
24-12-2023,NaN
25-12-2023,NaN
26-12-2023,6218.05
27-12-2023,6201.66
28-12-2023,6249.47
29-12-2023,6197.77
30-12-2023,NaN
31-12-2023,NaN
01-01-2024,NaN
02-01-2024,6210.59
03-01-2024,6139.45
04-01-2024,6076.18
05-01-2024,6047.64
06-01-2024,NaN
07-01-2024,NaN
08-01-2024,6056.32
09-01-2024,6107.72
10-01-2024,6056.06
11-01-2024,6029.02
12-01-2024,5968.61
13-01-2024,NaN
14-01-2024,NaN
15-01-2024,5995.96
16-01-2024,5970.45
17-01-2024,5901.72
18-01-2024,5867.72
19-01-2024,5844.56
20-01-2024,NaN
21-01-2024,NaN
22-01-2024,5921.04
23-01-2024,5964.58
24-01-2024,6057.8
25-01-2024,5987.47
26-01-2024,6058.58
27-01-2024,NaN
28-01-2024,NaN
29-01-2024,6064.57
30-01-2024,5970.63
31-01-2024,5987.14
01-02-2024,6051.42
02-02-2024,5994.6
03-02-2024,NaN
04-02-2024,NaN
05-02-2024,6005.28
06-02-2024,6005.19
07-02-2024,6010.29
08-02-2024,6001.2
09-02-2024,6032.61
10-02-2024,NaN
11-02-2024,NaN
12-02-2024,6100.94
13-02-2024,6024.12
14-02-2024,6083.37
15-02-2024,6188.4
16-02-2024,6336.81
17-02-2024,NaN
18-02-2024,NaN
19-02-2024,6382.51
20-02-2024,6349
21-02-2024,6251.42
22-02-2024,6237.63
23-02-2024,6189.56
24-02-2024,NaN
25-02-2024,NaN
26-02-2024,6208.29
27-02-2024,6322.2
28-02-2024,6344.44
29-02-2024,6449.88
01-03-2024,6481.25
02-03-2024,NaN
03-03-2024,NaN
04-03-2024,6340.77
05-03-2024,6258.86
06-03-2024,6348.02
07-03-2024,6357.56
08-03-2024,6337.61
09-03-2024,NaN
10-03-2024,NaN
11-03-2024,6416.46
12-03-2024,6502.18
13-03-2024,6491.11
14-03-2024,6460.71
15-03-2024,6463.76
16-03-2024,NaN
17-03-2024,NaN
18-03-2024,6454.41
19-03-2024,6416.89
20-03-2024,6501.27
21-03-2024,6485.92
22-03-2024,6516.37
23-03-2024,NaN
24-03-2024,NaN
25-03-2024,6494.29
26-03-2024,6520.4
27-03-2024,6597.94
28-03-2024,6643.76
29-03-2024,NaN
30-03-2024,NaN
31-03-2024,NaN
01-04-2024,6637.91
02-04-2024,6634.2
03-04-2024,6616.76
04-04-2024,6588.75
05-04-2024,6512.36
06-04-2024,NaN
07-04-2024,NaN
08-04-2024,6603.31
09-04-2024,6668.55
10-04-2024,6688.03
11-04-2024,6726.52
12-04-2024,6564.1
13-04-2024,NaN
14-04-2024,NaN
15-04-2024,6479.67
16-04-2024,6430.61
17-04-2024,6455.59
18-04-2024,6451.3
19-04-2024,6365.09
20-04-2024,NaN
21-04-2024,NaN
22-04-2024,6374.35
23-04-2024,6467.81
24-04-2024,6363.48
25-04-2024,6311.56
26-04-2024,6393.15
27-04-2024,NaN
28-04-2024,NaN
29-04-2024,6550.39
30-04-2024,6511.93
01-05-2024,NaN
02-05-2024,6497.82
03-05-2024,6559.05
04-05-2024,NaN
05-05-2024,NaN
06-05-2024,6496.72
07-05-2024,6600.83
08-05-2024,6644.43
09-05-2024,6629.9
10-05-2024,6640.33
11-05-2024,NaN
12-05-2024,NaN
13-05-2024,6695.26
14-05-2024,6728.41
15-05-2024,6711.7
16-05-2024,6651.46
17-05-2024,6658.98
18-05-2024,NaN
19-05-2024,NaN
20-05-2024,6710.41
21-05-2024,NaN
22-05-2024,6737.61
23-05-2024,6781.89
24-05-2024,6775.88
25-05-2024,NaN
26-05-2024,NaN
27-05-2024,6810.91
28-05-2024,6759.04
29-05-2024,6681.68
30-05-2024,6639.13
31-05-2024,6632.8
01-06-2024,NaN
02-06-2024,NaN
03-06-2024,6614.36
04-06-2024,6597.71
05-06-2024,6655.87
06-06-2024,6688.12
07-06-2024,6637.66
08-06-2024,NaN
09-06-2024,NaN
10-06-2024,6622.04
11-06-2024,6541.45
12-06-2024,6535.26
13-06-2024,6486.36
14-06-2024,6518.11
15-06-2024,NaN
16-06-2024,NaN
17-06-2024,6506.51
18-06-2024,6542.55
19-06-2024,6589.32
20-06-2024,NaN
21-06-2024,6488.75
22-06-2024,NaN
23-06-2024,NaN
24-06-2024,6491.5
25-06-2024,6412.01
26-06-2024,6512.13
27-06-2024,6504.53
28-06-2024,6413.88
29-06-2024,NaN
30-06-2024,NaN
01-07-2024,6406.94
02-07-2024,6385.39
03-07-2024,6533.69
04-07-2024,6532.51
05-07-2024,6483.67
06-07-2024,NaN
07-07-2024,NaN
08-07-2024,6520.93
09-07-2024,6470.13
10-07-2024,6467.17
11-07-2024,6544.62
12-07-2024,6550.02
13-07-2024,NaN
14-07-2024,NaN
15-07-2024,6566.38
16-07-2024,NaN
17-07-2024,6568.77
18-07-2024,6576.7
19-07-2024,6558.68
20-07-2024,NaN
21-07-2024,NaN
22-07-2024,6600.64
23-07-2024,6551.36
24-07-2024,6513.85
25-07-2024,6441.01
26-07-2024,6432.16
27-07-2024,NaN
28-07-2024,NaN
29-07-2024,6486.19
30-07-2024,6466.13
31-07-2024,6440.56
01-08-2024,6418.15
02-08-2024,6315.46
03-08-2024,NaN
04-08-2024,NaN
05-08-2024,6098.87
06-08-2024,6178.55
07-08-2024,6192.69
08-08-2024,6293.62
09-08-2024,6320.96
10-08-2024,NaN
11-08-2024,NaN
12-08-2024,6326.05
13-08-2024,6369.74
14-08-2024,6405.12
15-08-2024,NaN
16-08-2024,6457.75
17-08-2024,NaN
18-08-2024,NaN
19-08-2024,6458.78
20-08-2024,6491.04
21-08-2024,6495.43
22-08-2024,6476.39
23-08-2024,6463.24
24-08-2024,NaN
25-08-2024,NaN
26-08-2024,6442.19
27-08-2024,6379.46
28-08-2024,6385.52
29-08-2024,6448.28
30-08-2024,6459.96
31-08-2024,NaN
01-09-2024,NaN
02-09-2024,6456.25
03-09-2024,6387.18
04-09-2024,6389.05
05-09-2024,6361.6
06-09-2024,6245.42
07-09-2024,NaN
08-09-2024,NaN
09-09-2024,6232.11
10-09-2024,6214.86
11-09-2024,6301.58
12-09-2024,6343.16
13-09-2024,6351.31
14-09-2024,NaN
15-09-2024,NaN
16-09-2024,6346.81
17-09-2024,6333.16
18-09-2024,NaN
19-09-2024,NaN
20-09-2024,NaN
21-09-2024,NaN
22-09-2024,NaN
23-09-2024,6374.35
24-09-2024,6449.91
25-09-2024,6440.87
26-09-2024,6529.98
27-09-2024,6530.73
28-09-2024,NaN
29-09-2024,NaN
30-09-2024,6490.57
01-10-2024,6448.86
02-10-2024,6392.09
03-10-2024,6389.82
04-10-2024,6480.93
05-10-2024,NaN
06-10-2024,NaN
07-10-2024,6475.15
08-10-2024,6492.75
09-10-2024,6541.29
10-10-2024,6578.77
11-10-2024,6572.95
12-10-2024,NaN
13-10-2024,NaN
14-10-2024,6572
15-10-2024,6558.98
16-10-2024,6542.64
17-10-2024,6571.59
18-10-2024,6643.52
19-10-2024,NaN
20-10-2024,NaN
21-10-2024,6671.07
22-10-2024,6674.66
23-10-2024,6686.98
24-10-2024,6725.8
25-10-2024,6754.69
26-10-2024,NaN
27-10-2024,NaN
28-10-2024,6735.46
29-10-2024,6672.61
30-10-2024,6550.32
31-10-2024,NaN
01-11-2024,NaN
02-11-2024,NaN
03-11-2024,NaN
04-11-2024,6629.97
05-11-2024,6525.38
06-11-2024,6579.65
07-11-2024,6561.83
08-11-2024,6519.72
09-11-2024,NaN
10-11-2024,NaN
11-11-2024,6539.35
12-11-2024,6508.64
13-11-2024,6558.5
14-11-2024,6478.97
15-11-2024,6527.02
16-11-2024,NaN
17-11-2024,NaN
18-11-2024,6542.39
19-11-2024,6549.37
20-11-2024,6576.33
21-11-2024,6592.94
22-11-2024,6564.16
23-11-2024,NaN
24-11-2024,NaN
25-11-2024,6549.16
26-11-2024,6558.3
27-11-2024,6578.98
28-11-2024,6587.35
29-11-2024,6576.6
30-11-2024,NaN
01-12-2024,NaN
02-12-2024,6639.86
03-12-2024,6629.72
04-12-2024,6631.36
05-12-2024,6660.14
06-12-2024,6648.65
07-12-2024,NaN
08-12-2024,NaN
09-12-2024,6714.12
10-12-2024,6720.21
11-12-2024,6731.67
12-12-2024,6781.04
13-12-2024,6767.25
14-12-2024,NaN
15-12-2024,NaN
16-12-2024,6798.99
17-12-2024,6730.22
18-12-2024,6731.49
19-12-2024,6699.85
20-12-2024,6700.82
21-12-2024,NaN
22-12-2024,NaN
23-12-2024,6665.37
24-12-2024,6680.17
25-12-2024,NaN
26-12-2024,6691.09
27-12-2024,6703.27
28-12-2024,NaN
29-12-2024,NaN
30-12-2024,6710.02
31-12-2024,NaN
01-01-2025,NaN
02-01-2025,6681.92
03-01-2025,6700.98
04-01-2025,NaN
05-01-2025,NaN
06-01-2025,6780.03
07-01-2025,6806.47
08-01-2025,6762.74
09-01-2025,6802.58
10-01-2025,6814.12
11-01-2025,NaN
12-01-2025,NaN
13-01-2025,6756.5
14-01-2025,6823.01
15-01-2025,6900.05
16-01-2025,6957.67
17-01-2025,6958.79
18-01-2025,NaN
19-01-2025,NaN
20-01-2025,7010.22
21-01-2025,7038.23
22-01-2025,7026.97
23-01-2025,7050.96
24-01-2025,7068.67
25-01-2025,NaN
26-01-2025,NaN
27-01-2025,7028.46
28-01-2025,7035.01
29-01-2025,7088.79
30-01-2025,7222.08
31-01-2025,7199.59
01-02-2025,NaN
02-02-2025,NaN
03-02-2025,7204.69
04-02-2025,7269.19
05-02-2025,7273.99
06-02-2025,7301.44
07-02-2025,7285.12
08-02-2025,NaN
09-02-2025,NaN
10-02-2025,7294.64
11-02-2025,7278.04
12-02-2025,7282.34
13-02-2025,7328.35
14-02-2025,7359.91
15-02-2025,NaN
16-02-2025,NaN
17-02-2025,7303.62
18-02-2025,7297.91
19-02-2025,7281.33
20-02-2025,7322.48
21-02-2025,7311.75
22-02-2025,NaN
23-02-2025,NaN
24-02-2025,7311.33
25-02-2025,7316.01
26-02-2025,7351.06
27-02-2025,7392.85
28-02-2025,7332.12
01-03-2025,NaN
02-03-2025,NaN
03-03-2025,7344.96
04-03-2025,7313.89
05-03-2025,7333.1
06-03-2025,7370.32
07-03-2025,7377.09
08-03-2025,NaN
09-03-2025,NaN
10-03-2025,7369.67
11-03-2025,7365.82
12-03-2025,7391.3
13-03-2025,7449.87
14-03-2025,7509
15-03-2025,NaN
16-03-2025,NaN
17-03-2025,7601.82
18-03-2025,7585.61
19-03-2025,7594.95
20-03-2025,7575.53
21-03-2025,7585.81
22-03-2025,NaN
23-03-2025,NaN
24-03-2025,7632.66
25-03-2025,7606.42
26-03-2025,7593.44
27-03-2025,7654.06
28-03-2025,7694.49
29-03-2025,NaN
30-03-2025,NaN
31-03-2025,7648.59
01-04-2025,7685.6
02-04-2025,7698.7
03-04-2025,7719.22
04-04-2025,7504.21
05-04-2025,NaN
06-04-2025,NaN
07-04-2025,7252.56
08-04-2025,7163.09
09-04-2025,7473.43
10-04-2025,7372.09
11-04-2025,7430.69
12-04-2025,NaN
13-04-2025,NaN
14-04-2025,7572.2
15-04-2025,7695.06
16-04-2025,7710.55
17-04-2025,7815.25
18-04-2025,NaN
19-04-2025,NaN
20-04-2025,NaN
21-04-2025,7751.38
22-04-2025,7814.36
23-04-2025,7922.51
24-04-2025,7998.6
25-04-2025,7991.62
26-04-2025,NaN
27-04-2025,NaN
28-04-2025,7986.82
29-04-2025,8059.4
30-04-2025,8041.14
01-05-2025,NaN
02-05-2025,8039.23
03-05-2025,NaN
04-05-2025,NaN
05-05-2025,8019.77
06-05-2025,8069.8
07-05-2025,8173.81
08-05-2025,8162.87
09-05-2025,8233.13
10-05-2025,NaN
11-05-2025,NaN
12-05-2025,8326.19
13-05-2025,8368.76
14-05-2025,8469.64
15-05-2025,8411.01
16-05-2025,8386.16
17-05-2025,NaN
18-05-2025,NaN
19-05-2025,8392.1
20-05-2025,8418.33
21-05-2025,NaN
22-05-2025,8367.62
23-05-2025,8399.59
24-05-2025,NaN
25-05-2025,NaN
26-05-2025,8390.2
27-05-2025,8351.79
28-05-2025,8244.52
29-05-2025,8192.19
30-05-2025,8047.51
31-05-2025,NaN
01-06-2025,NaN
02-06-2025,8048.93
03-06-2025,8112.07
04-06-2025,8169.98
05-06-2025,8145.59
06-06-2025,8170.04
07-06-2025,NaN
08-06-2025,NaN
09-06-2025,8172.55
10-06-2025,8227.18
11-06-2025,8320.11
12-06-2025,8269.44
13-06-2025,8209.92
14-06-2025,NaN
15-06-2025,NaN
16-06-2025,8165.29
17-06-2025,8091.58
18-06-2025,8086.72
19-06-2025,8077.48
20-06-2025,NaN
21-06-2025,NaN
22-06-2025,NaN
23-06-2025,8029.71
24-06-2025,8148.15
25-06-2025,8140.84
26-06-2025,8176.94
27-06-2025,8213.08
28-06-2025,NaN
29-06-2025,NaN
30-06-2025,8247.57
01-07-2025,8211.83
02-07-2025,8268.45
03-07-2025,8290.26
04-07-2025,8285.29
05-07-2025,NaN
06-07-2025,NaN
07-07-2025,8256.55
08-07-2025,8316.74
09-07-2025,8329.49
10-07-2025,8343.68
11-07-2025,8231.92
12-07-2025,NaN
13-07-2025,NaN
14-07-2025,8233.73
15-07-2025,8152.48
16-07-2025,NaN
17-07-2025,8210.46
18-07-2025,8184.5
19-07-2025,NaN
20-07-2025,NaN
21-07-2025,8125.16
22-07-2025,8118.91
23-07-2025,8140.7
24-07-2025,8141.83
25-07-2025,8221.9
26-07-2025,NaN
27-07-2025,NaN
28-07-2025,8074.31
29-07-2025,8121.43
30-07-2025,8121.45
31-07-2025,8186.1
01-08-2025,8161.33
02-08-2025,NaN
03-08-2025,NaN
04-08-2025,8209.84
05-08-2025,8195.17
06-08-2025,8247.31
07-08-2025,8360.9
08-08-2025,8520.53
09-08-2025,NaN
10-08-2025,NaN
11-08-2025,8591.5
12-08-2025,8585.6
13-08-2025,8737.86
14-08-2025,8739.42
15-08-2025,NaN
16-08-2025,NaN
17-08-2025,NaN
18-08-2025,8827.17
19-08-2025,8736.84
20-08-2025,8683.66
21-08-2025,8725.72
22-08-2025,8854.26
23-08-2025,NaN
24-08-2025,NaN
25-08-2025,8883.36
26-08-2025,8827
27-08-2025,8884.47
28-08-2025,8920.99
29-08-2025,8899.91
30-08-2025,NaN
31-08-2025,NaN
01-09-2025,8922
02-09-2025,8991.5
03-09-2025,9062.92
04-09-2025,9175.32
05-09-2025,9210.68
06-09-2025,NaN
07-09-2025,NaN
08-09-2025,9089.29
09-09-2025,8985.16
10-09-2025,8973.69
11-09-2025,9151.39
12-09-2025,8989.75
13-09-2025,NaN
14-09-2025,NaN
15-09-2025,9088.53
16-09-2025,9066.03
17-09-2025,9007.14
18-09-2025,NaN
19-09-2025,NaN
20-09-2025,NaN
21-09-2025,NaN
22-09-2025,9116.93
23-09-2025,9146.8
24-09-2025,9114.79
25-09-2025,9040.46
26-09-2025,9023.05
27-09-2025,NaN
28-09-2025,NaN
29-09-2025,8996.57
30-09-2025,8970.68
01-10-2025,8939.37
02-10-2025,8899.67
03-10-2025,8890.29
04-10-2025,NaN
05-10-2025,NaN
06-10-2025,8832.48
07-10-2025,8829.98
08-10-2025,8909.39
09-10-2025,8818.68
10-10-2025,8675.8
11-10-2025,NaN
12-10-2025,NaN
13-10-2025,8794.53
14-10-2025,9013.34
15-10-2025,9112.58
16-10-2025,9112.15
17-10-2025,9129.98
18-10-2025,NaN
19-10-2025,NaN
20-10-2025,9159.75
21-10-2025,9114.74
22-10-2025,9049.45
23-10-2025,9149.64
24-10-2025,9184.41
25-10-2025,NaN
26-10-2025,NaN
27-10-2025,9207.64
28-10-2025,9232.17
29-10-2025,9326.5
30-10-2025,9428.89
31-10-2025,NaN
01-11-2025,NaN
02-11-2025,NaN
03-11-2025,9511.78
04-11-2025,9322.9
05-11-2025,9432.13
06-11-2025,9459.59
07-11-2025,9605.06
08-11-2025,NaN
09-11-2025,NaN
10-11-2025,9660.17
11-11-2025,9710.83
12-11-2025,9893.86
13-11-2025,9710.38
14-11-2025,9603.02
15-11-2025,NaN
16-11-2025,NaN
17-11-2025,9904.47
18-11-2025,9809.37
19-11-2025,9873.59
20-11-2025,9802.08
21-11-2025,9826.58
22-11-2025,NaN
23-11-2025,NaN
24-11-2025,9802.98
25-11-2025,9950.81
26-11-2025,9998.3
27-11-2025,10078.13
28-11-2025,10128.58
29-11-2025,NaN
30-11-2025,NaN
01-12-2025,10144.02
02-12-2025,10146.49
03-12-2025,10176.08
04-12-2025,10179.42
05-12-2025,10222.61
06-12-2025,NaN
07-12-2025,NaN
08-12-2025,NaN
09-12-2025,10179.97
10-12-2025,10170.37
11-12-2025,10362.86
12-12-2025,10400.01
13-12-2025,NaN
14-12-2025,NaN
15-12-2025,10302.23
16-12-2025,10188.43
17-12-2025,10134.52
18-12-2025,10194.26
19-12-2025,10304.26
20-12-2025,NaN
21-12-2025,NaN
22-12-2025,10389.39
23-12-2025,10403.73
24-12-2025,10386.99
25-12-2025,NaN
26-12-2025,10483.15
27-12-2025,NaN
28-12-2025,NaN
29-12-2025,10521.68
30-12-2025,10481.4
31-12-2025,NaN
01-01-2026,NaN
02-01-2026,10428.63
03-01-2026,NaN
04-01-2026,NaN
05-01-2026,10693.57
06-01-2026,10927.79
07-01-2026,10876.8
08-01-2026,10916.08
09-01-2026,10929.15
10-01-2026,NaN
11-01-2026,NaN
12-01-2026,11066.16
13-01-2026,11254.48
14-01-2026,11219.98
15-01-2026,11088.48
16-01-2026,11156.73
17-01-2026,NaN
18-01-2026,NaN
19-01-2026,11143.4
20-01-2026,11159.35
21-01-2026,11254.87
22-01-2026,11507.7
23-01-2026,11500.1
24-01-2026,NaN
25-01-2026,NaN
26-01-2026,11546.28
27-01-2026,11626.2
28-01-2026,11627.58
29-01-2026,11523.45
30-01-2026,11420.07
31-01-2026,NaN
01-02-2026,NaN
02-02-2026,11482.71
03-02-2026,11609.4
04-02-2026,11425.88
05-02-2026,11251.62
06-02-2026,11210.78
07-02-2026,NaN
08-02-2026,NaN
09-02-2026,11250.56
10-02-2026,11009.28
11-02-2026,11217.82
12-02-2026,10974.84
13-02-2026,10897.74
14-02-2026,NaN
15-02-2026,NaN
16-02-2026,10911.58
17-02-2026,10892.26
18-02-2026,10864.48
19-02-2026,10809.15
20-02-2026,10855.08
21-02-2026,NaN
22-02-2026,NaN
23-02-2026,10923.25
24-02-2026,10991.76
25-02-2026,11133.28
26-02-2026,11049.69
27-02-2026,10877.74
28-02-2026,NaN
01-03-2026,NaN
02-03-2026,10549.28
03-03-2026,10248.96
04-03-2026,10494.97
05-03-2026,10297.93
06-03-2026,10314.03
07-03-2026,NaN
08-03-2026,NaN
09-03-2026,10428.64
10-03-2026,10604.52
11-03-2026,10505.21
12-03-2026,10399.64
13-03-2026,10466.52
14-03-2026,NaN
15-03-2026,NaN
16-03-2026,10584.63
17-03-2026,10620.89
18-03-2026,10619.69
19-03-2026,10473.45
20-03-2026,10277.51
21-03-2026,NaN
22-03-2026,NaN
23-03-2026,10227.64
24-03-2026,10206.16
25-03-2026,10409.95
26-03-2026,10397.03
27-03-2026,10417.19
28-03-2026,NaN
29-03-2026,NaN
30-03-2026,10418.06
31-03-2026,10640.08
01-04-2026,10856.29
02-04-2026,10739.15
03-04-2026,NaN
04-04-2026,NaN
05-04-2026,NaN
06-04-2026,10695.09
07-04-2026,10518.4
08-04-2026,10858.4
09-04-2026,10958.33
10-04-2026,11076.65
11-04-2026,NaN
12-04-2026,NaN
13-04-2026,11132.84
14-04-2026,11336.02
15-04-2026,11313.87
16-04-2026,11477.11
17-04-2026,11429.19
18-04-2026,NaN
19-04-2026,NaN
20-04-2026,11343.55
21-04-2026,11128.46
22-04-2026,11002.13
23-04-2026,10992.09
24-04-2026,11173.51
25-04-2026,NaN
26-04-2026,NaN
27-04-2026,11130.03
28-04-2026,10905.45
29-04-2026,10857.99
30-04-2026,10908.3
01-05-2026,NaN
02-05-2026,NaN
03-05-2026,NaN
04-05-2026,10717.34
05-05-2026,10691.27
06-05-2026,10937.19
07-05-2026,10871.28
08-05-2026,10758.9
09-05-2026,NaN
10-05-2026,NaN
11-05-2026,10702.13
12-05-2026,10640.66
13-05-2026,10396.5
14-05-2026,10482.27
15-05-2026,10421.35
16-05-2026,NaN
17-05-2026,NaN
18-05-2026,10467.78
19-05-2026,10350.86
20-05-2026,10599.69
21-05-2026,NaN
22-05-2026,10563.88
23-05-2026,NaN
24-05-2026,NaN
25-05-2026,10825.53
26-05-2026,10747.02
27-05-2026,10838.04
28-05-2026,10897.17
29-05-2026,10788.19
30-05-2026,NaN
31-05-2026,NaN
01-06-2026,10626.41
02-06-2026,10469.18
03-06-2026,10359.94
04-06-2026,10304.04
05-06-2026,10273.09
06-06-2026,NaN
07-06-2026,NaN
08-06-2026,10163.75
09-06-2026,10501.02
10-06-2026,10453.45
11-06-2026,10740.7
12-06-2026,10922.98
13-06-2026,NaN
14-06-2026,NaN
15-06-2026,10878.98
16-06-2026,10903.59
17-06-2026,10811.51
18-06-2026,10836.99
19-06-2026,10888.43
20-06-2026,NaN
21-06-2026,NaN
22-06-2026,10900.52
23-06-2026,10769.51
24-06-2026,10675.08
25-06-2026,10706.25
26-06-2026,10762.98
27-06-2026,NaN
28-06-2026,NaN
29-06-2026,NaN
30-06-2026,10839.8
01-07-2026,10811.95
02-07-2026,10794.26
03-07-2026,10821.14
04-07-2026,NaN
05-07-2026,NaN
06-07-2026,10878.99
07-07-2026,11025.21
08-07-2026,10947.02
09-07-2026,11025.29
10-07-2026,11056.87
11-07-2026,NaN
12-07-2026,NaN
13-07-2026,10927.71
14-07-2026,11024.1
15-07-2026,10947.38
16-07-2026,NaN
17-07-2026,10887.72
18-07-2026,NaN
19-07-2026,NaN
20-07-2026,10896.87
