fecha,valor
07-02-1997,7.25
08-02-1997,NaN
09-02-1997,NaN
10-02-1997,7.25
11-02-1997,7.25
12-02-1997,7.25
13-02-1997,7.25
14-02-1997,7.25
15-02-1997,NaN
16-02-1997,NaN
17-02-1997,7.25
18-02-1997,7.25
19-02-1997,7.25
20-02-1997,7.25
21-02-1997,7.25
22-02-1997,NaN
23-02-1997,NaN
24-02-1997,7.25
25-02-1997,7.25
26-02-1997,7.25
27-02-1997,7.25
28-02-1997,7.25
01-03-1997,NaN
02-03-1997,NaN
03-03-1997,7.25
04-03-1997,7.25
05-03-1997,7.25
06-03-1997,7.25
07-03-1997,7.25
08-03-1997,NaN
09-03-1997,NaN
10-03-1997,7.25
11-03-1997,7.25
12-03-1997,7.25
13-03-1997,7.25
14-03-1997,7.25
15-03-1997,NaN
16-03-1997,NaN
17-03-1997,7.25
18-03-1997,7.25
19-03-1997,7.25
20-03-1997,7.25
21-03-1997,7.25
22-03-1997,NaN
23-03-1997,NaN
24-03-1997,7.25
25-03-1997,7.25
26-03-1997,7.25
27-03-1997,7.25
28-03-1997,7.25
29-03-1997,7.25
30-03-1997,7.25
31-03-1997,7.25
01-04-1997,7.25
02-04-1997,7.25
03-04-1997,7.25
04-04-1997,7.25
05-04-1997,NaN
06-04-1997,NaN
07-04-1997,7.25
08-04-1997,7.25
09-04-1997,7.25
10-04-1997,7.25
11-04-1997,7.25
12-04-1997,NaN
13-04-1997,NaN
14-04-1997,7
15-04-1997,7
16-04-1997,7
17-04-1997,7
18-04-1997,7
19-04-1997,NaN
20-04-1997,NaN
21-04-1997,7
22-04-1997,7
23-04-1997,7
24-04-1997,7
25-04-1997,7
26-04-1997,NaN
27-04-1997,NaN
28-04-1997,7
29-04-1997,7
30-04-1997,7
01-05-1997,NaN
02-05-1997,7
03-05-1997,NaN
04-05-1997,NaN
05-05-1997,7
06-05-1997,7
07-05-1997,7
08-05-1997,7
09-05-1997,7
10-05-1997,NaN
11-05-1997,NaN
12-05-1997,7
13-05-1997,7
14-05-1997,7
15-05-1997,7
16-05-1997,7
17-05-1997,NaN
18-05-1997,NaN
19-05-1997,7
20-05-1997,7
21-05-1997,NaN
22-05-1997,7
23-05-1997,7
24-05-1997,NaN
25-05-1997,NaN
26-05-1997,7
27-05-1997,7
28-05-1997,7
29-05-1997,7
30-05-1997,7
31-05-1997,NaN
01-06-1997,NaN
02-06-1997,7
03-06-1997,7
04-06-1997,7
05-06-1997,7
06-06-1997,6.75
07-06-1997,NaN
08-06-1997,NaN
09-06-1997,6.75
10-06-1997,6.75
11-06-1997,6.75
12-06-1997,6.75
13-06-1997,6.75
14-06-1997,NaN
15-06-1997,NaN
16-06-1997,6.75
17-06-1997,6.75
18-06-1997,6.75
19-06-1997,6.75
20-06-1997,6.75
21-06-1997,NaN
22-06-1997,NaN
23-06-1997,6.75
24-06-1997,6.75
25-06-1997,6.75
26-06-1997,6.75
27-06-1997,6.75
28-06-1997,NaN
29-06-1997,NaN
30-06-1997,6.75
01-07-1997,6.75
02-07-1997,6.75
03-07-1997,6.75
04-07-1997,6.75
05-07-1997,NaN
06-07-1997,NaN
07-07-1997,6.75
08-07-1997,6.75
09-07-1997,6.75
10-07-1997,6.75
11-07-1997,6.75
12-07-1997,NaN
13-07-1997,NaN
14-07-1997,6.75
15-07-1997,6.75
16-07-1997,6.75
17-07-1997,6.75
18-07-1997,6.75
19-07-1997,NaN
20-07-1997,NaN
21-07-1997,6.75
22-07-1997,6.75
23-07-1997,6.75
24-07-1997,6.75
25-07-1997,6.75
26-07-1997,NaN
27-07-1997,NaN
28-07-1997,6.75
29-07-1997,6.75
30-07-1997,6.75
31-07-1997,6.75
01-08-1997,6.75
02-08-1997,NaN
03-08-1997,NaN
04-08-1997,6.75
05-08-1997,6.75
06-08-1997,6.75
07-08-1997,6.75
08-08-1997,6.75
09-08-1997,NaN
10-08-1997,NaN
11-08-1997,6.75
12-08-1997,6.75
13-08-1997,6.75
14-08-1997,6.75
15-08-1997,NaN
16-08-1997,NaN
17-08-1997,NaN
18-08-1997,6.75
19-08-1997,6.75
20-08-1997,6.75
21-08-1997,6.75
22-08-1997,6.75
23-08-1997,NaN
24-08-1997,NaN
25-08-1997,6.75
26-08-1997,6.75
27-08-1997,6.75
28-08-1997,6.75
29-08-1997,6.75
30-08-1997,NaN
31-08-1997,NaN
01-09-1997,6.75
02-09-1997,6.75
03-09-1997,6.5
04-09-1997,6.5
05-09-1997,6.5
06-09-1997,NaN
07-09-1997,NaN
08-09-1997,6.5
09-09-1997,6.5
10-09-1997,6.5
11-09-1997,6.5
12-09-1997,6.5
13-09-1997,NaN
14-09-1997,NaN
15-09-1997,6.5
16-09-1997,6.5
17-09-1997,6.5
18-09-1997,NaN
19-09-1997,NaN
20-09-1997,NaN
21-09-1997,NaN
22-09-1997,6.5
23-09-1997,6.5
24-09-1997,6.5
25-09-1997,6.5
26-09-1997,6.5
27-09-1997,NaN
28-09-1997,NaN
29-09-1997,6.5
30-09-1997,6.5
01-10-1997,6.5
02-10-1997,6.5
03-10-1997,6.5
04-10-1997,NaN
05-10-1997,NaN
06-10-1997,6.5
07-10-1997,6.5
08-10-1997,6.5
09-10-1997,6.5
10-10-1997,6.5
11-10-1997,NaN
12-10-1997,NaN
13-10-1997,6.5
14-10-1997,6.5
15-10-1997,6.5
16-10-1997,6.5
17-10-1997,6.5
18-10-1997,NaN
19-10-1997,NaN
20-10-1997,6.5
21-10-1997,6.5
22-10-1997,6.5
23-10-1997,6.5
24-10-1997,6.5
25-10-1997,NaN
26-10-1997,NaN
27-10-1997,6.5
28-10-1997,6.5
29-10-1997,6.5
30-10-1997,6.5
31-10-1997,NaN
01-11-1997,NaN
02-11-1997,NaN
03-11-1997,6.5
04-11-1997,6.5
05-11-1997,6.5
06-11-1997,6.5
07-11-1997,6.5
08-11-1997,NaN
09-11-1997,NaN
10-11-1997,6.5
11-11-1997,6.5
12-11-1997,6.5
13-11-1997,6.5
14-11-1997,6.5
15-11-1997,NaN
16-11-1997,NaN
17-11-1997,6.5
18-11-1997,6.5
19-11-1997,6.5
20-11-1997,6.5
21-11-1997,6.5
22-11-1997,NaN
23-11-1997,NaN
24-11-1997,6.5
25-11-1997,6.5
26-11-1997,6.5
27-11-1997,6.5
28-11-1997,6.5
29-11-1997,NaN
30-11-1997,NaN
01-12-1997,6.5
02-12-1997,6.5
03-12-1997,6.5
04-12-1997,6.5
05-12-1997,6.5
06-12-1997,NaN
07-12-1997,NaN
08-12-1997,NaN
09-12-1997,6.5
10-12-1997,6.5
11-12-1997,6.5
12-12-1997,6.5
13-12-1997,NaN
14-12-1997,NaN
15-12-1997,6.5
16-12-1997,6.5
17-12-1997,6.5
18-12-1997,6.5
19-12-1997,6.5
20-12-1997,NaN
21-12-1997,NaN
22-12-1997,6.5
23-12-1997,6.5
24-12-1997,6.5
25-12-1997,NaN
26-12-1997,6.5
27-12-1997,NaN
28-12-1997,NaN
29-12-1997,6.5
30-12-1997,6.5
31-12-1997,6.5
01-01-1998,NaN
02-01-1998,6.5
03-01-1998,NaN
04-01-1998,NaN
05-01-1998,6.5
06-01-1998,6.5
07-01-1998,6.5
08-01-1998,7
09-01-1998,7
10-01-1998,NaN
11-01-1998,NaN
12-01-1998,7
13-01-1998,7
14-01-1998,7
15-01-1998,7
16-01-1998,7
17-01-1998,NaN
18-01-1998,NaN
19-01-1998,7
20-01-1998,7
21-01-1998,7
22-01-1998,7
23-01-1998,7
24-01-1998,NaN
25-01-1998,NaN
26-01-1998,7
27-01-1998,7
28-01-1998,7
29-01-1998,7
30-01-1998,7
31-01-1998,NaN
01-02-1998,NaN
02-02-1998,7
03-02-1998,7
04-02-1998,8.5
05-02-1998,8.5
06-02-1998,8.5
07-02-1998,NaN
08-02-1998,NaN
09-02-1998,8.5
10-02-1998,8.5
11-02-1998,8.5
12-02-1998,8.5
13-02-1998,8.5
14-02-1998,NaN
15-02-1998,NaN
16-02-1998,8.5
17-02-1998,8.5
18-02-1998,8.5
19-02-1998,8.5
20-02-1998,8.5
21-02-1998,NaN
22-02-1998,NaN
23-02-1998,8.5
24-02-1998,8.5
25-02-1998,8.5
26-02-1998,8.5
27-02-1998,8.5
28-02-1998,NaN
01-03-1998,NaN
02-03-1998,8.5
03-03-1998,8.5
04-03-1998,8.5
05-03-1998,8.5
06-03-1998,8.5
07-03-1998,NaN
08-03-1998,NaN
09-03-1998,8.5
10-03-1998,8.5
11-03-1998,8.5
12-03-1998,8.5
13-03-1998,8.5
14-03-1998,NaN
15-03-1998,NaN
16-03-1998,8.5
17-03-1998,8.5
18-03-1998,8.5
19-03-1998,8.5
20-03-1998,8.5
21-03-1998,NaN
22-03-1998,NaN
23-03-1998,8.5
24-03-1998,8.5
25-03-1998,8.5
26-03-1998,8.5
27-03-1998,8.5
28-03-1998,NaN
29-03-1998,NaN
30-03-1998,8.5
31-03-1998,8.5
01-04-1998,8.5
02-04-1998,8.5
03-04-1998,8.5
04-04-1998,NaN
05-04-1998,NaN
06-04-1998,8.5
07-04-1998,8.5
08-04-1998,8.5
09-04-1998,8.5
10-04-1998,NaN
11-04-1998,NaN
12-04-1998,NaN
13-04-1998,8.5
14-04-1998,8.5
15-04-1998,8.5
16-04-1998,8.5
17-04-1998,8.5
18-04-1998,NaN
19-04-1998,NaN
20-04-1998,8.5
21-04-1998,8.5
22-04-1998,8.5
23-04-1998,8.5
24-04-1998,8.5
25-04-1998,NaN
26-04-1998,NaN
27-04-1998,8.5
28-04-1998,8.5
29-04-1998,8.5
30-04-1998,8.5
01-05-1998,NaN
02-05-1998,NaN
03-05-1998,NaN
04-05-1998,8.5
05-05-1998,8.5
06-05-1998,8.5
07-05-1998,8.5
08-05-1998,8.5
09-05-1998,NaN
10-05-1998,NaN
11-05-1998,8.5
12-05-1998,8.5
13-05-1998,8.5
14-05-1998,8.5
15-05-1998,8.5
16-05-1998,NaN
17-05-1998,NaN
18-05-1998,8.5
19-05-1998,8.5
20-05-1998,8.5
21-05-1998,NaN
22-05-1998,8.5
23-05-1998,NaN
24-05-1998,NaN
25-05-1998,8.5
26-05-1998,8.5
27-05-1998,8.5
28-05-1998,8.5
29-05-1998,8.5
30-05-1998,NaN
31-05-1998,NaN
01-06-1998,8.5
02-06-1998,8.5
03-06-1998,8.5
04-06-1998,8.5
05-06-1998,8.5
06-06-1998,NaN
07-06-1998,NaN
08-06-1998,8.5
09-06-1998,8.5
10-06-1998,8.5
11-06-1998,8.5
12-06-1998,8.5
13-06-1998,NaN
14-06-1998,NaN
15-06-1998,8.5
16-06-1998,8.5
17-06-1998,8.5
18-06-1998,8.5
19-06-1998,8.5
20-06-1998,NaN
21-06-1998,NaN
22-06-1998,8.5
23-06-1998,8.5
24-06-1998,8.5
25-06-1998,8.5
26-06-1998,8.5
27-06-1998,NaN
28-06-1998,NaN
29-06-1998,NaN
30-06-1998,NaN
01-07-1998,8.5
02-07-1998,8.5
03-07-1998,8.5
04-07-1998,NaN
05-07-1998,NaN
06-07-1998,8.5
07-07-1998,8.5
08-07-1998,8.5
09-07-1998,8.5
10-07-1998,8.5
11-07-1998,NaN
12-07-1998,NaN
13-07-1998,8.5
14-07-1998,8.5
15-07-1998,8.5
16-07-1998,NaN
17-07-1998,8.5
18-07-1998,NaN
19-07-1998,NaN
20-07-1998,8.5
21-07-1998,8.5
22-07-1998,8.5
23-07-1998,8.5
24-07-1998,8.5
25-07-1998,NaN
26-07-1998,NaN
27-07-1998,8.5
28-07-1998,8.5
29-07-1998,8.5
30-07-1998,8.5
31-07-1998,8.5
01-08-1998,NaN
02-08-1998,NaN
03-08-1998,8.5
04-08-1998,8.5
05-08-1998,8.5
06-08-1998,8.5
07-08-1998,8.5
08-08-1998,NaN
09-08-1998,NaN
10-08-1998,8.5
11-08-1998,8.5
12-08-1998,8.5
13-08-1998,8.5
14-08-1998,8.5
15-08-1998,NaN
16-08-1998,NaN
17-08-1998,8.5
18-08-1998,8.5
19-08-1998,8.5
20-08-1998,8.5
21-08-1998,8.5
22-08-1998,NaN
23-08-1998,NaN
24-08-1998,8.5
25-08-1998,8.5
26-08-1998,8.5
27-08-1998,8.5
28-08-1998,8.5
29-08-1998,NaN
30-08-1998,NaN
31-08-1998,8.5
01-09-1998,8.5
02-09-1998,8.5
03-09-1998,8.5
04-09-1998,8.5
05-09-1998,NaN
06-09-1998,NaN
07-09-1998,8.5
08-09-1998,8.5
09-09-1998,8.5
10-09-1998,8.5
11-09-1998,8.5
12-09-1998,NaN
13-09-1998,NaN
14-09-1998,8.5
15-09-1998,8.5
16-09-1998,8.5
17-09-1998,14
18-09-1998,NaN
19-09-1998,NaN
20-09-1998,NaN
21-09-1998,14
22-09-1998,14
23-09-1998,14
24-09-1998,14
25-09-1998,14
26-09-1998,NaN
27-09-1998,NaN
28-09-1998,14
29-09-1998,14
30-09-1998,14
01-10-1998,14
02-10-1998,14
03-10-1998,NaN
04-10-1998,NaN
05-10-1998,14
06-10-1998,14
07-10-1998,14
08-10-1998,14
09-10-1998,14
10-10-1998,NaN
11-10-1998,NaN
12-10-1998,NaN
13-10-1998,14
14-10-1998,12
15-10-1998,12
16-10-1998,12
17-10-1998,NaN
18-10-1998,NaN
19-10-1998,12
20-10-1998,12
21-10-1998,12
22-10-1998,12
23-10-1998,12
24-10-1998,NaN
25-10-1998,NaN
26-10-1998,12
27-10-1998,12
28-10-1998,12
29-10-1998,12
30-10-1998,12
31-10-1998,NaN
01-11-1998,NaN
02-11-1998,12
03-11-1998,10
04-11-1998,10
05-11-1998,10
06-11-1998,10
07-11-1998,NaN
08-11-1998,NaN
09-11-1998,10
10-11-1998,10
11-11-1998,10
12-11-1998,10
13-11-1998,10
14-11-1998,NaN
15-11-1998,NaN
16-11-1998,10
17-11-1998,10
18-11-1998,10
19-11-1998,10
20-11-1998,10
21-11-1998,NaN
22-11-1998,NaN
23-11-1998,10
24-11-1998,10
25-11-1998,8.5
26-11-1998,8.5
27-11-1998,8.5
28-11-1998,NaN
29-11-1998,NaN
30-11-1998,8.5
01-12-1998,8.5
02-12-1998,8.5
03-12-1998,8.5
04-12-1998,8.5
05-12-1998,NaN
06-12-1998,NaN
07-12-1998,8.5
08-12-1998,NaN
09-12-1998,8.5
10-12-1998,8.5
11-12-1998,8.5
12-12-1998,NaN
13-12-1998,NaN
14-12-1998,8.5
15-12-1998,8.5
16-12-1998,8.5
17-12-1998,8.5
18-12-1998,8.5
19-12-1998,NaN
20-12-1998,NaN
21-12-1998,8.5
22-12-1998,8.5
23-12-1998,7.8
24-12-1998,7.8
25-12-1998,NaN
26-12-1998,NaN
27-12-1998,NaN
28-12-1998,7.8
29-12-1998,7.8
30-12-1998,7.8
31-12-1998,7.8
01-01-1999,NaN
02-01-1999,NaN
03-01-1999,NaN
04-01-1999,7.8
05-01-1999,7.8
06-01-1999,7.8
07-01-1999,7.8
08-01-1999,7.8
09-01-1999,NaN
10-01-1999,NaN
11-01-1999,7.8
12-01-1999,7.8
13-01-1999,7.8
14-01-1999,7.8
15-01-1999,7.8
16-01-1999,NaN
17-01-1999,NaN
18-01-1999,7.8
19-01-1999,7.8
20-01-1999,7.8
21-01-1999,7.8
22-01-1999,7.8
23-01-1999,NaN
24-01-1999,NaN
25-01-1999,7.8
26-01-1999,7.8
27-01-1999,7.25
28-01-1999,7.25
29-01-1999,7.25
30-01-1999,NaN
31-01-1999,NaN
01-02-1999,7.25
02-02-1999,7.25
03-02-1999,7.25
04-02-1999,7.25
05-02-1999,7.25
06-02-1999,NaN
07-02-1999,NaN
08-02-1999,7.25
09-02-1999,7.25
10-02-1999,7.25
11-02-1999,7.25
12-02-1999,7.25
13-02-1999,NaN
14-02-1999,NaN
15-02-1999,7.25
16-02-1999,7.25
17-02-1999,7.25
18-02-1999,7.25
19-02-1999,7.25
20-02-1999,NaN
21-02-1999,NaN
22-02-1999,7.25
23-02-1999,7.25
24-02-1999,7.25
25-02-1999,7.25
26-02-1999,7.25
27-02-1999,NaN
28-02-1999,NaN
01-03-1999,7.25
02-03-1999,7.25
03-03-1999,7.25
04-03-1999,7.25
05-03-1999,7.25
06-03-1999,NaN
07-03-1999,NaN
08-03-1999,7.25
09-03-1999,7.25
10-03-1999,7
11-03-1999,7
12-03-1999,7
13-03-1999,NaN
14-03-1999,NaN
15-03-1999,7
16-03-1999,7
17-03-1999,7
18-03-1999,7
19-03-1999,7
20-03-1999,NaN
21-03-1999,NaN
22-03-1999,7
23-03-1999,7
24-03-1999,7
25-03-1999,7
26-03-1999,7
27-03-1999,NaN
28-03-1999,NaN
29-03-1999,7
30-03-1999,7
31-03-1999,7
01-04-1999,7
02-04-1999,NaN
03-04-1999,NaN
04-04-1999,NaN
05-04-1999,7
06-04-1999,7
07-04-1999,6.5
08-04-1999,6.5
09-04-1999,6.5
10-04-1999,NaN
11-04-1999,NaN
12-04-1999,6.5
13-04-1999,6.5
14-04-1999,6.5
15-04-1999,6.5
16-04-1999,6.5
17-04-1999,NaN
18-04-1999,NaN
19-04-1999,6.5
20-04-1999,6.5
21-04-1999,6.5
22-04-1999,6.5
23-04-1999,6.5
24-04-1999,NaN
25-04-1999,NaN
26-04-1999,6.5
27-04-1999,6.5
28-04-1999,6.5
29-04-1999,6.5
30-04-1999,6.5
01-05-1999,NaN
02-05-1999,NaN
03-05-1999,6.5
04-05-1999,6.5
05-05-1999,6.5
06-05-1999,6.5
07-05-1999,6
08-05-1999,NaN
09-05-1999,NaN
10-05-1999,6
11-05-1999,6
12-05-1999,6
13-05-1999,6
14-05-1999,6
15-05-1999,NaN
16-05-1999,NaN
17-05-1999,6
18-05-1999,6
19-05-1999,6
20-05-1999,6
21-05-1999,NaN
22-05-1999,NaN
23-05-1999,NaN
24-05-1999,6
25-05-1999,6
26-05-1999,6
27-05-1999,6
28-05-1999,6
29-05-1999,NaN
30-05-1999,NaN
31-05-1999,6
01-06-1999,6
02-06-1999,5.75
03-06-1999,5.75
04-06-1999,5.75
05-06-1999,NaN
06-06-1999,NaN
07-06-1999,5.75
08-06-1999,5.75
09-06-1999,5.75
10-06-1999,5.75
11-06-1999,5.75
12-06-1999,NaN
13-06-1999,NaN
14-06-1999,5.75
15-06-1999,5.75
16-06-1999,5.75
17-06-1999,5.75
18-06-1999,5.75
19-06-1999,NaN
20-06-1999,NaN
21-06-1999,5.75
22-06-1999,5
23-06-1999,5
24-06-1999,5
25-06-1999,5
26-06-1999,NaN
27-06-1999,NaN
28-06-1999,NaN
29-06-1999,5
30-06-1999,5
01-07-1999,5
02-07-1999,5
03-07-1999,NaN
04-07-1999,NaN
05-07-1999,5
06-07-1999,5
07-07-1999,5
08-07-1999,5
09-07-1999,5
10-07-1999,NaN
11-07-1999,NaN
12-07-1999,5
13-07-1999,5
14-07-1999,5
15-07-1999,5
16-07-1999,NaN
17-07-1999,NaN
18-07-1999,NaN
19-07-1999,5
20-07-1999,5
21-07-1999,5
22-07-1999,5
23-07-1999,5
24-07-1999,NaN
25-07-1999,NaN
26-07-1999,5
27-07-1999,5
28-07-1999,5
29-07-1999,5
30-07-1999,5
31-07-1999,NaN
01-08-1999,NaN
02-08-1999,5
03-08-1999,5
04-08-1999,5
05-08-1999,5
06-08-1999,5
07-08-1999,NaN
08-08-1999,NaN
09-08-1999,5
10-08-1999,5
11-08-1999,5
12-08-1999,5
13-08-1999,5
14-08-1999,NaN
15-08-1999,NaN
16-08-1999,5
17-08-1999,5
18-08-1999,5
19-08-1999,5
20-08-1999,5
21-08-1999,NaN
22-08-1999,NaN
23-08-1999,5
24-08-1999,5
25-08-1999,5
26-08-1999,5
27-08-1999,5
28-08-1999,NaN
29-08-1999,NaN
30-08-1999,5
31-08-1999,5
01-09-1999,5
02-09-1999,5
03-09-1999,5
04-09-1999,NaN
05-09-1999,NaN
06-09-1999,5
07-09-1999,5
08-09-1999,5
09-09-1999,5
10-09-1999,5
11-09-1999,NaN
12-09-1999,NaN
13-09-1999,5
14-09-1999,5
15-09-1999,5
16-09-1999,5
17-09-1999,5
18-09-1999,NaN
19-09-1999,NaN
20-09-1999,5
21-09-1999,5
22-09-1999,5
23-09-1999,5
24-09-1999,5
25-09-1999,NaN
26-09-1999,NaN
27-09-1999,5
28-09-1999,5
29-09-1999,5
30-09-1999,5
01-10-1999,5
02-10-1999,NaN
03-10-1999,NaN
04-10-1999,5
05-10-1999,5
06-10-1999,5
07-10-1999,5
08-10-1999,5
09-10-1999,NaN
10-10-1999,NaN
11-10-1999,5
12-10-1999,5
13-10-1999,5
14-10-1999,5
15-10-1999,5
16-10-1999,NaN
17-10-1999,NaN
18-10-1999,5
19-10-1999,5
20-10-1999,5
21-10-1999,5
22-10-1999,5
23-10-1999,NaN
24-10-1999,NaN
25-10-1999,5
26-10-1999,5
27-10-1999,5
28-10-1999,5
29-10-1999,5
30-10-1999,NaN
31-10-1999,NaN
01-11-1999,NaN
02-11-1999,5
03-11-1999,5
04-11-1999,5
05-11-1999,5
06-11-1999,NaN
07-11-1999,NaN
08-11-1999,5
09-11-1999,5
10-11-1999,5
11-11-1999,5
12-11-1999,5
13-11-1999,NaN
14-11-1999,NaN
15-11-1999,5
16-11-1999,5
17-11-1999,5
18-11-1999,5
19-11-1999,5
20-11-1999,NaN
21-11-1999,NaN
22-11-1999,5
23-11-1999,5
24-11-1999,5
25-11-1999,5
26-11-1999,5
27-11-1999,NaN
28-11-1999,NaN
29-11-1999,5
30-11-1999,5
01-12-1999,5
02-12-1999,5
03-12-1999,5
04-12-1999,NaN
05-12-1999,NaN
06-12-1999,5
07-12-1999,5
08-12-1999,NaN
09-12-1999,5
10-12-1999,5
11-12-1999,NaN
12-12-1999,NaN
13-12-1999,5
14-12-1999,5
15-12-1999,5
16-12-1999,5
17-12-1999,5
18-12-1999,NaN
19-12-1999,NaN
20-12-1999,5
21-12-1999,5
22-12-1999,5
23-12-1999,5
24-12-1999,5
25-12-1999,NaN
26-12-1999,NaN
27-12-1999,5
28-12-1999,5
29-12-1999,5
30-12-1999,5
31-12-1999,5
01-01-2000,NaN
02-01-2000,NaN
03-01-2000,5
04-01-2000,5
05-01-2000,5
06-01-2000,5
07-01-2000,5
08-01-2000,NaN
09-01-2000,NaN
10-01-2000,5
11-01-2000,5
12-01-2000,5
13-01-2000,5
14-01-2000,5
15-01-2000,NaN
16-01-2000,NaN
17-01-2000,5
18-01-2000,5
19-01-2000,5
20-01-2000,5
21-01-2000,5
22-01-2000,NaN
23-01-2000,NaN
24-01-2000,5
25-01-2000,5
26-01-2000,5
27-01-2000,5
28-01-2000,5.25
29-01-2000,NaN
30-01-2000,NaN
31-01-2000,5.25
01-02-2000,5.25
02-02-2000,5.25
03-02-2000,5.25
04-02-2000,5.25
05-02-2000,NaN
06-02-2000,NaN
07-02-2000,5.25
08-02-2000,5.25
09-02-2000,5.25
10-02-2000,5.25
11-02-2000,5.25
12-02-2000,NaN
13-02-2000,NaN
14-02-2000,5.25
15-02-2000,5.25
16-02-2000,5.25
17-02-2000,5.25
18-02-2000,5.25
19-02-2000,NaN
20-02-2000,NaN
21-02-2000,5.25
22-02-2000,5.25
23-02-2000,5.25
24-02-2000,5.25
25-02-2000,NaN
26-02-2000,NaN
27-02-2000,NaN
28-02-2000,NaN
29-02-2000,5.25
01-03-2000,5.25
02-03-2000,5.25
03-03-2000,5.25
04-03-2000,NaN
05-03-2000,NaN
06-03-2000,5.25
07-03-2000,5.25
08-03-2000,5.25
09-03-2000,5.25
10-03-2000,5.25
11-03-2000,NaN
12-03-2000,NaN
13-03-2000,5.25
14-03-2000,5.25
15-03-2000,5.25
16-03-2000,5.25
17-03-2000,5.5
18-03-2000,NaN
19-03-2000,NaN
20-03-2000,5.5
21-03-2000,5.5
22-03-2000,5.5
23-03-2000,5.5
24-03-2000,5.5
25-03-2000,NaN
26-03-2000,NaN
27-03-2000,5.5
28-03-2000,5.5
29-03-2000,5.5
30-03-2000,5.5
31-03-2000,5.5
01-04-2000,NaN
02-04-2000,NaN
03-04-2000,5.5
04-04-2000,5.5
05-04-2000,5.5
06-04-2000,5.5
07-04-2000,5.5
08-04-2000,NaN
09-04-2000,NaN
10-04-2000,5.5
11-04-2000,5.5
12-04-2000,5.5
13-04-2000,5.5
14-04-2000,5.5
15-04-2000,NaN
16-04-2000,NaN
17-04-2000,5.5
18-04-2000,5.5
19-04-2000,5.5
20-04-2000,5.5
21-04-2000,NaN
22-04-2000,NaN
23-04-2000,NaN
24-04-2000,5.5
25-04-2000,5.5
26-04-2000,5.5
27-04-2000,5.5
28-04-2000,5.5
29-04-2000,NaN
30-04-2000,NaN
01-05-2000,NaN
02-05-2000,5.5
03-05-2000,5.5
04-05-2000,5.5
05-05-2000,5.5
06-05-2000,NaN
07-05-2000,NaN
08-05-2000,5.5
09-05-2000,5.5
10-05-2000,5.5
11-05-2000,5.5
12-05-2000,5.5
13-05-2000,NaN
14-05-2000,NaN
15-05-2000,5.5
16-05-2000,5.5
17-05-2000,5.5
18-05-2000,5.5
19-05-2000,5.5
20-05-2000,NaN
21-05-2000,NaN
22-05-2000,5.5
23-05-2000,5.5
24-05-2000,5.5
25-05-2000,5.5
26-05-2000,5.5
27-05-2000,NaN
28-05-2000,NaN
29-05-2000,5.5
30-05-2000,5.5
31-05-2000,5.5
01-06-2000,5.5
02-06-2000,5.5
03-06-2000,NaN
04-06-2000,NaN
05-06-2000,5.5
06-06-2000,5.5
07-06-2000,5.5
08-06-2000,5.5
09-06-2000,5.5
10-06-2000,NaN
11-06-2000,NaN
12-06-2000,5.5
13-06-2000,5.5
14-06-2000,5.5
15-06-2000,5.5
16-06-2000,5.5
17-06-2000,NaN
18-06-2000,NaN
19-06-2000,5.5
20-06-2000,5.5
21-06-2000,5.5
22-06-2000,5.5
23-06-2000,5.5
24-06-2000,NaN
25-06-2000,NaN
26-06-2000,NaN
27-06-2000,5.5
28-06-2000,5.5
29-06-2000,5.5
30-06-2000,5.5
01-07-2000,NaN
02-07-2000,NaN
03-07-2000,5.5
04-07-2000,5.5
05-07-2000,5.5
06-07-2000,5.5
07-07-2000,5.5
08-07-2000,NaN
09-07-2000,NaN
10-07-2000,5.5
11-07-2000,5.5
12-07-2000,5.5
13-07-2000,5.5
14-07-2000,5.5
15-07-2000,NaN
16-07-2000,NaN
17-07-2000,5.5
18-07-2000,5.5
19-07-2000,5.5
20-07-2000,5.5
21-07-2000,5.5
22-07-2000,NaN
23-07-2000,NaN
24-07-2000,5.5
25-07-2000,5.5
26-07-2000,5.5
27-07-2000,5.5
28-07-2000,5.5
29-07-2000,NaN
30-07-2000,NaN
31-07-2000,5.5
01-08-2000,5.5
02-08-2000,5.5
03-08-2000,5.5
04-08-2000,5.5
05-08-2000,NaN
06-08-2000,NaN
07-08-2000,5.5
08-08-2000,5.5
09-08-2000,5.5
10-08-2000,5.5
11-08-2000,5.5
12-08-2000,NaN
13-08-2000,NaN
14-08-2000,5.5
15-08-2000,5.5
16-08-2000,5.5
17-08-2000,5.5
18-08-2000,5.5
19-08-2000,NaN
20-08-2000,NaN
21-08-2000,5.5
22-08-2000,5.5
23-08-2000,5.5
24-08-2000,5.5
25-08-2000,5.5
26-08-2000,NaN
27-08-2000,NaN
28-08-2000,5.5
29-08-2000,5
30-08-2000,5
31-08-2000,5
01-09-2000,5
02-09-2000,NaN
03-09-2000,NaN
04-09-2000,5
05-09-2000,5
06-09-2000,5
07-09-2000,5
08-09-2000,5
09-09-2000,NaN
10-09-2000,NaN
11-09-2000,5
12-09-2000,5
13-09-2000,5
14-09-2000,5
15-09-2000,5
16-09-2000,NaN
17-09-2000,NaN
18-09-2000,NaN
19-09-2000,NaN
20-09-2000,5
21-09-2000,5
22-09-2000,5
23-09-2000,NaN
24-09-2000,NaN
25-09-2000,5
26-09-2000,5
27-09-2000,5
28-09-2000,5
29-09-2000,5
30-09-2000,NaN
01-10-2000,NaN
02-10-2000,5
03-10-2000,5
04-10-2000,5
05-10-2000,5
06-10-2000,5
07-10-2000,NaN
08-10-2000,NaN
09-10-2000,NaN
10-10-2000,5
11-10-2000,5
12-10-2000,5
13-10-2000,5
14-10-2000,NaN
15-10-2000,NaN
16-10-2000,5
17-10-2000,5
18-10-2000,5
19-10-2000,5
20-10-2000,5
21-10-2000,NaN
22-10-2000,NaN
23-10-2000,5
24-10-2000,5
25-10-2000,5
26-10-2000,5
27-10-2000,NaN
28-10-2000,NaN
29-10-2000,NaN
30-10-2000,5
31-10-2000,5
01-11-2000,NaN
02-11-2000,5
03-11-2000,5
04-11-2000,NaN
05-11-2000,NaN
06-11-2000,5
07-11-2000,5
08-11-2000,5
09-11-2000,5
10-11-2000,5
11-11-2000,NaN
12-11-2000,NaN
13-11-2000,5
14-11-2000,5
15-11-2000,5
16-11-2000,5
17-11-2000,5
18-11-2000,NaN
19-11-2000,NaN
20-11-2000,5
21-11-2000,5
22-11-2000,5
23-11-2000,5
24-11-2000,5
25-11-2000,NaN
26-11-2000,NaN
27-11-2000,5
28-11-2000,5
29-11-2000,5
30-11-2000,5
01-12-2000,5
02-12-2000,NaN
03-12-2000,NaN
04-12-2000,5
05-12-2000,5
06-12-2000,5
07-12-2000,5
08-12-2000,NaN
09-12-2000,NaN
10-12-2000,NaN
11-12-2000,5
12-12-2000,5
13-12-2000,5
14-12-2000,5
15-12-2000,5
16-12-2000,NaN
17-12-2000,NaN
18-12-2000,5
19-12-2000,5
20-12-2000,5
21-12-2000,5
22-12-2000,5
23-12-2000,NaN
24-12-2000,NaN
25-12-2000,NaN
26-12-2000,5
27-12-2000,5
28-12-2000,5
29-12-2000,5
30-12-2000,NaN
31-12-2000,NaN
01-01-2001,NaN
02-01-2001,5
03-01-2001,5
04-01-2001,5
05-01-2001,5
06-01-2001,NaN
07-01-2001,NaN
08-01-2001,5
09-01-2001,5
10-01-2001,5
11-01-2001,5
12-01-2001,5
13-01-2001,NaN
14-01-2001,NaN
15-01-2001,5
16-01-2001,5
17-01-2001,5
18-01-2001,5
19-01-2001,4.75
20-01-2001,NaN
21-01-2001,NaN
22-01-2001,4.75
23-01-2001,4.75
24-01-2001,4.75
25-01-2001,4.75
26-01-2001,4.75
27-01-2001,NaN
28-01-2001,NaN
29-01-2001,4.75
30-01-2001,4.75
31-01-2001,4.75
01-02-2001,4.75
02-02-2001,4.75
03-02-2001,NaN
04-02-2001,NaN
05-02-2001,4.75
06-02-2001,4.75
07-02-2001,4.75
08-02-2001,4.75
09-02-2001,4.75
10-02-2001,NaN
11-02-2001,NaN
12-02-2001,4.75
13-02-2001,4.75
14-02-2001,4.75
15-02-2001,4.75
16-02-2001,4.75
17-02-2001,NaN
18-02-2001,NaN
19-02-2001,4.75
20-02-2001,4.75
21-02-2001,4.5
22-02-2001,4.5
23-02-2001,4.5
24-02-2001,NaN
25-02-2001,NaN
26-02-2001,4.5
27-02-2001,4.5
28-02-2001,4.5
01-03-2001,4.5
02-03-2001,4.5
03-03-2001,NaN
04-03-2001,NaN
05-03-2001,4
06-03-2001,4
07-03-2001,4
08-03-2001,4
09-03-2001,4
10-03-2001,NaN
11-03-2001,NaN
12-03-2001,4
13-03-2001,4
14-03-2001,4
15-03-2001,4
16-03-2001,4
17-03-2001,NaN
18-03-2001,NaN
19-03-2001,4
20-03-2001,4
21-03-2001,4
22-03-2001,4
23-03-2001,4
24-03-2001,NaN
25-03-2001,NaN
26-03-2001,4
27-03-2001,4
28-03-2001,4
29-03-2001,4
30-03-2001,4
31-03-2001,NaN
01-04-2001,NaN
02-04-2001,4
03-04-2001,4
04-04-2001,4
05-04-2001,4
06-04-2001,4
07-04-2001,NaN
08-04-2001,NaN
09-04-2001,4
10-04-2001,4
11-04-2001,3.75
12-04-2001,3.75
13-04-2001,NaN
14-04-2001,NaN
15-04-2001,NaN
16-04-2001,3.75
17-04-2001,3.75
18-04-2001,3.75
19-04-2001,3.75
20-04-2001,3.75
21-04-2001,NaN
22-04-2001,NaN
23-04-2001,3.75
24-04-2001,3.75
25-04-2001,3.75
26-04-2001,3.75
27-04-2001,3.75
28-04-2001,NaN
29-04-2001,NaN
30-04-2001,3.75
01-05-2001,NaN
02-05-2001,3.75
03-05-2001,3.75
04-05-2001,3.75
05-05-2001,NaN
06-05-2001,NaN
07-05-2001,3.75
08-05-2001,3.75
09-05-2001,3.75
10-05-2001,3.75
11-05-2001,3.75
12-05-2001,NaN
13-05-2001,NaN
14-05-2001,3.75
15-05-2001,3.75
16-05-2001,3.75
17-05-2001,3.75
18-05-2001,3.75
19-05-2001,NaN
20-05-2001,NaN
21-05-2001,NaN
22-05-2001,3.75
23-05-2001,3.75
24-05-2001,3.75
25-05-2001,3.75
26-05-2001,NaN
27-05-2001,NaN
28-05-2001,3.75
29-05-2001,3.75
30-05-2001,3.75
31-05-2001,3.75
01-06-2001,3.75
02-06-2001,NaN
03-06-2001,NaN
04-06-2001,3.75
05-06-2001,3.75
06-06-2001,3.75
07-06-2001,3.75
08-06-2001,3.75
09-06-2001,NaN
10-06-2001,NaN
11-06-2001,3.75
12-06-2001,3.75
13-06-2001,3.5
14-06-2001,3.5
15-06-2001,3.5
16-06-2001,NaN
17-06-2001,NaN
18-06-2001,3.5
19-06-2001,3.5
20-06-2001,3.5
21-06-2001,3.5
22-06-2001,3.5
23-06-2001,NaN
24-06-2001,NaN
25-06-2001,3.5
26-06-2001,3.5
27-06-2001,3.5
28-06-2001,3.5
29-06-2001,3.5
30-06-2001,NaN
01-07-2001,NaN
02-07-2001,NaN
03-07-2001,3.5
04-07-2001,3.5
05-07-2001,3.5
06-07-2001,3.5
07-07-2001,NaN
08-07-2001,NaN
09-07-2001,3.5
10-07-2001,3.5
11-07-2001,3.5
12-07-2001,3.5
13-07-2001,3.5
14-07-2001,NaN
15-07-2001,NaN
16-07-2001,NaN
17-07-2001,3.5
18-07-2001,3.5
19-07-2001,3.5
20-07-2001,3.5
21-07-2001,NaN
22-07-2001,NaN
23-07-2001,3.5
24-07-2001,3.5
25-07-2001,3.5
26-07-2001,3.5
27-07-2001,3.5
28-07-2001,NaN
29-07-2001,NaN
30-07-2001,3.5
31-07-2001,3.5
01-08-2001,3.5
02-08-2001,3.5
03-08-2001,3.5
04-08-2001,NaN
05-08-2001,NaN
06-08-2001,3.5
07-08-2001,3.5
08-08-2001,3.5
09-08-2001,6.5
10-08-2001,6.5
11-08-2001,NaN
12-08-2001,NaN
13-08-2001,6.5
14-08-2001,6.5
15-08-2001,NaN
16-08-2001,6.5
17-08-2001,6.5
18-08-2001,NaN
19-08-2001,NaN
20-08-2001,6.5
21-08-2001,6.5
22-08-2001,6.5
23-08-2001,6.5
24-08-2001,6.5
25-08-2001,NaN
26-08-2001,NaN
27-08-2001,6.5
28-08-2001,6.5
29-08-2001,6.5
30-08-2001,6.5
31-08-2001,6.5
01-09-2001,NaN
02-09-2001,NaN
03-09-2001,NaN
04-09-2001,6.5
05-09-2001,6.5
06-09-2001,6.5
07-09-2001,6.5
08-09-2001,NaN
09-09-2001,NaN
10-09-2001,6.5
11-09-2001,6.5
12-09-2001,6.5
13-09-2001,6.5
14-09-2001,6.5
15-09-2001,NaN
16-09-2001,NaN
17-09-2001,6.5
18-09-2001,NaN
19-09-2001,NaN
20-09-2001,6.5
21-09-2001,6.5
22-09-2001,NaN
23-09-2001,NaN
24-09-2001,6.5
25-09-2001,6.5
26-09-2001,6.5
27-09-2001,6.5
28-09-2001,6.5
29-09-2001,NaN
30-09-2001,NaN
01-10-2001,6.5
02-10-2001,6.5
03-10-2001,6.5
04-10-2001,6.5
05-10-2001,6.5
06-10-2001,NaN
07-10-2001,NaN
08-10-2001,6.5
09-10-2001,6.5
10-10-2001,6.5
11-10-2001,6.5
12-10-2001,6.5
13-10-2001,NaN
14-10-2001,NaN
15-10-2001,NaN
16-10-2001,6.5
17-10-2001,6.5
18-10-2001,6.5
19-10-2001,6.5
20-10-2001,NaN
21-10-2001,NaN
22-10-2001,6.5
23-10-2001,6.5
24-10-2001,6.5
25-10-2001,6.5
26-10-2001,6.5
27-10-2001,NaN
28-10-2001,NaN
29-10-2001,6.5
30-10-2001,6.5
31-10-2001,6.5
01-11-2001,NaN
02-11-2001,6.5
03-11-2001,NaN
04-11-2001,NaN
05-11-2001,6.5
06-11-2001,6.5
07-11-2001,6.5
08-11-2001,6.5
09-11-2001,6.5
10-11-2001,NaN
11-11-2001,NaN
12-11-2001,6.5
13-11-2001,6.5
14-11-2001,6.5
15-11-2001,6.5
16-11-2001,6.5
17-11-2001,NaN
18-11-2001,NaN
19-11-2001,6.5
20-11-2001,6.5
21-11-2001,6.5
22-11-2001,6.5
23-11-2001,6.5
24-11-2001,NaN
25-11-2001,NaN
26-11-2001,6.5
27-11-2001,6.5
28-11-2001,6.5
29-11-2001,6.5
30-11-2001,6.5
01-12-2001,NaN
02-12-2001,NaN
03-12-2001,6.5
04-12-2001,6.5
05-12-2001,6.5
06-12-2001,6.5
07-12-2001,6.5
08-12-2001,NaN
09-12-2001,NaN
10-12-2001,6.5
11-12-2001,6.5
12-12-2001,6.5
13-12-2001,6.5
14-12-2001,6.5
15-12-2001,NaN
16-12-2001,NaN
17-12-2001,6.5
18-12-2001,6.5
19-12-2001,6.5
20-12-2001,6.5
21-12-2001,6.5
22-12-2001,NaN
23-12-2001,NaN
24-12-2001,6.5
25-12-2001,NaN
26-12-2001,6.5
27-12-2001,6.5
28-12-2001,6.5
29-12-2001,NaN
30-12-2001,NaN
31-12-2001,NaN
01-01-2002,NaN
02-01-2002,6.5
03-01-2002,6.5
04-01-2002,6.5
05-01-2002,NaN
06-01-2002,NaN
07-01-2002,6.5
08-01-2002,6.5
09-01-2002,6.5
10-01-2002,6.5
11-01-2002,6
12-01-2002,NaN
13-01-2002,NaN
14-01-2002,6
15-01-2002,6
16-01-2002,6
17-01-2002,6
18-01-2002,6
19-01-2002,NaN
20-01-2002,NaN
21-01-2002,6
22-01-2002,6
23-01-2002,6
24-01-2002,6
25-01-2002,6
26-01-2002,NaN
27-01-2002,NaN
28-01-2002,6
29-01-2002,6
30-01-2002,6
31-01-2002,6
01-02-2002,6
02-02-2002,NaN
03-02-2002,NaN
04-02-2002,6
05-02-2002,6
06-02-2002,6
07-02-2002,6
08-02-2002,6
09-02-2002,NaN
10-02-2002,NaN
11-02-2002,6
12-02-2002,6
13-02-2002,6
14-02-2002,6
15-02-2002,6
16-02-2002,NaN
17-02-2002,NaN
18-02-2002,6
19-02-2002,6
20-02-2002,5.5
21-02-2002,5.5
22-02-2002,5.5
23-02-2002,NaN
24-02-2002,NaN
25-02-2002,5.5
26-02-2002,5.5
27-02-2002,5.5
28-02-2002,5.5
01-03-2002,5.5
02-03-2002,NaN
03-03-2002,NaN
04-03-2002,5.5
05-03-2002,5.5
06-03-2002,5.5
07-03-2002,5.5
08-03-2002,5.5
09-03-2002,NaN
10-03-2002,NaN
11-03-2002,5.5
12-03-2002,5.5
13-03-2002,4.75
14-03-2002,4.75
15-03-2002,4.75
16-03-2002,NaN
17-03-2002,NaN
18-03-2002,4.75
19-03-2002,4.75
20-03-2002,4.75
21-03-2002,4.75
22-03-2002,4.75
23-03-2002,NaN
24-03-2002,NaN
25-03-2002,4.75
26-03-2002,4.75
27-03-2002,4.75
28-03-2002,4.75
29-03-2002,NaN
30-03-2002,NaN
31-03-2002,NaN
01-04-2002,4.75
02-04-2002,4.75
03-04-2002,4.75
04-04-2002,4.75
05-04-2002,4.75
06-04-2002,NaN
07-04-2002,NaN
08-04-2002,4.75
09-04-2002,4.75
10-04-2002,4.75
11-04-2002,4.75
12-04-2002,4.75
13-04-2002,NaN
14-04-2002,NaN
15-04-2002,4.75
16-04-2002,4.75
17-04-2002,4.75
18-04-2002,4.75
19-04-2002,4.75
20-04-2002,NaN
21-04-2002,NaN
22-04-2002,4.75
23-04-2002,4.75
24-04-2002,NaN
25-04-2002,4.75
26-04-2002,4.75
27-04-2002,NaN
28-04-2002,NaN
29-04-2002,4.75
30-04-2002,4.75
01-05-2002,NaN
02-05-2002,4.75
03-05-2002,4.75
04-05-2002,NaN
05-05-2002,NaN
06-05-2002,4.75
07-05-2002,4.75
08-05-2002,4.75
09-05-2002,4.75
10-05-2002,4
11-05-2002,NaN
12-05-2002,NaN
13-05-2002,4
14-05-2002,4
15-05-2002,4
16-05-2002,4
17-05-2002,4
18-05-2002,NaN
19-05-2002,NaN
20-05-2002,4
21-05-2002,NaN
22-05-2002,4
23-05-2002,4
24-05-2002,4
25-05-2002,NaN
26-05-2002,NaN
27-05-2002,NaN
28-05-2002,4
29-05-2002,4
30-05-2002,4
31-05-2002,4
01-06-2002,NaN
02-06-2002,NaN
03-06-2002,4
04-06-2002,4
05-06-2002,4
06-06-2002,4
07-06-2002,4
08-06-2002,NaN
09-06-2002,NaN
10-06-2002,4
11-06-2002,4
12-06-2002,4
13-06-2002,4
14-06-2002,4
15-06-2002,NaN
16-06-2002,NaN
17-06-2002,4
18-06-2002,4
19-06-2002,4
20-06-2002,4
21-06-2002,4
22-06-2002,NaN
23-06-2002,NaN
24-06-2002,4
25-06-2002,4
26-06-2002,4
27-06-2002,4
28-06-2002,4
29-06-2002,NaN
30-06-2002,NaN
01-07-2002,4
02-07-2002,4
03-07-2002,4
04-07-2002,4
05-07-2002,4
06-07-2002,NaN
07-07-2002,NaN
08-07-2002,4
09-07-2002,4
10-07-2002,4
11-07-2002,4
12-07-2002,3.25
13-07-2002,NaN
14-07-2002,NaN
15-07-2002,3.25
16-07-2002,3.25
17-07-2002,3.25
18-07-2002,3.25
19-07-2002,3.25
20-07-2002,NaN
21-07-2002,NaN
22-07-2002,3.25
23-07-2002,3.25
24-07-2002,3.25
25-07-2002,3.25
26-07-2002,3.25
27-07-2002,NaN
28-07-2002,NaN
29-07-2002,3.25
30-07-2002,3.25
31-07-2002,3.25
01-08-2002,3.25
02-08-2002,3.25
03-08-2002,NaN
04-08-2002,NaN
05-08-2002,3.25
06-08-2002,3.25
07-08-2002,3.25
08-08-2002,3.25
09-08-2002,3
10-08-2002,NaN
11-08-2002,NaN
12-08-2002,3
13-08-2002,3
14-08-2002,3
15-08-2002,NaN
16-08-2002,3
17-08-2002,NaN
18-08-2002,NaN
19-08-2002,3
20-08-2002,3
21-08-2002,3
22-08-2002,3
23-08-2002,3
24-08-2002,NaN
25-08-2002,NaN
26-08-2002,3
27-08-2002,3
28-08-2002,3
29-08-2002,3
30-08-2002,3
31-08-2002,NaN
01-09-2002,NaN
02-09-2002,3
03-09-2002,3
04-09-2002,3
05-09-2002,3
06-09-2002,3
07-09-2002,NaN
08-09-2002,NaN
09-09-2002,3
10-09-2002,3
11-09-2002,3
12-09-2002,3
13-09-2002,3
14-09-2002,NaN
15-09-2002,NaN
16-09-2002,3
17-09-2002,3
18-09-2002,NaN
19-09-2002,NaN
20-09-2002,3
21-09-2002,NaN
22-09-2002,NaN
23-09-2002,3
24-09-2002,3
25-09-2002,3
26-09-2002,3
27-09-2002,3
28-09-2002,NaN
29-09-2002,NaN
30-09-2002,3
01-10-2002,3
02-10-2002,3
03-10-2002,3
04-10-2002,3
05-10-2002,NaN
06-10-2002,NaN
07-10-2002,3
08-10-2002,3
09-10-2002,3
10-10-2002,3
11-10-2002,3
12-10-2002,NaN
13-10-2002,NaN
14-10-2002,3
15-10-2002,3
16-10-2002,3
17-10-2002,3
18-10-2002,3
19-10-2002,NaN
20-10-2002,NaN
21-10-2002,3
22-10-2002,3
23-10-2002,3
24-10-2002,3
25-10-2002,3
26-10-2002,NaN
27-10-2002,NaN
28-10-2002,3
29-10-2002,3
30-10-2002,3
31-10-2002,3
01-11-2002,NaN
02-11-2002,NaN
03-11-2002,NaN
04-11-2002,3
05-11-2002,3
06-11-2002,3
07-11-2002,3
08-11-2002,3
09-11-2002,NaN
10-11-2002,NaN
11-11-2002,3
12-11-2002,3
13-11-2002,3
14-11-2002,3
15-11-2002,3
16-11-2002,NaN
17-11-2002,NaN
18-11-2002,3
19-11-2002,3
20-11-2002,3
21-11-2002,3
22-11-2002,3
23-11-2002,NaN
24-11-2002,NaN
25-11-2002,3
26-11-2002,3
27-11-2002,3
28-11-2002,3
29-11-2002,3
30-11-2002,NaN
01-12-2002,NaN
02-12-2002,3
03-12-2002,3
04-12-2002,3
05-12-2002,3
06-12-2002,3
07-12-2002,NaN
08-12-2002,NaN
09-12-2002,3
10-12-2002,3
11-12-2002,3
12-12-2002,3
13-12-2002,3
14-12-2002,NaN
15-12-2002,NaN
16-12-2002,3
17-12-2002,3
18-12-2002,3
19-12-2002,3
20-12-2002,3
21-12-2002,NaN
22-12-2002,NaN
23-12-2002,3
24-12-2002,3
25-12-2002,NaN
26-12-2002,3
27-12-2002,3
28-12-2002,NaN
29-12-2002,NaN
30-12-2002,3
31-12-2002,NaN
01-01-2003,NaN
02-01-2003,3
03-01-2003,3
04-01-2003,NaN
05-01-2003,NaN
06-01-2003,3
07-01-2003,3
08-01-2003,3
09-01-2003,3
10-01-2003,2.75
11-01-2003,NaN
12-01-2003,NaN
13-01-2003,2.75
14-01-2003,2.75
15-01-2003,2.75
16-01-2003,2.75
17-01-2003,2.75
18-01-2003,NaN
19-01-2003,NaN
20-01-2003,2.75
21-01-2003,2.75
22-01-2003,2.75
23-01-2003,2.75
24-01-2003,2.75
25-01-2003,NaN
26-01-2003,NaN
27-01-2003,2.75
28-01-2003,2.75
29-01-2003,2.75
30-01-2003,2.75
31-01-2003,2.75
01-02-2003,NaN
02-02-2003,NaN
03-02-2003,2.75
04-02-2003,2.75
05-02-2003,2.75
06-02-2003,2.75
07-02-2003,2.75
08-02-2003,NaN
09-02-2003,NaN
10-02-2003,2.75
11-02-2003,2.75
12-02-2003,2.75
13-02-2003,2.75
14-02-2003,2.75
15-02-2003,NaN
16-02-2003,NaN
17-02-2003,2.75
18-02-2003,2.75
19-02-2003,2.75
20-02-2003,2.75
21-02-2003,2.75
22-02-2003,NaN
23-02-2003,NaN
24-02-2003,2.75
25-02-2003,2.75
26-02-2003,2.75
27-02-2003,2.75
28-02-2003,2.75
01-03-2003,NaN
02-03-2003,NaN
03-03-2003,2.75
04-03-2003,2.75
05-03-2003,2.75
06-03-2003,2.75
07-03-2003,2.75
08-03-2003,NaN
09-03-2003,NaN
10-03-2003,2.75
11-03-2003,2.75
12-03-2003,2.75
13-03-2003,2.75
14-03-2003,2.75
15-03-2003,NaN
16-03-2003,NaN
17-03-2003,2.75
18-03-2003,2.75
19-03-2003,2.75
20-03-2003,2.75
21-03-2003,2.75
22-03-2003,NaN
23-03-2003,NaN
24-03-2003,2.75
25-03-2003,2.75
26-03-2003,2.75
27-03-2003,2.75
28-03-2003,2.75
29-03-2003,NaN
30-03-2003,NaN
31-03-2003,2.75
01-04-2003,2.75
02-04-2003,2.75
03-04-2003,2.75
04-04-2003,2.75
05-04-2003,NaN
06-04-2003,NaN
07-04-2003,2.75
08-04-2003,2.75
09-04-2003,2.75
10-04-2003,2.75
11-04-2003,2.75
12-04-2003,NaN
13-04-2003,NaN
14-04-2003,2.75
15-04-2003,2.75
16-04-2003,2.75
17-04-2003,2.75
18-04-2003,NaN
19-04-2003,NaN
20-04-2003,NaN
21-04-2003,2.75
22-04-2003,2.75
23-04-2003,2.75
24-04-2003,2.75
25-04-2003,2.75
26-04-2003,NaN
27-04-2003,NaN
28-04-2003,2.75
29-04-2003,2.75
30-04-2003,2.75
01-05-2003,NaN
02-05-2003,2.75
03-05-2003,NaN
04-05-2003,NaN
05-05-2003,2.75
06-05-2003,2.75
07-05-2003,2.75
08-05-2003,2.75
09-05-2003,2.75
10-05-2003,NaN
11-05-2003,NaN
12-05-2003,2.75
13-05-2003,2.75
14-05-2003,2.75
15-05-2003,2.75
16-05-2003,2.75
17-05-2003,NaN
18-05-2003,NaN
19-05-2003,2.75
20-05-2003,2.75
21-05-2003,NaN
22-05-2003,2.75
23-05-2003,2.75
24-05-2003,NaN
25-05-2003,NaN
26-05-2003,2.75
27-05-2003,2.75
28-05-2003,2.75
29-05-2003,2.75
30-05-2003,2.75
31-05-2003,NaN
01-06-2003,NaN
02-06-2003,2.75
03-06-2003,2.75
04-06-2003,2.75
05-06-2003,2.75
06-06-2003,2.75
07-06-2003,NaN
08-06-2003,NaN
09-06-2003,2.75
10-06-2003,2.75
11-06-2003,2.75
12-06-2003,2.75
13-06-2003,2.75
14-06-2003,NaN
15-06-2003,NaN
16-06-2003,NaN
17-06-2003,2.75
18-06-2003,2.75
19-06-2003,2.75
20-06-2003,2.75
21-06-2003,NaN
22-06-2003,NaN
23-06-2003,2.75
24-06-2003,2.75
25-06-2003,2.75
26-06-2003,2.75
27-06-2003,2.75
28-06-2003,NaN
29-06-2003,NaN
30-06-2003,2.75
01-07-2003,2.75
02-07-2003,2.75
03-07-2003,2.75
04-07-2003,2.75
05-07-2003,NaN
06-07-2003,NaN
07-07-2003,2.75
08-07-2003,2.75
09-07-2003,2.75
10-07-2003,2.75
11-07-2003,2.75
12-07-2003,NaN
13-07-2003,NaN
14-07-2003,2.75
15-07-2003,2.75
16-07-2003,2.75
17-07-2003,2.75
18-07-2003,2.75
19-07-2003,NaN
20-07-2003,NaN
21-07-2003,2.75
22-07-2003,2.75
23-07-2003,2.75
24-07-2003,2.75
25-07-2003,2.75
26-07-2003,NaN
27-07-2003,NaN
28-07-2003,2.75
29-07-2003,2.75
30-07-2003,2.75
31-07-2003,2.75
01-08-2003,2.75
02-08-2003,NaN
03-08-2003,NaN
04-08-2003,2.75
05-08-2003,2.75
06-08-2003,2.75
07-08-2003,2.75
08-08-2003,2.75
09-08-2003,NaN
10-08-2003,NaN
11-08-2003,2.75
12-08-2003,2.75
13-08-2003,2.75
14-08-2003,2.75
15-08-2003,NaN
16-08-2003,NaN
17-08-2003,NaN
18-08-2003,2.75
19-08-2003,2.75
20-08-2003,2.75
21-08-2003,2.75
22-08-2003,2.75
23-08-2003,NaN
24-08-2003,NaN
25-08-2003,2.75
26-08-2003,2.75
27-08-2003,2.75
28-08-2003,2.75
29-08-2003,2.75
30-08-2003,NaN
31-08-2003,NaN
01-09-2003,2.75
02-09-2003,2.75
03-09-2003,2.75
04-09-2003,2.75
05-09-2003,2.75
06-09-2003,NaN
07-09-2003,NaN
08-09-2003,2.75
09-09-2003,2.75
10-09-2003,2.75
11-09-2003,2.75
12-09-2003,2.75
13-09-2003,NaN
14-09-2003,NaN
15-09-2003,2.75
16-09-2003,2.75
17-09-2003,2.75
18-09-2003,NaN
19-09-2003,NaN
20-09-2003,NaN
21-09-2003,NaN
22-09-2003,2.75
23-09-2003,2.75
24-09-2003,2.75
25-09-2003,2.75
26-09-2003,2.75
27-09-2003,NaN
28-09-2003,NaN
29-09-2003,2.75
30-09-2003,2.75
01-10-2003,2.75
02-10-2003,2.75
03-10-2003,2.75
04-10-2003,NaN
05-10-2003,NaN
06-10-2003,2.75
07-10-2003,2.75
08-10-2003,2.75
09-10-2003,2.75
10-10-2003,2.75
11-10-2003,NaN
12-10-2003,NaN
13-10-2003,2.75
14-10-2003,2.75
15-10-2003,2.75
16-10-2003,2.75
17-10-2003,2.75
18-10-2003,NaN
19-10-2003,NaN
20-10-2003,2.75
21-10-2003,2.75
22-10-2003,2.75
23-10-2003,2.75
24-10-2003,2.75
25-10-2003,NaN
26-10-2003,NaN
27-10-2003,2.75
28-10-2003,2.75
29-10-2003,2.75
30-10-2003,2.75
31-10-2003,2.75
01-11-2003,NaN
02-11-2003,NaN
03-11-2003,2.75
04-11-2003,2.75
05-11-2003,2.75
06-11-2003,2.75
07-11-2003,2.75
08-11-2003,NaN
09-11-2003,NaN
10-11-2003,2.75
11-11-2003,2.75
12-11-2003,2.75
13-11-2003,2.75
14-11-2003,2.75
15-11-2003,NaN
16-11-2003,NaN
17-11-2003,2.75
18-11-2003,2.75
19-11-2003,2.75
20-11-2003,2.75
21-11-2003,2.75
22-11-2003,NaN
23-11-2003,NaN
24-11-2003,2.75
25-11-2003,2.75
26-11-2003,2.75
27-11-2003,2.75
28-11-2003,2.75
29-11-2003,NaN
30-11-2003,NaN
01-12-2003,2.75
02-12-2003,2.75
03-12-2003,2.75
04-12-2003,2.75
05-12-2003,2.75
06-12-2003,NaN
07-12-2003,NaN
08-12-2003,NaN
09-12-2003,2.75
10-12-2003,2.75
11-12-2003,2.75
12-12-2003,2.25
13-12-2003,NaN
14-12-2003,NaN
15-12-2003,2.25
16-12-2003,2.25
17-12-2003,2.25
18-12-2003,2.25
19-12-2003,2.25
20-12-2003,NaN
21-12-2003,NaN
22-12-2003,2.25
23-12-2003,2.25
24-12-2003,2.25
25-12-2003,NaN
26-12-2003,2.25
27-12-2003,NaN
28-12-2003,NaN
29-12-2003,2.25
30-12-2003,2.25
31-12-2003,NaN
01-01-2004,NaN
02-01-2004,2.25
03-01-2004,NaN
04-01-2004,NaN
05-01-2004,2.25
06-01-2004,2.25
07-01-2004,2.25
08-01-2004,2.25
09-01-2004,1.75
10-01-2004,NaN
11-01-2004,NaN
12-01-2004,1.75
13-01-2004,1.75
14-01-2004,1.75
15-01-2004,1.75
16-01-2004,1.75
17-01-2004,NaN
18-01-2004,NaN
19-01-2004,1.75
20-01-2004,1.75
21-01-2004,1.75
22-01-2004,1.75
23-01-2004,1.75
24-01-2004,NaN
25-01-2004,NaN
26-01-2004,1.75
27-01-2004,1.75
28-01-2004,1.75
29-01-2004,1.75
30-01-2004,1.75
31-01-2004,NaN
01-02-2004,NaN
02-02-2004,1.75
03-02-2004,1.75
04-02-2004,1.75
05-02-2004,1.75
06-02-2004,1.75
07-02-2004,NaN
08-02-2004,NaN
09-02-2004,1.75
10-02-2004,1.75
11-02-2004,1.75
12-02-2004,1.75
13-02-2004,1.75
14-02-2004,NaN
15-02-2004,NaN
16-02-2004,1.75
17-02-2004,1.75
18-02-2004,1.75
19-02-2004,1.75
20-02-2004,1.75
21-02-2004,NaN
22-02-2004,NaN
23-02-2004,1.75
24-02-2004,1.75
25-02-2004,1.75
26-02-2004,1.75
27-02-2004,1.75
28-02-2004,NaN
29-02-2004,NaN
01-03-2004,1.75
02-03-2004,1.75
03-03-2004,1.75
04-03-2004,1.75
05-03-2004,1.75
06-03-2004,NaN
07-03-2004,NaN
08-03-2004,1.75
09-03-2004,1.75
10-03-2004,1.75
11-03-2004,1.75
12-03-2004,1.75
13-03-2004,NaN
14-03-2004,NaN
15-03-2004,1.75
16-03-2004,1.75
17-03-2004,1.75
18-03-2004,1.75
19-03-2004,1.75
20-03-2004,NaN
21-03-2004,NaN
22-03-2004,1.75
23-03-2004,1.75
24-03-2004,1.75
25-03-2004,1.75
26-03-2004,1.75
27-03-2004,NaN
28-03-2004,NaN
29-03-2004,1.75
30-03-2004,1.75
31-03-2004,1.75
01-04-2004,1.75
02-04-2004,1.75
03-04-2004,NaN
04-04-2004,NaN
05-04-2004,1.75
06-04-2004,1.75
07-04-2004,1.75
08-04-2004,1.75
09-04-2004,NaN
10-04-2004,NaN
11-04-2004,NaN
12-04-2004,1.75
13-04-2004,1.75
14-04-2004,1.75
15-04-2004,1.75
16-04-2004,1.75
17-04-2004,NaN
18-04-2004,NaN
19-04-2004,1.75
20-04-2004,1.75
21-04-2004,1.75
22-04-2004,1.75
23-04-2004,1.75
24-04-2004,NaN
25-04-2004,NaN
26-04-2004,1.75
27-04-2004,1.75
28-04-2004,1.75
29-04-2004,1.75
30-04-2004,1.75
01-05-2004,NaN
02-05-2004,NaN
03-05-2004,1.75
04-05-2004,1.75
05-05-2004,1.75
06-05-2004,1.75
07-05-2004,1.75
08-05-2004,NaN
09-05-2004,NaN
10-05-2004,1.75
11-05-2004,1.75
12-05-2004,1.75
13-05-2004,1.75
14-05-2004,1.75
15-05-2004,NaN
16-05-2004,NaN
17-05-2004,1.75
18-05-2004,1.75
19-05-2004,1.75
20-05-2004,1.75
21-05-2004,NaN
22-05-2004,NaN
23-05-2004,NaN
24-05-2004,1.75
25-05-2004,1.75
26-05-2004,1.75
27-05-2004,1.75
28-05-2004,1.75
29-05-2004,NaN
30-05-2004,NaN
31-05-2004,1.75
01-06-2004,1.75
02-06-2004,1.75
03-06-2004,1.75
04-06-2004,1.75
05-06-2004,NaN
06-06-2004,NaN
07-06-2004,NaN
08-06-2004,1.75
09-06-2004,1.75
10-06-2004,1.75
11-06-2004,1.75
12-06-2004,NaN
13-06-2004,NaN
14-06-2004,1.75
15-06-2004,1.75
16-06-2004,1.75
17-06-2004,1.75
18-06-2004,1.75
19-06-2004,NaN
20-06-2004,NaN
21-06-2004,1.75
22-06-2004,1.75
23-06-2004,1.75
24-06-2004,1.75
25-06-2004,1.75
26-06-2004,NaN
27-06-2004,NaN
28-06-2004,NaN
29-06-2004,1.75
30-06-2004,1.75
01-07-2004,1.75
02-07-2004,1.75
03-07-2004,NaN
04-07-2004,NaN
05-07-2004,1.75
06-07-2004,1.75
07-07-2004,1.75
08-07-2004,1.75
09-07-2004,1.75
10-07-2004,NaN
11-07-2004,NaN
12-07-2004,1.75
13-07-2004,1.75
14-07-2004,1.75
15-07-2004,1.75
16-07-2004,1.75
17-07-2004,NaN
18-07-2004,NaN
19-07-2004,1.75
20-07-2004,1.75
21-07-2004,1.75
22-07-2004,1.75
23-07-2004,1.75
24-07-2004,NaN
25-07-2004,NaN
26-07-2004,1.75
27-07-2004,1.75
28-07-2004,1.75
29-07-2004,1.75
30-07-2004,1.75
31-07-2004,NaN
01-08-2004,NaN
02-08-2004,1.75
03-08-2004,1.75
04-08-2004,1.75
05-08-2004,1.75
06-08-2004,1.75
07-08-2004,NaN
08-08-2004,NaN
09-08-2004,1.75
10-08-2004,1.75
11-08-2004,1.75
12-08-2004,1.75
13-08-2004,1.75
14-08-2004,NaN
15-08-2004,NaN
16-08-2004,1.75
17-08-2004,1.75
18-08-2004,1.75
19-08-2004,1.75
20-08-2004,1.75
21-08-2004,NaN
22-08-2004,NaN
23-08-2004,1.75
24-08-2004,1.75
25-08-2004,1.75
26-08-2004,1.75
27-08-2004,1.75
28-08-2004,NaN
29-08-2004,NaN
30-08-2004,1.75
31-08-2004,1.75
01-09-2004,1.75
02-09-2004,1.75
03-09-2004,1.75
04-09-2004,NaN
05-09-2004,NaN
06-09-2004,1.75
07-09-2004,1.75
08-09-2004,2
09-09-2004,2
10-09-2004,2
11-09-2004,NaN
12-09-2004,NaN
13-09-2004,2
14-09-2004,2
15-09-2004,2
16-09-2004,2
17-09-2004,NaN
18-09-2004,NaN
19-09-2004,NaN
20-09-2004,2
21-09-2004,2
22-09-2004,2
23-09-2004,2
24-09-2004,2
25-09-2004,NaN
26-09-2004,NaN
27-09-2004,2
28-09-2004,2
29-09-2004,2
30-09-2004,2
01-10-2004,2
02-10-2004,NaN
03-10-2004,NaN
04-10-2004,2
05-10-2004,2
06-10-2004,2
07-10-2004,2
08-10-2004,2
09-10-2004,NaN
10-10-2004,NaN
11-10-2004,NaN
12-10-2004,2
13-10-2004,2
14-10-2004,2
15-10-2004,2
16-10-2004,NaN
17-10-2004,NaN
18-10-2004,2
19-10-2004,2
20-10-2004,2
21-10-2004,2
22-10-2004,2
23-10-2004,NaN
24-10-2004,NaN
25-10-2004,2
26-10-2004,2
27-10-2004,2
28-10-2004,2
29-10-2004,2
30-10-2004,NaN
31-10-2004,NaN
01-11-2004,NaN
02-11-2004,2
03-11-2004,2
04-11-2004,2
05-11-2004,2
06-11-2004,NaN
07-11-2004,NaN
08-11-2004,2
09-11-2004,2
10-11-2004,2
11-11-2004,2
12-11-2004,2.25
13-11-2004,NaN
14-11-2004,NaN
15-11-2004,2.25
16-11-2004,2.25
17-11-2004,2.25
18-11-2004,2.25
19-11-2004,NaN
20-11-2004,NaN
21-11-2004,NaN
22-11-2004,2.25
23-11-2004,2.25
24-11-2004,2.25
25-11-2004,2.25
26-11-2004,2.25
27-11-2004,NaN
28-11-2004,NaN
29-11-2004,2.25
30-11-2004,2.25
01-12-2004,2.25
02-12-2004,2.25
03-12-2004,2.25
04-12-2004,NaN
05-12-2004,NaN
06-12-2004,2.25
07-12-2004,2.25
08-12-2004,NaN
09-12-2004,2.25
10-12-2004,2.25
11-12-2004,NaN
12-12-2004,NaN
13-12-2004,2.25
14-12-2004,2.25
15-12-2004,2.25
16-12-2004,2.25
17-12-2004,2.25
18-12-2004,NaN
19-12-2004,NaN
20-12-2004,2.25
21-12-2004,2.25
22-12-2004,2.25
23-12-2004,2.25
24-12-2004,2.25
25-12-2004,NaN
26-12-2004,NaN
27-12-2004,2.25
28-12-2004,2.25
29-12-2004,2.25
30-12-2004,2.25
31-12-2004,NaN
01-01-2005,NaN
02-01-2005,NaN
03-01-2005,2.25
04-01-2005,2.25
05-01-2005,2.25
06-01-2005,2.25
07-01-2005,2.25
08-01-2005,NaN
09-01-2005,NaN
10-01-2005,2.25
11-01-2005,2.25
12-01-2005,2.5
13-01-2005,2.5
14-01-2005,2.5
15-01-2005,NaN
16-01-2005,NaN
17-01-2005,2.5
18-01-2005,2.5
19-01-2005,2.5
20-01-2005,2.5
21-01-2005,2.5
22-01-2005,NaN
23-01-2005,NaN
24-01-2005,2.5
25-01-2005,2.5
26-01-2005,2.5
27-01-2005,2.5
28-01-2005,2.5
29-01-2005,NaN
30-01-2005,NaN
31-01-2005,2.5
01-02-2005,2.5
02-02-2005,2.5
03-02-2005,2.5
04-02-2005,2.5
05-02-2005,NaN
06-02-2005,NaN
07-02-2005,2.5
08-02-2005,2.5
09-02-2005,2.5
10-02-2005,2.5
11-02-2005,2.75
12-02-2005,NaN
13-02-2005,NaN
14-02-2005,2.75
15-02-2005,2.75
16-02-2005,2.75
17-02-2005,2.75
18-02-2005,2.75
19-02-2005,NaN
20-02-2005,NaN
21-02-2005,2.75
22-02-2005,2.75
23-02-2005,2.75
24-02-2005,2.75
25-02-2005,2.75
26-02-2005,NaN
27-02-2005,NaN
28-02-2005,2.75
01-03-2005,2.75
02-03-2005,2.75
03-03-2005,2.75
04-03-2005,2.75
05-03-2005,NaN
06-03-2005,NaN
07-03-2005,2.75
08-03-2005,2.75
09-03-2005,2.75
10-03-2005,2.75
11-03-2005,2.75
12-03-2005,NaN
13-03-2005,NaN
14-03-2005,2.75
15-03-2005,2.75
16-03-2005,2.75
17-03-2005,2.75
18-03-2005,2.75
19-03-2005,NaN
20-03-2005,NaN
21-03-2005,2.75
22-03-2005,2.75
23-03-2005,2.75
24-03-2005,2.75
25-03-2005,NaN
26-03-2005,NaN
27-03-2005,NaN
28-03-2005,2.75
29-03-2005,2.75
30-03-2005,2.75
31-03-2005,2.75
01-04-2005,2.75
02-04-2005,NaN
03-04-2005,NaN
04-04-2005,2.75
05-04-2005,2.75
06-04-2005,2.75
07-04-2005,2.75
08-04-2005,3
09-04-2005,NaN
10-04-2005,NaN
11-04-2005,3
12-04-2005,3
13-04-2005,3
14-04-2005,3
15-04-2005,3
16-04-2005,NaN
17-04-2005,NaN
18-04-2005,3
19-04-2005,3
20-04-2005,3
21-04-2005,3
22-04-2005,3
23-04-2005,NaN
24-04-2005,NaN
25-04-2005,3
26-04-2005,3
27-04-2005,3
28-04-2005,3
29-04-2005,3
30-04-2005,NaN
01-05-2005,NaN
02-05-2005,3
03-05-2005,3
04-05-2005,3
05-05-2005,3
06-05-2005,3
07-05-2005,NaN
08-05-2005,NaN
09-05-2005,3
10-05-2005,3
11-05-2005,3
12-05-2005,3
13-05-2005,3.25
14-05-2005,NaN
15-05-2005,NaN
16-05-2005,3.25
17-05-2005,3.25
18-05-2005,3.25
19-05-2005,3.25
20-05-2005,3.25
21-05-2005,NaN
22-05-2005,NaN
23-05-2005,NaN
24-05-2005,3.25
25-05-2005,3.25
26-05-2005,3.25
27-05-2005,3.25
28-05-2005,NaN
29-05-2005,NaN
30-05-2005,3.25
31-05-2005,3.25
01-06-2005,3.25
02-06-2005,3.25
03-06-2005,3.25
04-06-2005,NaN
05-06-2005,NaN
06-06-2005,3.25
07-06-2005,3.25
08-06-2005,3.25
09-06-2005,3.25
10-06-2005,3.25
11-06-2005,NaN
12-06-2005,NaN
13-06-2005,3.25
14-06-2005,3.25
15-06-2005,3.25
16-06-2005,3.25
17-06-2005,3.25
18-06-2005,NaN
19-06-2005,NaN
20-06-2005,3.25
21-06-2005,3.25
22-06-2005,3.25
23-06-2005,3.25
24-06-2005,3.25
25-06-2005,NaN
26-06-2005,NaN
27-06-2005,NaN
28-06-2005,3.25
29-06-2005,3.25
30-06-2005,3.25
01-07-2005,3.25
02-07-2005,NaN
03-07-2005,NaN
04-07-2005,3.25
05-07-2005,3.25
06-07-2005,3.25
07-07-2005,3.25
08-07-2005,3.25
09-07-2005,NaN
10-07-2005,NaN
11-07-2005,3.25
12-07-2005,3.25
13-07-2005,3.5
14-07-2005,3.5
15-07-2005,3.5
16-07-2005,NaN
17-07-2005,NaN
18-07-2005,3.5
19-07-2005,3.5
20-07-2005,3.5
21-07-2005,3.5
22-07-2005,3.5
23-07-2005,NaN
24-07-2005,NaN
25-07-2005,3.5
26-07-2005,3.5
27-07-2005,3.5
28-07-2005,3.5
29-07-2005,3.5
30-07-2005,NaN
31-07-2005,NaN
01-08-2005,3.5
02-08-2005,3.5
03-08-2005,3.5
04-08-2005,3.5
05-08-2005,3.5
06-08-2005,NaN
07-08-2005,NaN
08-08-2005,3.5
09-08-2005,3.5
10-08-2005,3.5
11-08-2005,3.5
12-08-2005,3.75
13-08-2005,NaN
14-08-2005,NaN
15-08-2005,NaN
16-08-2005,3.75
17-08-2005,3.75
18-08-2005,3.75
19-08-2005,3.75
20-08-2005,NaN
21-08-2005,NaN
22-08-2005,3.75
23-08-2005,3.75
24-08-2005,3.75
25-08-2005,3.75
26-08-2005,3.75
27-08-2005,NaN
28-08-2005,NaN
29-08-2005,3.75
30-08-2005,3.75
31-08-2005,3.75
01-09-2005,3.75
02-09-2005,3.75
03-09-2005,NaN
04-09-2005,NaN
05-09-2005,3.75
06-09-2005,3.75
07-09-2005,3.75
08-09-2005,3.75
09-09-2005,4
10-09-2005,NaN
11-09-2005,NaN
12-09-2005,4
13-09-2005,4
14-09-2005,4
15-09-2005,4
16-09-2005,4
17-09-2005,NaN
18-09-2005,NaN
19-09-2005,NaN
20-09-2005,4
21-09-2005,4
22-09-2005,4
23-09-2005,4
24-09-2005,NaN
25-09-2005,NaN
26-09-2005,4
27-09-2005,4
28-09-2005,4
29-09-2005,4
30-09-2005,4
01-10-2005,NaN
02-10-2005,NaN
03-10-2005,4
04-10-2005,4
05-10-2005,4
06-10-2005,4
07-10-2005,4
08-10-2005,NaN
09-10-2005,NaN
10-10-2005,NaN
11-10-2005,4
12-10-2005,4.25
13-10-2005,4.25
14-10-2005,4.25
15-10-2005,NaN
16-10-2005,NaN
17-10-2005,4.25
18-10-2005,4.25
19-10-2005,4.25
20-10-2005,4.25
21-10-2005,4.25
22-10-2005,NaN
23-10-2005,NaN
24-10-2005,4.25
25-10-2005,4.25
26-10-2005,4.25
27-10-2005,4.25
28-10-2005,4.25
29-10-2005,NaN
30-10-2005,NaN
31-10-2005,4.25
01-11-2005,NaN
02-11-2005,4.25
03-11-2005,4.25
04-11-2005,4.25
05-11-2005,NaN
06-11-2005,NaN
07-11-2005,4.25
08-11-2005,4.25
09-11-2005,4.25
10-11-2005,4.25
11-11-2005,4.5
12-11-2005,NaN
13-11-2005,NaN
14-11-2005,4.5
15-11-2005,4.5
16-11-2005,4.5
17-11-2005,4.5
18-11-2005,4.5
19-11-2005,NaN
20-11-2005,NaN
21-11-2005,4.5
22-11-2005,4.5
23-11-2005,4.5
24-11-2005,4.5
25-11-2005,4.5
26-11-2005,NaN
27-11-2005,NaN
28-11-2005,4.5
29-11-2005,4.5
30-11-2005,4.5
01-12-2005,4.5
02-12-2005,4.5
03-12-2005,NaN
04-12-2005,NaN
05-12-2005,4.5
06-12-2005,4.5
07-12-2005,4.5
08-12-2005,NaN
09-12-2005,4.5
10-12-2005,NaN
11-12-2005,NaN
12-12-2005,4.5
13-12-2005,4.5
14-12-2005,4.5
15-12-2005,4.5
16-12-2005,4.5
17-12-2005,NaN
18-12-2005,NaN
19-12-2005,4.5
20-12-2005,4.5
21-12-2005,4.5
22-12-2005,4.5
23-12-2005,4.5
24-12-2005,NaN
25-12-2005,NaN
26-12-2005,4.5
27-12-2005,4.5
28-12-2005,4.5
29-12-2005,4.5
30-12-2005,4.5
31-12-2005,NaN
01-01-2006,NaN
02-01-2006,4.5
03-01-2006,4.5
04-01-2006,4.5
05-01-2006,4.5
06-01-2006,4.5
07-01-2006,NaN
08-01-2006,NaN
09-01-2006,4.5
10-01-2006,4.5
11-01-2006,4.5
12-01-2006,4.5
13-01-2006,4.5
14-01-2006,NaN
15-01-2006,NaN
16-01-2006,4.5
17-01-2006,4.5
18-01-2006,4.5
19-01-2006,4.5
20-01-2006,4.5
21-01-2006,NaN
22-01-2006,NaN
23-01-2006,4.5
24-01-2006,4.5
25-01-2006,4.5
26-01-2006,4.5
27-01-2006,4.5
28-01-2006,NaN
29-01-2006,NaN
30-01-2006,4.5
31-01-2006,4.5
01-02-2006,4.5
02-02-2006,4.5
03-02-2006,4.5
04-02-2006,NaN
05-02-2006,NaN
06-02-2006,4.5
07-02-2006,4.5
08-02-2006,4.5
09-02-2006,4.5
10-02-2006,4.75
11-02-2006,NaN
12-02-2006,NaN
13-02-2006,4.75
14-02-2006,4.75
15-02-2006,4.75
16-02-2006,4.75
17-02-2006,4.75
18-02-2006,NaN
19-02-2006,NaN
20-02-2006,4.75
21-02-2006,4.75
22-02-2006,4.75
23-02-2006,4.75
24-02-2006,4.75
25-02-2006,NaN
26-02-2006,NaN
27-02-2006,4.75
28-02-2006,4.75
01-03-2006,4.75
02-03-2006,4.75
03-03-2006,4.75
04-03-2006,NaN
05-03-2006,NaN
06-03-2006,4.75
07-03-2006,4.75
08-03-2006,4.75
09-03-2006,4.75
10-03-2006,4.75
11-03-2006,NaN
12-03-2006,NaN
13-03-2006,4.75
14-03-2006,4.75
15-03-2006,4.75
16-03-2006,4.75
17-03-2006,4.75
18-03-2006,NaN
19-03-2006,NaN
20-03-2006,4.75
21-03-2006,4.75
22-03-2006,4.75
23-03-2006,4.75
24-03-2006,4.75
25-03-2006,NaN
26-03-2006,NaN
27-03-2006,4.75
28-03-2006,4.75
29-03-2006,4.75
30-03-2006,4.75
31-03-2006,4.75
01-04-2006,NaN
02-04-2006,NaN
03-04-2006,4.75
04-04-2006,4.75
05-04-2006,4.75
06-04-2006,4.75
07-04-2006,4.75
08-04-2006,NaN
09-04-2006,NaN
10-04-2006,4.75
11-04-2006,4.75
12-04-2006,4.75
13-04-2006,4.75
14-04-2006,NaN
15-04-2006,NaN
16-04-2006,NaN
17-04-2006,5
18-04-2006,5
19-04-2006,5
20-04-2006,5
21-04-2006,5
22-04-2006,NaN
23-04-2006,NaN
24-04-2006,5
25-04-2006,5
26-04-2006,5
27-04-2006,5
28-04-2006,5
29-04-2006,NaN
30-04-2006,NaN
01-05-2006,NaN
02-05-2006,5
03-05-2006,5
04-05-2006,5
05-05-2006,5
06-05-2006,NaN
07-05-2006,NaN
08-05-2006,5
09-05-2006,5
10-05-2006,5
11-05-2006,5
12-05-2006,5
13-05-2006,NaN
14-05-2006,NaN
15-05-2006,5
16-05-2006,5
17-05-2006,5
18-05-2006,5
19-05-2006,5
20-05-2006,NaN
21-05-2006,NaN
22-05-2006,5
23-05-2006,5
24-05-2006,5
25-05-2006,5
26-05-2006,5
27-05-2006,NaN
28-05-2006,NaN
29-05-2006,5
30-05-2006,5
31-05-2006,5
01-06-2006,5
02-06-2006,5
03-06-2006,NaN
04-06-2006,NaN
05-06-2006,5
06-06-2006,5
07-06-2006,5
08-06-2006,5
09-06-2006,5
10-06-2006,NaN
11-06-2006,NaN
12-06-2006,NaN
13-06-2006,5
14-06-2006,5
15-06-2006,5
16-06-2006,5
17-06-2006,NaN
18-06-2006,NaN
19-06-2006,5
20-06-2006,5
21-06-2006,5
22-06-2006,5
23-06-2006,5
24-06-2006,NaN
25-06-2006,NaN
26-06-2006,NaN
27-06-2006,5
28-06-2006,5
29-06-2006,5
30-06-2006,5
01-07-2006,NaN
02-07-2006,NaN
03-07-2006,5
04-07-2006,5
05-07-2006,5
06-07-2006,5
07-07-2006,5
08-07-2006,NaN
09-07-2006,NaN
10-07-2006,5
11-07-2006,5
12-07-2006,5
13-07-2006,5
14-07-2006,5.25
15-07-2006,NaN
16-07-2006,NaN
17-07-2006,5.25
18-07-2006,5.25
19-07-2006,5.25
20-07-2006,5.25
21-07-2006,5.25
22-07-2006,NaN
23-07-2006,NaN
24-07-2006,5.25
25-07-2006,5.25
26-07-2006,5.25
27-07-2006,5.25
28-07-2006,5.25
29-07-2006,NaN
30-07-2006,NaN
31-07-2006,5.25
01-08-2006,5.25
02-08-2006,5.25
03-08-2006,5.25
04-08-2006,5.25
05-08-2006,NaN
06-08-2006,NaN
07-08-2006,5.25
08-08-2006,5.25
09-08-2006,5.25
10-08-2006,5.25
11-08-2006,5.25
12-08-2006,NaN
13-08-2006,NaN
14-08-2006,5.25
15-08-2006,NaN
16-08-2006,5.25
17-08-2006,5.25
18-08-2006,5.25
19-08-2006,NaN
20-08-2006,NaN
21-08-2006,5.25
22-08-2006,5.25
23-08-2006,5.25
24-08-2006,5.25
25-08-2006,5.25
26-08-2006,NaN
27-08-2006,NaN
28-08-2006,5.25
29-08-2006,5.25
30-08-2006,5.25
31-08-2006,5.25
01-09-2006,5.25
02-09-2006,NaN
03-09-2006,NaN
04-09-2006,5.25
05-09-2006,5.25
06-09-2006,5.25
07-09-2006,5.25
08-09-2006,5.25
09-09-2006,NaN
10-09-2006,NaN
11-09-2006,5.25
12-09-2006,5.25
13-09-2006,5.25
14-09-2006,5.25
15-09-2006,5.25
16-09-2006,NaN
17-09-2006,NaN
18-09-2006,NaN
19-09-2006,NaN
20-09-2006,5.25
21-09-2006,5.25
22-09-2006,5.25
23-09-2006,NaN
24-09-2006,NaN
25-09-2006,5.25
26-09-2006,5.25
27-09-2006,5.25
28-09-2006,5.25
29-09-2006,5.25
30-09-2006,NaN
01-10-2006,NaN
02-10-2006,5.25
03-10-2006,5.25
04-10-2006,5.25
05-10-2006,5.25
06-10-2006,5.25
07-10-2006,NaN
08-10-2006,NaN
09-10-2006,NaN
10-10-2006,5.25
11-10-2006,5.25
12-10-2006,5.25
13-10-2006,5.25
14-10-2006,NaN
15-10-2006,NaN
16-10-2006,5.25
17-10-2006,5.25
18-10-2006,5.25
19-10-2006,5.25
20-10-2006,5.25
21-10-2006,NaN
22-10-2006,NaN
23-10-2006,5.25
24-10-2006,5.25
25-10-2006,5.25
26-10-2006,5.25
27-10-2006,5.25
28-10-2006,NaN
29-10-2006,NaN
30-10-2006,5.25
31-10-2006,5.25
01-11-2006,NaN
02-11-2006,5.25
03-11-2006,5.25
04-11-2006,NaN
05-11-2006,NaN
06-11-2006,5.25
07-11-2006,5.25
08-11-2006,5.25
09-11-2006,5.25
10-11-2006,5.25
11-11-2006,NaN
12-11-2006,NaN
13-11-2006,5.25
14-11-2006,5.25
15-11-2006,5.25
16-11-2006,5.25
17-11-2006,5.25
18-11-2006,NaN
19-11-2006,NaN
20-11-2006,5.25
21-11-2006,5.25
22-11-2006,5.25
23-11-2006,5.25
24-11-2006,5.25
25-11-2006,NaN
26-11-2006,NaN
27-11-2006,5.25
28-11-2006,5.25
29-11-2006,5.25
30-11-2006,5.25
01-12-2006,5.25
02-12-2006,NaN
03-12-2006,NaN
04-12-2006,5.25
05-12-2006,5.25
06-12-2006,5.25
07-12-2006,5.25
08-12-2006,NaN
09-12-2006,NaN
10-12-2006,NaN
11-12-2006,5.25
12-12-2006,5.25
13-12-2006,5.25
14-12-2006,5.25
15-12-2006,5.25
16-12-2006,NaN
17-12-2006,NaN
18-12-2006,5.25
19-12-2006,5.25
20-12-2006,5.25
21-12-2006,5.25
22-12-2006,5.25
23-12-2006,NaN
24-12-2006,NaN
25-12-2006,NaN
26-12-2006,5.25
27-12-2006,5.25
28-12-2006,5.25
29-12-2006,5.25
30-12-2006,NaN
31-12-2006,NaN
01-01-2007,NaN
02-01-2007,5.25
03-01-2007,5.25
04-01-2007,5.25
05-01-2007,5.25
06-01-2007,NaN
07-01-2007,NaN
08-01-2007,5.25
09-01-2007,5.25
10-01-2007,5.25
11-01-2007,5.25
12-01-2007,5
13-01-2007,NaN
14-01-2007,NaN
15-01-2007,5
16-01-2007,5
17-01-2007,5
18-01-2007,5
19-01-2007,5
20-01-2007,NaN
21-01-2007,NaN
22-01-2007,5
23-01-2007,5
24-01-2007,5
25-01-2007,5
26-01-2007,5
27-01-2007,NaN
28-01-2007,NaN
29-01-2007,5
30-01-2007,5
31-01-2007,5
01-02-2007,5
02-02-2007,5
03-02-2007,NaN
04-02-2007,NaN
05-02-2007,5
06-02-2007,5
07-02-2007,5
08-02-2007,5
09-02-2007,5
10-02-2007,NaN
11-02-2007,NaN
12-02-2007,5
13-02-2007,5
14-02-2007,5
15-02-2007,5
16-02-2007,5
17-02-2007,NaN
18-02-2007,NaN
19-02-2007,5
20-02-2007,5
21-02-2007,5
22-02-2007,5
23-02-2007,5
24-02-2007,NaN
25-02-2007,NaN
26-02-2007,5
27-02-2007,5
28-02-2007,5
01-03-2007,5
02-03-2007,5
03-03-2007,NaN
04-03-2007,NaN
05-03-2007,5
06-03-2007,5
07-03-2007,5
08-03-2007,5
09-03-2007,5
10-03-2007,NaN
11-03-2007,NaN
12-03-2007,5
13-03-2007,5
14-03-2007,5
15-03-2007,5
16-03-2007,5
17-03-2007,NaN
18-03-2007,NaN
19-03-2007,5
20-03-2007,5
21-03-2007,5
22-03-2007,5
23-03-2007,5
24-03-2007,NaN
25-03-2007,NaN
26-03-2007,5
27-03-2007,5
28-03-2007,5
29-03-2007,5
30-03-2007,5
31-03-2007,NaN
01-04-2007,NaN
02-04-2007,5
03-04-2007,5
04-04-2007,5
05-04-2007,5
06-04-2007,NaN
07-04-2007,NaN
08-04-2007,NaN
09-04-2007,5
10-04-2007,5
11-04-2007,5
12-04-2007,5
13-04-2007,5
14-04-2007,NaN
15-04-2007,NaN
16-04-2007,5
17-04-2007,5
18-04-2007,5
19-04-2007,5
20-04-2007,5
21-04-2007,NaN
22-04-2007,NaN
23-04-2007,5
24-04-2007,5
25-04-2007,5
26-04-2007,5
27-04-2007,5
28-04-2007,NaN
29-04-2007,NaN
30-04-2007,5
01-05-2007,NaN
02-05-2007,5
03-05-2007,5
04-05-2007,5
05-05-2007,NaN
06-05-2007,NaN
07-05-2007,5
08-05-2007,5
09-05-2007,5
10-05-2007,5
11-05-2007,5
12-05-2007,NaN
13-05-2007,NaN
14-05-2007,5
15-05-2007,5
16-05-2007,5
17-05-2007,5
18-05-2007,5
19-05-2007,NaN
20-05-2007,NaN
21-05-2007,NaN
22-05-2007,5
23-05-2007,5
24-05-2007,5
25-05-2007,5
26-05-2007,NaN
27-05-2007,NaN
28-05-2007,5
29-05-2007,5
30-05-2007,5
31-05-2007,5
01-06-2007,5
02-06-2007,NaN
03-06-2007,NaN
04-06-2007,5
05-06-2007,5
06-06-2007,5
07-06-2007,5
08-06-2007,5
09-06-2007,NaN
10-06-2007,NaN
11-06-2007,5
12-06-2007,5
13-06-2007,5
14-06-2007,5
15-06-2007,5
16-06-2007,NaN
17-06-2007,NaN
18-06-2007,5
19-06-2007,5
20-06-2007,5
21-06-2007,5
22-06-2007,5
23-06-2007,NaN
24-06-2007,NaN
25-06-2007,5
26-06-2007,5
27-06-2007,5
28-06-2007,5
29-06-2007,5
30-06-2007,NaN
01-07-2007,NaN
02-07-2007,NaN
03-07-2007,5
04-07-2007,5
05-07-2007,5
06-07-2007,5
07-07-2007,NaN
08-07-2007,NaN
09-07-2007,5
10-07-2007,5
11-07-2007,5
12-07-2007,5
13-07-2007,5.25
14-07-2007,NaN
15-07-2007,NaN
16-07-2007,NaN
17-07-2007,5.25
18-07-2007,5.25
19-07-2007,5.25
20-07-2007,5.25
21-07-2007,NaN
22-07-2007,NaN
23-07-2007,5.25
24-07-2007,5.25
25-07-2007,5.25
26-07-2007,5.25
27-07-2007,5.25
28-07-2007,NaN
29-07-2007,NaN
30-07-2007,5.25
31-07-2007,5.25
01-08-2007,5.25
02-08-2007,5.25
03-08-2007,5.25
04-08-2007,NaN
05-08-2007,NaN
06-08-2007,5.25
07-08-2007,5.25
08-08-2007,5.25
09-08-2007,5.25
10-08-2007,5.5
11-08-2007,NaN
12-08-2007,NaN
13-08-2007,5.5
14-08-2007,5.5
15-08-2007,NaN
16-08-2007,5.5
17-08-2007,5.5
18-08-2007,NaN
19-08-2007,NaN
20-08-2007,5.5
21-08-2007,5.5
22-08-2007,5.5
23-08-2007,5.5
24-08-2007,5.5
25-08-2007,NaN
26-08-2007,NaN
27-08-2007,5.5
28-08-2007,5.5
29-08-2007,5.5
30-08-2007,5.5
31-08-2007,5.5
01-09-2007,NaN
02-09-2007,NaN
03-09-2007,5.5
04-09-2007,5.5
05-09-2007,5.5
06-09-2007,5.5
07-09-2007,5.5
08-09-2007,NaN
09-09-2007,NaN
10-09-2007,5.5
11-09-2007,5.5
12-09-2007,5.5
13-09-2007,5.5
14-09-2007,5.75
15-09-2007,NaN
16-09-2007,NaN
17-09-2007,NaN
18-09-2007,NaN
19-09-2007,NaN
20-09-2007,5.75
21-09-2007,5.75
22-09-2007,NaN
23-09-2007,NaN
24-09-2007,5.75
25-09-2007,5.75
26-09-2007,5.75
27-09-2007,5.75
28-09-2007,5.75
29-09-2007,NaN
30-09-2007,NaN
01-10-2007,5.75
02-10-2007,5.75
03-10-2007,5.75
04-10-2007,5.75
05-10-2007,5.75
06-10-2007,NaN
07-10-2007,NaN
08-10-2007,5.75
09-10-2007,5.75
10-10-2007,5.75
11-10-2007,5.75
12-10-2007,5.75
13-10-2007,NaN
14-10-2007,NaN
15-10-2007,NaN
16-10-2007,5.75
17-10-2007,5.75
18-10-2007,5.75
19-10-2007,5.75
20-10-2007,NaN
21-10-2007,NaN
22-10-2007,5.75
23-10-2007,5.75
24-10-2007,5.75
25-10-2007,5.75
26-10-2007,5.75
27-10-2007,NaN
28-10-2007,NaN
29-10-2007,5.75
30-10-2007,5.75
31-10-2007,5.75
01-11-2007,NaN
02-11-2007,5.75
03-11-2007,NaN
04-11-2007,NaN
05-11-2007,5.75
06-11-2007,5.75
07-11-2007,5.75
08-11-2007,5.75
09-11-2007,5.75
10-11-2007,NaN
11-11-2007,NaN
12-11-2007,5.75
13-11-2007,5.75
14-11-2007,5.75
15-11-2007,5.75
16-11-2007,5.75
17-11-2007,NaN
18-11-2007,NaN
19-11-2007,5.75
20-11-2007,5.75
21-11-2007,5.75
22-11-2007,5.75
23-11-2007,5.75
24-11-2007,NaN
25-11-2007,NaN
26-11-2007,5.75
27-11-2007,5.75
28-11-2007,5.75
29-11-2007,5.75
30-11-2007,5.75
01-12-2007,NaN
02-12-2007,NaN
03-12-2007,5.75
04-12-2007,5.75
05-12-2007,5.75
06-12-2007,5.75
07-12-2007,5.75
08-12-2007,NaN
09-12-2007,NaN
10-12-2007,5.75
11-12-2007,5.75
12-12-2007,5.75
13-12-2007,5.75
14-12-2007,6
15-12-2007,NaN
16-12-2007,NaN
17-12-2007,6
18-12-2007,6
19-12-2007,6
20-12-2007,6
21-12-2007,6
22-12-2007,NaN
23-12-2007,NaN
24-12-2007,6
25-12-2007,NaN
26-12-2007,6
27-12-2007,6
28-12-2007,6
29-12-2007,NaN
30-12-2007,NaN
31-12-2007,NaN
01-01-2008,NaN
02-01-2008,6
03-01-2008,6
04-01-2008,6
05-01-2008,NaN
06-01-2008,NaN
07-01-2008,6
08-01-2008,6
09-01-2008,6
10-01-2008,6
11-01-2008,6.25
12-01-2008,NaN
13-01-2008,NaN
14-01-2008,6.25
15-01-2008,6.25
16-01-2008,6.25
17-01-2008,6.25
18-01-2008,6.25
19-01-2008,NaN
20-01-2008,NaN
21-01-2008,6.25
22-01-2008,6.25
23-01-2008,6.25
24-01-2008,6.25
25-01-2008,6.25
26-01-2008,NaN
27-01-2008,NaN
28-01-2008,6.25
29-01-2008,6.25
30-01-2008,6.25
31-01-2008,6.25
01-02-2008,6.25
02-02-2008,NaN
03-02-2008,NaN
04-02-2008,6.25
05-02-2008,6.25
06-02-2008,6.25
07-02-2008,6.25
08-02-2008,6.25
09-02-2008,NaN
10-02-2008,NaN
11-02-2008,6.25
12-02-2008,6.25
13-02-2008,6.25
14-02-2008,6.25
15-02-2008,6.25
16-02-2008,NaN
17-02-2008,NaN
18-02-2008,6.25
19-02-2008,6.25
20-02-2008,6.25
21-02-2008,6.25
22-02-2008,6.25
23-02-2008,NaN
24-02-2008,NaN
25-02-2008,6.25
26-02-2008,6.25
27-02-2008,6.25
28-02-2008,6.25
29-02-2008,6.25
01-03-2008,NaN
02-03-2008,NaN
03-03-2008,6.25
04-03-2008,6.25
05-03-2008,6.25
06-03-2008,6.25
07-03-2008,6.25
08-03-2008,NaN
09-03-2008,NaN
10-03-2008,6.25
11-03-2008,6.25
12-03-2008,6.25
13-03-2008,6.25
14-03-2008,6.25
15-03-2008,NaN
16-03-2008,NaN
17-03-2008,6.25
18-03-2008,6.25
19-03-2008,6.25
20-03-2008,6.25
21-03-2008,NaN
22-03-2008,NaN
23-03-2008,NaN
24-03-2008,6.25
25-03-2008,6.25
26-03-2008,6.25
27-03-2008,6.25
28-03-2008,6.25
29-03-2008,NaN
30-03-2008,NaN
31-03-2008,6.25
01-04-2008,6.25
02-04-2008,6.25
03-04-2008,6.25
04-04-2008,6.25
05-04-2008,NaN
06-04-2008,NaN
07-04-2008,6.25
08-04-2008,6.25
09-04-2008,6.25
10-04-2008,6.25
11-04-2008,6.25
12-04-2008,NaN
13-04-2008,NaN
14-04-2008,6.25
15-04-2008,6.25
16-04-2008,6.25
17-04-2008,6.25
18-04-2008,6.25
19-04-2008,NaN
20-04-2008,NaN
21-04-2008,6.25
22-04-2008,6.25
23-04-2008,6.25
24-04-2008,6.25
25-04-2008,6.25
26-04-2008,NaN
27-04-2008,NaN
28-04-2008,6.25
29-04-2008,6.25
30-04-2008,6.25
01-05-2008,NaN
02-05-2008,6.25
03-05-2008,NaN
04-05-2008,NaN
05-05-2008,6.25
06-05-2008,6.25
07-05-2008,6.25
08-05-2008,6.25
09-05-2008,6.25
10-05-2008,NaN
11-05-2008,NaN
12-05-2008,6.25
13-05-2008,6.25
14-05-2008,6.25
15-05-2008,6.25
16-05-2008,6.25
17-05-2008,NaN
18-05-2008,NaN
19-05-2008,6.25
20-05-2008,6.25
21-05-2008,NaN
22-05-2008,6.25
23-05-2008,6.25
24-05-2008,NaN
25-05-2008,NaN
26-05-2008,6.25
27-05-2008,6.25
28-05-2008,6.25
29-05-2008,6.25
30-05-2008,6.25
31-05-2008,NaN
01-06-2008,NaN
02-06-2008,6.25
03-06-2008,6.25
04-06-2008,6.25
05-06-2008,6.25
06-06-2008,6.25
07-06-2008,NaN
08-06-2008,NaN
09-06-2008,6.25
10-06-2008,6.25
11-06-2008,6.75
12-06-2008,6.75
13-06-2008,6.75
14-06-2008,NaN
15-06-2008,NaN
16-06-2008,6.75
17-06-2008,6.75
18-06-2008,6.75
19-06-2008,6.75
20-06-2008,6.75
21-06-2008,NaN
22-06-2008,NaN
23-06-2008,6.75
24-06-2008,6.75
25-06-2008,6.75
26-06-2008,6.75
27-06-2008,6.75
28-06-2008,NaN
29-06-2008,NaN
30-06-2008,6.75
01-07-2008,6.75
02-07-2008,6.75
03-07-2008,6.75
04-07-2008,6.75
05-07-2008,NaN
06-07-2008,NaN
07-07-2008,6.75
08-07-2008,6.75
09-07-2008,6.75
10-07-2008,6.75
11-07-2008,7.25
12-07-2008,NaN
13-07-2008,NaN
14-07-2008,7.25
15-07-2008,7.25
16-07-2008,NaN
17-07-2008,7.25
18-07-2008,7.25
19-07-2008,NaN
20-07-2008,NaN
21-07-2008,7.25
22-07-2008,7.25
23-07-2008,7.25
24-07-2008,7.25
25-07-2008,7.25
26-07-2008,NaN
27-07-2008,NaN
28-07-2008,7.25
29-07-2008,7.25
30-07-2008,7.25
31-07-2008,7.25
01-08-2008,7.25
02-08-2008,NaN
03-08-2008,NaN
04-08-2008,7.25
05-08-2008,7.25
06-08-2008,7.25
07-08-2008,7.25
08-08-2008,7.25
09-08-2008,NaN
10-08-2008,NaN
11-08-2008,7.25
12-08-2008,7.25
13-08-2008,7.25
14-08-2008,7.25
15-08-2008,NaN
16-08-2008,NaN
17-08-2008,NaN
18-08-2008,7.75
19-08-2008,7.75
20-08-2008,7.75
21-08-2008,7.75
22-08-2008,7.75
23-08-2008,NaN
24-08-2008,NaN
25-08-2008,7.75
26-08-2008,7.75
27-08-2008,7.75
28-08-2008,7.75
29-08-2008,7.75
30-08-2008,NaN
31-08-2008,NaN
01-09-2008,7.75
02-09-2008,7.75
03-09-2008,7.75
04-09-2008,7.75
05-09-2008,8.25
06-09-2008,NaN
07-09-2008,NaN
08-09-2008,8.25
09-09-2008,8.25
10-09-2008,8.25
11-09-2008,8.25
12-09-2008,8.25
13-09-2008,NaN
14-09-2008,NaN
15-09-2008,8.25
16-09-2008,8.25
17-09-2008,8.25
18-09-2008,NaN
19-09-2008,NaN
20-09-2008,NaN
21-09-2008,NaN
22-09-2008,8.25
23-09-2008,8.25
24-09-2008,8.25
25-09-2008,8.25
26-09-2008,8.25
27-09-2008,NaN
28-09-2008,NaN
29-09-2008,8.25
30-09-2008,8.25
01-10-2008,8.25
02-10-2008,8.25
03-10-2008,8.25
04-10-2008,NaN
05-10-2008,NaN
06-10-2008,8.25
07-10-2008,8.25
08-10-2008,8.25
09-10-2008,8.25
10-10-2008,8.25
11-10-2008,NaN
12-10-2008,NaN
13-10-2008,8.25
14-10-2008,8.25
15-10-2008,8.25
16-10-2008,8.25
17-10-2008,8.25
18-10-2008,NaN
19-10-2008,NaN
20-10-2008,8.25
21-10-2008,8.25
22-10-2008,8.25
23-10-2008,8.25
24-10-2008,8.25
25-10-2008,NaN
26-10-2008,NaN
27-10-2008,8.25
28-10-2008,8.25
29-10-2008,8.25
30-10-2008,8.25
31-10-2008,NaN
01-11-2008,NaN
02-11-2008,NaN
03-11-2008,8.25
04-11-2008,8.25
05-11-2008,8.25
06-11-2008,8.25
07-11-2008,8.25
08-11-2008,NaN
09-11-2008,NaN
10-11-2008,8.25
11-11-2008,8.25
12-11-2008,8.25
13-11-2008,8.25
14-11-2008,8.25
15-11-2008,NaN
16-11-2008,NaN
17-11-2008,8.25
18-11-2008,8.25
19-11-2008,8.25
20-11-2008,8.25
21-11-2008,8.25
22-11-2008,NaN
23-11-2008,NaN
24-11-2008,8.25
25-11-2008,8.25
26-11-2008,8.25
27-11-2008,8.25
28-11-2008,8.25
29-11-2008,NaN
30-11-2008,NaN
01-12-2008,8.25
02-12-2008,8.25
03-12-2008,8.25
04-12-2008,8.25
05-12-2008,8.25
06-12-2008,NaN
07-12-2008,NaN
08-12-2008,NaN
09-12-2008,8.25
10-12-2008,8.25
11-12-2008,8.25
12-12-2008,8.25
13-12-2008,NaN
14-12-2008,NaN
15-12-2008,8.25
16-12-2008,8.25
17-12-2008,8.25
18-12-2008,8.25
19-12-2008,8.25
20-12-2008,NaN
21-12-2008,NaN
22-12-2008,8.25
23-12-2008,8.25
24-12-2008,8.25
25-12-2008,NaN
26-12-2008,8.25
27-12-2008,NaN
28-12-2008,NaN
29-12-2008,8.25
30-12-2008,8.25
31-12-2008,NaN
01-01-2009,NaN
02-01-2009,8.25
03-01-2009,NaN
04-01-2009,NaN
05-01-2009,8.25
06-01-2009,8.25
07-01-2009,8.25
08-01-2009,8.25
09-01-2009,7.25
10-01-2009,NaN
11-01-2009,NaN
12-01-2009,7.25
13-01-2009,7.25
14-01-2009,7.25
15-01-2009,7.25
16-01-2009,7.25
17-01-2009,NaN
18-01-2009,NaN
19-01-2009,7.25
20-01-2009,7.25
21-01-2009,7.25
22-01-2009,7.25
23-01-2009,7.25
24-01-2009,NaN
25-01-2009,NaN
26-01-2009,7.25
27-01-2009,7.25
28-01-2009,7.25
29-01-2009,7.25
30-01-2009,7.25
31-01-2009,NaN
01-02-2009,NaN
02-02-2009,7.25
03-02-2009,7.25
04-02-2009,7.25
05-02-2009,7.25
06-02-2009,7.25
07-02-2009,NaN
08-02-2009,NaN
09-02-2009,7.25
10-02-2009,7.25
11-02-2009,7.25
12-02-2009,7.25
13-02-2009,4.75
14-02-2009,NaN
15-02-2009,NaN
16-02-2009,4.75
17-02-2009,4.75
18-02-2009,4.75
19-02-2009,4.75
20-02-2009,4.75
21-02-2009,NaN
22-02-2009,NaN
23-02-2009,4.75
24-02-2009,4.75
25-02-2009,4.75
26-02-2009,4.75
27-02-2009,4.75
28-02-2009,NaN
01-03-2009,NaN
02-03-2009,4.75
03-03-2009,4.75
04-03-2009,4.75
05-03-2009,4.75
06-03-2009,4.75
07-03-2009,NaN
08-03-2009,NaN
09-03-2009,4.75
10-03-2009,4.75
11-03-2009,4.75
12-03-2009,4.75
13-03-2009,2.25
14-03-2009,NaN
15-03-2009,NaN
16-03-2009,2.25
17-03-2009,2.25
18-03-2009,2.25
19-03-2009,2.25
20-03-2009,2.25
21-03-2009,NaN
22-03-2009,NaN
23-03-2009,2.25
24-03-2009,2.25
25-03-2009,2.25
26-03-2009,2.25
27-03-2009,2.25
28-03-2009,NaN
29-03-2009,NaN
30-03-2009,2.25
31-03-2009,2.25
01-04-2009,2.25
02-04-2009,2.25
03-04-2009,2.25
04-04-2009,NaN
05-04-2009,NaN
06-04-2009,2.25
07-04-2009,2.25
08-04-2009,2.25
09-04-2009,2.25
10-04-2009,NaN
11-04-2009,NaN
12-04-2009,NaN
13-04-2009,1.75
14-04-2009,1.75
15-04-2009,1.75
16-04-2009,1.75
17-04-2009,1.75
18-04-2009,NaN
19-04-2009,NaN
20-04-2009,1.75
21-04-2009,1.75
22-04-2009,1.75
23-04-2009,1.75
24-04-2009,1.75
25-04-2009,NaN
26-04-2009,NaN
27-04-2009,1.75
28-04-2009,1.75
29-04-2009,1.75
30-04-2009,1.75
01-05-2009,NaN
02-05-2009,NaN
03-05-2009,NaN
04-05-2009,1.75
05-05-2009,1.75
06-05-2009,1.75
07-05-2009,1.75
08-05-2009,1.25
09-05-2009,NaN
10-05-2009,NaN
11-05-2009,1.25
12-05-2009,1.25
13-05-2009,1.25
14-05-2009,1.25
15-05-2009,1.25
16-05-2009,NaN
17-05-2009,NaN
18-05-2009,1.25
19-05-2009,1.25
20-05-2009,1.25
21-05-2009,NaN
22-05-2009,1.25
23-05-2009,NaN
24-05-2009,NaN
25-05-2009,1.25
26-05-2009,1.25
27-05-2009,1.25
28-05-2009,1.25
29-05-2009,1.25
30-05-2009,NaN
31-05-2009,NaN
01-06-2009,1.25
02-06-2009,1.25
03-06-2009,1.25
04-06-2009,1.25
05-06-2009,1.25
06-06-2009,NaN
07-06-2009,NaN
08-06-2009,1.25
09-06-2009,1.25
10-06-2009,1.25
11-06-2009,1.25
12-06-2009,1.25
13-06-2009,NaN
14-06-2009,NaN
15-06-2009,1.25
16-06-2009,1.25
17-06-2009,0.75
18-06-2009,0.75
19-06-2009,0.75
20-06-2009,NaN
21-06-2009,NaN
22-06-2009,0.75
23-06-2009,0.75
24-06-2009,0.75
25-06-2009,0.75
26-06-2009,0.75
27-06-2009,NaN
28-06-2009,NaN
29-06-2009,NaN
30-06-2009,0.75
01-07-2009,0.75
02-07-2009,0.75
03-07-2009,0.75
04-07-2009,NaN
05-07-2009,NaN
06-07-2009,0.75
07-07-2009,0.75
08-07-2009,0.75
09-07-2009,0.75
10-07-2009,0.5
11-07-2009,NaN
12-07-2009,NaN
13-07-2009,0.5
14-07-2009,0.5
15-07-2009,0.5
16-07-2009,NaN
17-07-2009,0.5
18-07-2009,NaN
19-07-2009,NaN
20-07-2009,0.5
21-07-2009,0.5
22-07-2009,0.5
23-07-2009,0.5
24-07-2009,0.5
25-07-2009,NaN
26-07-2009,NaN
27-07-2009,0.5
28-07-2009,0.5
29-07-2009,0.5
30-07-2009,0.5
31-07-2009,0.5
01-08-2009,NaN
02-08-2009,NaN
03-08-2009,0.5
04-08-2009,0.5
05-08-2009,0.5
06-08-2009,0.5
07-08-2009,0.5
08-08-2009,NaN
09-08-2009,NaN
10-08-2009,0.5
11-08-2009,0.5
12-08-2009,0.5
13-08-2009,0.5
14-08-2009,0.5
15-08-2009,NaN
16-08-2009,NaN
17-08-2009,0.5
18-08-2009,0.5
19-08-2009,0.5
20-08-2009,0.5
21-08-2009,0.5
22-08-2009,NaN
23-08-2009,NaN
24-08-2009,0.5
25-08-2009,0.5
26-08-2009,0.5
27-08-2009,0.5
28-08-2009,0.5
29-08-2009,NaN
30-08-2009,NaN
31-08-2009,0.5
01-09-2009,0.5
02-09-2009,0.5
03-09-2009,0.5
04-09-2009,0.5
05-09-2009,NaN
06-09-2009,NaN
07-09-2009,0.5
08-09-2009,0.5
09-09-2009,0.5
10-09-2009,0.5
11-09-2009,0.5
12-09-2009,NaN
13-09-2009,NaN
14-09-2009,0.5
15-09-2009,0.5
16-09-2009,0.5
17-09-2009,0.5
18-09-2009,NaN
19-09-2009,NaN
20-09-2009,NaN
21-09-2009,0.5
22-09-2009,0.5
23-09-2009,0.5
24-09-2009,0.5
25-09-2009,0.5
26-09-2009,NaN
27-09-2009,NaN
28-09-2009,0.5
29-09-2009,0.5
30-09-2009,0.5
01-10-2009,0.5
02-10-2009,0.5
03-10-2009,NaN
04-10-2009,NaN
05-10-2009,0.5
06-10-2009,0.5
07-10-2009,0.5
08-10-2009,0.5
09-10-2009,0.5
10-10-2009,NaN
11-10-2009,NaN
12-10-2009,NaN
13-10-2009,0.5
14-10-2009,0.5
15-10-2009,0.5
16-10-2009,0.5
17-10-2009,NaN
18-10-2009,NaN
19-10-2009,0.5
20-10-2009,0.5
21-10-2009,0.5
22-10-2009,0.5
23-10-2009,0.5
24-10-2009,NaN
25-10-2009,NaN
26-10-2009,0.5
27-10-2009,0.5
28-10-2009,0.5
29-10-2009,0.5
30-10-2009,0.5
31-10-2009,NaN
01-11-2009,NaN
02-11-2009,0.5
03-11-2009,0.5
04-11-2009,0.5
05-11-2009,0.5
06-11-2009,0.5
07-11-2009,NaN
08-11-2009,NaN
09-11-2009,0.5
10-11-2009,0.5
11-11-2009,0.5
12-11-2009,0.5
13-11-2009,0.5
14-11-2009,NaN
15-11-2009,NaN
16-11-2009,0.5
17-11-2009,0.5
18-11-2009,0.5
19-11-2009,0.5
20-11-2009,0.5
21-11-2009,NaN
22-11-2009,NaN
23-11-2009,0.5
24-11-2009,0.5
25-11-2009,0.5
26-11-2009,0.5
27-11-2009,0.5
28-11-2009,NaN
29-11-2009,NaN
30-11-2009,0.5
01-12-2009,0.5
02-12-2009,0.5
03-12-2009,0.5
04-12-2009,0.5
05-12-2009,NaN
06-12-2009,NaN
07-12-2009,0.5
08-12-2009,NaN
09-12-2009,0.5
10-12-2009,0.5
11-12-2009,0.5
12-12-2009,NaN
13-12-2009,NaN
14-12-2009,0.5
15-12-2009,0.5
16-12-2009,0.5
17-12-2009,0.5
18-12-2009,0.5
19-12-2009,NaN
20-12-2009,NaN
21-12-2009,0.5
22-12-2009,0.5
23-12-2009,0.5
24-12-2009,0.5
25-12-2009,NaN
26-12-2009,NaN
27-12-2009,NaN
28-12-2009,0.5
29-12-2009,0.5
30-12-2009,0.5
31-12-2009,NaN
01-01-2010,NaN
02-01-2010,NaN
03-01-2010,NaN
04-01-2010,0.5
05-01-2010,0.5
06-01-2010,0.5
07-01-2010,0.5
08-01-2010,0.5
09-01-2010,NaN
10-01-2010,NaN
11-01-2010,0.5
12-01-2010,0.5
13-01-2010,0.5
14-01-2010,0.5
15-01-2010,0.5
16-01-2010,NaN
17-01-2010,NaN
18-01-2010,0.5
19-01-2010,0.5
20-01-2010,0.5
21-01-2010,0.5
22-01-2010,0.5
23-01-2010,NaN
24-01-2010,NaN
25-01-2010,0.5
26-01-2010,0.5
27-01-2010,0.5
28-01-2010,0.5
29-01-2010,0.5
30-01-2010,NaN
31-01-2010,NaN
01-02-2010,0.5
02-02-2010,0.5
03-02-2010,0.5
04-02-2010,0.5
05-02-2010,0.5
06-02-2010,NaN
07-02-2010,NaN
08-02-2010,0.5
09-02-2010,0.5
10-02-2010,0.5
11-02-2010,0.5
12-02-2010,0.5
13-02-2010,NaN
14-02-2010,NaN
15-02-2010,0.5
16-02-2010,0.5
17-02-2010,0.5
18-02-2010,0.5
19-02-2010,0.5
20-02-2010,NaN
21-02-2010,NaN
22-02-2010,0.5
23-02-2010,0.5
24-02-2010,0.5
25-02-2010,0.5
26-02-2010,0.5
27-02-2010,NaN
28-02-2010,NaN
01-03-2010,0.5
02-03-2010,0.5
03-03-2010,0.5
04-03-2010,0.5
05-03-2010,0.5
06-03-2010,NaN
07-03-2010,NaN
08-03-2010,0.5
09-03-2010,0.5
10-03-2010,0.5
11-03-2010,0.5
12-03-2010,0.5
13-03-2010,NaN
14-03-2010,NaN
15-03-2010,0.5
16-03-2010,0.5
17-03-2010,0.5
18-03-2010,0.5
19-03-2010,0.5
20-03-2010,NaN
21-03-2010,NaN
22-03-2010,0.5
23-03-2010,0.5
24-03-2010,0.5
25-03-2010,0.5
26-03-2010,0.5
27-03-2010,NaN
28-03-2010,NaN
29-03-2010,0.5
30-03-2010,0.5
31-03-2010,0.5
01-04-2010,0.5
02-04-2010,NaN
03-04-2010,NaN
04-04-2010,NaN
05-04-2010,0.5
06-04-2010,0.5
07-04-2010,0.5
08-04-2010,0.5
09-04-2010,0.5
10-04-2010,NaN
11-04-2010,NaN
12-04-2010,0.5
13-04-2010,0.5
14-04-2010,0.5
15-04-2010,0.5
16-04-2010,0.5
17-04-2010,NaN
18-04-2010,NaN
19-04-2010,0.5
20-04-2010,0.5
21-04-2010,0.5
22-04-2010,0.5
23-04-2010,0.5
24-04-2010,NaN
25-04-2010,NaN
26-04-2010,0.5
27-04-2010,0.5
28-04-2010,0.5
29-04-2010,0.5
30-04-2010,0.5
01-05-2010,NaN
02-05-2010,NaN
03-05-2010,0.5
04-05-2010,0.5
05-05-2010,0.5
06-05-2010,0.5
07-05-2010,0.5
08-05-2010,NaN
09-05-2010,NaN
10-05-2010,0.5
11-05-2010,0.5
12-05-2010,0.5
13-05-2010,0.5
14-05-2010,0.5
15-05-2010,NaN
16-05-2010,NaN
17-05-2010,0.5
18-05-2010,0.5
19-05-2010,0.5
20-05-2010,0.5
21-05-2010,NaN
22-05-2010,NaN
23-05-2010,NaN
24-05-2010,0.5
25-05-2010,0.5
26-05-2010,0.5
27-05-2010,0.5
28-05-2010,0.5
29-05-2010,NaN
30-05-2010,NaN
31-05-2010,0.5
01-06-2010,0.5
02-06-2010,0.5
03-06-2010,0.5
04-06-2010,0.5
05-06-2010,NaN
06-06-2010,NaN
07-06-2010,0.5
08-06-2010,0.5
09-06-2010,0.5
10-06-2010,0.5
11-06-2010,0.5
12-06-2010,NaN
13-06-2010,NaN
14-06-2010,0.5
15-06-2010,0.5
16-06-2010,1
17-06-2010,1
18-06-2010,1
19-06-2010,NaN
20-06-2010,NaN
21-06-2010,1
22-06-2010,1
23-06-2010,1
24-06-2010,1
25-06-2010,1
26-06-2010,NaN
27-06-2010,NaN
28-06-2010,NaN
29-06-2010,1
30-06-2010,1
01-07-2010,1
02-07-2010,1
03-07-2010,NaN
04-07-2010,NaN
05-07-2010,1
06-07-2010,1
07-07-2010,1
08-07-2010,1
09-07-2010,1
10-07-2010,NaN
11-07-2010,NaN
12-07-2010,1
13-07-2010,1
14-07-2010,1
15-07-2010,1
16-07-2010,NaN
17-07-2010,NaN
18-07-2010,NaN
19-07-2010,1.5
20-07-2010,1.5
21-07-2010,1.5
22-07-2010,1.5
23-07-2010,1.5
24-07-2010,NaN
25-07-2010,NaN
26-07-2010,1.5
27-07-2010,1.5
28-07-2010,1.5
29-07-2010,1.5
30-07-2010,1.5
31-07-2010,NaN
01-08-2010,NaN
02-08-2010,1.5
03-08-2010,1.5
04-08-2010,1.5
05-08-2010,1.5
06-08-2010,1.5
07-08-2010,NaN
08-08-2010,NaN
09-08-2010,1.5
10-08-2010,1.5
11-08-2010,1.5
12-08-2010,1.5
13-08-2010,2
14-08-2010,NaN
15-08-2010,NaN
16-08-2010,2
17-08-2010,2
18-08-2010,2
19-08-2010,2
20-08-2010,2
21-08-2010,NaN
22-08-2010,NaN
23-08-2010,2
24-08-2010,2
25-08-2010,2
26-08-2010,2
27-08-2010,2
28-08-2010,NaN
29-08-2010,NaN
30-08-2010,2
31-08-2010,2
01-09-2010,2
02-09-2010,2
03-09-2010,2
04-09-2010,NaN
05-09-2010,NaN
06-09-2010,2
07-09-2010,2
08-09-2010,2
09-09-2010,2
10-09-2010,2
11-09-2010,NaN
12-09-2010,NaN
13-09-2010,2
14-09-2010,2
15-09-2010,2
16-09-2010,2
17-09-2010,NaN
18-09-2010,NaN
19-09-2010,NaN
20-09-2010,NaN
21-09-2010,2.5
22-09-2010,2.5
23-09-2010,2.5
24-09-2010,2.5
25-09-2010,NaN
26-09-2010,NaN
27-09-2010,2.5
28-09-2010,2.5
29-09-2010,2.5
30-09-2010,2.5
01-10-2010,2.5
02-10-2010,NaN
03-10-2010,NaN
04-10-2010,2.5
05-10-2010,2.5
06-10-2010,2.5
07-10-2010,2.5
08-10-2010,2.5
09-10-2010,NaN
10-10-2010,NaN
11-10-2010,NaN
12-10-2010,2.5
13-10-2010,2.5
14-10-2010,2.5
15-10-2010,2.75
16-10-2010,NaN
17-10-2010,NaN
18-10-2010,2.75
19-10-2010,2.75
20-10-2010,2.75
21-10-2010,2.75
22-10-2010,2.75
23-10-2010,NaN
24-10-2010,NaN
25-10-2010,2.75
26-10-2010,2.75
27-10-2010,2.75
28-10-2010,2.75
29-10-2010,2.75
30-10-2010,NaN
31-10-2010,NaN
01-11-2010,NaN
02-11-2010,2.75
03-11-2010,2.75
04-11-2010,2.75
05-11-2010,2.75
06-11-2010,NaN
07-11-2010,NaN
08-11-2010,2.75
09-11-2010,2.75
10-11-2010,2.75
11-11-2010,2.75
12-11-2010,2.75
13-11-2010,NaN
14-11-2010,NaN
15-11-2010,2.75
16-11-2010,2.75
17-11-2010,3
18-11-2010,3
19-11-2010,3
20-11-2010,NaN
21-11-2010,NaN
22-11-2010,3
23-11-2010,3
24-11-2010,3
25-11-2010,3
26-11-2010,3
27-11-2010,NaN
28-11-2010,NaN
29-11-2010,3
30-11-2010,3
01-12-2010,3
02-12-2010,3
03-12-2010,3
04-12-2010,NaN
05-12-2010,NaN
06-12-2010,3
07-12-2010,3
08-12-2010,NaN
09-12-2010,3
10-12-2010,3
11-12-2010,NaN
12-12-2010,NaN
13-12-2010,3
14-12-2010,3
15-12-2010,3
16-12-2010,3
17-12-2010,3.25
18-12-2010,NaN
19-12-2010,NaN
20-12-2010,3.25
21-12-2010,3.25
22-12-2010,3.25
23-12-2010,3.25
24-12-2010,3.25
25-12-2010,NaN
26-12-2010,NaN
27-12-2010,3.25
28-12-2010,3.25
29-12-2010,3.25
30-12-2010,3.25
31-12-2010,NaN
01-01-2011,NaN
02-01-2011,NaN
03-01-2011,3.25
04-01-2011,3.25
05-01-2011,3.25
06-01-2011,3.25
07-01-2011,3.25
08-01-2011,NaN
09-01-2011,NaN
10-01-2011,3.25
11-01-2011,3.25
12-01-2011,3.25
13-01-2011,3.25
14-01-2011,3.25
15-01-2011,NaN
16-01-2011,NaN
17-01-2011,3.25
18-01-2011,3.25
19-01-2011,3.25
20-01-2011,3.25
21-01-2011,3.25
22-01-2011,NaN
23-01-2011,NaN
24-01-2011,3.25
25-01-2011,3.25
26-01-2011,3.25
27-01-2011,3.25
28-01-2011,3.25
29-01-2011,NaN
30-01-2011,NaN
31-01-2011,3.25
01-02-2011,3.25
02-02-2011,3.25
03-02-2011,3.25
04-02-2011,3.25
05-02-2011,NaN
06-02-2011,NaN
07-02-2011,3.25
08-02-2011,3.25
09-02-2011,3.25
10-02-2011,3.25
11-02-2011,3.25
12-02-2011,NaN
13-02-2011,NaN
14-02-2011,3.25
15-02-2011,3.25
16-02-2011,3.25
17-02-2011,3.25
18-02-2011,3.5
19-02-2011,NaN
20-02-2011,NaN
21-02-2011,3.5
22-02-2011,3.5
23-02-2011,3.5
24-02-2011,3.5
25-02-2011,3.5
26-02-2011,NaN
27-02-2011,NaN
28-02-2011,3.5
01-03-2011,3.5
02-03-2011,3.5
03-03-2011,3.5
04-03-2011,3.5
05-03-2011,NaN
06-03-2011,NaN
07-03-2011,3.5
08-03-2011,3.5
09-03-2011,3.5
10-03-2011,3.5
11-03-2011,3.5
12-03-2011,NaN
13-03-2011,NaN
14-03-2011,3.5
15-03-2011,3.5
16-03-2011,3.5
17-03-2011,3.5
18-03-2011,4
19-03-2011,NaN
20-03-2011,NaN
21-03-2011,4
22-03-2011,4
23-03-2011,4
24-03-2011,4
25-03-2011,4
26-03-2011,NaN
27-03-2011,NaN
28-03-2011,4
29-03-2011,4
30-03-2011,4
31-03-2011,4
01-04-2011,4
02-04-2011,NaN
03-04-2011,NaN
04-04-2011,4
05-04-2011,4
06-04-2011,4
07-04-2011,4
08-04-2011,4
09-04-2011,NaN
10-04-2011,NaN
11-04-2011,4
12-04-2011,4
13-04-2011,4.5
14-04-2011,4.5
15-04-2011,4.5
16-04-2011,NaN
17-04-2011,NaN
18-04-2011,4.5
19-04-2011,4.5
20-04-2011,4.5
21-04-2011,4.5
22-04-2011,NaN
23-04-2011,NaN
24-04-2011,NaN
25-04-2011,4.5
26-04-2011,4.5
27-04-2011,4.5
28-04-2011,4.5
29-04-2011,4.5
30-04-2011,NaN
01-05-2011,NaN
02-05-2011,4.5
03-05-2011,4.5
04-05-2011,4.5
05-05-2011,4.5
06-05-2011,4.5
07-05-2011,NaN
08-05-2011,NaN
09-05-2011,4.5
10-05-2011,4.5
11-05-2011,4.5
12-05-2011,4.5
13-05-2011,5
14-05-2011,NaN
15-05-2011,NaN
16-05-2011,5
17-05-2011,5
18-05-2011,5
19-05-2011,5
20-05-2011,5
21-05-2011,NaN
22-05-2011,NaN
23-05-2011,5
24-05-2011,5
25-05-2011,5
26-05-2011,5
27-05-2011,5
28-05-2011,NaN
29-05-2011,NaN
30-05-2011,5
31-05-2011,5
01-06-2011,5
02-06-2011,5
03-06-2011,5
04-06-2011,NaN
05-06-2011,NaN
06-06-2011,5
07-06-2011,5
08-06-2011,5
09-06-2011,5
10-06-2011,5
11-06-2011,NaN
12-06-2011,NaN
13-06-2011,5
14-06-2011,5
15-06-2011,5.25
16-06-2011,5.25
17-06-2011,5.25
18-06-2011,NaN
19-06-2011,NaN
20-06-2011,5.25
21-06-2011,5.25
22-06-2011,5.25
23-06-2011,5.25
24-06-2011,5.25
25-06-2011,NaN
26-06-2011,NaN
27-06-2011,NaN
28-06-2011,5.25
29-06-2011,5.25
30-06-2011,5.25
01-07-2011,5.25
02-07-2011,NaN
03-07-2011,NaN
04-07-2011,5.25
05-07-2011,5.25
06-07-2011,5.25
07-07-2011,5.25
08-07-2011,5.25
09-07-2011,NaN
10-07-2011,NaN
11-07-2011,5.25
12-07-2011,5.25
13-07-2011,5.25
14-07-2011,5.25
15-07-2011,5.25
16-07-2011,NaN
17-07-2011,NaN
18-07-2011,5.25
19-07-2011,5.25
20-07-2011,5.25
21-07-2011,5.25
22-07-2011,5.25
23-07-2011,NaN
24-07-2011,NaN
25-07-2011,5.25
26-07-2011,5.25
27-07-2011,5.25
28-07-2011,5.25
29-07-2011,5.25
30-07-2011,NaN
31-07-2011,NaN
01-08-2011,5.25
02-08-2011,5.25
03-08-2011,5.25
04-08-2011,5.25
05-08-2011,5.25
06-08-2011,NaN
07-08-2011,NaN
08-08-2011,5.25
09-08-2011,5.25
10-08-2011,5.25
11-08-2011,5.25
12-08-2011,5.25
13-08-2011,NaN
14-08-2011,NaN
15-08-2011,NaN
16-08-2011,5.25
17-08-2011,5.25
18-08-2011,5.25
19-08-2011,5.25
20-08-2011,NaN
21-08-2011,NaN
22-08-2011,5.25
23-08-2011,5.25
24-08-2011,5.25
25-08-2011,5.25
26-08-2011,5.25
27-08-2011,NaN
28-08-2011,NaN
29-08-2011,5.25
30-08-2011,5.25
31-08-2011,5.25
01-09-2011,5.25
02-09-2011,5.25
03-09-2011,NaN
04-09-2011,NaN
05-09-2011,5.25
06-09-2011,5.25
07-09-2011,5.25
08-09-2011,5.25
09-09-2011,5.25
10-09-2011,NaN
11-09-2011,NaN
12-09-2011,5.25
13-09-2011,5.25
14-09-2011,5.25
15-09-2011,5.25
16-09-2011,5.25
17-09-2011,NaN
18-09-2011,NaN
19-09-2011,NaN
20-09-2011,5.25
21-09-2011,5.25
22-09-2011,5.25
23-09-2011,5.25
24-09-2011,NaN
25-09-2011,NaN
26-09-2011,5.25
27-09-2011,5.25
28-09-2011,5.25
29-09-2011,5.25
30-09-2011,5.25
01-10-2011,NaN
02-10-2011,NaN
03-10-2011,5.25
04-10-2011,5.25
05-10-2011,5.25
06-10-2011,5.25
07-10-2011,5.25
08-10-2011,NaN
09-10-2011,NaN
10-10-2011,NaN
11-10-2011,5.25
12-10-2011,5.25
13-10-2011,5.25
14-10-2011,5.25
15-10-2011,NaN
16-10-2011,NaN
17-10-2011,5.25
18-10-2011,5.25
19-10-2011,5.25
20-10-2011,5.25
21-10-2011,5.25
22-10-2011,NaN
23-10-2011,NaN
24-10-2011,5.25
25-10-2011,5.25
26-10-2011,5.25
27-10-2011,5.25
28-10-2011,5.25
29-10-2011,NaN
30-10-2011,NaN
31-10-2011,NaN
01-11-2011,NaN
02-11-2011,5.25
03-11-2011,5.25
04-11-2011,5.25
05-11-2011,NaN
06-11-2011,NaN
07-11-2011,5.25
08-11-2011,5.25
09-11-2011,5.25
10-11-2011,5.25
11-11-2011,5.25
12-11-2011,NaN
13-11-2011,NaN
14-11-2011,5.25
15-11-2011,5.25
16-11-2011,5.25
17-11-2011,5.25
18-11-2011,5.25
19-11-2011,NaN
20-11-2011,NaN
21-11-2011,5.25
22-11-2011,5.25
23-11-2011,5.25
24-11-2011,5.25
25-11-2011,5.25
26-11-2011,NaN
27-11-2011,NaN
28-11-2011,5.25
29-11-2011,5.25
30-11-2011,5.25
01-12-2011,5.25
02-12-2011,5.25
03-12-2011,NaN
04-12-2011,NaN
05-12-2011,5.25
06-12-2011,5.25
07-12-2011,5.25
08-12-2011,NaN
09-12-2011,5.25
10-12-2011,NaN
11-12-2011,NaN
12-12-2011,5.25
13-12-2011,5.25
14-12-2011,5.25
15-12-2011,5.25
16-12-2011,5.25
17-12-2011,NaN
18-12-2011,NaN
19-12-2011,5.25
20-12-2011,5.25
21-12-2011,5.25
22-12-2011,5.25
23-12-2011,5.25
24-12-2011,NaN
25-12-2011,NaN
26-12-2011,5.25
27-12-2011,5.25
28-12-2011,5.25
29-12-2011,5.25
30-12-2011,5.25
31-12-2011,NaN
01-01-2012,NaN
02-01-2012,5.25
03-01-2012,5.25
04-01-2012,5.25
05-01-2012,5.25
06-01-2012,5.25
07-01-2012,NaN
08-01-2012,NaN
09-01-2012,5.25
10-01-2012,5.25
11-01-2012,5.25
12-01-2012,5.25
13-01-2012,5
14-01-2012,NaN
15-01-2012,NaN
16-01-2012,5
17-01-2012,5
18-01-2012,5
19-01-2012,5
20-01-2012,5
21-01-2012,NaN
22-01-2012,NaN
23-01-2012,5
24-01-2012,5
25-01-2012,5
26-01-2012,5
27-01-2012,5
28-01-2012,NaN
29-01-2012,NaN
30-01-2012,5
31-01-2012,5
01-02-2012,5
02-02-2012,5
03-02-2012,5
04-02-2012,NaN
05-02-2012,NaN
06-02-2012,5
07-02-2012,5
08-02-2012,5
09-02-2012,5
10-02-2012,5
11-02-2012,NaN
12-02-2012,NaN
13-02-2012,5
14-02-2012,5
15-02-2012,5
16-02-2012,5
17-02-2012,5
18-02-2012,NaN
19-02-2012,NaN
20-02-2012,5
21-02-2012,5
22-02-2012,5
23-02-2012,5
24-02-2012,5
25-02-2012,NaN
26-02-2012,NaN
27-02-2012,5
28-02-2012,5
29-02-2012,5
01-03-2012,5
02-03-2012,5
03-03-2012,NaN
04-03-2012,NaN
05-03-2012,5
06-03-2012,5
07-03-2012,5
08-03-2012,5
09-03-2012,5
10-03-2012,NaN
11-03-2012,NaN
12-03-2012,5
13-03-2012,5
14-03-2012,5
15-03-2012,5
16-03-2012,5
17-03-2012,NaN
18-03-2012,NaN
19-03-2012,5
20-03-2012,5
21-03-2012,5
22-03-2012,5
23-03-2012,5
24-03-2012,NaN
25-03-2012,NaN
26-03-2012,5
27-03-2012,5
28-03-2012,5
29-03-2012,5
30-03-2012,5
31-03-2012,NaN
01-04-2012,NaN
02-04-2012,5
03-04-2012,5
04-04-2012,5
05-04-2012,5
06-04-2012,NaN
07-04-2012,NaN
08-04-2012,NaN
09-04-2012,5
10-04-2012,5
11-04-2012,5
12-04-2012,5
13-04-2012,5
14-04-2012,NaN
15-04-2012,NaN
16-04-2012,5
17-04-2012,5
18-04-2012,5
19-04-2012,5
20-04-2012,5
21-04-2012,NaN
22-04-2012,NaN
23-04-2012,5
24-04-2012,5
25-04-2012,5
26-04-2012,5
27-04-2012,5
28-04-2012,NaN
29-04-2012,NaN
30-04-2012,5
01-05-2012,NaN
02-05-2012,5
03-05-2012,5
04-05-2012,5
05-05-2012,NaN
06-05-2012,NaN
07-05-2012,5
08-05-2012,5
09-05-2012,5
10-05-2012,5
11-05-2012,5
12-05-2012,NaN
13-05-2012,NaN
14-05-2012,5
15-05-2012,5
16-05-2012,5
17-05-2012,5
18-05-2012,5
19-05-2012,NaN
20-05-2012,NaN
21-05-2012,NaN
22-05-2012,5
23-05-2012,5
24-05-2012,5
25-05-2012,5
26-05-2012,NaN
27-05-2012,NaN
28-05-2012,5
29-05-2012,5
30-05-2012,5
31-05-2012,5
01-06-2012,5
02-06-2012,NaN
03-06-2012,NaN
04-06-2012,5
05-06-2012,5
06-06-2012,5
07-06-2012,5
08-06-2012,5
09-06-2012,NaN
10-06-2012,NaN
11-06-2012,5
12-06-2012,5
13-06-2012,5
14-06-2012,5
15-06-2012,5
16-06-2012,NaN
17-06-2012,NaN
18-06-2012,5
19-06-2012,5
20-06-2012,5
21-06-2012,5
22-06-2012,5
23-06-2012,NaN
24-06-2012,NaN
25-06-2012,5
26-06-2012,5
27-06-2012,5
28-06-2012,5
29-06-2012,5
30-06-2012,NaN
01-07-2012,NaN
02-07-2012,NaN
03-07-2012,5
04-07-2012,5
05-07-2012,5
06-07-2012,5
07-07-2012,NaN
08-07-2012,NaN
09-07-2012,5
10-07-2012,5
11-07-2012,5
12-07-2012,5
13-07-2012,5
14-07-2012,NaN
15-07-2012,NaN
16-07-2012,NaN
17-07-2012,5
18-07-2012,5
19-07-2012,5
20-07-2012,5
21-07-2012,NaN
22-07-2012,NaN
23-07-2012,5
24-07-2012,5
25-07-2012,5
26-07-2012,5
27-07-2012,5
28-07-2012,NaN
29-07-2012,NaN
30-07-2012,5
31-07-2012,5
01-08-2012,5
02-08-2012,5
03-08-2012,5
04-08-2012,NaN
05-08-2012,NaN
06-08-2012,5
07-08-2012,5
08-08-2012,5
09-08-2012,5
10-08-2012,5
11-08-2012,NaN
12-08-2012,NaN
13-08-2012,5
14-08-2012,5
15-08-2012,NaN
16-08-2012,5
17-08-2012,5
18-08-2012,NaN
19-08-2012,NaN
20-08-2012,5
21-08-2012,5
22-08-2012,5
23-08-2012,5
24-08-2012,5
25-08-2012,NaN
26-08-2012,NaN
27-08-2012,5
28-08-2012,5
29-08-2012,5
30-08-2012,5
31-08-2012,5
01-09-2012,NaN
02-09-2012,NaN
03-09-2012,5
04-09-2012,5
05-09-2012,5
06-09-2012,5
07-09-2012,5
08-09-2012,NaN
09-09-2012,NaN
10-09-2012,5
11-09-2012,5
12-09-2012,5
13-09-2012,5
14-09-2012,5
15-09-2012,NaN
16-09-2012,NaN
17-09-2012,NaN
18-09-2012,NaN
19-09-2012,NaN
20-09-2012,5
21-09-2012,5
22-09-2012,NaN
23-09-2012,NaN
24-09-2012,5
25-09-2012,5
26-09-2012,5
27-09-2012,5
28-09-2012,5
29-09-2012,NaN
30-09-2012,NaN
01-10-2012,5
02-10-2012,5
03-10-2012,5
04-10-2012,5
05-10-2012,5
06-10-2012,NaN
07-10-2012,NaN
08-10-2012,5
09-10-2012,5
10-10-2012,5
11-10-2012,5
12-10-2012,5
13-10-2012,NaN
14-10-2012,NaN
15-10-2012,NaN
16-10-2012,5
17-10-2012,5
18-10-2012,5
19-10-2012,5
20-10-2012,NaN
21-10-2012,NaN
22-10-2012,5
23-10-2012,5
24-10-2012,5
25-10-2012,5
26-10-2012,5
27-10-2012,NaN
28-10-2012,NaN
29-10-2012,5
30-10-2012,5
31-10-2012,5
01-11-2012,NaN
02-11-2012,NaN
03-11-2012,NaN
04-11-2012,NaN
05-11-2012,5
06-11-2012,5
07-11-2012,5
08-11-2012,5
09-11-2012,5
10-11-2012,NaN
11-11-2012,NaN
12-11-2012,5
13-11-2012,5
14-11-2012,5
15-11-2012,5
16-11-2012,5
17-11-2012,NaN
18-11-2012,NaN
19-11-2012,5
20-11-2012,5
21-11-2012,5
22-11-2012,5
23-11-2012,5
24-11-2012,NaN
25-11-2012,NaN
26-11-2012,5
27-11-2012,5
28-11-2012,5
29-11-2012,5
30-11-2012,5
01-12-2012,NaN
02-12-2012,NaN
03-12-2012,5
04-12-2012,5
05-12-2012,5
06-12-2012,5
07-12-2012,5
08-12-2012,NaN
09-12-2012,NaN
10-12-2012,5
11-12-2012,5
12-12-2012,5
13-12-2012,5
14-12-2012,5
15-12-2012,NaN
16-12-2012,NaN
17-12-2012,5
18-12-2012,5
19-12-2012,5
20-12-2012,5
21-12-2012,5
22-12-2012,NaN
23-12-2012,NaN
24-12-2012,5
25-12-2012,NaN
26-12-2012,5
27-12-2012,5
28-12-2012,5
29-12-2012,NaN
30-12-2012,NaN
31-12-2012,NaN
01-01-2013,NaN
02-01-2013,5
03-01-2013,5
04-01-2013,5
05-01-2013,NaN
06-01-2013,NaN
07-01-2013,5
08-01-2013,5
09-01-2013,5
10-01-2013,5
11-01-2013,5
12-01-2013,NaN
13-01-2013,NaN
14-01-2013,5
15-01-2013,5
16-01-2013,5
17-01-2013,5
18-01-2013,5
19-01-2013,NaN
20-01-2013,NaN
21-01-2013,5
22-01-2013,5
23-01-2013,5
24-01-2013,5
25-01-2013,5
26-01-2013,NaN
27-01-2013,NaN
28-01-2013,5
29-01-2013,5
30-01-2013,5
31-01-2013,5
01-02-2013,5
02-02-2013,NaN
03-02-2013,NaN
04-02-2013,5
05-02-2013,5
06-02-2013,5
07-02-2013,5
08-02-2013,5
09-02-2013,NaN
10-02-2013,NaN
11-02-2013,5
12-02-2013,5
13-02-2013,5
14-02-2013,5
15-02-2013,5
16-02-2013,NaN
17-02-2013,NaN
18-02-2013,5
19-02-2013,5
20-02-2013,5
21-02-2013,5
22-02-2013,5
23-02-2013,NaN
24-02-2013,NaN
25-02-2013,5
26-02-2013,5
27-02-2013,5
28-02-2013,5
01-03-2013,5
02-03-2013,NaN
03-03-2013,NaN
04-03-2013,5
05-03-2013,5
06-03-2013,5
07-03-2013,5
08-03-2013,5
09-03-2013,NaN
10-03-2013,NaN
11-03-2013,5
12-03-2013,5
13-03-2013,5
14-03-2013,5
15-03-2013,5
16-03-2013,NaN
17-03-2013,NaN
18-03-2013,5
19-03-2013,5
20-03-2013,5
21-03-2013,5
22-03-2013,5
23-03-2013,NaN
24-03-2013,NaN
25-03-2013,5
26-03-2013,5
27-03-2013,5
28-03-2013,5
29-03-2013,NaN
30-03-2013,NaN
31-03-2013,NaN
01-04-2013,5
02-04-2013,5
03-04-2013,5
04-04-2013,5
05-04-2013,5
06-04-2013,NaN
07-04-2013,NaN
08-04-2013,5
09-04-2013,5
10-04-2013,5
11-04-2013,5
12-04-2013,5
13-04-2013,NaN
14-04-2013,NaN
15-04-2013,5
16-04-2013,5
17-04-2013,5
18-04-2013,5
19-04-2013,5
20-04-2013,NaN
21-04-2013,NaN
22-04-2013,5
23-04-2013,5
24-04-2013,5
25-04-2013,5
26-04-2013,5
27-04-2013,NaN
28-04-2013,NaN
29-04-2013,5
30-04-2013,5
01-05-2013,NaN
02-05-2013,5
03-05-2013,5
04-05-2013,NaN
05-05-2013,NaN
06-05-2013,5
07-05-2013,5
08-05-2013,5
09-05-2013,5
10-05-2013,5
11-05-2013,NaN
12-05-2013,NaN
13-05-2013,5
14-05-2013,5
15-05-2013,5
16-05-2013,5
17-05-2013,5
18-05-2013,NaN
19-05-2013,NaN
20-05-2013,5
21-05-2013,NaN
22-05-2013,5
23-05-2013,5
24-05-2013,5
25-05-2013,NaN
26-05-2013,NaN
27-05-2013,5
28-05-2013,5
29-05-2013,5
30-05-2013,5
31-05-2013,5
01-06-2013,NaN
02-06-2013,NaN
03-06-2013,5
04-06-2013,5
05-06-2013,5
06-06-2013,5
07-06-2013,5
08-06-2013,NaN
09-06-2013,NaN
10-06-2013,5
11-06-2013,5
12-06-2013,5
13-06-2013,5
14-06-2013,5
15-06-2013,NaN
16-06-2013,NaN
17-06-2013,5
18-06-2013,5
19-06-2013,5
20-06-2013,5
21-06-2013,5
22-06-2013,NaN
23-06-2013,NaN
24-06-2013,5
25-06-2013,5
26-06-2013,5
27-06-2013,5
28-06-2013,5
29-06-2013,NaN
30-06-2013,NaN
01-07-2013,5
02-07-2013,5
03-07-2013,5
04-07-2013,5
05-07-2013,5
06-07-2013,NaN
07-07-2013,NaN
08-07-2013,5
09-07-2013,5
10-07-2013,5
11-07-2013,5
12-07-2013,5
13-07-2013,NaN
14-07-2013,NaN
15-07-2013,5
16-07-2013,NaN
17-07-2013,5
18-07-2013,5
19-07-2013,5
20-07-2013,NaN
21-07-2013,NaN
22-07-2013,5
23-07-2013,5
24-07-2013,5
25-07-2013,5
26-07-2013,5
27-07-2013,NaN
28-07-2013,NaN
29-07-2013,5
30-07-2013,5
31-07-2013,5
01-08-2013,5
02-08-2013,5
03-08-2013,NaN
04-08-2013,NaN
05-08-2013,5
06-08-2013,5
07-08-2013,5
08-08-2013,5
09-08-2013,5
10-08-2013,NaN
11-08-2013,NaN
12-08-2013,5
13-08-2013,5
14-08-2013,5
15-08-2013,NaN
16-08-2013,5
17-08-2013,NaN
18-08-2013,NaN
19-08-2013,5
20-08-2013,5
21-08-2013,5
22-08-2013,5
23-08-2013,5
24-08-2013,NaN
25-08-2013,NaN
26-08-2013,5
27-08-2013,5
28-08-2013,5
29-08-2013,5
30-08-2013,5
31-08-2013,NaN
01-09-2013,NaN
02-09-2013,5
03-09-2013,5
04-09-2013,5
05-09-2013,5
06-09-2013,5
07-09-2013,NaN
08-09-2013,NaN
09-09-2013,5
10-09-2013,5
11-09-2013,5
12-09-2013,5
13-09-2013,5
14-09-2013,NaN
15-09-2013,NaN
16-09-2013,5
17-09-2013,5
18-09-2013,NaN
19-09-2013,NaN
20-09-2013,NaN
21-09-2013,NaN
22-09-2013,NaN
23-09-2013,5
24-09-2013,5
25-09-2013,5
26-09-2013,5
27-09-2013,5
28-09-2013,NaN
29-09-2013,NaN
30-09-2013,5
01-10-2013,5
02-10-2013,5
03-10-2013,5
04-10-2013,5
05-10-2013,NaN
06-10-2013,NaN
07-10-2013,5
08-10-2013,5
09-10-2013,5
10-10-2013,5
11-10-2013,5
12-10-2013,NaN
13-10-2013,NaN
14-10-2013,5
15-10-2013,5
16-10-2013,5
17-10-2013,5
18-10-2013,4.75
19-10-2013,NaN
20-10-2013,NaN
21-10-2013,4.75
22-10-2013,4.75
23-10-2013,4.75
24-10-2013,4.75
25-10-2013,4.75
26-10-2013,NaN
27-10-2013,NaN
28-10-2013,4.75
29-10-2013,4.75
30-10-2013,4.75
31-10-2013,NaN
01-11-2013,NaN
02-11-2013,NaN
03-11-2013,NaN
04-11-2013,4.75
05-11-2013,4.75
06-11-2013,4.75
07-11-2013,4.75
08-11-2013,4.75
09-11-2013,NaN
10-11-2013,NaN
11-11-2013,4.75
12-11-2013,4.75
13-11-2013,4.75
14-11-2013,4.75
15-11-2013,4.75
16-11-2013,NaN
17-11-2013,NaN
18-11-2013,4.75
19-11-2013,4.75
20-11-2013,4.5
21-11-2013,4.5
22-11-2013,4.5
23-11-2013,NaN
24-11-2013,NaN
25-11-2013,4.5
26-11-2013,4.5
27-11-2013,4.5
28-11-2013,4.5
29-11-2013,4.5
30-11-2013,NaN
01-12-2013,NaN
02-12-2013,4.5
03-12-2013,4.5
04-12-2013,4.5
05-12-2013,4.5
06-12-2013,4.5
07-12-2013,NaN
08-12-2013,NaN
09-12-2013,4.5
10-12-2013,4.5
11-12-2013,4.5
12-12-2013,4.5
13-12-2013,4.5
14-12-2013,NaN
15-12-2013,NaN
16-12-2013,4.5
17-12-2013,4.5
18-12-2013,4.5
19-12-2013,4.5
20-12-2013,4.5
21-12-2013,NaN
22-12-2013,NaN
23-12-2013,4.5
24-12-2013,4.5
25-12-2013,NaN
26-12-2013,4.5
27-12-2013,4.5
28-12-2013,NaN
29-12-2013,NaN
30-12-2013,4.5
31-12-2013,NaN
01-01-2014,NaN
02-01-2014,4.5
03-01-2014,4.5
04-01-2014,NaN
05-01-2014,NaN
06-01-2014,4.5
07-01-2014,4.5
08-01-2014,4.5
09-01-2014,4.5
10-01-2014,4.5
11-01-2014,NaN
12-01-2014,NaN
13-01-2014,4.5
14-01-2014,4.5
15-01-2014,4.5
16-01-2014,4.5
17-01-2014,4.5
18-01-2014,NaN
19-01-2014,NaN
20-01-2014,4.5
21-01-2014,4.5
22-01-2014,4.5
23-01-2014,4.5
24-01-2014,4.5
25-01-2014,NaN
26-01-2014,NaN
27-01-2014,4.5
28-01-2014,4.5
29-01-2014,4.5
30-01-2014,4.5
31-01-2014,4.5
01-02-2014,NaN
02-02-2014,NaN
03-02-2014,4.5
04-02-2014,4.5
05-02-2014,4.5
06-02-2014,4.5
07-02-2014,4.5
08-02-2014,NaN
09-02-2014,NaN
10-02-2014,4.5
11-02-2014,4.5
12-02-2014,4.5
13-02-2014,4.5
14-02-2014,4.5
15-02-2014,NaN
16-02-2014,NaN
17-02-2014,4.5
18-02-2014,4.5
19-02-2014,4.25
20-02-2014,4.25
21-02-2014,4.25
22-02-2014,NaN
23-02-2014,NaN
24-02-2014,4.25
25-02-2014,4.25
26-02-2014,4.25
27-02-2014,4.25
28-02-2014,4.25
01-03-2014,NaN
02-03-2014,NaN
03-03-2014,4.25
04-03-2014,4.25
05-03-2014,4.25
06-03-2014,4.25
07-03-2014,4.25
08-03-2014,NaN
09-03-2014,NaN
10-03-2014,4.25
11-03-2014,4.25
12-03-2014,4.25
13-03-2014,4.25
14-03-2014,4
15-03-2014,NaN
16-03-2014,NaN
17-03-2014,4
18-03-2014,4
19-03-2014,4
20-03-2014,4
21-03-2014,4
22-03-2014,NaN
23-03-2014,NaN
24-03-2014,4
25-03-2014,4
26-03-2014,4
27-03-2014,4
28-03-2014,4
29-03-2014,NaN
30-03-2014,NaN
31-03-2014,4
01-04-2014,4
02-04-2014,4
03-04-2014,4
04-04-2014,4
05-04-2014,NaN
06-04-2014,NaN
07-04-2014,4
08-04-2014,4
09-04-2014,4
10-04-2014,4
11-04-2014,4
12-04-2014,NaN
13-04-2014,NaN
14-04-2014,4
15-04-2014,4
16-04-2014,4
17-04-2014,4
18-04-2014,NaN
19-04-2014,NaN
20-04-2014,NaN
21-04-2014,4
22-04-2014,4
23-04-2014,4
24-04-2014,4
25-04-2014,4
26-04-2014,NaN
27-04-2014,NaN
28-04-2014,4
29-04-2014,4
30-04-2014,4
01-05-2014,NaN
02-05-2014,4
03-05-2014,NaN
04-05-2014,NaN
05-05-2014,4
06-05-2014,4
07-05-2014,4
08-05-2014,4
09-05-2014,4
10-05-2014,NaN
11-05-2014,NaN
12-05-2014,4
13-05-2014,4
14-05-2014,4
15-05-2014,4
16-05-2014,4
17-05-2014,NaN
18-05-2014,NaN
19-05-2014,4
20-05-2014,4
21-05-2014,NaN
22-05-2014,4
23-05-2014,4
24-05-2014,NaN
25-05-2014,NaN
26-05-2014,4
27-05-2014,4
28-05-2014,4
29-05-2014,4
30-05-2014,4
31-05-2014,NaN
01-06-2014,NaN
02-06-2014,4
03-06-2014,4
04-06-2014,4
05-06-2014,4
06-06-2014,4
07-06-2014,NaN
08-06-2014,NaN
09-06-2014,4
10-06-2014,4
11-06-2014,4
12-06-2014,4
13-06-2014,4
14-06-2014,NaN
15-06-2014,NaN
16-06-2014,4
17-06-2014,4
18-06-2014,4
19-06-2014,4
20-06-2014,4
21-06-2014,NaN
22-06-2014,NaN
23-06-2014,4
24-06-2014,4
25-06-2014,4
26-06-2014,4
27-06-2014,4
28-06-2014,NaN
29-06-2014,NaN
30-06-2014,4
01-07-2014,4
02-07-2014,4
03-07-2014,4
04-07-2014,4
05-07-2014,NaN
06-07-2014,NaN
07-07-2014,4
08-07-2014,4
09-07-2014,4
10-07-2014,4
11-07-2014,4
12-07-2014,NaN
13-07-2014,NaN
14-07-2014,4
15-07-2014,4
16-07-2014,NaN
17-07-2014,3.75
18-07-2014,3.75
19-07-2014,NaN
20-07-2014,NaN
21-07-2014,3.75
22-07-2014,3.75
23-07-2014,3.75
24-07-2014,3.75
25-07-2014,3.75
26-07-2014,NaN
27-07-2014,NaN
28-07-2014,3.75
29-07-2014,3.75
30-07-2014,3.75
31-07-2014,3.75
01-08-2014,3.75
02-08-2014,NaN
03-08-2014,NaN
04-08-2014,3.75
05-08-2014,3.75
06-08-2014,3.75
07-08-2014,3.75
08-08-2014,3.75
09-08-2014,NaN
10-08-2014,NaN
11-08-2014,3.75
12-08-2014,3.75
13-08-2014,3.75
14-08-2014,3.75
15-08-2014,NaN
16-08-2014,NaN
17-08-2014,NaN
18-08-2014,3.5
19-08-2014,3.5
20-08-2014,3.5
21-08-2014,3.5
22-08-2014,3.5
23-08-2014,NaN
24-08-2014,NaN
25-08-2014,3.5
26-08-2014,3.5
27-08-2014,3.5
28-08-2014,3.5
29-08-2014,3.5
30-08-2014,NaN
31-08-2014,NaN
01-09-2014,3.5
02-09-2014,3.5
03-09-2014,3.5
04-09-2014,3.5
05-09-2014,3.5
06-09-2014,NaN
07-09-2014,NaN
08-09-2014,3.5
09-09-2014,3.5
10-09-2014,3.5
11-09-2014,3.5
12-09-2014,3.25
13-09-2014,NaN
14-09-2014,NaN
15-09-2014,3.25
16-09-2014,3.25
17-09-2014,3.25
18-09-2014,NaN
19-09-2014,NaN
20-09-2014,NaN
21-09-2014,NaN
22-09-2014,3.25
23-09-2014,3.25
24-09-2014,3.25
25-09-2014,3.25
26-09-2014,3.25
27-09-2014,NaN
28-09-2014,NaN
29-09-2014,3.25
30-09-2014,3.25
01-10-2014,3.25
02-10-2014,3.25
03-10-2014,3.25
04-10-2014,NaN
05-10-2014,NaN
06-10-2014,3.25
07-10-2014,3.25
08-10-2014,3.25
09-10-2014,3.25
10-10-2014,3.25
11-10-2014,NaN
12-10-2014,NaN
13-10-2014,3.25
14-10-2014,3.25
15-10-2014,3.25
16-10-2014,3.25
17-10-2014,3
18-10-2014,NaN
19-10-2014,NaN
20-10-2014,3
21-10-2014,3
22-10-2014,3
23-10-2014,3
24-10-2014,3
25-10-2014,NaN
26-10-2014,NaN
27-10-2014,3
28-10-2014,3
29-10-2014,3
30-10-2014,3
31-10-2014,NaN
01-11-2014,NaN
02-11-2014,NaN
03-11-2014,3
04-11-2014,3
05-11-2014,3
06-11-2014,3
07-11-2014,3
08-11-2014,NaN
09-11-2014,NaN
10-11-2014,3
11-11-2014,3
12-11-2014,3
13-11-2014,3
14-11-2014,3
15-11-2014,NaN
16-11-2014,NaN
17-11-2014,3
18-11-2014,3
19-11-2014,3
20-11-2014,3
21-11-2014,3
22-11-2014,NaN
23-11-2014,NaN
24-11-2014,3
25-11-2014,3
26-11-2014,3
27-11-2014,3
28-11-2014,3
29-11-2014,NaN
30-11-2014,NaN
01-12-2014,3
02-12-2014,3
03-12-2014,3
04-12-2014,3
05-12-2014,3
06-12-2014,NaN
07-12-2014,NaN
08-12-2014,NaN
09-12-2014,3
10-12-2014,3
11-12-2014,3
12-12-2014,3
13-12-2014,NaN
14-12-2014,NaN
15-12-2014,3
16-12-2014,3
17-12-2014,3
18-12-2014,3
19-12-2014,3
20-12-2014,NaN
21-12-2014,NaN
22-12-2014,3
23-12-2014,3
24-12-2014,3
25-12-2014,NaN
26-12-2014,3
27-12-2014,NaN
28-12-2014,NaN
29-12-2014,3
30-12-2014,3
31-12-2014,NaN
01-01-2015,NaN
02-01-2015,3
03-01-2015,NaN
04-01-2015,NaN
05-01-2015,3
06-01-2015,3
07-01-2015,3
08-01-2015,3
09-01-2015,3
10-01-2015,NaN
11-01-2015,NaN
12-01-2015,3
13-01-2015,3
14-01-2015,3
15-01-2015,3
16-01-2015,3
17-01-2015,NaN
18-01-2015,NaN
19-01-2015,3
20-01-2015,3
21-01-2015,3
22-01-2015,3
23-01-2015,3
24-01-2015,NaN
25-01-2015,NaN
26-01-2015,3
27-01-2015,3
28-01-2015,3
29-01-2015,3
30-01-2015,3
31-01-2015,NaN
01-02-2015,NaN
02-02-2015,3
03-02-2015,3
04-02-2015,3
05-02-2015,3
06-02-2015,3
07-02-2015,NaN
08-02-2015,NaN
09-02-2015,3
10-02-2015,3
11-02-2015,3
12-02-2015,3
13-02-2015,3
14-02-2015,NaN
15-02-2015,NaN
16-02-2015,3
17-02-2015,3
18-02-2015,3
19-02-2015,3
20-02-2015,3
21-02-2015,NaN
22-02-2015,NaN
23-02-2015,3
24-02-2015,3
25-02-2015,3
26-02-2015,3
27-02-2015,3
28-02-2015,NaN
01-03-2015,NaN
02-03-2015,3
03-03-2015,3
04-03-2015,3
05-03-2015,3
06-03-2015,3
07-03-2015,NaN
08-03-2015,NaN
09-03-2015,3
10-03-2015,3
11-03-2015,3
12-03-2015,3
13-03-2015,3
14-03-2015,NaN
15-03-2015,NaN
16-03-2015,3
17-03-2015,3
18-03-2015,3
19-03-2015,3
20-03-2015,3
21-03-2015,NaN
22-03-2015,NaN
23-03-2015,3
24-03-2015,3
25-03-2015,3
26-03-2015,3
27-03-2015,3
28-03-2015,NaN
29-03-2015,NaN
30-03-2015,3
31-03-2015,3
01-04-2015,3
02-04-2015,3
03-04-2015,NaN
04-04-2015,NaN
05-04-2015,NaN
06-04-2015,3
07-04-2015,3
08-04-2015,3
09-04-2015,3
10-04-2015,3
11-04-2015,NaN
12-04-2015,NaN
13-04-2015,3
14-04-2015,3
15-04-2015,3
16-04-2015,3
17-04-2015,3
18-04-2015,NaN
19-04-2015,NaN
20-04-2015,3
21-04-2015,3
22-04-2015,3
23-04-2015,3
24-04-2015,3
25-04-2015,NaN
26-04-2015,NaN
27-04-2015,3
28-04-2015,3
29-04-2015,3
30-04-2015,3
01-05-2015,NaN
02-05-2015,NaN
03-05-2015,NaN
04-05-2015,3
05-05-2015,3
06-05-2015,3
07-05-2015,3
08-05-2015,3
09-05-2015,NaN
10-05-2015,NaN
11-05-2015,3
12-05-2015,3
13-05-2015,3
14-05-2015,3
15-05-2015,3
16-05-2015,NaN
17-05-2015,NaN
18-05-2015,3
19-05-2015,3
20-05-2015,3
21-05-2015,NaN
22-05-2015,3
23-05-2015,NaN
24-05-2015,NaN
25-05-2015,3
26-05-2015,3
27-05-2015,3
28-05-2015,3
29-05-2015,3
30-05-2015,NaN
31-05-2015,NaN
01-06-2015,3
02-06-2015,3
03-06-2015,3
04-06-2015,3
05-06-2015,3
06-06-2015,NaN
07-06-2015,NaN
08-06-2015,3
09-06-2015,3
10-06-2015,3
11-06-2015,3
12-06-2015,3
13-06-2015,NaN
14-06-2015,NaN
15-06-2015,3
16-06-2015,3
17-06-2015,3
18-06-2015,3
19-06-2015,3
20-06-2015,NaN
21-06-2015,NaN
22-06-2015,3
23-06-2015,3
24-06-2015,3
25-06-2015,3
26-06-2015,3
27-06-2015,NaN
28-06-2015,NaN
29-06-2015,NaN
30-06-2015,3
01-07-2015,3
02-07-2015,3
03-07-2015,3
04-07-2015,NaN
05-07-2015,NaN
06-07-2015,3
07-07-2015,3
08-07-2015,3
09-07-2015,3
10-07-2015,3
11-07-2015,NaN
12-07-2015,NaN
13-07-2015,3
14-07-2015,3
15-07-2015,3
16-07-2015,NaN
17-07-2015,3
18-07-2015,NaN
19-07-2015,NaN
20-07-2015,3
21-07-2015,3
22-07-2015,3
23-07-2015,3
24-07-2015,3
25-07-2015,NaN
26-07-2015,NaN
27-07-2015,3
28-07-2015,3
29-07-2015,3
30-07-2015,3
31-07-2015,3
01-08-2015,NaN
02-08-2015,NaN
03-08-2015,3
04-08-2015,3
05-08-2015,3
06-08-2015,3
07-08-2015,3
08-08-2015,NaN
09-08-2015,NaN
10-08-2015,3
11-08-2015,3
12-08-2015,3
13-08-2015,3
14-08-2015,3
15-08-2015,NaN
16-08-2015,NaN
17-08-2015,3
18-08-2015,3
19-08-2015,3
20-08-2015,3
21-08-2015,3
22-08-2015,NaN
23-08-2015,NaN
24-08-2015,3
25-08-2015,3
26-08-2015,3
27-08-2015,3
28-08-2015,3
29-08-2015,NaN
30-08-2015,NaN
31-08-2015,3
01-09-2015,3
02-09-2015,3
03-09-2015,3
04-09-2015,3
05-09-2015,NaN
06-09-2015,NaN
07-09-2015,3
08-09-2015,3
09-09-2015,3
10-09-2015,3
11-09-2015,3
12-09-2015,NaN
13-09-2015,NaN
14-09-2015,3
15-09-2015,3
16-09-2015,3
17-09-2015,3
18-09-2015,NaN
19-09-2015,NaN
20-09-2015,NaN
21-09-2015,3
22-09-2015,3
23-09-2015,3
24-09-2015,3
25-09-2015,3
26-09-2015,NaN
27-09-2015,NaN
28-09-2015,3
29-09-2015,3
30-09-2015,3
01-10-2015,3
02-10-2015,3
03-10-2015,NaN
04-10-2015,NaN
05-10-2015,3
06-10-2015,3
07-10-2015,3
08-10-2015,3
09-10-2015,3
10-10-2015,NaN
11-10-2015,NaN
12-10-2015,NaN
13-10-2015,3
14-10-2015,3
15-10-2015,3
16-10-2015,3.25
17-10-2015,NaN
18-10-2015,NaN
19-10-2015,3.25
20-10-2015,3.25
21-10-2015,3.25
22-10-2015,3.25
23-10-2015,3.25
24-10-2015,NaN
25-10-2015,NaN
26-10-2015,3.25
27-10-2015,3.25
28-10-2015,3.25
29-10-2015,3.25
30-10-2015,3.25
31-10-2015,NaN
01-11-2015,NaN
02-11-2015,3.25
03-11-2015,3.25
04-11-2015,3.25
05-11-2015,3.25
06-11-2015,3.25
07-11-2015,NaN
08-11-2015,NaN
09-11-2015,3.25
10-11-2015,3.25
11-11-2015,3.25
12-11-2015,3.25
13-11-2015,3.25
14-11-2015,NaN
15-11-2015,NaN
16-11-2015,3.25
17-11-2015,3.25
18-11-2015,3.25
19-11-2015,3.25
20-11-2015,3.25
21-11-2015,NaN
22-11-2015,NaN
23-11-2015,3.25
24-11-2015,3.25
25-11-2015,3.25
26-11-2015,3.25
27-11-2015,3.25
28-11-2015,NaN
29-11-2015,NaN
30-11-2015,3.25
01-12-2015,3.25
02-12-2015,3.25
03-12-2015,3.25
04-12-2015,3.25
05-12-2015,NaN
06-12-2015,NaN
07-12-2015,3.25
08-12-2015,NaN
09-12-2015,3.25
10-12-2015,3.25
11-12-2015,3.25
12-12-2015,NaN
13-12-2015,NaN
14-12-2015,3.25
15-12-2015,3.25
16-12-2015,3.25
17-12-2015,3.25
18-12-2015,3.5
19-12-2015,NaN
20-12-2015,NaN
21-12-2015,3.5
22-12-2015,3.5
23-12-2015,3.5
24-12-2015,3.5
25-12-2015,NaN
26-12-2015,NaN
27-12-2015,NaN
28-12-2015,3.5
29-12-2015,3.5
30-12-2015,3.5
31-12-2015,NaN
01-01-2016,NaN
02-01-2016,NaN
03-01-2016,NaN
04-01-2016,3.5
05-01-2016,3.5
06-01-2016,3.5
07-01-2016,3.5
08-01-2016,3.5
09-01-2016,NaN
10-01-2016,NaN
11-01-2016,3.5
12-01-2016,3.5
13-01-2016,3.5
14-01-2016,3.5
15-01-2016,3.5
16-01-2016,NaN
17-01-2016,NaN
18-01-2016,3.5
19-01-2016,3.5
20-01-2016,3.5
21-01-2016,3.5
22-01-2016,3.5
23-01-2016,NaN
24-01-2016,NaN
25-01-2016,3.5
26-01-2016,3.5
27-01-2016,3.5
28-01-2016,3.5
29-01-2016,3.5
30-01-2016,NaN
31-01-2016,NaN
01-02-2016,3.5
02-02-2016,3.5
03-02-2016,3.5
04-02-2016,3.5
05-02-2016,3.5
06-02-2016,NaN
07-02-2016,NaN
08-02-2016,3.5
09-02-2016,3.5
10-02-2016,3.5
11-02-2016,3.5
12-02-2016,3.5
13-02-2016,NaN
14-02-2016,NaN
15-02-2016,3.5
16-02-2016,3.5
17-02-2016,3.5
18-02-2016,3.5
19-02-2016,3.5
20-02-2016,NaN
21-02-2016,NaN
22-02-2016,3.5
23-02-2016,3.5
24-02-2016,3.5
25-02-2016,3.5
26-02-2016,3.5
27-02-2016,NaN
28-02-2016,NaN
29-02-2016,3.5
01-03-2016,3.5
02-03-2016,3.5
03-03-2016,3.5
04-03-2016,3.5
05-03-2016,NaN
06-03-2016,NaN
07-03-2016,3.5
08-03-2016,3.5
09-03-2016,3.5
10-03-2016,3.5
11-03-2016,3.5
12-03-2016,NaN
13-03-2016,NaN
14-03-2016,3.5
15-03-2016,3.5
16-03-2016,3.5
17-03-2016,3.5
18-03-2016,3.5
19-03-2016,NaN
20-03-2016,NaN
21-03-2016,3.5
22-03-2016,3.5
23-03-2016,3.5
24-03-2016,3.5
25-03-2016,NaN
26-03-2016,NaN
27-03-2016,NaN
28-03-2016,3.5
29-03-2016,3.5
30-03-2016,3.5
31-03-2016,3.5
01-04-2016,3.5
02-04-2016,NaN
03-04-2016,NaN
04-04-2016,3.5
05-04-2016,3.5
06-04-2016,3.5
07-04-2016,3.5
08-04-2016,3.5
09-04-2016,NaN
10-04-2016,NaN
11-04-2016,3.5
12-04-2016,3.5
13-04-2016,3.5
14-04-2016,3.5
15-04-2016,3.5
16-04-2016,NaN
17-04-2016,NaN
18-04-2016,3.5
19-04-2016,3.5
20-04-2016,3.5
21-04-2016,3.5
22-04-2016,3.5
23-04-2016,NaN
24-04-2016,NaN
25-04-2016,3.5
26-04-2016,3.5
27-04-2016,3.5
28-04-2016,3.5
29-04-2016,3.5
30-04-2016,NaN
01-05-2016,NaN
02-05-2016,3.5
03-05-2016,3.5
04-05-2016,3.5
05-05-2016,3.5
06-05-2016,3.5
07-05-2016,NaN
08-05-2016,NaN
09-05-2016,3.5
10-05-2016,3.5
11-05-2016,3.5
12-05-2016,3.5
13-05-2016,3.5
14-05-2016,NaN
15-05-2016,NaN
16-05-2016,3.5
17-05-2016,3.5
18-05-2016,3.5
19-05-2016,3.5
20-05-2016,3.5
21-05-2016,NaN
22-05-2016,NaN
23-05-2016,3.5
24-05-2016,3.5
25-05-2016,3.5
26-05-2016,3.5
27-05-2016,3.5
28-05-2016,NaN
29-05-2016,NaN
30-05-2016,3.5
31-05-2016,3.5
01-06-2016,3.5
02-06-2016,3.5
03-06-2016,3.5
04-06-2016,NaN
05-06-2016,NaN
06-06-2016,3.5
07-06-2016,3.5
08-06-2016,3.5
09-06-2016,3.5
10-06-2016,3.5
11-06-2016,NaN
12-06-2016,NaN
13-06-2016,3.5
14-06-2016,3.5
15-06-2016,3.5
16-06-2016,3.5
17-06-2016,3.5
18-06-2016,NaN
19-06-2016,NaN
20-06-2016,3.5
21-06-2016,3.5
22-06-2016,3.5
23-06-2016,3.5
24-06-2016,3.5
25-06-2016,NaN
26-06-2016,NaN
27-06-2016,NaN
28-06-2016,3.5
29-06-2016,3.5
30-06-2016,3.5
01-07-2016,3.5
02-07-2016,NaN
03-07-2016,NaN
04-07-2016,3.5
05-07-2016,3.5
06-07-2016,3.5
07-07-2016,3.5
08-07-2016,3.5
09-07-2016,NaN
10-07-2016,NaN
11-07-2016,3.5
12-07-2016,3.5
13-07-2016,3.5
14-07-2016,3.5
15-07-2016,3.5
16-07-2016,NaN
17-07-2016,NaN
18-07-2016,3.5
19-07-2016,3.5
20-07-2016,3.5
21-07-2016,3.5
22-07-2016,3.5
23-07-2016,NaN
24-07-2016,NaN
25-07-2016,3.5
26-07-2016,3.5
27-07-2016,3.5
28-07-2016,3.5
29-07-2016,3.5
30-07-2016,NaN
31-07-2016,NaN
01-08-2016,3.5
02-08-2016,3.5
03-08-2016,3.5
04-08-2016,3.5
05-08-2016,3.5
06-08-2016,NaN
07-08-2016,NaN
08-08-2016,3.5
09-08-2016,3.5
10-08-2016,3.5
11-08-2016,3.5
12-08-2016,3.5
13-08-2016,NaN
14-08-2016,NaN
15-08-2016,NaN
16-08-2016,3.5
17-08-2016,3.5
18-08-2016,3.5
19-08-2016,3.5
20-08-2016,NaN
21-08-2016,NaN
22-08-2016,3.5
23-08-2016,3.5
24-08-2016,3.5
25-08-2016,3.5
26-08-2016,3.5
27-08-2016,NaN
28-08-2016,NaN
29-08-2016,3.5
30-08-2016,3.5
31-08-2016,3.5
01-09-2016,3.5
02-09-2016,3.5
03-09-2016,NaN
04-09-2016,NaN
05-09-2016,3.5
06-09-2016,3.5
07-09-2016,3.5
08-09-2016,3.5
09-09-2016,3.5
10-09-2016,NaN
11-09-2016,NaN
12-09-2016,3.5
13-09-2016,3.5
14-09-2016,3.5
15-09-2016,3.5
16-09-2016,3.5
17-09-2016,NaN
18-09-2016,NaN
19-09-2016,NaN
20-09-2016,3.5
21-09-2016,3.5
22-09-2016,3.5
23-09-2016,3.5
24-09-2016,NaN
25-09-2016,NaN
26-09-2016,3.5
27-09-2016,3.5
28-09-2016,3.5
29-09-2016,3.5
30-09-2016,3.5
01-10-2016,NaN
02-10-2016,NaN
03-10-2016,3.5
04-10-2016,3.5
05-10-2016,3.5
06-10-2016,3.5
07-10-2016,3.5
08-10-2016,NaN
09-10-2016,NaN
10-10-2016,NaN
11-10-2016,3.5
12-10-2016,3.5
13-10-2016,3.5
14-10-2016,3.5
15-10-2016,NaN
16-10-2016,NaN
17-10-2016,3.5
18-10-2016,3.5
19-10-2016,3.5
20-10-2016,3.5
21-10-2016,3.5
22-10-2016,NaN
23-10-2016,NaN
24-10-2016,3.5
25-10-2016,3.5
26-10-2016,3.5
27-10-2016,3.5
28-10-2016,3.5
29-10-2016,NaN
30-10-2016,NaN
31-10-2016,NaN
01-11-2016,NaN
02-11-2016,3.5
03-11-2016,3.5
04-11-2016,3.5
05-11-2016,NaN
06-11-2016,NaN
07-11-2016,3.5
08-11-2016,3.5
09-11-2016,3.5
10-11-2016,3.5
11-11-2016,3.5
12-11-2016,NaN
13-11-2016,NaN
14-11-2016,3.5
15-11-2016,3.5
16-11-2016,3.5
17-11-2016,3.5
18-11-2016,3.5
19-11-2016,NaN
20-11-2016,NaN
21-11-2016,3.5
22-11-2016,3.5
23-11-2016,3.5
24-11-2016,3.5
25-11-2016,3.5
26-11-2016,NaN
27-11-2016,NaN
28-11-2016,3.5
29-11-2016,3.5
30-11-2016,3.5
01-12-2016,3.5
02-12-2016,3.5
03-12-2016,NaN
04-12-2016,NaN
05-12-2016,3.5
06-12-2016,3.5
07-12-2016,3.5
08-12-2016,NaN
09-12-2016,3.5
10-12-2016,NaN
11-12-2016,NaN
12-12-2016,3.5
13-12-2016,3.5
14-12-2016,3.5
15-12-2016,3.5
16-12-2016,3.5
17-12-2016,NaN
18-12-2016,NaN
19-12-2016,3.5
20-12-2016,3.5
21-12-2016,3.5
22-12-2016,3.5
23-12-2016,3.5
24-12-2016,NaN
25-12-2016,NaN
26-12-2016,3.5
27-12-2016,3.5
28-12-2016,3.5
29-12-2016,3.5
30-12-2016,3.5
31-12-2016,NaN
01-01-2017,NaN
02-01-2017,NaN
03-01-2017,3.5
04-01-2017,3.5
05-01-2017,3.5
06-01-2017,3.5
07-01-2017,NaN
08-01-2017,NaN
09-01-2017,3.5
10-01-2017,3.5
11-01-2017,3.5
12-01-2017,3.5
13-01-2017,3.5
14-01-2017,NaN
15-01-2017,NaN
16-01-2017,3.5
17-01-2017,3.5
18-01-2017,3.5
19-01-2017,3.5
20-01-2017,3.25
21-01-2017,NaN
22-01-2017,NaN
23-01-2017,3.25
24-01-2017,3.25
25-01-2017,3.25
26-01-2017,3.25
27-01-2017,3.25
28-01-2017,NaN
29-01-2017,NaN
30-01-2017,3.25
31-01-2017,3.25
01-02-2017,3.25
02-02-2017,3.25
03-02-2017,3.25
04-02-2017,NaN
05-02-2017,NaN
06-02-2017,3.25
07-02-2017,3.25
08-02-2017,3.25
09-02-2017,3.25
10-02-2017,3.25
11-02-2017,NaN
12-02-2017,NaN
13-02-2017,3.25
14-02-2017,3.25
15-02-2017,3.25
16-02-2017,3.25
17-02-2017,3.25
18-02-2017,NaN
19-02-2017,NaN
20-02-2017,3.25
21-02-2017,3.25
22-02-2017,3.25
23-02-2017,3.25
24-02-2017,3.25
25-02-2017,NaN
26-02-2017,NaN
27-02-2017,3.25
28-02-2017,3.25
01-03-2017,3.25
02-03-2017,3.25
03-03-2017,3.25
04-03-2017,NaN
05-03-2017,NaN
06-03-2017,3.25
07-03-2017,3.25
08-03-2017,3.25
09-03-2017,3.25
10-03-2017,3.25
11-03-2017,NaN
12-03-2017,NaN
13-03-2017,3.25
14-03-2017,3.25
15-03-2017,3.25
16-03-2017,3.25
17-03-2017,3
18-03-2017,NaN
19-03-2017,NaN
20-03-2017,3
21-03-2017,3
22-03-2017,3
23-03-2017,3
24-03-2017,3
25-03-2017,NaN
26-03-2017,NaN
27-03-2017,3
28-03-2017,3
29-03-2017,3
30-03-2017,3
31-03-2017,3
01-04-2017,NaN
02-04-2017,NaN
03-04-2017,3
04-04-2017,3
05-04-2017,3
06-04-2017,3
07-04-2017,3
08-04-2017,NaN
09-04-2017,NaN
10-04-2017,3
11-04-2017,3
12-04-2017,3
13-04-2017,3
14-04-2017,NaN
15-04-2017,NaN
16-04-2017,NaN
17-04-2017,2.75
18-04-2017,2.75
19-04-2017,NaN
20-04-2017,2.75
21-04-2017,2.75
22-04-2017,NaN
23-04-2017,NaN
24-04-2017,2.75
25-04-2017,2.75
26-04-2017,2.75
27-04-2017,2.75
28-04-2017,2.75
29-04-2017,NaN
30-04-2017,NaN
01-05-2017,NaN
02-05-2017,2.75
03-05-2017,2.75
04-05-2017,2.75
05-05-2017,2.75
06-05-2017,NaN
07-05-2017,NaN
08-05-2017,2.75
09-05-2017,2.75
10-05-2017,2.75
11-05-2017,2.75
12-05-2017,2.75
13-05-2017,NaN
14-05-2017,NaN
15-05-2017,2.75
16-05-2017,2.75
17-05-2017,2.75
18-05-2017,2.75
19-05-2017,2.5
20-05-2017,NaN
21-05-2017,NaN
22-05-2017,2.5
23-05-2017,2.5
24-05-2017,2.5
25-05-2017,2.5
26-05-2017,2.5
27-05-2017,NaN
28-05-2017,NaN
29-05-2017,2.5
30-05-2017,2.5
31-05-2017,2.5
01-06-2017,2.5
02-06-2017,2.5
03-06-2017,NaN
04-06-2017,NaN
05-06-2017,2.5
06-06-2017,2.5
07-06-2017,2.5
08-06-2017,2.5
09-06-2017,2.5
10-06-2017,NaN
11-06-2017,NaN
12-06-2017,2.5
13-06-2017,2.5
14-06-2017,2.5
15-06-2017,2.5
16-06-2017,2.5
17-06-2017,NaN
18-06-2017,NaN
19-06-2017,2.5
20-06-2017,2.5
21-06-2017,2.5
22-06-2017,2.5
23-06-2017,2.5
24-06-2017,NaN
25-06-2017,NaN
26-06-2017,NaN
27-06-2017,2.5
28-06-2017,2.5
29-06-2017,2.5
30-06-2017,2.5
01-07-2017,NaN
02-07-2017,NaN
03-07-2017,2.5
04-07-2017,2.5
05-07-2017,2.5
06-07-2017,2.5
07-07-2017,2.5
08-07-2017,NaN
09-07-2017,NaN
10-07-2017,2.5
11-07-2017,2.5
12-07-2017,2.5
13-07-2017,2.5
14-07-2017,2.5
15-07-2017,NaN
16-07-2017,NaN
17-07-2017,2.5
18-07-2017,2.5
19-07-2017,2.5
20-07-2017,2.5
21-07-2017,2.5
22-07-2017,NaN
23-07-2017,NaN
24-07-2017,2.5
25-07-2017,2.5
26-07-2017,2.5
27-07-2017,2.5
28-07-2017,2.5
29-07-2017,NaN
30-07-2017,NaN
31-07-2017,2.5
01-08-2017,2.5
02-08-2017,2.5
03-08-2017,2.5
04-08-2017,2.5
05-08-2017,NaN
06-08-2017,NaN
07-08-2017,2.5
08-08-2017,2.5
09-08-2017,2.5
10-08-2017,2.5
11-08-2017,2.5
12-08-2017,NaN
13-08-2017,NaN
14-08-2017,2.5
15-08-2017,NaN
16-08-2017,2.5
17-08-2017,2.5
18-08-2017,2.5
19-08-2017,NaN
20-08-2017,NaN
21-08-2017,2.5
22-08-2017,2.5
23-08-2017,2.5
24-08-2017,2.5
25-08-2017,2.5
26-08-2017,NaN
27-08-2017,NaN
28-08-2017,2.5
29-08-2017,2.5
30-08-2017,2.5
31-08-2017,2.5
01-09-2017,2.5
02-09-2017,NaN
03-09-2017,NaN
04-09-2017,2.5
05-09-2017,2.5
06-09-2017,2.5
07-09-2017,2.5
08-09-2017,2.5
09-09-2017,NaN
10-09-2017,NaN
11-09-2017,2.5
12-09-2017,2.5
13-09-2017,2.5
14-09-2017,2.5
15-09-2017,2.5
16-09-2017,NaN
17-09-2017,NaN
18-09-2017,NaN
19-09-2017,NaN
20-09-2017,2.5
21-09-2017,2.5
22-09-2017,2.5
23-09-2017,NaN
24-09-2017,NaN
25-09-2017,2.5
26-09-2017,2.5
27-09-2017,2.5
28-09-2017,2.5
29-09-2017,2.5
30-09-2017,NaN
01-10-2017,NaN
02-10-2017,2.5
03-10-2017,2.5
04-10-2017,2.5
05-10-2017,2.5
06-10-2017,2.5
07-10-2017,NaN
08-10-2017,NaN
09-10-2017,NaN
10-10-2017,2.5
11-10-2017,2.5
12-10-2017,2.5
13-10-2017,2.5
14-10-2017,NaN
15-10-2017,NaN
16-10-2017,2.5
17-10-2017,2.5
18-10-2017,2.5
19-10-2017,2.5
20-10-2017,2.5
21-10-2017,NaN
22-10-2017,NaN
23-10-2017,2.5
24-10-2017,2.5
25-10-2017,2.5
26-10-2017,2.5
27-10-2017,NaN
28-10-2017,NaN
29-10-2017,NaN
30-10-2017,2.5
31-10-2017,2.5
01-11-2017,NaN
02-11-2017,2.5
03-11-2017,2.5
04-11-2017,NaN
05-11-2017,NaN
06-11-2017,2.5
07-11-2017,2.5
08-11-2017,2.5
09-11-2017,2.5
10-11-2017,2.5
11-11-2017,NaN
12-11-2017,NaN
13-11-2017,2.5
14-11-2017,2.5
15-11-2017,2.5
16-11-2017,2.5
17-11-2017,2.5
18-11-2017,NaN
19-11-2017,NaN
20-11-2017,2.5
21-11-2017,2.5
22-11-2017,2.5
23-11-2017,2.5
24-11-2017,2.5
25-11-2017,NaN
26-11-2017,NaN
27-11-2017,2.5
28-11-2017,2.5
29-11-2017,2.5
30-11-2017,2.5
01-12-2017,2.5
02-12-2017,NaN
03-12-2017,NaN
04-12-2017,2.5
05-12-2017,2.5
06-12-2017,2.5
07-12-2017,2.5
08-12-2017,NaN
09-12-2017,NaN
10-12-2017,NaN
11-12-2017,2.5
12-12-2017,2.5
13-12-2017,2.5
14-12-2017,2.5
15-12-2017,2.5
16-12-2017,NaN
17-12-2017,NaN
18-12-2017,2.5
19-12-2017,2.5
20-12-2017,2.5
21-12-2017,2.5
22-12-2017,2.5
23-12-2017,NaN
24-12-2017,NaN
25-12-2017,NaN
26-12-2017,2.5
27-12-2017,2.5
28-12-2017,2.5
29-12-2017,2.5
30-12-2017,NaN
31-12-2017,NaN
01-01-2018,NaN
02-01-2018,2.5
03-01-2018,2.5
04-01-2018,2.5
05-01-2018,2.5
06-01-2018,NaN
07-01-2018,NaN
08-01-2018,2.5
09-01-2018,2.5
10-01-2018,2.5
11-01-2018,2.5
12-01-2018,2.5
13-01-2018,NaN
14-01-2018,NaN
15-01-2018,2.5
16-01-2018,NaN
17-01-2018,2.5
18-01-2018,2.5
19-01-2018,2.5
20-01-2018,NaN
21-01-2018,NaN
22-01-2018,2.5
23-01-2018,2.5
24-01-2018,2.5
25-01-2018,2.5
26-01-2018,2.5
27-01-2018,NaN
28-01-2018,NaN
29-01-2018,2.5
30-01-2018,2.5
31-01-2018,2.5
01-02-2018,2.5
02-02-2018,2.5
03-02-2018,NaN
04-02-2018,NaN
05-02-2018,2.5
06-02-2018,2.5
07-02-2018,2.5
08-02-2018,2.5
09-02-2018,2.5
10-02-2018,NaN
11-02-2018,NaN
12-02-2018,2.5
13-02-2018,2.5
14-02-2018,2.5
15-02-2018,2.5
16-02-2018,2.5
17-02-2018,NaN
18-02-2018,NaN
19-02-2018,2.5
20-02-2018,2.5
21-02-2018,2.5
22-02-2018,2.5
23-02-2018,2.5
24-02-2018,NaN
25-02-2018,NaN
26-02-2018,2.5
27-02-2018,2.5
28-02-2018,2.5
01-03-2018,2.5
02-03-2018,2.5
03-03-2018,NaN
04-03-2018,NaN
05-03-2018,2.5
06-03-2018,2.5
07-03-2018,2.5
08-03-2018,2.5
09-03-2018,2.5
10-03-2018,NaN
11-03-2018,NaN
12-03-2018,2.5
13-03-2018,2.5
14-03-2018,2.5
15-03-2018,2.5
16-03-2018,2.5
17-03-2018,NaN
18-03-2018,NaN
19-03-2018,2.5
20-03-2018,2.5
21-03-2018,2.5
22-03-2018,2.5
23-03-2018,2.5
24-03-2018,NaN
25-03-2018,NaN
26-03-2018,2.5
27-03-2018,2.5
28-03-2018,2.5
29-03-2018,2.5
30-03-2018,NaN
31-03-2018,NaN
01-04-2018,NaN
02-04-2018,2.5
03-04-2018,2.5
04-04-2018,2.5
05-04-2018,2.5
06-04-2018,2.5
07-04-2018,NaN
08-04-2018,NaN
09-04-2018,2.5
10-04-2018,2.5
11-04-2018,2.5
12-04-2018,2.5
13-04-2018,2.5
14-04-2018,NaN
15-04-2018,NaN
16-04-2018,2.5
17-04-2018,2.5
18-04-2018,2.5
19-04-2018,2.5
20-04-2018,2.5
21-04-2018,NaN
22-04-2018,NaN
23-04-2018,2.5
24-04-2018,2.5
25-04-2018,2.5
26-04-2018,2.5
27-04-2018,2.5
28-04-2018,NaN
29-04-2018,NaN
30-04-2018,2.5
01-05-2018,NaN
02-05-2018,2.5
03-05-2018,2.5
04-05-2018,2.5
05-05-2018,NaN
06-05-2018,NaN
07-05-2018,2.5
08-05-2018,2.5
09-05-2018,2.5
10-05-2018,2.5
11-05-2018,2.5
12-05-2018,NaN
13-05-2018,NaN
14-05-2018,2.5
15-05-2018,2.5
16-05-2018,2.5
17-05-2018,2.5
18-05-2018,2.5
19-05-2018,NaN
20-05-2018,NaN
21-05-2018,NaN
22-05-2018,2.5
23-05-2018,2.5
24-05-2018,2.5
25-05-2018,2.5
26-05-2018,NaN
27-05-2018,NaN
28-05-2018,2.5
29-05-2018,2.5
30-05-2018,2.5
31-05-2018,2.5
01-06-2018,2.5
02-06-2018,NaN
03-06-2018,NaN
04-06-2018,2.5
05-06-2018,2.5
06-06-2018,2.5
07-06-2018,2.5
08-06-2018,2.5
09-06-2018,NaN
10-06-2018,NaN
11-06-2018,2.5
12-06-2018,2.5
13-06-2018,2.5
14-06-2018,2.5
15-06-2018,2.5
16-06-2018,NaN
17-06-2018,NaN
18-06-2018,2.5
19-06-2018,2.5
20-06-2018,2.5
21-06-2018,2.5
22-06-2018,2.5
23-06-2018,NaN
24-06-2018,NaN
25-06-2018,2.5
26-06-2018,2.5
27-06-2018,2.5
28-06-2018,2.5
29-06-2018,2.5
30-06-2018,NaN
01-07-2018,NaN
02-07-2018,NaN
03-07-2018,2.5
04-07-2018,2.5
05-07-2018,2.5
06-07-2018,2.5
07-07-2018,NaN
08-07-2018,NaN
09-07-2018,2.5
10-07-2018,2.5
11-07-2018,2.5
12-07-2018,2.5
13-07-2018,2.5
14-07-2018,NaN
15-07-2018,NaN
16-07-2018,NaN
17-07-2018,2.5
18-07-2018,2.5
19-07-2018,2.5
20-07-2018,2.5
21-07-2018,NaN
22-07-2018,NaN
23-07-2018,2.5
24-07-2018,2.5
25-07-2018,2.5
26-07-2018,2.5
27-07-2018,2.5
28-07-2018,NaN
29-07-2018,NaN
30-07-2018,2.5
31-07-2018,2.5
01-08-2018,2.5
02-08-2018,2.5
03-08-2018,2.5
04-08-2018,NaN
05-08-2018,NaN
06-08-2018,2.5
07-08-2018,2.5
08-08-2018,2.5
09-08-2018,2.5
10-08-2018,2.5
11-08-2018,NaN
12-08-2018,NaN
13-08-2018,2.5
14-08-2018,2.5
15-08-2018,NaN
16-08-2018,2.5
17-08-2018,2.5
18-08-2018,NaN
19-08-2018,NaN
20-08-2018,2.5
21-08-2018,2.5
22-08-2018,2.5
23-08-2018,2.5
24-08-2018,2.5
25-08-2018,NaN
26-08-2018,NaN
27-08-2018,2.5
28-08-2018,2.5
29-08-2018,2.5
30-08-2018,2.5
31-08-2018,2.5
01-09-2018,NaN
02-09-2018,NaN
03-09-2018,2.5
04-09-2018,2.5
05-09-2018,2.5
06-09-2018,2.5
07-09-2018,2.5
08-09-2018,NaN
09-09-2018,NaN
10-09-2018,2.5
11-09-2018,2.5
12-09-2018,2.5
13-09-2018,2.5
14-09-2018,2.5
15-09-2018,NaN
16-09-2018,NaN
17-09-2018,NaN
18-09-2018,NaN
19-09-2018,NaN
20-09-2018,2.5
21-09-2018,2.5
22-09-2018,NaN
23-09-2018,NaN
24-09-2018,2.5
25-09-2018,2.5
26-09-2018,2.5
27-09-2018,2.5
28-09-2018,2.5
29-09-2018,NaN
30-09-2018,NaN
01-10-2018,2.5
02-10-2018,2.5
03-10-2018,2.5
04-10-2018,2.5
05-10-2018,2.5
06-10-2018,NaN
07-10-2018,NaN
08-10-2018,2.5
09-10-2018,2.5
10-10-2018,2.5
11-10-2018,2.5
12-10-2018,2.5
13-10-2018,NaN
14-10-2018,NaN
15-10-2018,NaN
16-10-2018,2.5
17-10-2018,2.5
18-10-2018,2.5
19-10-2018,2.75
20-10-2018,NaN
21-10-2018,NaN
22-10-2018,2.75
23-10-2018,2.75
24-10-2018,2.75
25-10-2018,2.75
26-10-2018,2.75
27-10-2018,NaN
28-10-2018,NaN
29-10-2018,2.75
30-10-2018,2.75
31-10-2018,2.75
01-11-2018,NaN
02-11-2018,NaN
03-11-2018,NaN
04-11-2018,NaN
05-11-2018,2.75
06-11-2018,2.75
07-11-2018,2.75
08-11-2018,2.75
09-11-2018,2.75
10-11-2018,NaN
11-11-2018,NaN
12-11-2018,2.75
13-11-2018,2.75
14-11-2018,2.75
15-11-2018,2.75
16-11-2018,2.75
17-11-2018,NaN
18-11-2018,NaN
19-11-2018,2.75
20-11-2018,2.75
21-11-2018,2.75
22-11-2018,2.75
23-11-2018,2.75
24-11-2018,NaN
25-11-2018,NaN
26-11-2018,2.75
27-11-2018,2.75
28-11-2018,2.75
29-11-2018,2.75
30-11-2018,2.75
01-12-2018,NaN
02-12-2018,NaN
03-12-2018,2.75
04-12-2018,2.75
05-12-2018,2.75
06-12-2018,2.75
07-12-2018,2.75
08-12-2018,NaN
09-12-2018,NaN
10-12-2018,2.75
11-12-2018,2.75
12-12-2018,2.75
13-12-2018,2.75
14-12-2018,2.75
15-12-2018,NaN
16-12-2018,NaN
17-12-2018,2.75
18-12-2018,2.75
19-12-2018,2.75
20-12-2018,2.75
21-12-2018,2.75
22-12-2018,NaN
23-12-2018,NaN
24-12-2018,2.75
25-12-2018,NaN
26-12-2018,2.75
27-12-2018,2.75
28-12-2018,2.75
29-12-2018,NaN
30-12-2018,NaN
31-12-2018,2.75
01-01-2019,NaN
02-01-2019,2.75
03-01-2019,2.75
04-01-2019,2.75
05-01-2019,NaN
06-01-2019,NaN
07-01-2019,2.75
08-01-2019,2.75
09-01-2019,2.75
10-01-2019,2.75
11-01-2019,2.75
12-01-2019,NaN
13-01-2019,NaN
14-01-2019,2.75
15-01-2019,2.75
16-01-2019,2.75
17-01-2019,2.75
18-01-2019,2.75
19-01-2019,NaN
20-01-2019,NaN
21-01-2019,2.75
22-01-2019,2.75
23-01-2019,2.75
24-01-2019,2.75
25-01-2019,2.75
26-01-2019,NaN
27-01-2019,NaN
28-01-2019,2.75
29-01-2019,2.75
30-01-2019,2.75
31-01-2019,3
01-02-2019,3
02-02-2019,NaN
03-02-2019,NaN
04-02-2019,3
05-02-2019,3
06-02-2019,3
07-02-2019,3
08-02-2019,3
09-02-2019,NaN
10-02-2019,NaN
11-02-2019,3
12-02-2019,3
13-02-2019,3
14-02-2019,3
15-02-2019,3
16-02-2019,NaN
17-02-2019,NaN
18-02-2019,3
19-02-2019,3
20-02-2019,3
21-02-2019,3
22-02-2019,3
23-02-2019,NaN
24-02-2019,NaN
25-02-2019,3
26-02-2019,3
27-02-2019,3
28-02-2019,3
01-03-2019,3
02-03-2019,NaN
03-03-2019,NaN
04-03-2019,3
05-03-2019,3
06-03-2019,3
07-03-2019,3
08-03-2019,3
09-03-2019,NaN
10-03-2019,NaN
11-03-2019,3
12-03-2019,3
13-03-2019,3
14-03-2019,3
15-03-2019,3
16-03-2019,NaN
17-03-2019,NaN
18-03-2019,3
19-03-2019,3
20-03-2019,3
21-03-2019,3
22-03-2019,3
23-03-2019,NaN
24-03-2019,NaN
25-03-2019,3
26-03-2019,3
27-03-2019,3
28-03-2019,3
29-03-2019,3
30-03-2019,NaN
31-03-2019,NaN
01-04-2019,3
02-04-2019,3
03-04-2019,3
04-04-2019,3
05-04-2019,3
06-04-2019,NaN
07-04-2019,NaN
08-04-2019,3
09-04-2019,3
10-04-2019,3
11-04-2019,3
12-04-2019,3
13-04-2019,NaN
14-04-2019,NaN
15-04-2019,3
16-04-2019,3
17-04-2019,3
18-04-2019,3
19-04-2019,NaN
20-04-2019,NaN
21-04-2019,NaN
22-04-2019,3
23-04-2019,3
24-04-2019,3
25-04-2019,3
26-04-2019,3
27-04-2019,NaN
28-04-2019,NaN
29-04-2019,3
30-04-2019,3
01-05-2019,NaN
02-05-2019,3
03-05-2019,3
04-05-2019,NaN
05-05-2019,NaN
06-05-2019,3
07-05-2019,3
08-05-2019,3
09-05-2019,3
10-05-2019,3
11-05-2019,NaN
12-05-2019,NaN
13-05-2019,3
14-05-2019,3
15-05-2019,3
16-05-2019,3
17-05-2019,3
18-05-2019,NaN
19-05-2019,NaN
20-05-2019,3
21-05-2019,NaN
22-05-2019,3
23-05-2019,3
24-05-2019,3
25-05-2019,NaN
26-05-2019,NaN
27-05-2019,3
28-05-2019,3
29-05-2019,3
30-05-2019,3
31-05-2019,3
01-06-2019,NaN
02-06-2019,NaN
03-06-2019,3
04-06-2019,3
05-06-2019,3
06-06-2019,3
07-06-2019,3
08-06-2019,NaN
09-06-2019,NaN
10-06-2019,2.5
11-06-2019,2.5
12-06-2019,2.5
13-06-2019,2.5
14-06-2019,2.5
15-06-2019,NaN
16-06-2019,NaN
17-06-2019,2.5
18-06-2019,2.5
19-06-2019,2.5
20-06-2019,2.5
21-06-2019,2.5
22-06-2019,NaN
23-06-2019,NaN
24-06-2019,2.5
25-06-2019,2.5
26-06-2019,2.5
27-06-2019,2.5
28-06-2019,2.5
29-06-2019,NaN
30-06-2019,NaN
01-07-2019,2.5
02-07-2019,2.5
03-07-2019,2.5
04-07-2019,2.5
05-07-2019,2.5
06-07-2019,NaN
07-07-2019,NaN
08-07-2019,2.5
09-07-2019,2.5
10-07-2019,2.5
11-07-2019,2.5
12-07-2019,2.5
13-07-2019,NaN
14-07-2019,NaN
15-07-2019,2.5
16-07-2019,NaN
17-07-2019,2.5
18-07-2019,2.5
19-07-2019,2.5
20-07-2019,NaN
21-07-2019,NaN
22-07-2019,2.5
23-07-2019,2.5
24-07-2019,2.5
25-07-2019,2.5
26-07-2019,2.5
27-07-2019,NaN
28-07-2019,NaN
29-07-2019,2.5
30-07-2019,2.5
31-07-2019,2.5
01-08-2019,2.5
02-08-2019,2.5
03-08-2019,NaN
04-08-2019,NaN
05-08-2019,2.5
06-08-2019,2.5
07-08-2019,2.5
08-08-2019,2.5
09-08-2019,2.5
10-08-2019,NaN
11-08-2019,NaN
12-08-2019,2.5
13-08-2019,2.5
14-08-2019,2.5
15-08-2019,NaN
16-08-2019,2.5
17-08-2019,NaN
18-08-2019,NaN
19-08-2019,2.5
20-08-2019,2.5
21-08-2019,2.5
22-08-2019,2.5
23-08-2019,2.5
24-08-2019,NaN
25-08-2019,NaN
26-08-2019,2.5
27-08-2019,2.5
28-08-2019,2.5
29-08-2019,2.5
30-08-2019,2.5
31-08-2019,NaN
01-09-2019,NaN
02-09-2019,2.5
03-09-2019,2.5
04-09-2019,2
05-09-2019,2
06-09-2019,2
07-09-2019,NaN
08-09-2019,NaN
09-09-2019,2
10-09-2019,2
11-09-2019,2
12-09-2019,2
13-09-2019,2
14-09-2019,NaN
15-09-2019,NaN
16-09-2019,2
17-09-2019,2
18-09-2019,NaN
19-09-2019,NaN
20-09-2019,NaN
21-09-2019,NaN
22-09-2019,NaN
23-09-2019,2
24-09-2019,2
25-09-2019,2
26-09-2019,2
27-09-2019,2
28-09-2019,NaN
29-09-2019,NaN
30-09-2019,2
01-10-2019,2
02-10-2019,2
03-10-2019,2
04-10-2019,2
05-10-2019,NaN
06-10-2019,NaN
07-10-2019,2
08-10-2019,2
09-10-2019,2
10-10-2019,2
11-10-2019,2
12-10-2019,NaN
13-10-2019,NaN
14-10-2019,2
15-10-2019,2
16-10-2019,2
17-10-2019,2
18-10-2019,2
19-10-2019,NaN
20-10-2019,NaN
21-10-2019,2
22-10-2019,2
23-10-2019,2
24-10-2019,1.75
25-10-2019,1.75
26-10-2019,NaN
27-10-2019,NaN
28-10-2019,1.75
29-10-2019,1.75
30-10-2019,1.75
31-10-2019,NaN
01-11-2019,NaN
02-11-2019,NaN
03-11-2019,NaN
04-11-2019,1.75
05-11-2019,1.75
06-11-2019,1.75
07-11-2019,1.75
08-11-2019,1.75
09-11-2019,NaN
10-11-2019,NaN
11-11-2019,1.75
12-11-2019,1.75
13-11-2019,1.75
14-11-2019,1.75
15-11-2019,1.75
16-11-2019,NaN
17-11-2019,NaN
18-11-2019,1.75
19-11-2019,1.75
20-11-2019,1.75
21-11-2019,1.75
22-11-2019,1.75
23-11-2019,NaN
24-11-2019,NaN
25-11-2019,1.75
26-11-2019,1.75
27-11-2019,1.75
28-11-2019,1.75
29-11-2019,1.75
30-11-2019,NaN
01-12-2019,NaN
02-12-2019,1.75
03-12-2019,1.75
04-12-2019,1.75
05-12-2019,1.75
06-12-2019,1.75
07-12-2019,NaN
08-12-2019,NaN
09-12-2019,1.75
10-12-2019,1.75
11-12-2019,1.75
12-12-2019,1.75
13-12-2019,1.75
14-12-2019,NaN
15-12-2019,NaN
16-12-2019,1.75
17-12-2019,1.75
18-12-2019,1.75
19-12-2019,1.75
20-12-2019,1.75
21-12-2019,NaN
22-12-2019,NaN
23-12-2019,1.75
24-12-2019,1.75
25-12-2019,NaN
26-12-2019,1.75
27-12-2019,1.75
28-12-2019,NaN
29-12-2019,NaN
30-12-2019,1.75
31-12-2019,1.75
01-01-2020,NaN
02-01-2020,1.75
03-01-2020,1.75
04-01-2020,NaN
05-01-2020,NaN
06-01-2020,1.75
07-01-2020,1.75
08-01-2020,1.75
09-01-2020,1.75
10-01-2020,1.75
11-01-2020,NaN
12-01-2020,NaN
13-01-2020,1.75
14-01-2020,1.75
15-01-2020,1.75
16-01-2020,1.75
17-01-2020,1.75
18-01-2020,NaN
19-01-2020,NaN
20-01-2020,1.75
21-01-2020,1.75
22-01-2020,1.75
23-01-2020,1.75
24-01-2020,1.75
25-01-2020,NaN
26-01-2020,NaN
27-01-2020,1.75
28-01-2020,1.75
29-01-2020,1.75
30-01-2020,1.75
31-01-2020,1.75
01-02-2020,NaN
02-02-2020,NaN
03-02-2020,1.75
04-02-2020,1.75
05-02-2020,1.75
06-02-2020,1.75
07-02-2020,1.75
08-02-2020,NaN
09-02-2020,NaN
10-02-2020,1.75
11-02-2020,1.75
12-02-2020,1.75
13-02-2020,1.75
14-02-2020,1.75
15-02-2020,NaN
16-02-2020,NaN
17-02-2020,1.75
18-02-2020,1.75
19-02-2020,1.75
20-02-2020,1.75
21-02-2020,1.75
22-02-2020,NaN
23-02-2020,NaN
24-02-2020,1.75
25-02-2020,1.75
26-02-2020,1.75
27-02-2020,1.75
28-02-2020,1.75
29-02-2020,NaN
01-03-2020,NaN
02-03-2020,1.75
03-03-2020,1.75
04-03-2020,1.75
05-03-2020,1.75
06-03-2020,1.75
07-03-2020,NaN
08-03-2020,NaN
09-03-2020,1.75
10-03-2020,1.75
11-03-2020,1.75
12-03-2020,1.75
13-03-2020,1.75
14-03-2020,NaN
15-03-2020,NaN
16-03-2020,1.75
17-03-2020,1
18-03-2020,1
19-03-2020,1
20-03-2020,1
21-03-2020,NaN
22-03-2020,NaN
23-03-2020,1
24-03-2020,1
25-03-2020,1
26-03-2020,1
27-03-2020,1
28-03-2020,NaN
29-03-2020,NaN
30-03-2020,1
31-03-2020,1
01-04-2020,0.5
02-04-2020,0.5
03-04-2020,0.5
04-04-2020,NaN
05-04-2020,NaN
06-04-2020,0.5
07-04-2020,0.5
08-04-2020,0.5
09-04-2020,0.5
10-04-2020,NaN
11-04-2020,NaN
12-04-2020,NaN
13-04-2020,0.5
14-04-2020,0.5
15-04-2020,0.5
16-04-2020,0.5
17-04-2020,0.5
18-04-2020,NaN
19-04-2020,NaN
20-04-2020,0.5
21-04-2020,0.5
22-04-2020,0.5
23-04-2020,0.5
24-04-2020,0.5
25-04-2020,NaN
26-04-2020,NaN
27-04-2020,0.5
28-04-2020,0.5
29-04-2020,0.5
30-04-2020,0.5
01-05-2020,NaN
02-05-2020,NaN
03-05-2020,NaN
04-05-2020,0.5
05-05-2020,0.5
06-05-2020,0.5
07-05-2020,0.5
08-05-2020,0.5
09-05-2020,NaN
10-05-2020,NaN
11-05-2020,0.5
12-05-2020,0.5
13-05-2020,0.5
14-05-2020,0.5
15-05-2020,0.5
16-05-2020,NaN
17-05-2020,NaN
18-05-2020,0.5
19-05-2020,0.5
20-05-2020,0.5
21-05-2020,NaN
22-05-2020,0.5
23-05-2020,NaN
24-05-2020,NaN
25-05-2020,0.5
26-05-2020,0.5
27-05-2020,0.5
28-05-2020,0.5
29-05-2020,0.5
30-05-2020,NaN
31-05-2020,NaN
01-06-2020,0.5
02-06-2020,0.5
03-06-2020,0.5
04-06-2020,0.5
05-06-2020,0.5
06-06-2020,NaN
07-06-2020,NaN
08-06-2020,0.5
09-06-2020,0.5
10-06-2020,0.5
11-06-2020,0.5
12-06-2020,0.5
13-06-2020,NaN
14-06-2020,NaN
15-06-2020,0.5
16-06-2020,0.5
17-06-2020,0.5
18-06-2020,0.5
19-06-2020,0.5
20-06-2020,NaN
21-06-2020,NaN
22-06-2020,0.5
23-06-2020,0.5
24-06-2020,0.5
25-06-2020,0.5
26-06-2020,0.5
27-06-2020,NaN
28-06-2020,NaN
29-06-2020,NaN
30-06-2020,0.5
01-07-2020,0.5
02-07-2020,0.5
03-07-2020,0.5
04-07-2020,NaN
05-07-2020,NaN
06-07-2020,0.5
07-07-2020,0.5
08-07-2020,0.5
09-07-2020,0.5
10-07-2020,0.5
11-07-2020,NaN
12-07-2020,NaN
13-07-2020,0.5
14-07-2020,0.5
15-07-2020,0.5
16-07-2020,NaN
17-07-2020,0.5
18-07-2020,NaN
19-07-2020,NaN
20-07-2020,0.5
21-07-2020,0.5
22-07-2020,0.5
23-07-2020,0.5
24-07-2020,0.5
25-07-2020,NaN
26-07-2020,NaN
27-07-2020,0.5
28-07-2020,0.5
29-07-2020,0.5
30-07-2020,0.5
31-07-2020,0.5
01-08-2020,NaN
02-08-2020,NaN
03-08-2020,0.5
04-08-2020,0.5
05-08-2020,0.5
06-08-2020,0.5
07-08-2020,0.5
08-08-2020,NaN
09-08-2020,NaN
10-08-2020,0.5
11-08-2020,0.5
12-08-2020,0.5
13-08-2020,0.5
14-08-2020,0.5
15-08-2020,NaN
16-08-2020,NaN
17-08-2020,0.5
18-08-2020,0.5
19-08-2020,0.5
20-08-2020,0.5
21-08-2020,0.5
22-08-2020,NaN
23-08-2020,NaN
24-08-2020,0.5
25-08-2020,0.5
26-08-2020,0.5
27-08-2020,0.5
28-08-2020,0.5
29-08-2020,NaN
30-08-2020,NaN
31-08-2020,0.5
01-09-2020,0.5
02-09-2020,0.5
03-09-2020,0.5
04-09-2020,0.5
05-09-2020,NaN
06-09-2020,NaN
07-09-2020,0.5
08-09-2020,0.5
09-09-2020,0.5
10-09-2020,0.5
11-09-2020,0.5
12-09-2020,NaN
13-09-2020,NaN
14-09-2020,0.5
15-09-2020,0.5
16-09-2020,0.5
17-09-2020,0.5
18-09-2020,NaN
19-09-2020,NaN
20-09-2020,NaN
21-09-2020,0.5
22-09-2020,0.5
23-09-2020,0.5
24-09-2020,0.5
25-09-2020,0.5
26-09-2020,NaN
27-09-2020,NaN
28-09-2020,0.5
29-09-2020,0.5
30-09-2020,0.5
01-10-2020,0.5
02-10-2020,0.5
03-10-2020,NaN
04-10-2020,NaN
05-10-2020,0.5
06-10-2020,0.5
07-10-2020,0.5
08-10-2020,0.5
09-10-2020,0.5
10-10-2020,NaN
11-10-2020,NaN
12-10-2020,NaN
13-10-2020,0.5
14-10-2020,0.5
15-10-2020,0.5
16-10-2020,0.5
17-10-2020,NaN
18-10-2020,NaN
19-10-2020,0.5
20-10-2020,0.5
21-10-2020,0.5
22-10-2020,0.5
23-10-2020,0.5
24-10-2020,NaN
25-10-2020,NaN
26-10-2020,0.5
27-10-2020,0.5
28-10-2020,0.5
29-10-2020,0.5
30-10-2020,0.5
31-10-2020,NaN
01-11-2020,NaN
02-11-2020,0.5
03-11-2020,0.5
04-11-2020,0.5
05-11-2020,0.5
06-11-2020,0.5
07-11-2020,NaN
08-11-2020,NaN
09-11-2020,0.5
10-11-2020,0.5
11-11-2020,0.5
12-11-2020,0.5
13-11-2020,0.5
14-11-2020,NaN
15-11-2020,NaN
16-11-2020,0.5
17-11-2020,0.5
18-11-2020,0.5
19-11-2020,0.5
20-11-2020,0.5
21-11-2020,NaN
22-11-2020,NaN
23-11-2020,0.5
24-11-2020,0.5
25-11-2020,0.5
26-11-2020,0.5
27-11-2020,0.5
28-11-2020,NaN
29-11-2020,NaN
30-11-2020,0.5
01-12-2020,0.5
02-12-2020,0.5
03-12-2020,0.5
04-12-2020,0.5
05-12-2020,NaN
06-12-2020,NaN
07-12-2020,0.5
08-12-2020,NaN
09-12-2020,0.5
10-12-2020,0.5
11-12-2020,0.5
12-12-2020,NaN
13-12-2020,NaN
14-12-2020,0.5
15-12-2020,0.5
16-12-2020,0.5
17-12-2020,0.5
18-12-2020,0.5
19-12-2020,NaN
20-12-2020,NaN
21-12-2020,0.5
22-12-2020,0.5
23-12-2020,0.5
24-12-2020,0.5
25-12-2020,NaN
26-12-2020,NaN
27-12-2020,NaN
28-12-2020,0.5
29-12-2020,0.5
30-12-2020,0.5
31-12-2020,NaN
01-01-2021,NaN
02-01-2021,NaN
03-01-2021,NaN
04-01-2021,0.5
05-01-2021,0.5
06-01-2021,0.5
07-01-2021,0.5
08-01-2021,0.5
09-01-2021,NaN
10-01-2021,NaN
11-01-2021,0.5
12-01-2021,0.5
13-01-2021,0.5
14-01-2021,0.5
15-01-2021,0.5
16-01-2021,NaN
17-01-2021,NaN
18-01-2021,0.5
19-01-2021,0.5
20-01-2021,0.5
21-01-2021,0.5
22-01-2021,0.5
23-01-2021,NaN
24-01-2021,NaN
25-01-2021,0.5
26-01-2021,0.5
27-01-2021,0.5
28-01-2021,0.5
29-01-2021,0.5
30-01-2021,NaN
31-01-2021,NaN
01-02-2021,0.5
02-02-2021,0.5
03-02-2021,0.5
04-02-2021,0.5
05-02-2021,0.5
06-02-2021,NaN
07-02-2021,NaN
08-02-2021,0.5
09-02-2021,0.5
10-02-2021,0.5
11-02-2021,0.5
12-02-2021,0.5
13-02-2021,NaN
14-02-2021,NaN
15-02-2021,0.5
16-02-2021,0.5
17-02-2021,0.5
18-02-2021,0.5
19-02-2021,0.5
20-02-2021,NaN
21-02-2021,NaN
22-02-2021,0.5
23-02-2021,0.5
24-02-2021,0.5
25-02-2021,0.5
26-02-2021,0.5
27-02-2021,NaN
28-02-2021,NaN
01-03-2021,0.5
02-03-2021,0.5
03-03-2021,0.5
04-03-2021,0.5
05-03-2021,0.5
06-03-2021,NaN
07-03-2021,NaN
08-03-2021,0.5
09-03-2021,0.5
10-03-2021,0.5
11-03-2021,0.5
12-03-2021,0.5
13-03-2021,NaN
14-03-2021,NaN
15-03-2021,0.5
16-03-2021,0.5
17-03-2021,0.5
18-03-2021,0.5
19-03-2021,0.5
20-03-2021,NaN
21-03-2021,NaN
22-03-2021,0.5
23-03-2021,0.5
24-03-2021,0.5
25-03-2021,0.5
26-03-2021,0.5
27-03-2021,NaN
28-03-2021,NaN
29-03-2021,0.5
30-03-2021,0.5
31-03-2021,0.5
01-04-2021,0.5
02-04-2021,NaN
03-04-2021,NaN
04-04-2021,NaN
05-04-2021,0.5
06-04-2021,0.5
07-04-2021,0.5
08-04-2021,0.5
09-04-2021,0.5
10-04-2021,NaN
11-04-2021,NaN
12-04-2021,0.5
13-04-2021,0.5
14-04-2021,0.5
15-04-2021,0.5
16-04-2021,0.5
17-04-2021,NaN
18-04-2021,NaN
19-04-2021,0.5
20-04-2021,0.5
21-04-2021,0.5
22-04-2021,0.5
23-04-2021,0.5
24-04-2021,NaN
25-04-2021,NaN
26-04-2021,0.5
27-04-2021,0.5
28-04-2021,0.5
29-04-2021,0.5
30-04-2021,0.5
01-05-2021,NaN
02-05-2021,NaN
03-05-2021,0.5
04-05-2021,0.5
05-05-2021,0.5
06-05-2021,0.5
07-05-2021,0.5
08-05-2021,NaN
09-05-2021,NaN
10-05-2021,0.5
11-05-2021,0.5
12-05-2021,0.5
13-05-2021,0.5
14-05-2021,0.5
15-05-2021,NaN
16-05-2021,NaN
17-05-2021,0.5
18-05-2021,0.5
19-05-2021,0.5
20-05-2021,0.5
21-05-2021,NaN
22-05-2021,NaN
23-05-2021,NaN
24-05-2021,0.5
25-05-2021,0.5
26-05-2021,0.5
27-05-2021,0.5
28-05-2021,0.5
29-05-2021,NaN
30-05-2021,NaN
31-05-2021,0.5
01-06-2021,0.5
02-06-2021,0.5
03-06-2021,0.5
04-06-2021,0.5
05-06-2021,NaN
06-06-2021,NaN
07-06-2021,0.5
08-06-2021,0.5
09-06-2021,0.5
10-06-2021,0.5
11-06-2021,0.5
12-06-2021,NaN
13-06-2021,NaN
14-06-2021,0.5
15-06-2021,0.5
16-06-2021,0.5
17-06-2021,0.5
18-06-2021,0.5
19-06-2021,NaN
20-06-2021,NaN
21-06-2021,NaN
22-06-2021,0.5
23-06-2021,0.5
24-06-2021,0.5
25-06-2021,0.5
26-06-2021,NaN
27-06-2021,NaN
28-06-2021,NaN
29-06-2021,0.5
30-06-2021,0.5
01-07-2021,0.5
02-07-2021,0.5
03-07-2021,NaN
04-07-2021,NaN
05-07-2021,0.5
06-07-2021,0.5
07-07-2021,0.5
08-07-2021,0.5
09-07-2021,0.5
10-07-2021,NaN
11-07-2021,NaN
12-07-2021,0.5
13-07-2021,0.5
14-07-2021,0.5
15-07-2021,0.75
16-07-2021,NaN
17-07-2021,NaN
18-07-2021,NaN
19-07-2021,0.75
20-07-2021,0.75
21-07-2021,0.75
22-07-2021,0.75
23-07-2021,0.75
24-07-2021,NaN
25-07-2021,NaN
26-07-2021,0.75
27-07-2021,0.75
28-07-2021,0.75
29-07-2021,0.75
30-07-2021,0.75
31-07-2021,NaN
01-08-2021,NaN
02-08-2021,0.75
03-08-2021,0.75
04-08-2021,0.75
05-08-2021,0.75
06-08-2021,0.75
07-08-2021,NaN
08-08-2021,NaN
09-08-2021,0.75
10-08-2021,0.75
11-08-2021,0.75
12-08-2021,0.75
13-08-2021,0.75
14-08-2021,NaN
15-08-2021,NaN
16-08-2021,0.75
17-08-2021,0.75
18-08-2021,0.75
19-08-2021,0.75
20-08-2021,0.75
21-08-2021,NaN
22-08-2021,NaN
23-08-2021,0.75
24-08-2021,0.75
25-08-2021,0.75
26-08-2021,0.75
27-08-2021,0.75
28-08-2021,NaN
29-08-2021,NaN
30-08-2021,0.75
31-08-2021,0.75
01-09-2021,1.5
02-09-2021,1.5
03-09-2021,1.5
04-09-2021,NaN
05-09-2021,NaN
06-09-2021,1.5
07-09-2021,1.5
08-09-2021,1.5
09-09-2021,1.5
10-09-2021,1.5
11-09-2021,NaN
12-09-2021,NaN
13-09-2021,1.5
14-09-2021,1.5
15-09-2021,1.5
16-09-2021,1.5
17-09-2021,NaN
18-09-2021,NaN
19-09-2021,NaN
20-09-2021,1.5
21-09-2021,1.5
22-09-2021,1.5
23-09-2021,1.5
24-09-2021,1.5
25-09-2021,NaN
26-09-2021,NaN
27-09-2021,1.5
28-09-2021,1.5
29-09-2021,1.5
30-09-2021,1.5
01-10-2021,1.5
02-10-2021,NaN
03-10-2021,NaN
04-10-2021,1.5
05-10-2021,1.5
06-10-2021,1.5
07-10-2021,1.5
08-10-2021,1.5
09-10-2021,NaN
10-10-2021,NaN
11-10-2021,NaN
12-10-2021,1.5
13-10-2021,1.5
14-10-2021,2.75
15-10-2021,2.75
16-10-2021,NaN
17-10-2021,NaN
18-10-2021,2.75
19-10-2021,2.75
20-10-2021,2.75
21-10-2021,2.75
22-10-2021,2.75
23-10-2021,NaN
24-10-2021,NaN
25-10-2021,2.75
26-10-2021,2.75
27-10-2021,2.75
28-10-2021,2.75
29-10-2021,2.75
30-10-2021,NaN
31-10-2021,NaN
01-11-2021,NaN
02-11-2021,2.75
03-11-2021,2.75
04-11-2021,2.75
05-11-2021,2.75
06-11-2021,NaN
07-11-2021,NaN
08-11-2021,2.75
09-11-2021,2.75
10-11-2021,2.75
11-11-2021,2.75
12-11-2021,2.75
13-11-2021,NaN
14-11-2021,NaN
15-11-2021,2.75
16-11-2021,2.75
17-11-2021,2.75
18-11-2021,2.75
19-11-2021,2.75
20-11-2021,NaN
21-11-2021,NaN
22-11-2021,2.75
23-11-2021,2.75
24-11-2021,2.75
25-11-2021,2.75
26-11-2021,2.75
27-11-2021,NaN
28-11-2021,NaN
29-11-2021,2.75
30-11-2021,2.75
01-12-2021,2.75
02-12-2021,2.75
03-12-2021,2.75
04-12-2021,NaN
05-12-2021,NaN
06-12-2021,2.75
07-12-2021,2.75
08-12-2021,NaN
09-12-2021,2.75
10-12-2021,2.75
11-12-2021,NaN
12-12-2021,NaN
13-12-2021,2.75
14-12-2021,2.75
15-12-2021,4
16-12-2021,4
17-12-2021,4
18-12-2021,NaN
19-12-2021,NaN
20-12-2021,4
21-12-2021,4
22-12-2021,4
23-12-2021,4
24-12-2021,4
25-12-2021,NaN
26-12-2021,NaN
27-12-2021,4
28-12-2021,4
29-12-2021,4
30-12-2021,4
31-12-2021,NaN
01-01-2022,NaN
02-01-2022,NaN
03-01-2022,4
04-01-2022,4
05-01-2022,4
06-01-2022,4
07-01-2022,4
08-01-2022,NaN
09-01-2022,NaN
10-01-2022,4
11-01-2022,4
12-01-2022,4
13-01-2022,4
14-01-2022,4
15-01-2022,NaN
16-01-2022,NaN
17-01-2022,4
18-01-2022,4
19-01-2022,4
20-01-2022,4
21-01-2022,4
22-01-2022,NaN
23-01-2022,NaN
24-01-2022,4
25-01-2022,4
26-01-2022,4
27-01-2022,5.5
28-01-2022,5.5
29-01-2022,NaN
30-01-2022,NaN
31-01-2022,5.5
01-02-2022,5.5
02-02-2022,5.5
03-02-2022,5.5
04-02-2022,5.5
05-02-2022,NaN
06-02-2022,NaN
07-02-2022,5.5
08-02-2022,5.5
09-02-2022,5.5
10-02-2022,5.5
11-02-2022,5.5
12-02-2022,NaN
13-02-2022,NaN
14-02-2022,5.5
15-02-2022,5.5
16-02-2022,5.5
17-02-2022,5.5
18-02-2022,5.5
19-02-2022,NaN
20-02-2022,NaN
21-02-2022,5.5
22-02-2022,5.5
23-02-2022,5.5
24-02-2022,5.5
25-02-2022,5.5
26-02-2022,NaN
27-02-2022,NaN
28-02-2022,5.5
01-03-2022,5.5
02-03-2022,5.5
03-03-2022,5.5
04-03-2022,5.5
05-03-2022,NaN
06-03-2022,NaN
07-03-2022,5.5
08-03-2022,5.5
09-03-2022,5.5
10-03-2022,5.5
11-03-2022,5.5
12-03-2022,NaN
13-03-2022,NaN
14-03-2022,5.5
15-03-2022,5.5
16-03-2022,5.5
17-03-2022,5.5
18-03-2022,5.5
19-03-2022,NaN
20-03-2022,NaN
21-03-2022,5.5
22-03-2022,5.5
23-03-2022,5.5
24-03-2022,5.5
25-03-2022,5.5
26-03-2022,NaN
27-03-2022,NaN
28-03-2022,5.5
29-03-2022,5.5
30-03-2022,7
31-03-2022,7
01-04-2022,7
02-04-2022,NaN
03-04-2022,NaN
04-04-2022,7
05-04-2022,7
06-04-2022,7
07-04-2022,7
08-04-2022,7
09-04-2022,NaN
10-04-2022,NaN
11-04-2022,7
12-04-2022,7
13-04-2022,7
14-04-2022,7
15-04-2022,NaN
16-04-2022,NaN
17-04-2022,NaN
18-04-2022,7
19-04-2022,7
20-04-2022,7
21-04-2022,7
22-04-2022,7
23-04-2022,NaN
24-04-2022,NaN
25-04-2022,7
26-04-2022,7
27-04-2022,7
28-04-2022,7
29-04-2022,7
30-04-2022,NaN
01-05-2022,NaN
02-05-2022,7
03-05-2022,7
04-05-2022,7
05-05-2022,7
06-05-2022,8.25
07-05-2022,NaN
08-05-2022,NaN
09-05-2022,8.25
10-05-2022,8.25
11-05-2022,8.25
12-05-2022,8.25
13-05-2022,8.25
14-05-2022,NaN
15-05-2022,NaN
16-05-2022,8.25
17-05-2022,8.25
18-05-2022,8.25
19-05-2022,8.25
20-05-2022,8.25
21-05-2022,NaN
22-05-2022,NaN
23-05-2022,8.25
24-05-2022,8.25
25-05-2022,8.25
26-05-2022,8.25
27-05-2022,8.25
28-05-2022,NaN
29-05-2022,NaN
30-05-2022,8.25
31-05-2022,8.25
01-06-2022,8.25
02-06-2022,8.25
03-06-2022,8.25
04-06-2022,NaN
05-06-2022,NaN
06-06-2022,8.25
07-06-2022,8.25
08-06-2022,9
09-06-2022,9
10-06-2022,9
11-06-2022,NaN
12-06-2022,NaN
13-06-2022,9
14-06-2022,9
15-06-2022,9
16-06-2022,9
17-06-2022,9
18-06-2022,NaN
19-06-2022,NaN
20-06-2022,9
21-06-2022,NaN
22-06-2022,9
23-06-2022,9
24-06-2022,9
25-06-2022,NaN
26-06-2022,NaN
27-06-2022,NaN
28-06-2022,9
29-06-2022,9
30-06-2022,9
01-07-2022,9
02-07-2022,NaN
03-07-2022,NaN
04-07-2022,9
05-07-2022,9
06-07-2022,9
07-07-2022,9
08-07-2022,9
09-07-2022,NaN
10-07-2022,NaN
11-07-2022,9
12-07-2022,9
13-07-2022,9
14-07-2022,9.75
15-07-2022,9.75
16-07-2022,NaN
17-07-2022,NaN
18-07-2022,9.75
19-07-2022,9.75
20-07-2022,9.75
21-07-2022,9.75
22-07-2022,9.75
23-07-2022,NaN
24-07-2022,NaN
25-07-2022,9.75
26-07-2022,9.75
27-07-2022,9.75
28-07-2022,9.75
29-07-2022,9.75
30-07-2022,NaN
31-07-2022,NaN
01-08-2022,9.75
02-08-2022,9.75
03-08-2022,9.75
04-08-2022,9.75
05-08-2022,9.75
06-08-2022,NaN
07-08-2022,NaN
08-08-2022,9.75
09-08-2022,9.75
10-08-2022,9.75
11-08-2022,9.75
12-08-2022,9.75
13-08-2022,NaN
14-08-2022,NaN
15-08-2022,NaN
16-08-2022,9.75
17-08-2022,9.75
18-08-2022,9.75
19-08-2022,9.75
20-08-2022,NaN
21-08-2022,NaN
22-08-2022,9.75
23-08-2022,9.75
24-08-2022,9.75
25-08-2022,9.75
26-08-2022,9.75
27-08-2022,NaN
28-08-2022,NaN
29-08-2022,9.75
30-08-2022,9.75
31-08-2022,9.75
01-09-2022,9.75
02-09-2022,9.75
03-09-2022,NaN
04-09-2022,NaN
05-09-2022,9.75
06-09-2022,9.75
07-09-2022,10.75
08-09-2022,10.75
09-09-2022,10.75
10-09-2022,NaN
11-09-2022,NaN
12-09-2022,10.75
13-09-2022,10.75
14-09-2022,10.75
15-09-2022,10.75
16-09-2022,NaN
17-09-2022,NaN
18-09-2022,NaN
19-09-2022,NaN
20-09-2022,10.75
21-09-2022,10.75
22-09-2022,10.75
23-09-2022,10.75
24-09-2022,NaN
25-09-2022,NaN
26-09-2022,10.75
27-09-2022,10.75
28-09-2022,10.75
29-09-2022,10.75
30-09-2022,10.75
01-10-2022,NaN
02-10-2022,NaN
03-10-2022,10.75
04-10-2022,10.75
05-10-2022,10.75
06-10-2022,10.75
07-10-2022,10.75
08-10-2022,NaN
09-10-2022,NaN
10-10-2022,NaN
11-10-2022,10.75
12-10-2022,10.75
13-10-2022,11.25
14-10-2022,11.25
15-10-2022,NaN
16-10-2022,NaN
17-10-2022,11.25
18-10-2022,11.25
19-10-2022,11.25
20-10-2022,11.25
21-10-2022,11.25
22-10-2022,NaN
23-10-2022,NaN
24-10-2022,11.25
25-10-2022,11.25
26-10-2022,11.25
27-10-2022,11.25
28-10-2022,11.25
29-10-2022,NaN
30-10-2022,NaN
31-10-2022,NaN
01-11-2022,NaN
02-11-2022,11.25
03-11-2022,11.25
04-11-2022,11.25
05-11-2022,NaN
06-11-2022,NaN
07-11-2022,11.25
08-11-2022,11.25
09-11-2022,11.25
10-11-2022,11.25
11-11-2022,11.25
12-11-2022,NaN
13-11-2022,NaN
14-11-2022,11.25
15-11-2022,11.25
16-11-2022,11.25
17-11-2022,11.25
18-11-2022,11.25
19-11-2022,NaN
20-11-2022,NaN
21-11-2022,11.25
22-11-2022,11.25
23-11-2022,11.25
24-11-2022,11.25
25-11-2022,11.25
26-11-2022,NaN
27-11-2022,NaN
28-11-2022,11.25
29-11-2022,11.25
30-11-2022,11.25
01-12-2022,11.25
02-12-2022,11.25
03-12-2022,NaN
04-12-2022,NaN
05-12-2022,11.25
06-12-2022,11.25
07-12-2022,11.25
08-12-2022,NaN
09-12-2022,11.25
10-12-2022,NaN
11-12-2022,NaN
12-12-2022,11.25
13-12-2022,11.25
14-12-2022,11.25
15-12-2022,11.25
16-12-2022,11.25
17-12-2022,NaN
18-12-2022,NaN
19-12-2022,11.25
20-12-2022,11.25
21-12-2022,11.25
22-12-2022,11.25
23-12-2022,11.25
24-12-2022,NaN
25-12-2022,NaN
26-12-2022,11.25
27-12-2022,11.25
28-12-2022,11.25
29-12-2022,11.25
30-12-2022,11.25
31-12-2022,NaN
01-01-2023,NaN
02-01-2023,NaN
03-01-2023,11.25
04-01-2023,11.25
05-01-2023,11.25
06-01-2023,11.25
07-01-2023,NaN
08-01-2023,NaN
09-01-2023,11.25
10-01-2023,11.25
11-01-2023,11.25
12-01-2023,11.25
13-01-2023,11.25
14-01-2023,NaN
15-01-2023,NaN
16-01-2023,11.25
17-01-2023,11.25
18-01-2023,11.25
19-01-2023,11.25
20-01-2023,11.25
21-01-2023,NaN
22-01-2023,NaN
23-01-2023,11.25
24-01-2023,11.25
25-01-2023,11.25
26-01-2023,11.25
27-01-2023,11.25
28-01-2023,NaN
29-01-2023,NaN
30-01-2023,11.25
31-01-2023,11.25
01-02-2023,11.25
02-02-2023,11.25
03-02-2023,11.25
04-02-2023,NaN
05-02-2023,NaN
06-02-2023,11.25
07-02-2023,11.25
08-02-2023,11.25
09-02-2023,11.25
10-02-2023,11.25
11-02-2023,NaN
12-02-2023,NaN
13-02-2023,11.25
14-02-2023,11.25
15-02-2023,11.25
16-02-2023,11.25
17-02-2023,11.25
18-02-2023,NaN
19-02-2023,NaN
20-02-2023,11.25
21-02-2023,11.25
22-02-2023,11.25
23-02-2023,11.25
24-02-2023,11.25
25-02-2023,NaN
26-02-2023,NaN
27-02-2023,11.25
28-02-2023,11.25
01-03-2023,11.25
02-03-2023,11.25
03-03-2023,11.25
04-03-2023,NaN
05-03-2023,NaN
06-03-2023,11.25
07-03-2023,11.25
08-03-2023,11.25
09-03-2023,11.25
10-03-2023,11.25
11-03-2023,NaN
12-03-2023,NaN
13-03-2023,11.25
14-03-2023,11.25
15-03-2023,11.25
16-03-2023,11.25
17-03-2023,11.25
18-03-2023,NaN
19-03-2023,NaN
20-03-2023,11.25
21-03-2023,11.25
22-03-2023,11.25
23-03-2023,11.25
24-03-2023,11.25
25-03-2023,NaN
26-03-2023,NaN
27-03-2023,11.25
28-03-2023,11.25
29-03-2023,11.25
30-03-2023,11.25
31-03-2023,11.25
01-04-2023,NaN
02-04-2023,NaN
03-04-2023,11.25
04-04-2023,11.25
05-04-2023,11.25
06-04-2023,11.25
07-04-2023,NaN
08-04-2023,NaN
09-04-2023,NaN
10-04-2023,11.25
11-04-2023,11.25
12-04-2023,11.25
13-04-2023,11.25
14-04-2023,11.25
15-04-2023,NaN
16-04-2023,NaN
17-04-2023,11.25
18-04-2023,11.25
19-04-2023,11.25
20-04-2023,11.25
21-04-2023,11.25
22-04-2023,NaN
23-04-2023,NaN
24-04-2023,11.25
25-04-2023,11.25
26-04-2023,11.25
27-04-2023,11.25
28-04-2023,11.25
29-04-2023,NaN
30-04-2023,NaN
01-05-2023,NaN
02-05-2023,11.25
03-05-2023,11.25
04-05-2023,11.25
05-05-2023,11.25
06-05-2023,NaN
07-05-2023,NaN
08-05-2023,11.25
09-05-2023,11.25
10-05-2023,11.25
11-05-2023,11.25
12-05-2023,11.25
13-05-2023,NaN
14-05-2023,NaN
15-05-2023,11.25
16-05-2023,11.25
17-05-2023,11.25
18-05-2023,11.25
19-05-2023,11.25
20-05-2023,NaN
21-05-2023,NaN
22-05-2023,11.25
23-05-2023,11.25
24-05-2023,11.25
25-05-2023,11.25
26-05-2023,11.25
27-05-2023,NaN
28-05-2023,NaN
29-05-2023,11.25
30-05-2023,11.25
31-05-2023,11.25
01-06-2023,11.25
02-06-2023,11.25
03-06-2023,NaN
04-06-2023,NaN
05-06-2023,11.25
06-06-2023,11.25
07-06-2023,11.25
08-06-2023,11.25
09-06-2023,11.25
10-06-2023,NaN
11-06-2023,NaN
12-06-2023,11.25
13-06-2023,11.25
14-06-2023,11.25
15-06-2023,11.25
16-06-2023,11.25
17-06-2023,NaN
18-06-2023,NaN
19-06-2023,11.25
20-06-2023,11.25
21-06-2023,NaN
22-06-2023,11.25
23-06-2023,11.25
24-06-2023,NaN
25-06-2023,NaN
26-06-2023,NaN
27-06-2023,11.25
28-06-2023,11.25
29-06-2023,11.25
30-06-2023,11.25
01-07-2023,NaN
02-07-2023,NaN
03-07-2023,11.25
04-07-2023,11.25
05-07-2023,11.25
06-07-2023,11.25
07-07-2023,11.25
08-07-2023,NaN
09-07-2023,NaN
10-07-2023,11.25
11-07-2023,11.25
12-07-2023,11.25
13-07-2023,11.25
14-07-2023,11.25
15-07-2023,NaN
16-07-2023,NaN
17-07-2023,11.25
18-07-2023,11.25
19-07-2023,11.25
20-07-2023,11.25
21-07-2023,11.25
22-07-2023,NaN
23-07-2023,NaN
24-07-2023,11.25
25-07-2023,11.25
26-07-2023,11.25
27-07-2023,11.25
28-07-2023,11.25
29-07-2023,NaN
30-07-2023,NaN
31-07-2023,10.25
01-08-2023,10.25
02-08-2023,10.25
03-08-2023,10.25
04-08-2023,10.25
05-08-2023,NaN
06-08-2023,NaN
07-08-2023,10.25
08-08-2023,10.25
09-08-2023,10.25
10-08-2023,10.25
11-08-2023,10.25
12-08-2023,NaN
13-08-2023,NaN
14-08-2023,10.25
15-08-2023,NaN
16-08-2023,10.25
17-08-2023,10.25
18-08-2023,10.25
19-08-2023,NaN
20-08-2023,NaN
21-08-2023,10.25
22-08-2023,10.25
23-08-2023,10.25
24-08-2023,10.25
25-08-2023,10.25
26-08-2023,NaN
27-08-2023,NaN
28-08-2023,10.25
29-08-2023,10.25
30-08-2023,10.25
31-08-2023,10.25
01-09-2023,10.25
02-09-2023,NaN
03-09-2023,NaN
04-09-2023,10.25
05-09-2023,10.25
06-09-2023,9.5
07-09-2023,9.5
08-09-2023,9.5
09-09-2023,NaN
10-09-2023,NaN
11-09-2023,9.5
12-09-2023,9.5
13-09-2023,9.5
14-09-2023,9.5
15-09-2023,9.5
16-09-2023,NaN
17-09-2023,NaN
18-09-2023,NaN
19-09-2023,NaN
20-09-2023,9.5
21-09-2023,9.5
22-09-2023,9.5
23-09-2023,NaN
24-09-2023,NaN
25-09-2023,9.5
26-09-2023,9.5
27-09-2023,9.5
28-09-2023,9.5
29-09-2023,9.5
30-09-2023,NaN
01-10-2023,NaN
02-10-2023,9.5
03-10-2023,9.5
04-10-2023,9.5
05-10-2023,9.5
06-10-2023,9.5
07-10-2023,NaN
08-10-2023,NaN
09-10-2023,NaN
10-10-2023,9.5
11-10-2023,9.5
12-10-2023,9.5
13-10-2023,9.5
14-10-2023,NaN
15-10-2023,NaN
16-10-2023,9.5
17-10-2023,9.5
18-10-2023,9.5
19-10-2023,9.5
20-10-2023,9.5
21-10-2023,NaN
22-10-2023,NaN
23-10-2023,9.5
24-10-2023,9.5
25-10-2023,9.5
26-10-2023,9.5
27-10-2023,NaN
28-10-2023,NaN
29-10-2023,NaN
30-10-2023,9
31-10-2023,9
01-11-2023,NaN
02-11-2023,9
03-11-2023,9
04-11-2023,NaN
05-11-2023,NaN
06-11-2023,9
07-11-2023,9
08-11-2023,9
09-11-2023,9
10-11-2023,9
11-11-2023,NaN
12-11-2023,NaN
13-11-2023,9
14-11-2023,9
15-11-2023,9
16-11-2023,9
17-11-2023,9
18-11-2023,NaN
19-11-2023,NaN
20-11-2023,9
21-11-2023,9
22-11-2023,9
23-11-2023,9
24-11-2023,9
25-11-2023,NaN
26-11-2023,NaN
27-11-2023,9
28-11-2023,9
29-11-2023,9
30-11-2023,9
01-12-2023,9
02-12-2023,NaN
03-12-2023,NaN
04-12-2023,9
05-12-2023,9
06-12-2023,9
07-12-2023,9
08-12-2023,NaN
09-12-2023,NaN
10-12-2023,NaN
11-12-2023,9
12-12-2023,9
13-12-2023,9
14-12-2023,9
15-12-2023,9
16-12-2023,NaN
17-12-2023,NaN
18-12-2023,9
19-12-2023,9
20-12-2023,8.25
21-12-2023,8.25
22-12-2023,8.25
23-12-2023,NaN
24-12-2023,NaN
25-12-2023,NaN
26-12-2023,8.25
27-12-2023,8.25
28-12-2023,8.25
29-12-2023,8.25
30-12-2023,NaN
31-12-2023,NaN
01-01-2024,NaN
02-01-2024,8.25
03-01-2024,8.25
04-01-2024,8.25
05-01-2024,8.25
06-01-2024,NaN
07-01-2024,NaN
08-01-2024,8.25
09-01-2024,8.25
10-01-2024,8.25
11-01-2024,8.25
12-01-2024,8.25
13-01-2024,NaN
14-01-2024,NaN
15-01-2024,8.25
16-01-2024,8.25
17-01-2024,8.25
18-01-2024,8.25
19-01-2024,8.25
20-01-2024,NaN
21-01-2024,NaN
22-01-2024,8.25
23-01-2024,8.25
24-01-2024,8.25
25-01-2024,8.25
26-01-2024,8.25
27-01-2024,NaN
28-01-2024,NaN
29-01-2024,8.25
30-01-2024,8.25
31-01-2024,8.25
01-02-2024,7.25
02-02-2024,7.25
03-02-2024,NaN
04-02-2024,NaN
05-02-2024,7.25
06-02-2024,7.25
07-02-2024,7.25
08-02-2024,7.25
09-02-2024,7.25
10-02-2024,NaN
11-02-2024,NaN
12-02-2024,7.25
13-02-2024,7.25
14-02-2024,7.25
15-02-2024,7.25
16-02-2024,7.25
17-02-2024,NaN
18-02-2024,NaN
19-02-2024,7.25
20-02-2024,7.25
21-02-2024,7.25
22-02-2024,7.25
23-02-2024,7.25
24-02-2024,NaN
25-02-2024,NaN
26-02-2024,7.25
27-02-2024,7.25
28-02-2024,7.25
29-02-2024,7.25
01-03-2024,7.25
02-03-2024,NaN
03-03-2024,NaN
04-03-2024,7.25
05-03-2024,7.25
06-03-2024,7.25
07-03-2024,7.25
08-03-2024,7.25
09-03-2024,NaN
10-03-2024,NaN
11-03-2024,7.25
12-03-2024,7.25
13-03-2024,7.25
14-03-2024,7.25
15-03-2024,7.25
16-03-2024,NaN
17-03-2024,NaN
18-03-2024,7.25
19-03-2024,7.25
20-03-2024,7.25
21-03-2024,7.25
22-03-2024,7.25
23-03-2024,NaN
24-03-2024,NaN
25-03-2024,7.25
26-03-2024,7.25
27-03-2024,7.25
28-03-2024,7.25
29-03-2024,NaN
30-03-2024,NaN
31-03-2024,NaN
01-04-2024,7.25
02-04-2024,7.25
03-04-2024,6.5
04-04-2024,6.5
05-04-2024,6.5
06-04-2024,NaN
07-04-2024,NaN
08-04-2024,6.5
09-04-2024,6.5
10-04-2024,6.5
11-04-2024,6.5
12-04-2024,6.5
13-04-2024,NaN
14-04-2024,NaN
15-04-2024,6.5
16-04-2024,6.5
17-04-2024,6.5
18-04-2024,6.5
19-04-2024,6.5
20-04-2024,NaN
21-04-2024,NaN
22-04-2024,6.5
23-04-2024,6.5
24-04-2024,6.5
25-04-2024,6.5
26-04-2024,6.5
27-04-2024,NaN
28-04-2024,NaN
29-04-2024,6.5
30-04-2024,6.5
01-05-2024,NaN
02-05-2024,6.5
03-05-2024,6.5
04-05-2024,NaN
05-05-2024,NaN
06-05-2024,6.5
07-05-2024,6.5
08-05-2024,6.5
09-05-2024,6.5
10-05-2024,6.5
11-05-2024,NaN
12-05-2024,NaN
13-05-2024,6.5
14-05-2024,6.5
15-05-2024,6.5
16-05-2024,6.5
17-05-2024,6.5
18-05-2024,NaN
19-05-2024,NaN
20-05-2024,6.5
21-05-2024,NaN
22-05-2024,6.5
23-05-2024,6.5
24-05-2024,6
25-05-2024,NaN
26-05-2024,NaN
27-05-2024,6
28-05-2024,6
29-05-2024,6
30-05-2024,6
31-05-2024,6
01-06-2024,NaN
02-06-2024,NaN
03-06-2024,6
04-06-2024,6
05-06-2024,6
06-06-2024,6
07-06-2024,6
08-06-2024,NaN
09-06-2024,NaN
10-06-2024,6
11-06-2024,6
12-06-2024,6
13-06-2024,6
14-06-2024,6
15-06-2024,NaN
16-06-2024,NaN
17-06-2024,6
18-06-2024,6
19-06-2024,5.75
20-06-2024,NaN
21-06-2024,5.75
22-06-2024,NaN
23-06-2024,NaN
24-06-2024,5.75
25-06-2024,5.75
26-06-2024,5.75
27-06-2024,5.75
28-06-2024,5.75
29-06-2024,NaN
30-06-2024,NaN
01-07-2024,5.75
02-07-2024,5.75
03-07-2024,5.75
04-07-2024,5.75
05-07-2024,5.75
06-07-2024,NaN
07-07-2024,NaN
08-07-2024,5.75
09-07-2024,5.75
10-07-2024,5.75
11-07-2024,5.75
12-07-2024,5.75
13-07-2024,NaN
14-07-2024,NaN
15-07-2024,5.75
16-07-2024,NaN
17-07-2024,5.75
18-07-2024,5.75
19-07-2024,5.75
20-07-2024,NaN
21-07-2024,NaN
22-07-2024,5.75
23-07-2024,5.75
24-07-2024,5.75
25-07-2024,5.75
26-07-2024,5.75
27-07-2024,NaN
28-07-2024,NaN
29-07-2024,5.75
30-07-2024,5.75
31-07-2024,5.75
01-08-2024,5.75
02-08-2024,5.75
03-08-2024,NaN
04-08-2024,NaN
05-08-2024,5.75
06-08-2024,5.75
07-08-2024,5.75
08-08-2024,5.75
09-08-2024,5.75
10-08-2024,NaN
11-08-2024,NaN
12-08-2024,5.75
13-08-2024,5.75
14-08-2024,5.75
15-08-2024,NaN
16-08-2024,5.75
17-08-2024,NaN
18-08-2024,NaN
19-08-2024,5.75
20-08-2024,5.75
21-08-2024,5.75
22-08-2024,5.75
23-08-2024,5.75
24-08-2024,NaN
25-08-2024,NaN
26-08-2024,5.75
27-08-2024,5.75
28-08-2024,5.75
29-08-2024,5.75
30-08-2024,5.75
31-08-2024,NaN
01-09-2024,NaN
02-09-2024,5.75
03-09-2024,5.75
04-09-2024,5.5
05-09-2024,5.5
06-09-2024,5.5
07-09-2024,NaN
08-09-2024,NaN
09-09-2024,5.5
10-09-2024,5.5
11-09-2024,5.5
12-09-2024,5.5
13-09-2024,5.5
14-09-2024,NaN
15-09-2024,NaN
16-09-2024,5.5
17-09-2024,5.5
18-09-2024,NaN
19-09-2024,NaN
20-09-2024,NaN
21-09-2024,NaN
22-09-2024,NaN
23-09-2024,5.5
24-09-2024,5.5
25-09-2024,5.5
26-09-2024,5.5
27-09-2024,5.5
28-09-2024,NaN
29-09-2024,NaN
30-09-2024,5.5
01-10-2024,5.5
02-10-2024,5.5
03-10-2024,5.5
04-10-2024,5.5
05-10-2024,NaN
06-10-2024,NaN
07-10-2024,5.5
08-10-2024,5.5
09-10-2024,5.5
10-10-2024,5.5
11-10-2024,5.5
12-10-2024,NaN
13-10-2024,NaN
14-10-2024,5.5
15-10-2024,5.5
16-10-2024,5.5
17-10-2024,5.5
18-10-2024,5.25
19-10-2024,NaN
20-10-2024,NaN
21-10-2024,5.25
22-10-2024,5.25
23-10-2024,5.25
24-10-2024,5.25
25-10-2024,5.25
26-10-2024,NaN
27-10-2024,NaN
28-10-2024,5.25
29-10-2024,5.25
30-10-2024,5.25
31-10-2024,NaN
01-11-2024,NaN
02-11-2024,NaN
03-11-2024,NaN
04-11-2024,5.25
05-11-2024,5.25
06-11-2024,5.25
07-11-2024,5.25
08-11-2024,5.25
09-11-2024,NaN
10-11-2024,NaN
11-11-2024,5.25
12-11-2024,5.25
13-11-2024,5.25
14-11-2024,5.25
15-11-2024,5.25
16-11-2024,NaN
17-11-2024,NaN
18-11-2024,5.25
19-11-2024,5.25
20-11-2024,5.25
21-11-2024,5.25
22-11-2024,5.25
23-11-2024,NaN
24-11-2024,NaN
25-11-2024,5.25
26-11-2024,5.25
27-11-2024,5.25
28-11-2024,5.25
29-11-2024,5.25
30-11-2024,NaN
01-12-2024,NaN
02-12-2024,5.25
03-12-2024,5.25
04-12-2024,5.25
05-12-2024,5.25
06-12-2024,5.25
07-12-2024,NaN
08-12-2024,NaN
09-12-2024,5.25
10-12-2024,5.25
11-12-2024,5.25
12-12-2024,5.25
13-12-2024,5.25
14-12-2024,NaN
15-12-2024,NaN
16-12-2024,5.25
17-12-2024,5.25
18-12-2024,5
19-12-2024,5
20-12-2024,5
21-12-2024,NaN
22-12-2024,NaN
23-12-2024,5
24-12-2024,5
25-12-2024,NaN
26-12-2024,5
27-12-2024,5
28-12-2024,NaN
29-12-2024,NaN
30-12-2024,5
31-12-2024,NaN
01-01-2025,NaN
02-01-2025,5
03-01-2025,5
04-01-2025,NaN
05-01-2025,NaN
06-01-2025,5
07-01-2025,5
08-01-2025,5
09-01-2025,5
10-01-2025,5
11-01-2025,NaN
12-01-2025,NaN
13-01-2025,5
14-01-2025,5
15-01-2025,5
16-01-2025,5
17-01-2025,5
18-01-2025,NaN
19-01-2025,NaN
20-01-2025,5
21-01-2025,5
22-01-2025,5
23-01-2025,5
24-01-2025,5
25-01-2025,NaN
26-01-2025,NaN
27-01-2025,5
28-01-2025,5
29-01-2025,5
30-01-2025,5
31-01-2025,5
01-02-2025,NaN
02-02-2025,NaN
03-02-2025,5
04-02-2025,5
05-02-2025,5
06-02-2025,5
07-02-2025,5
08-02-2025,NaN
09-02-2025,NaN
10-02-2025,5
11-02-2025,5
12-02-2025,5
13-02-2025,5
14-02-2025,5
15-02-2025,NaN
16-02-2025,NaN
17-02-2025,5
18-02-2025,5
19-02-2025,5
20-02-2025,5
21-02-2025,5
22-02-2025,NaN
23-02-2025,NaN
24-02-2025,5
25-02-2025,5
26-02-2025,5
27-02-2025,5
28-02-2025,5
01-03-2025,NaN
02-03-2025,NaN
03-03-2025,5
04-03-2025,5
05-03-2025,5
06-03-2025,5
07-03-2025,5
08-03-2025,NaN
09-03-2025,NaN
10-03-2025,5
11-03-2025,5
12-03-2025,5
13-03-2025,5
14-03-2025,5
15-03-2025,NaN
16-03-2025,NaN
17-03-2025,5
18-03-2025,5
19-03-2025,5
20-03-2025,5
21-03-2025,5
22-03-2025,NaN
23-03-2025,NaN
24-03-2025,5
25-03-2025,5
26-03-2025,5
27-03-2025,5
28-03-2025,5
29-03-2025,NaN
30-03-2025,NaN
31-03-2025,5
01-04-2025,5
02-04-2025,5
03-04-2025,5
04-04-2025,5
05-04-2025,NaN
06-04-2025,NaN
07-04-2025,5
08-04-2025,5
09-04-2025,5
10-04-2025,5
11-04-2025,5
12-04-2025,NaN
13-04-2025,NaN
14-04-2025,5
15-04-2025,5
16-04-2025,5
17-04-2025,5
18-04-2025,NaN
19-04-2025,NaN
20-04-2025,NaN
21-04-2025,5
22-04-2025,5
23-04-2025,5
24-04-2025,5
25-04-2025,5
26-04-2025,NaN
27-04-2025,NaN
28-04-2025,5
29-04-2025,5
30-04-2025,5
01-05-2025,NaN
02-05-2025,5
03-05-2025,NaN
04-05-2025,NaN
05-05-2025,5
06-05-2025,5
07-05-2025,5
08-05-2025,5
09-05-2025,5
10-05-2025,NaN
11-05-2025,NaN
12-05-2025,5
13-05-2025,5
14-05-2025,5
15-05-2025,5
16-05-2025,5
17-05-2025,NaN
18-05-2025,NaN
19-05-2025,5
20-05-2025,5
21-05-2025,NaN
22-05-2025,5
23-05-2025,5
24-05-2025,NaN
25-05-2025,NaN
26-05-2025,5
27-05-2025,5
28-05-2025,5
29-05-2025,5
30-05-2025,5
31-05-2025,NaN
01-06-2025,NaN
02-06-2025,5
03-06-2025,5
04-06-2025,5
05-06-2025,5
06-06-2025,5
07-06-2025,NaN
08-06-2025,NaN
09-06-2025,5
10-06-2025,5
11-06-2025,5
12-06-2025,5
13-06-2025,5
14-06-2025,NaN
15-06-2025,NaN
16-06-2025,5
17-06-2025,5
18-06-2025,5
19-06-2025,5
20-06-2025,NaN
21-06-2025,NaN
22-06-2025,NaN
23-06-2025,5
24-06-2025,5
25-06-2025,5
26-06-2025,5
27-06-2025,5
28-06-2025,NaN
29-06-2025,NaN
30-06-2025,5
01-07-2025,5
02-07-2025,5
03-07-2025,5
04-07-2025,5
05-07-2025,NaN
06-07-2025,NaN
07-07-2025,5
08-07-2025,5
09-07-2025,5
10-07-2025,5
11-07-2025,5
12-07-2025,NaN
13-07-2025,NaN
14-07-2025,5
15-07-2025,5
16-07-2025,NaN
17-07-2025,5
18-07-2025,5
19-07-2025,NaN
20-07-2025,NaN
21-07-2025,5
22-07-2025,5
23-07-2025,5
24-07-2025,5
25-07-2025,5
26-07-2025,NaN
27-07-2025,NaN
28-07-2025,5
29-07-2025,5
30-07-2025,4.75
31-07-2025,4.75
01-08-2025,4.75
02-08-2025,NaN
03-08-2025,NaN
04-08-2025,4.75
05-08-2025,4.75
06-08-2025,4.75
07-08-2025,4.75
08-08-2025,4.75
09-08-2025,NaN
10-08-2025,NaN
11-08-2025,4.75
12-08-2025,4.75
13-08-2025,4.75
14-08-2025,4.75
15-08-2025,NaN
16-08-2025,NaN
17-08-2025,NaN
18-08-2025,4.75
19-08-2025,4.75
20-08-2025,4.75
21-08-2025,4.75
22-08-2025,4.75
23-08-2025,NaN
24-08-2025,NaN
25-08-2025,4.75
26-08-2025,4.75
27-08-2025,4.75
28-08-2025,4.75
29-08-2025,4.75
30-08-2025,NaN
31-08-2025,NaN
01-09-2025,4.75
02-09-2025,4.75
03-09-2025,4.75
04-09-2025,4.75
05-09-2025,4.75
06-09-2025,NaN
07-09-2025,NaN
08-09-2025,4.75
09-09-2025,4.75
10-09-2025,4.75
11-09-2025,4.75
12-09-2025,4.75
13-09-2025,NaN
14-09-2025,NaN
15-09-2025,4.75
16-09-2025,4.75
17-09-2025,4.75
18-09-2025,NaN
19-09-2025,NaN
20-09-2025,NaN
21-09-2025,NaN
22-09-2025,4.75
23-09-2025,4.75
24-09-2025,4.75
25-09-2025,4.75
26-09-2025,4.75
27-09-2025,NaN
28-09-2025,NaN
29-09-2025,4.75
30-09-2025,4.75
01-10-2025,4.75
02-10-2025,4.75
03-10-2025,4.75
04-10-2025,NaN
05-10-2025,NaN
06-10-2025,4.75
07-10-2025,4.75
08-10-2025,4.75
09-10-2025,4.75
10-10-2025,4.75
11-10-2025,NaN
12-10-2025,NaN
13-10-2025,4.75
14-10-2025,4.75
15-10-2025,4.75
16-10-2025,4.75
17-10-2025,4.75
18-10-2025,NaN
19-10-2025,NaN
20-10-2025,4.75
21-10-2025,4.75
22-10-2025,4.75
23-10-2025,4.75
24-10-2025,4.75
25-10-2025,NaN
26-10-2025,NaN
27-10-2025,4.75
28-10-2025,4.75
29-10-2025,4.75
30-10-2025,4.75
31-10-2025,NaN
01-11-2025,NaN
02-11-2025,NaN
03-11-2025,4.75
04-11-2025,4.75
05-11-2025,4.75
06-11-2025,4.75
07-11-2025,4.75
08-11-2025,NaN
09-11-2025,NaN
10-11-2025,4.75
11-11-2025,4.75
12-11-2025,4.75
13-11-2025,4.75
14-11-2025,4.75
15-11-2025,NaN
16-11-2025,NaN
17-11-2025,4.75
18-11-2025,4.75
19-11-2025,4.75
20-11-2025,4.75
21-11-2025,4.75
22-11-2025,NaN
23-11-2025,NaN
24-11-2025,4.75
25-11-2025,4.75
26-11-2025,4.75
27-11-2025,4.75
28-11-2025,4.75
29-11-2025,NaN
30-11-2025,NaN
01-12-2025,4.75
02-12-2025,4.75
03-12-2025,4.75
04-12-2025,4.75
05-12-2025,4.75
06-12-2025,NaN
07-12-2025,NaN
08-12-2025,NaN
09-12-2025,4.75
10-12-2025,4.75
11-12-2025,4.75
12-12-2025,4.75
13-12-2025,NaN
14-12-2025,NaN
15-12-2025,4.75
16-12-2025,4.75
17-12-2025,4.5
18-12-2025,4.5
19-12-2025,4.5
20-12-2025,NaN
21-12-2025,NaN
22-12-2025,4.5
23-12-2025,4.5
24-12-2025,4.5
25-12-2025,NaN
26-12-2025,4.5
27-12-2025,NaN
28-12-2025,NaN
29-12-2025,4.5
30-12-2025,4.5
31-12-2025,NaN
01-01-2026,NaN
02-01-2026,4.5
03-01-2026,NaN
04-01-2026,NaN
05-01-2026,4.5
06-01-2026,4.5
07-01-2026,4.5
08-01-2026,4.5
09-01-2026,4.5
10-01-2026,NaN
11-01-2026,NaN
12-01-2026,4.5
13-01-2026,4.5
14-01-2026,4.5
15-01-2026,4.5
16-01-2026,4.5
17-01-2026,NaN
18-01-2026,NaN
19-01-2026,4.5
20-01-2026,4.5
21-01-2026,4.5
22-01-2026,4.5
23-01-2026,4.5
24-01-2026,NaN
25-01-2026,NaN
26-01-2026,4.5
27-01-2026,4.5
28-01-2026,4.5
29-01-2026,4.5
30-01-2026,4.5
31-01-2026,NaN
01-02-2026,NaN
02-02-2026,4.5
03-02-2026,4.5
04-02-2026,4.5
05-02-2026,4.5
06-02-2026,4.5
07-02-2026,NaN
08-02-2026,NaN
09-02-2026,4.5
10-02-2026,4.5
11-02-2026,4.5
12-02-2026,4.5
13-02-2026,4.5
14-02-2026,NaN
15-02-2026,NaN
16-02-2026,4.5
17-02-2026,4.5
18-02-2026,4.5
19-02-2026,4.5
20-02-2026,4.5
21-02-2026,NaN
22-02-2026,NaN
23-02-2026,4.5
24-02-2026,4.5
25-02-2026,4.5
26-02-2026,4.5
27-02-2026,4.5
28-02-2026,NaN
01-03-2026,NaN
02-03-2026,4.5
03-03-2026,4.5
04-03-2026,4.5
05-03-2026,4.5
06-03-2026,4.5
07-03-2026,NaN
08-03-2026,NaN
09-03-2026,4.5
10-03-2026,4.5
11-03-2026,4.5
12-03-2026,4.5
13-03-2026,4.5
14-03-2026,NaN
15-03-2026,NaN
16-03-2026,4.5
17-03-2026,4.5
18-03-2026,4.5
19-03-2026,4.5
20-03-2026,4.5
21-03-2026,NaN
22-03-2026,NaN
23-03-2026,4.5
24-03-2026,4.5
25-03-2026,4.5
26-03-2026,4.5
27-03-2026,4.5
28-03-2026,NaN
29-03-2026,NaN
30-03-2026,4.5
31-03-2026,4.5
01-04-2026,4.5
02-04-2026,4.5
03-04-2026,NaN
04-04-2026,NaN
05-04-2026,NaN
06-04-2026,4.5
07-04-2026,4.5
08-04-2026,4.5
09-04-2026,4.5
10-04-2026,4.5
11-04-2026,NaN
12-04-2026,NaN
13-04-2026,4.5
14-04-2026,4.5
15-04-2026,4.5
16-04-2026,4.5
17-04-2026,4.5
18-04-2026,NaN
19-04-2026,NaN
20-04-2026,4.5
21-04-2026,4.5
22-04-2026,4.5
23-04-2026,4.5
24-04-2026,4.5
25-04-2026,NaN
26-04-2026,NaN
27-04-2026,4.5
28-04-2026,4.5
29-04-2026,4.5
30-04-2026,4.5
01-05-2026,NaN
02-05-2026,NaN
03-05-2026,NaN
04-05-2026,4.5
05-05-2026,4.5
06-05-2026,4.5
07-05-2026,4.5
08-05-2026,4.5
09-05-2026,NaN
10-05-2026,NaN
11-05-2026,4.5
12-05-2026,4.5
13-05-2026,4.5
14-05-2026,4.5
15-05-2026,4.5
16-05-2026,NaN
17-05-2026,NaN
18-05-2026,4.5
19-05-2026,4.5
20-05-2026,4.5
21-05-2026,NaN
22-05-2026,4.5
23-05-2026,NaN
24-05-2026,NaN
25-05-2026,4.5
26-05-2026,4.5
27-05-2026,4.5
28-05-2026,4.5
29-05-2026,4.5
30-05-2026,NaN
31-05-2026,NaN
01-06-2026,4.5
02-06-2026,4.5
03-06-2026,4.5
04-06-2026,4.5
05-06-2026,4.5
06-06-2026,NaN
07-06-2026,NaN
08-06-2026,4.5
09-06-2026,4.5
10-06-2026,4.5
11-06-2026,4.5
12-06-2026,4.5
13-06-2026,NaN
14-06-2026,NaN
15-06-2026,4.5
16-06-2026,4.5
17-06-2026,4.5
18-06-2026,4.5
19-06-2026,4.5
20-06-2026,NaN
21-06-2026,NaN
22-06-2026,4.5
23-06-2026,4.5
24-06-2026,4.5
25-06-2026,4.5
26-06-2026,4.5
27-06-2026,NaN
28-06-2026,NaN
29-06-2026,NaN
30-06-2026,4.5
01-07-2026,4.5
02-07-2026,4.5
03-07-2026,4.5
04-07-2026,NaN
05-07-2026,NaN
06-07-2026,4.5
07-07-2026,4.5
08-07-2026,4.5
09-07-2026,4.5
10-07-2026,4.5
11-07-2026,NaN
12-07-2026,NaN
13-07-2026,4.5
14-07-2026,4.5
15-07-2026,4.5
16-07-2026,NaN
17-07-2026,4.5
18-07-2026,NaN
19-07-2026,NaN
20-07-2026,4.5
21-07-2026,4.5
22-07-2026,4.5
23-07-2026,4.5
