fecha,valor
01-08-1977,389.1
02-08-1977,389.51
03-08-1977,389.91
04-08-1977,390.32
05-08-1977,390.73
06-08-1977,391.14
07-08-1977,391.55
08-08-1977,391.96
09-08-1977,392.37
10-08-1977,392.85
11-08-1977,393.34
12-08-1977,393.83
13-08-1977,394.31
14-08-1977,394.8
15-08-1977,395.29
16-08-1977,395.77
17-08-1977,396.26
18-08-1977,396.75
19-08-1977,397.24
20-08-1977,397.73
21-08-1977,398.22
22-08-1977,398.72
23-08-1977,399.21
24-08-1977,399.7
25-08-1977,400.19
26-08-1977,400.69
27-08-1977,401.18
28-08-1977,401.68
29-08-1977,402.18
30-08-1977,402.67
31-08-1977,403.17
01-09-1977,403.67
02-09-1977,404.17
03-09-1977,404.66
04-09-1977,405.16
05-09-1977,405.66
06-09-1977,406.17
07-09-1977,406.67
08-09-1977,407.17
09-09-1977,407.67
10-09-1977,408.12
11-09-1977,408.58
12-09-1977,409.04
13-09-1977,409.49
14-09-1977,409.95
15-09-1977,410.41
16-09-1977,410.86
17-09-1977,411.32
18-09-1977,411.78
19-09-1977,412.24
20-09-1977,412.7
21-09-1977,413.16
22-09-1977,413.62
23-09-1977,414.08
24-09-1977,414.54
25-09-1977,415
26-09-1977,415.47
27-09-1977,415.93
28-09-1977,416.39
29-09-1977,416.86
30-09-1977,417.32
01-10-1977,417.79
02-10-1977,418.26
03-10-1977,418.72
04-10-1977,419.19
05-10-1977,419.66
06-10-1977,420.12
07-10-1977,420.59
08-10-1977,421.06
09-10-1977,421.53
10-10-1977,422.02
11-10-1977,422.52
12-10-1977,423.01
13-10-1977,423.51
14-10-1977,424.01
15-10-1977,424.5
16-10-1977,425
17-10-1977,425.5
18-10-1977,426
19-10-1977,426.5
20-10-1977,427
21-10-1977,427.5
22-10-1977,428
23-10-1977,428.5
24-10-1977,429.01
25-10-1977,429.51
26-10-1977,430.01
27-10-1977,430.52
28-10-1977,431.02
29-10-1977,431.53
30-10-1977,432.03
31-10-1977,432.54
01-11-1977,433.05
02-11-1977,433.56
03-11-1977,434.06
04-11-1977,434.57
05-11-1977,435.08
06-11-1977,435.59
07-11-1977,436.1
08-11-1977,436.61
09-11-1977,437.13
10-11-1977,437.73
11-11-1977,438.33
12-11-1977,438.93
13-11-1977,439.53
14-11-1977,440.14
15-11-1977,440.74
16-11-1977,441.35
17-11-1977,441.95
18-11-1977,442.56
19-11-1977,443.17
20-11-1977,443.77
21-11-1977,444.38
22-11-1977,444.99
23-11-1977,445.6
24-11-1977,446.22
25-11-1977,446.83
26-11-1977,447.44
27-11-1977,448.05
28-11-1977,448.67
29-11-1977,449.29
30-11-1977,449.9
01-12-1977,450.52
02-12-1977,451.14
03-12-1977,451.76
04-12-1977,452.38
05-12-1977,453
06-12-1977,453.62
07-12-1977,454.24
08-12-1977,454.87
09-12-1977,455.49
10-12-1977,455.81
11-12-1977,456.13
12-12-1977,456.45
13-12-1977,456.77
14-12-1977,457.09
15-12-1977,457.41
16-12-1977,457.73
17-12-1977,458.06
18-12-1977,458.38
19-12-1977,458.7
20-12-1977,459.02
21-12-1977,459.34
22-12-1977,459.67
23-12-1977,459.99
24-12-1977,460.31
25-12-1977,460.63
26-12-1977,460.96
27-12-1977,461.28
28-12-1977,461.61
29-12-1977,461.93
30-12-1977,462.25
31-12-1977,462.58
01-01-1978,462.9
02-01-1978,463.23
03-01-1978,463.55
04-01-1978,463.88
05-01-1978,464.21
06-01-1978,464.53
07-01-1978,464.86
08-01-1978,465.18
09-01-1978,465.51
10-01-1978,465.97
11-01-1978,466.43
12-01-1978,466.89
13-01-1978,467.35
14-01-1978,467.81
15-01-1978,468.27
16-01-1978,468.73
17-01-1978,469.19
18-01-1978,469.65
19-01-1978,470.12
20-01-1978,470.58
21-01-1978,471.04
22-01-1978,471.51
23-01-1978,471.97
24-01-1978,472.44
25-01-1978,472.9
26-01-1978,473.37
27-01-1978,473.84
28-01-1978,474.3
29-01-1978,474.77
30-01-1978,475.24
31-01-1978,475.71
01-02-1978,476.17
02-02-1978,476.64
03-02-1978,477.11
04-02-1978,477.58
05-02-1978,478.05
06-02-1978,478.52
07-02-1978,479
08-02-1978,479.47
09-02-1978,479.94
10-02-1978,480.25
11-02-1978,480.55
12-02-1978,480.86
13-02-1978,481.16
14-02-1978,481.47
15-02-1978,481.78
16-02-1978,482.09
17-02-1978,482.39
18-02-1978,482.7
19-02-1978,483.01
20-02-1978,483.32
21-02-1978,483.62
22-02-1978,483.93
23-02-1978,484.24
24-02-1978,484.55
25-02-1978,484.86
26-02-1978,485.17
27-02-1978,485.48
28-02-1978,485.79
01-03-1978,486.09
02-03-1978,486.4
03-03-1978,486.71
04-03-1978,487.02
05-03-1978,487.34
06-03-1978,487.65
07-03-1978,487.96
08-03-1978,488.27
09-03-1978,488.58
10-03-1978,488.95
11-03-1978,489.33
12-03-1978,489.7
13-03-1978,490.08
14-03-1978,490.45
15-03-1978,490.83
16-03-1978,491.2
17-03-1978,491.58
18-03-1978,491.96
19-03-1978,492.33
20-03-1978,492.71
21-03-1978,493.09
22-03-1978,493.46
23-03-1978,493.84
24-03-1978,494.22
25-03-1978,494.6
26-03-1978,494.98
27-03-1978,495.35
28-03-1978,495.73
29-03-1978,496.11
30-03-1978,496.49
31-03-1978,496.87
01-04-1978,497.25
02-04-1978,497.63
03-04-1978,498.01
04-04-1978,498.4
05-04-1978,498.78
06-04-1978,499.16
07-04-1978,499.54
08-04-1978,499.92
09-04-1978,500.31
10-04-1978,500.79
11-04-1978,501.26
12-04-1978,501.74
13-04-1978,502.22
14-04-1978,502.7
15-04-1978,503.18
16-04-1978,503.66
17-04-1978,504.14
18-04-1978,504.62
19-04-1978,505.1
20-04-1978,505.58
21-04-1978,506.06
22-04-1978,506.55
23-04-1978,507.03
24-04-1978,507.51
25-04-1978,508
26-04-1978,508.48
27-04-1978,508.97
28-04-1978,509.45
29-04-1978,509.94
30-04-1978,510.42
01-05-1978,510.91
02-05-1978,511.4
03-05-1978,511.88
04-05-1978,512.37
05-05-1978,512.86
06-05-1978,513.35
07-05-1978,513.84
08-05-1978,514.33
09-05-1978,514.82
10-05-1978,515.25
11-05-1978,515.67
12-05-1978,516.1
13-05-1978,516.53
14-05-1978,516.96
15-05-1978,517.38
16-05-1978,517.81
17-05-1978,518.24
18-05-1978,518.67
19-05-1978,519.1
20-05-1978,519.53
21-05-1978,519.96
22-05-1978,520.39
23-05-1978,520.82
24-05-1978,521.25
25-05-1978,521.69
26-05-1978,522.12
27-05-1978,522.55
28-05-1978,522.98
29-05-1978,523.42
30-05-1978,523.85
31-05-1978,524.28
01-06-1978,524.72
02-06-1978,525.15
03-06-1978,525.59
04-06-1978,526.02
05-06-1978,526.46
06-06-1978,526.89
07-06-1978,527.33
08-06-1978,527.77
09-06-1978,528.21
10-06-1978,528.58
11-06-1978,528.94
12-06-1978,529.31
13-06-1978,529.68
14-06-1978,530.04
15-06-1978,530.41
16-06-1978,530.78
17-06-1978,531.15
18-06-1978,531.51
19-06-1978,531.88
20-06-1978,532.25
21-06-1978,532.62
22-06-1978,532.99
23-06-1978,533.36
24-06-1978,533.73
25-06-1978,534.1
26-06-1978,534.47
27-06-1978,534.84
28-06-1978,535.21
29-06-1978,535.58
30-06-1978,535.95
01-07-1978,536.32
02-07-1978,536.69
03-07-1978,537.07
04-07-1978,537.44
05-07-1978,537.81
06-07-1978,538.18
07-07-1978,538.56
08-07-1978,538.93
09-07-1978,539.3
10-07-1978,539.64
11-07-1978,539.99
12-07-1978,540.33
13-07-1978,540.68
14-07-1978,541.03
15-07-1978,541.37
16-07-1978,541.72
17-07-1978,542.06
18-07-1978,542.41
19-07-1978,542.76
20-07-1978,543.1
21-07-1978,543.45
22-07-1978,543.8
23-07-1978,544.14
24-07-1978,544.49
25-07-1978,544.84
26-07-1978,545.19
27-07-1978,545.54
28-07-1978,545.89
29-07-1978,546.23
30-07-1978,546.58
31-07-1978,546.93
01-08-1978,547.28
02-08-1978,547.63
03-08-1978,547.98
04-08-1978,548.33
05-08-1978,548.68
06-08-1978,549.03
07-08-1978,549.38
08-08-1978,549.73
09-08-1978,550.09
10-08-1978,550.53
11-08-1978,550.97
12-08-1978,551.41
13-08-1978,551.85
14-08-1978,552.29
15-08-1978,552.73
16-08-1978,553.17
17-08-1978,553.61
18-08-1978,554.05
19-08-1978,554.49
20-08-1978,554.93
21-08-1978,555.37
22-08-1978,555.82
23-08-1978,556.26
24-08-1978,556.7
25-08-1978,557.15
26-08-1978,557.59
27-08-1978,558.03
28-08-1978,558.48
29-08-1978,558.92
30-08-1978,559.37
31-08-1978,559.81
01-09-1978,560.26
02-09-1978,560.71
03-09-1978,561.15
04-09-1978,561.6
05-09-1978,562.05
06-09-1978,562.5
07-09-1978,562.94
08-09-1978,563.39
09-09-1978,563.84
10-09-1978,564.36
11-09-1978,564.88
12-09-1978,565.4
13-09-1978,565.92
14-09-1978,566.44
15-09-1978,566.96
16-09-1978,567.48
17-09-1978,568.01
18-09-1978,568.53
19-09-1978,569.05
20-09-1978,569.58
21-09-1978,570.1
22-09-1978,570.63
23-09-1978,571.15
24-09-1978,571.68
25-09-1978,572.21
26-09-1978,572.73
27-09-1978,573.26
28-09-1978,573.79
29-09-1978,574.32
30-09-1978,574.85
01-10-1978,575.37
02-10-1978,575.9
03-10-1978,576.44
04-10-1978,576.97
05-10-1978,577.5
06-10-1978,578.03
07-10-1978,578.56
08-10-1978,579.09
09-10-1978,579.63
10-10-1978,580.16
11-10-1978,580.7
12-10-1978,581.24
13-10-1978,581.77
14-10-1978,582.31
15-10-1978,582.85
16-10-1978,583.38
17-10-1978,583.92
18-10-1978,584.46
19-10-1978,585
20-10-1978,585.54
21-10-1978,586.08
22-10-1978,586.62
23-10-1978,587.16
24-10-1978,587.7
25-10-1978,588.25
26-10-1978,588.79
27-10-1978,589.33
28-10-1978,589.88
29-10-1978,590.42
30-10-1978,590.96
31-10-1978,591.51
01-11-1978,592.06
02-11-1978,592.6
03-11-1978,593.15
04-11-1978,593.7
05-11-1978,594.24
06-11-1978,594.79
07-11-1978,595.34
08-11-1978,595.89
09-11-1978,596.44
10-11-1978,596.81
11-11-1978,597.19
12-11-1978,597.56
13-11-1978,597.94
14-11-1978,598.31
15-11-1978,598.69
16-11-1978,599.07
17-11-1978,599.44
18-11-1978,599.82
19-11-1978,600.19
20-11-1978,600.57
21-11-1978,600.95
22-11-1978,601.32
23-11-1978,601.7
24-11-1978,602.08
25-11-1978,602.46
26-11-1978,602.84
27-11-1978,603.21
28-11-1978,603.59
29-11-1978,603.97
30-11-1978,604.35
01-12-1978,604.73
02-12-1978,605.11
03-12-1978,605.49
04-12-1978,605.87
05-12-1978,606.25
06-12-1978,606.63
07-12-1978,607.01
08-12-1978,607.39
09-12-1978,607.77
10-12-1978,608.02
11-12-1978,608.28
12-12-1978,608.53
13-12-1978,608.78
14-12-1978,609.04
15-12-1978,609.29
16-12-1978,609.55
17-12-1978,609.8
18-12-1978,610.05
19-12-1978,610.31
20-12-1978,610.56
21-12-1978,610.82
22-12-1978,611.07
23-12-1978,611.33
24-12-1978,611.58
25-12-1978,611.84
26-12-1978,612.09
27-12-1978,612.35
28-12-1978,612.6
29-12-1978,612.86
30-12-1978,613.11
31-12-1978,613.37
01-01-1979,613.62
02-01-1979,613.88
03-01-1979,614.13
04-01-1979,614.39
05-01-1979,614.65
06-01-1979,614.9
07-01-1979,615.16
08-01-1979,615.41
09-01-1979,615.67
10-01-1979,615.97
11-01-1979,616.26
12-01-1979,616.56
13-01-1979,616.85
14-01-1979,617.15
15-01-1979,617.45
16-01-1979,617.74
17-01-1979,618.04
18-01-1979,618.34
19-01-1979,618.63
20-01-1979,618.93
21-01-1979,619.23
22-01-1979,619.53
23-01-1979,619.82
24-01-1979,620.12
25-01-1979,620.42
26-01-1979,620.72
27-01-1979,621.02
28-01-1979,621.31
29-01-1979,621.61
30-01-1979,621.91
31-01-1979,622.21
01-02-1979,622.51
02-02-1979,622.81
03-02-1979,623.11
04-02-1979,623.41
05-02-1979,623.71
06-02-1979,624.01
07-02-1979,624.31
08-02-1979,624.6
09-02-1979,624.91
10-02-1979,625.4
11-02-1979,625.88
12-02-1979,626.37
13-02-1979,626.86
14-02-1979,627.34
15-02-1979,627.83
16-02-1979,628.32
17-02-1979,628.81
18-02-1979,629.3
19-02-1979,629.79
20-02-1979,630.28
21-02-1979,630.77
22-02-1979,631.26
23-02-1979,631.75
24-02-1979,632.24
25-02-1979,632.73
26-02-1979,633.22
27-02-1979,633.71
28-02-1979,634.21
01-03-1979,634.7
02-03-1979,635.19
03-03-1979,635.69
04-03-1979,636.18
05-03-1979,636.68
06-03-1979,637.17
07-03-1979,637.67
08-03-1979,638.16
09-03-1979,638.66
10-03-1979,638.99
11-03-1979,639.11
12-03-1979,639.64
13-03-1979,639.97
14-03-1979,640.3
15-03-1979,640.63
16-03-1979,640.95
17-03-1979,641.28
18-03-1979,641.61
19-03-1979,641.94
20-03-1979,642.27
21-03-1979,642.6
22-03-1979,642.93
23-03-1979,643.25
24-03-1979,643.58
25-03-1979,643.91
26-03-1979,644.24
27-03-1979,644.57
28-03-1979,644.9
29-03-1979,645.23
30-03-1979,645.56
31-03-1979,645.9
01-04-1979,646.23
02-04-1979,646.56
03-04-1979,646.89
04-04-1979,647.22
05-04-1979,647.55
06-04-1979,647.88
07-04-1979,648.21
08-04-1979,648.55
09-04-1979,648.88
10-04-1979,649.48
11-04-1979,650.08
12-04-1979,650.67
13-04-1979,651.27
14-04-1979,651.87
15-04-1979,652.47
16-04-1979,653.07
17-04-1979,653.68
18-04-1979,654.28
19-04-1979,654.88
20-04-1979,655.48
21-04-1979,656.09
22-04-1979,656.69
23-04-1979,657.3
24-04-1979,657.9
25-04-1979,658.51
26-04-1979,659.11
27-04-1979,659.72
28-04-1979,660.33
29-04-1979,660.94
30-04-1979,661.55
01-05-1979,662.15
02-05-1979,662.76
03-05-1979,663.37
04-05-1979,663.99
05-05-1979,664.6
06-05-1979,665.21
07-05-1979,665.82
08-05-1979,666.43
09-05-1979,667.05
10-05-1979,667.6
11-05-1979,668.16
12-05-1979,668.71
13-05-1979,669.26
14-05-1979,669.82
15-05-1979,670.37
16-05-1979,670.93
17-05-1979,671.48
18-05-1979,672.04
19-05-1979,672.6
20-05-1979,673.15
21-05-1979,673.71
22-05-1979,674.27
23-05-1979,674.83
24-05-1979,675.39
25-05-1979,675.95
26-05-1979,676.51
27-05-1979,677.07
28-05-1979,677.63
29-05-1979,678.19
30-05-1979,678.75
31-05-1979,679.31
01-06-1979,679.87
02-06-1979,680.44
03-06-1979,681
04-06-1979,681.57
05-06-1979,682.13
06-06-1979,682.7
07-06-1979,683.26
08-06-1979,683.83
09-06-1979,684.39
10-06-1979,684.95
11-06-1979,685.52
12-06-1979,686.08
13-06-1979,686.65
14-06-1979,687.21
15-06-1979,687.78
16-06-1979,688.34
17-06-1979,688.91
18-06-1979,689.48
19-06-1979,690.05
20-06-1979,690.61
21-06-1979,691.18
22-06-1979,691.75
23-06-1979,692.32
24-06-1979,692.89
25-06-1979,693.46
26-06-1979,694.03
27-06-1979,694.61
28-06-1979,695.18
29-06-1979,695.75
30-06-1979,696.32
01-07-1979,696.9
02-07-1979,697.47
03-07-1979,698.04
04-07-1979,698.62
05-07-1979,699.19
06-07-1979,699.77
07-07-1979,700.35
08-07-1979,700.92
09-07-1979,701.5
10-07-1979,702.06
11-07-1979,702.62
12-07-1979,703.18
13-07-1979,703.74
14-07-1979,704.3
15-07-1979,704.86
16-07-1979,705.42
17-07-1979,705.98
18-07-1979,706.55
19-07-1979,707.11
20-07-1979,707.67
21-07-1979,708.24
22-07-1979,708.8
23-07-1979,709.37
24-07-1979,709.93
25-07-1979,710.5
26-07-1979,711.06
27-07-1979,711.63
28-07-1979,712.2
29-07-1979,712.76
30-07-1979,713.33
31-07-1979,713.9
01-08-1979,714.47
02-08-1979,715.04
03-08-1979,715.61
04-08-1979,716.18
05-08-1979,716.75
06-08-1979,717.32
07-08-1979,717.89
08-08-1979,718.46
09-08-1979,719.04
10-08-1979,719.86
11-08-1979,720.68
12-08-1979,721.51
13-08-1979,722.33
14-08-1979,723.15
15-08-1979,723.98
16-08-1979,724.81
17-08-1979,725.63
18-08-1979,726.46
19-08-1979,727.29
20-08-1979,728.12
21-08-1979,728.95
22-08-1979,729.78
23-08-1979,730.62
24-08-1979,731.45
25-08-1979,732.29
26-08-1979,733.12
27-08-1979,733.96
28-08-1979,734.8
29-08-1979,735.64
30-08-1979,736.48
31-08-1979,737.32
01-09-1979,738.16
02-09-1979,739
03-09-1979,739.84
04-09-1979,740.69
05-09-1979,741.53
06-09-1979,742.38
07-09-1979,743.23
08-09-1979,744.08
09-09-1979,744.93
10-09-1979,746.07
11-09-1979,747.21
12-09-1979,748.36
13-09-1979,749.51
14-09-1979,750.65
15-09-1979,751.8
16-09-1979,752.96
17-09-1979,754.11
18-09-1979,755.27
19-09-1979,756.42
20-09-1979,757.58
21-09-1979,758.74
22-09-1979,759.9
23-09-1979,761.07
24-09-1979,762.23
25-09-1979,763.4
26-09-1979,764.57
27-09-1979,765.74
28-09-1979,766.92
29-09-1979,768.09
30-09-1979,769.27
01-10-1979,770.45
02-10-1979,771.63
03-10-1979,772.81
04-10-1979,773.99
05-10-1979,775.18
06-10-1979,776.37
07-10-1979,777.56
08-10-1979,778.75
09-10-1979,779.94
10-10-1979,780.9
11-10-1979,781.87
12-10-1979,782.83
13-10-1979,783.8
14-10-1979,784.77
15-10-1979,785.74
16-10-1979,786.71
17-10-1979,787.68
18-10-1979,788.65
19-10-1979,789.63
20-10-1979,790.6
21-10-1979,791.58
22-10-1979,792.55
23-10-1979,793.53
24-10-1979,794.51
25-10-1979,795.49
26-10-1979,796.48
27-10-1979,797.46
28-10-1979,798.44
29-10-1979,799.43
30-10-1979,800.42
31-10-1979,801.41
01-11-1979,802.4
02-11-1979,803.39
03-11-1979,804.38
04-11-1979,805.37
05-11-1979,806.37
06-11-1979,807.36
07-11-1979,808.36
08-11-1979,809.36
09-11-1979,810.36
10-11-1979,811
11-11-1979,811.64
12-11-1979,812.28
13-11-1979,812.93
14-11-1979,813.57
15-11-1979,814.21
16-11-1979,814.86
17-11-1979,815.5
18-11-1979,816.15
19-11-1979,816.79
20-11-1979,817.44
21-11-1979,818.08
22-11-1979,818.73
23-11-1979,819.38
24-11-1979,820.03
25-11-1979,820.68
26-11-1979,821.32
27-11-1979,821.97
28-11-1979,822.62
29-11-1979,823.27
30-11-1979,823.93
01-12-1979,824.58
02-12-1979,825.23
03-12-1979,825.88
04-12-1979,826.54
05-12-1979,827.19
06-12-1979,827.84
07-12-1979,828.5
08-12-1979,829.15
09-12-1979,829.81
10-12-1979,830.37
11-12-1979,830.92
12-12-1979,831.48
13-12-1979,832.04
14-12-1979,832.6
15-12-1979,833.15
16-12-1979,833.71
17-12-1979,834.27
18-12-1979,834.83
19-12-1979,835.39
20-12-1979,835.95
21-12-1979,836.51
22-12-1979,837.07
23-12-1979,837.63
24-12-1979,838.2
25-12-1979,838.76
26-12-1979,839.32
27-12-1979,839.88
28-12-1979,840.45
29-12-1979,841.01
30-12-1979,841.58
31-12-1979,842.14
01-01-1980,842.7
02-01-1980,843.27
03-01-1980,843.83
04-01-1980,844.4
05-01-1980,844.97
06-01-1980,845.53
07-01-1980,846.1
08-01-1980,846.67
09-01-1980,847.24
10-01-1980,847.83
11-01-1980,848.43
12-01-1980,849.03
13-01-1980,849.62
14-01-1980,850.22
15-01-1980,850.82
16-01-1980,851.41
17-01-1980,852.01
18-01-1980,852.61
19-01-1980,853.21
20-01-1980,853.81
21-01-1980,854.41
22-01-1980,855.01
23-01-1980,855.61
24-01-1980,856.21
25-01-1980,856.81
26-01-1980,857.41
27-01-1980,858.01
28-01-1980,858.62
29-01-1980,859.22
30-01-1980,859.82
31-01-1980,860.43
01-02-1980,861.03
02-02-1980,861.63
03-02-1980,862.24
04-02-1980,862.85
05-02-1980,863.45
06-02-1980,864.06
07-02-1980,864.66
08-02-1980,865.27
09-02-1980,865.88
10-02-1980,866.5
11-02-1980,867.12
12-02-1980,867.74
13-02-1980,868.37
14-02-1980,868.99
15-02-1980,869.61
16-02-1980,870.23
17-02-1980,870.86
18-02-1980,871.48
19-02-1980,872.11
20-02-1980,872.73
21-02-1980,873.36
22-02-1980,873.98
23-02-1980,874.61
24-02-1980,875.24
25-02-1980,875.87
26-02-1980,876.49
27-02-1980,877.12
28-02-1980,877.75
29-02-1980,878.38
01-03-1980,879.01
02-03-1980,879.64
03-03-1980,880.27
04-03-1980,880.9
05-03-1980,881.53
06-03-1980,882.16
07-03-1980,882.8
08-03-1980,883.43
09-03-1980,884.06
10-03-1980,884.57
11-03-1980,885.08
12-03-1980,885.59
13-03-1980,886.1
14-03-1980,886.61
15-03-1980,887.12
16-03-1980,887.63
17-03-1980,888.14
18-03-1980,888.65
19-03-1980,889.16
20-03-1980,889.67
21-03-1980,890.19
22-03-1980,890.7
23-03-1980,891.21
24-03-1980,891.72
25-03-1980,892.24
26-03-1980,892.75
27-03-1980,893.27
28-03-1980,893.78
29-03-1980,894.29
30-03-1980,894.81
31-03-1980,895.32
01-04-1980,895.84
02-04-1980,896.35
03-04-1980,896.87
04-04-1980,897.39
05-04-1980,897.9
06-04-1980,898.42
07-04-1980,898.94
08-04-1980,899.46
09-04-1980,899.97
10-04-1980,900.83
11-04-1980,901.69
12-04-1980,902.55
13-04-1980,903.41
14-04-1980,904.27
15-04-1980,905.13
16-04-1980,905.99
17-04-1980,906.86
18-04-1980,907.72
19-04-1980,908.59
20-04-1980,909.45
21-04-1980,910.32
22-04-1980,911.19
23-04-1980,912.06
24-04-1980,912.93
25-04-1980,913.8
26-04-1980,914.67
27-04-1980,915.54
28-04-1980,916.41
29-04-1980,917.29
30-04-1980,918.16
01-05-1980,919.04
02-05-1980,919.91
03-05-1980,920.79
04-05-1980,921.67
05-05-1980,922.55
06-05-1980,923.43
07-05-1980,924.31
08-05-1980,925.19
09-05-1980,926.07
10-05-1980,926.81
11-05-1980,927.55
12-05-1980,928.29
13-05-1980,929.03
14-05-1980,929.77
15-05-1980,930.51
16-05-1980,931.25
17-05-1980,931.99
18-05-1980,932.73
19-05-1980,933.48
20-05-1980,934.22
21-05-1980,934.96
22-05-1980,935.71
23-05-1980,936.45
24-05-1980,937.2
25-05-1980,937.95
26-05-1980,938.7
27-05-1980,939.44
28-05-1980,940.19
29-05-1980,940.94
30-05-1980,941.69
31-05-1980,942.44
01-06-1980,943.19
02-06-1980,943.94
03-06-1980,944.7
04-06-1980,945.45
05-06-1980,946.2
06-06-1980,946.96
07-06-1980,947.71
08-06-1980,948.47
09-06-1980,949.22
10-06-1980,949.94
11-06-1980,950.66
12-06-1980,951.38
13-06-1980,952.1
14-06-1980,952.82
15-06-1980,953.55
16-06-1980,954.27
17-06-1980,954.99
18-06-1980,955.72
19-06-1980,956.44
20-06-1980,957.17
21-06-1980,957.89
22-06-1980,958.62
23-06-1980,959.35
24-06-1980,960.07
25-06-1980,960.8
26-06-1980,961.53
27-06-1980,962.26
28-06-1980,962.99
29-06-1980,963.72
30-06-1980,964.45
01-07-1980,965.18
02-07-1980,965.91
03-07-1980,966.65
04-07-1980,967.38
05-07-1980,968.11
06-07-1980,968.85
07-07-1980,969.58
08-07-1980,970.32
09-07-1980,971.05
10-07-1980,971.64
11-07-1980,972.23
12-07-1980,972.82
13-07-1980,973.41
14-07-1980,974
15-07-1980,974.59
16-07-1980,975.19
17-07-1980,975.78
18-07-1980,976.37
19-07-1980,976.96
20-07-1980,977.56
21-07-1980,978.15
22-07-1980,978.74
23-07-1980,979.34
24-07-1980,979.93
25-07-1980,980.53
26-07-1980,981.12
27-07-1980,981.72
28-07-1980,982.32
29-07-1980,982.91
30-07-1980,983.51
31-07-1980,984.11
01-08-1980,984.71
02-08-1980,985.3
03-08-1980,985.9
04-08-1980,986.5
05-08-1980,987.1
06-08-1980,987.7
07-08-1980,988.3
08-08-1980,988.9
09-08-1980,989.5
10-08-1980,990.13
11-08-1980,990.76
12-08-1980,991.4
13-08-1980,992.03
14-08-1980,992.67
15-08-1980,993.3
16-08-1980,993.93
17-08-1980,994.57
18-08-1980,995.21
19-08-1980,995.84
20-08-1980,996.48
21-08-1980,997.11
22-08-1980,997.75
23-08-1980,998.39
24-08-1980,999.03
25-08-1980,999.67
26-08-1980,1000.3
27-08-1980,1000.94
28-08-1980,1001.58
29-08-1980,1002.22
30-08-1980,1002.86
31-08-1980,1003.5
01-09-1980,1004.15
02-09-1980,1004.79
03-09-1980,1005.43
04-09-1980,1006.07
05-09-1980,1006.71
06-09-1980,1007.36
07-09-1980,1008
08-09-1980,1008.65
09-09-1980,1009.29
10-09-1980,1010.02
11-09-1980,1010.76
12-09-1980,1011.49
13-09-1980,1012.22
14-09-1980,1012.96
15-09-1980,1013.69
16-09-1980,1014.43
17-09-1980,1015.16
18-09-1980,1015.9
19-09-1980,1016.64
20-09-1980,1017.38
21-09-1980,1018.11
22-09-1980,1018.85
23-09-1980,1019.59
24-09-1980,1020.33
25-09-1980,1021.07
26-09-1980,1021.81
27-09-1980,1022.55
28-09-1980,1023.3
29-09-1980,1024.04
30-09-1980,1024.78
01-10-1980,1025.53
02-10-1980,1026.27
03-10-1980,1027.01
04-10-1980,1027.76
05-10-1980,1028.51
06-10-1980,1029.25
07-10-1980,1030
08-10-1980,1030.75
09-10-1980,1031.49
10-10-1980,1032.18
11-10-1980,1032.87
12-10-1980,1033.57
13-10-1980,1034.26
14-10-1980,1034.95
15-10-1980,1035.65
16-10-1980,1036.34
17-10-1980,1037.04
18-10-1980,1037.73
19-10-1980,1038.43
20-10-1980,1039.12
21-10-1980,1039.82
22-10-1980,1040.52
23-10-1980,1041.22
24-10-1980,1041.92
25-10-1980,1042.61
26-10-1980,1043.31
27-10-1980,1044.01
28-10-1980,1044.71
29-10-1980,1045.41
30-10-1980,1046.11
31-10-1980,1046.82
01-11-1980,1047.52
02-11-1980,1048.22
03-11-1980,1048.92
04-11-1980,1049.63
05-11-1980,1050.33
06-11-1980,1051.04
07-11-1980,1051.74
08-11-1980,1052.45
09-11-1980,1053.15
10-11-1980,1054.15
11-11-1980,1055.16
12-11-1980,1056.16
13-11-1980,1057.17
14-11-1980,1058.18
15-11-1980,1059.19
16-11-1980,1060.2
17-11-1980,1061.21
18-11-1980,1062.22
19-11-1980,1063.23
20-11-1980,1064.25
21-11-1980,1065.26
22-11-1980,1066.28
23-11-1980,1067.29
24-11-1980,1068.31
25-11-1980,1069.33
26-11-1980,1070.35
27-11-1980,1071.37
28-11-1980,1072.39
29-11-1980,1073.41
30-11-1980,1074.44
01-12-1980,1075.46
02-12-1980,1076.49
03-12-1980,1077.51
04-12-1980,1078.54
05-12-1980,1079.57
06-12-1980,1080.6
07-12-1980,1081.63
08-12-1980,1082.66
09-12-1980,1083.69
10-12-1980,1084.59
11-12-1980,1085.49
12-12-1980,1086.39
13-12-1980,1087.29
14-12-1980,1088.19
15-12-1980,1089.09
16-12-1980,1089.99
17-12-1980,1090.89
18-12-1980,1091.8
19-12-1980,1092.7
20-12-1980,1093.61
21-12-1980,1094.51
22-12-1980,1095.42
23-12-1980,1096.33
24-12-1980,1097.23
25-12-1980,1098.14
26-12-1980,1099.05
27-12-1980,1099.96
28-12-1980,1100.87
29-12-1980,1101.79
30-12-1980,1102.7
31-12-1980,1103.61
01-01-1981,1104.53
02-01-1981,1105.44
03-01-1981,1106.36
04-01-1981,1107.27
05-01-1981,1108.19
06-01-1981,1109.11
07-01-1981,1110.03
08-01-1981,1110.95
09-01-1981,1111.87
10-01-1981,1112.55
11-01-1981,1113.22
12-01-1981,1113.9
13-01-1981,1114.57
14-01-1981,1115.25
15-01-1981,1115.93
16-01-1981,1116.61
17-01-1981,1117.28
18-01-1981,1117.96
19-01-1981,1118.64
20-01-1981,1119.32
21-01-1981,1120
22-01-1981,1120.68
23-01-1981,1121.36
24-01-1981,1122.04
25-01-1981,1122.72
26-01-1981,1123.41
27-01-1981,1124.09
28-01-1981,1124.77
29-01-1981,1125.45
30-01-1981,1126.14
31-01-1981,1126.82
01-02-1981,1127.51
02-02-1981,1128.19
03-02-1981,1128.88
04-02-1981,1129.56
05-02-1981,1130.25
06-02-1981,1130.93
07-02-1981,1131.62
08-02-1981,1132.31
09-02-1981,1133
10-02-1981,1133.64
11-02-1981,1134.29
12-02-1981,1134.93
13-02-1981,1135.57
14-02-1981,1136.22
15-02-1981,1136.86
16-02-1981,1137.51
17-02-1981,1138.15
18-02-1981,1138.8
19-02-1981,1139.44
20-02-1981,1140.09
21-02-1981,1140.73
22-02-1981,1141.38
23-02-1981,1142.03
24-02-1981,1142.68
25-02-1981,1143.32
26-02-1981,1143.97
27-02-1981,1144.62
28-02-1981,1145.27
01-03-1981,1145.92
02-03-1981,1146.57
03-03-1981,1147.22
04-03-1981,1147.87
05-03-1981,1148.52
06-03-1981,1149.17
07-03-1981,1149.82
08-03-1981,1150.48
09-03-1981,1151.13
10-03-1981,1151.24
11-03-1981,1151.35
12-03-1981,1151.46
13-03-1981,1151.58
14-03-1981,1151.69
15-03-1981,1151.8
16-03-1981,1151.91
17-03-1981,1152.02
18-03-1981,1152.13
19-03-1981,1152.24
20-03-1981,1152.35
21-03-1981,1152.47
22-03-1981,1152.58
23-03-1981,1152.69
24-03-1981,1152.8
25-03-1981,1152.91
26-03-1981,1153.02
27-03-1981,1153.13
28-03-1981,1153.25
29-03-1981,1153.36
30-03-1981,1153.47
31-03-1981,1153.58
01-04-1981,1153.69
02-04-1981,1153.8
03-04-1981,1153.91
04-04-1981,1154.03
05-04-1981,1154.14
06-04-1981,1154.25
07-04-1981,1154.36
08-04-1981,1154.47
09-04-1981,1154.58
10-04-1981,1154.89
11-04-1981,1155.19
12-04-1981,1155.5
13-04-1981,1155.81
14-04-1981,1156.11
15-04-1981,1156.42
16-04-1981,1156.73
17-04-1981,1157.04
18-04-1981,1157.34
19-04-1981,1157.65
20-04-1981,1157.96
21-04-1981,1158.27
22-04-1981,1158.57
23-04-1981,1158.88
24-04-1981,1159.19
25-04-1981,1159.5
26-04-1981,1159.81
27-04-1981,1160.11
28-04-1981,1160.42
29-04-1981,1160.73
30-04-1981,1161.04
01-05-1981,1161.35
02-05-1981,1161.65
03-05-1981,1161.96
04-05-1981,1162.27
05-05-1981,1162.58
06-05-1981,1162.89
07-05-1981,1163.2
08-05-1981,1163.51
09-05-1981,1163.82
10-05-1981,1164.27
11-05-1981,1164.72
12-05-1981,1165.16
13-05-1981,1165.61
14-05-1981,1166.06
15-05-1981,1166.51
16-05-1981,1166.96
17-05-1981,1167.41
18-05-1981,1167.86
19-05-1981,1168.31
20-05-1981,1168.76
21-05-1981,1169.21
22-05-1981,1169.66
23-05-1981,1170.11
24-05-1981,1170.56
25-05-1981,1171.01
26-05-1981,1171.46
27-05-1981,1171.91
28-05-1981,1172.36
29-05-1981,1172.81
30-05-1981,1173.26
31-05-1981,1173.71
01-06-1981,1174.17
02-06-1981,1174.62
03-06-1981,1175.07
04-06-1981,1175.52
05-06-1981,1175.97
06-06-1981,1176.43
07-06-1981,1176.88
08-06-1981,1177.33
09-06-1981,1177.79
10-06-1981,1178.3
11-06-1981,1178.8
12-06-1981,1179.31
13-06-1981,1179.82
14-06-1981,1180.33
15-06-1981,1180.84
16-06-1981,1181.34
17-06-1981,1181.85
18-06-1981,1182.36
19-06-1981,1182.87
20-06-1981,1183.38
21-06-1981,1183.89
22-06-1981,1184.4
23-06-1981,1184.91
24-06-1981,1185.42
25-06-1981,1185.93
26-06-1981,1186.44
27-06-1981,1186.95
28-06-1981,1187.46
29-06-1981,1187.98
30-06-1981,1188.49
01-07-1981,1189
02-07-1981,1189.51
03-07-1981,1190.02
04-07-1981,1190.54
05-07-1981,1191.05
06-07-1981,1191.56
07-07-1981,1192.07
08-07-1981,1192.59
09-07-1981,1193.1
10-07-1981,1193.14
11-07-1981,1193.18
12-07-1981,1193.22
13-07-1981,1193.25
14-07-1981,1193.29
15-07-1981,1193.33
16-07-1981,1193.37
17-07-1981,1193.41
18-07-1981,1193.45
19-07-1981,1193.48
20-07-1981,1193.52
21-07-1981,1193.56
22-07-1981,1193.6
23-07-1981,1193.64
24-07-1981,1193.68
25-07-1981,1193.72
26-07-1981,1193.75
27-07-1981,1193.79
28-07-1981,1193.83
29-07-1981,1193.87
30-07-1981,1193.91
31-07-1981,1193.95
01-08-1981,1193.99
02-08-1981,1194.02
03-08-1981,1194.06
04-08-1981,1194.1
05-08-1981,1194.14
06-08-1981,1194.18
07-08-1981,1194.22
08-08-1981,1194.25
09-08-1981,1194.29
10-08-1981,1194.52
11-08-1981,1194.75
12-08-1981,1194.98
13-08-1981,1195.21
14-08-1981,1195.44
15-08-1981,1195.67
16-08-1981,1195.9
17-08-1981,1196.14
18-08-1981,1196.37
19-08-1981,1196.6
20-08-1981,1196.83
21-08-1981,1197.06
22-08-1981,1197.29
23-08-1981,1197.52
24-08-1981,1197.75
25-08-1981,1197.98
26-08-1981,1198.21
27-08-1981,1198.45
28-08-1981,1198.68
29-08-1981,1198.91
30-08-1981,1199.14
31-08-1981,1199.37
01-09-1981,1199.6
02-09-1981,1199.83
03-09-1981,1200.07
04-09-1981,1200.3
05-09-1981,1200.53
06-09-1981,1200.76
07-09-1981,1200.99
08-09-1981,1201.22
09-09-1981,1201.46
10-09-1981,1201.94
11-09-1981,1202.42
12-09-1981,1202.89
13-09-1981,1203.37
14-09-1981,1203.85
15-09-1981,1204.33
16-09-1981,1204.81
17-09-1981,1205.29
18-09-1981,1205.77
19-09-1981,1206.25
20-09-1981,1206.73
21-09-1981,1207.21
22-09-1981,1207.69
23-09-1981,1208.17
24-09-1981,1208.65
25-09-1981,1209.13
26-09-1981,1209.61
27-09-1981,1210.09
28-09-1981,1210.57
29-09-1981,1211.05
30-09-1981,1211.53
01-10-1981,1212.02
02-10-1981,1212.5
03-10-1981,1212.98
04-10-1981,1213.46
05-10-1981,1213.95
06-10-1981,1214.43
07-10-1981,1214.91
08-10-1981,1215.39
09-10-1981,1215.88
10-10-1981,1216.23
11-10-1981,1216.58
12-10-1981,1216.93
13-10-1981,1217.29
14-10-1981,1217.64
15-10-1981,1217.99
16-10-1981,1218.34
17-10-1981,1218.69
18-10-1981,1219.05
19-10-1981,1219.4
20-10-1981,1219.75
21-10-1981,1220.1
22-10-1981,1220.46
23-10-1981,1220.81
24-10-1981,1221.16
25-10-1981,1221.52
26-10-1981,1221.87
27-10-1981,1222.22
28-10-1981,1222.58
29-10-1981,1222.93
30-10-1981,1223.28
31-10-1981,1223.64
01-11-1981,1223.99
02-11-1981,1224.34
03-11-1981,1224.7
04-11-1981,1225.05
05-11-1981,1225.41
06-11-1981,1225.76
07-11-1981,1226.11
08-11-1981,1226.47
09-11-1981,1226.82
10-11-1981,1226.94
11-11-1981,1227.07
12-11-1981,1227.19
13-11-1981,1227.31
14-11-1981,1227.43
15-11-1981,1227.56
16-11-1981,1227.68
17-11-1981,1227.8
18-11-1981,1227.92
19-11-1981,1228.05
20-11-1981,1228.17
21-11-1981,1228.29
22-11-1981,1228.41
23-11-1981,1228.54
24-11-1981,1228.66
25-11-1981,1228.78
26-11-1981,1228.9
27-11-1981,1229.03
28-11-1981,1229.15
29-11-1981,1229.27
30-11-1981,1229.4
01-12-1981,1229.52
02-12-1981,1229.64
03-12-1981,1229.76
04-12-1981,1229.89
05-12-1981,1230.01
06-12-1981,1230.13
07-12-1981,1230.25
08-12-1981,1230.38
09-12-1981,1230.5
10-12-1981,1230.58
11-12-1981,1230.66
12-12-1981,1230.74
13-12-1981,1230.82
14-12-1981,1230.9
15-12-1981,1230.98
16-12-1981,1231.06
17-12-1981,1231.13
18-12-1981,1231.21
19-12-1981,1231.29
20-12-1981,1231.37
21-12-1981,1231.45
22-12-1981,1231.53
23-12-1981,1231.61
24-12-1981,1231.69
25-12-1981,1231.77
26-12-1981,1231.85
27-12-1981,1231.93
28-12-1981,1232.01
29-12-1981,1232.09
30-12-1981,1232.17
31-12-1981,1232.25
01-01-1982,1232.33
02-01-1982,1232.4
03-01-1982,1232.48
04-01-1982,1232.56
05-01-1982,1232.64
06-01-1982,1232.72
07-01-1982,1232.8
08-01-1982,1232.88
09-01-1982,1232.96
10-01-1982,1233.16
11-01-1982,1233.36
12-01-1982,1233.56
13-01-1982,1233.75
14-01-1982,1233.95
15-01-1982,1234.15
16-01-1982,1234.35
17-01-1982,1234.55
18-01-1982,1234.75
19-01-1982,1234.95
20-01-1982,1235.14
21-01-1982,1235.34
22-01-1982,1235.54
23-01-1982,1235.74
24-01-1982,1235.94
25-01-1982,1236.14
26-01-1982,1236.34
27-01-1982,1236.54
28-01-1982,1236.73
29-01-1982,1236.93
30-01-1982,1237.13
31-01-1982,1237.33
01-02-1982,1237.53
02-02-1982,1237.73
03-02-1982,1237.93
04-02-1982,1238.13
05-02-1982,1238.33
06-02-1982,1238.53
07-02-1982,1238.73
08-02-1982,1238.93
09-02-1982,1239.12
10-02-1982,1239.43
11-02-1982,1239.74
12-02-1982,1240.05
13-02-1982,1240.36
14-02-1982,1240.66
15-02-1982,1240.97
16-02-1982,1241.28
17-02-1982,1241.59
18-02-1982,1241.9
19-02-1982,1242.21
20-02-1982,1242.52
21-02-1982,1242.83
22-02-1982,1243.14
23-02-1982,1243.45
24-02-1982,1243.76
25-02-1982,1244.07
26-02-1982,1244.38
27-02-1982,1244.69
28-02-1982,1245
01-03-1982,1245.31
02-03-1982,1245.62
03-03-1982,1245.93
04-03-1982,1246.24
05-03-1982,1246.55
06-03-1982,1246.86
07-03-1982,1247.17
08-03-1982,1247.48
09-03-1982,1247.79
10-03-1982,1247.47
11-03-1982,1247.14
12-03-1982,1246.82
13-03-1982,1246.5
14-03-1982,1246.17
15-03-1982,1245.85
16-03-1982,1245.53
17-03-1982,1245.21
18-03-1982,1244.88
19-03-1982,1244.56
20-03-1982,1244.24
21-03-1982,1243.92
22-03-1982,1243.59
23-03-1982,1243.27
24-03-1982,1242.95
25-03-1982,1242.63
26-03-1982,1242.31
27-03-1982,1241.98
28-03-1982,1241.66
29-03-1982,1241.34
30-03-1982,1241.02
31-03-1982,1240.7
01-04-1982,1240.38
02-04-1982,1240.05
03-04-1982,1239.73
04-04-1982,1239.41
05-04-1982,1239.09
06-04-1982,1238.77
07-04-1982,1238.45
08-04-1982,1238.13
09-04-1982,1237.81
10-04-1982,1237.97
11-04-1982,1238.14
12-04-1982,1238.3
13-04-1982,1238.47
14-04-1982,1238.63
15-04-1982,1238.8
16-04-1982,1238.96
17-04-1982,1239.13
18-04-1982,1239.29
19-04-1982,1239.46
20-04-1982,1239.62
21-04-1982,1239.79
22-04-1982,1239.95
23-04-1982,1240.12
24-04-1982,1240.28
25-04-1982,1240.45
26-04-1982,1240.61
27-04-1982,1240.78
28-04-1982,1240.94
29-04-1982,1241.11
30-04-1982,1241.27
01-05-1982,1241.44
02-05-1982,1241.6
03-05-1982,1241.77
04-05-1982,1241.93
05-05-1982,1242.1
06-05-1982,1242.27
07-05-1982,1242.43
08-05-1982,1242.6
09-05-1982,1242.76
10-05-1982,1242.72
11-05-1982,1242.68
12-05-1982,1242.64
13-05-1982,1242.6
14-05-1982,1242.56
15-05-1982,1242.52
16-05-1982,1242.48
17-05-1982,1242.44
18-05-1982,1242.4
19-05-1982,1242.36
20-05-1982,1242.32
21-05-1982,1242.28
22-05-1982,1242.24
23-05-1982,1242.2
24-05-1982,1242.16
25-05-1982,1242.12
26-05-1982,1242.08
27-05-1982,1242.04
28-05-1982,1242
29-05-1982,1241.96
30-05-1982,1241.92
31-05-1982,1241.88
01-06-1982,1241.84
02-06-1982,1241.8
03-06-1982,1241.76
04-06-1982,1241.72
05-06-1982,1241.68
06-06-1982,1241.64
07-06-1982,1241.6
08-06-1982,1241.56
09-06-1982,1241.52
10-06-1982,1241.31
11-06-1982,1241.11
12-06-1982,1240.9
13-06-1982,1240.69
14-06-1982,1240.48
15-06-1982,1240.28
16-06-1982,1240.07
17-06-1982,1239.86
18-06-1982,1239.65
19-06-1982,1239.45
20-06-1982,1239.24
21-06-1982,1239.03
22-06-1982,1238.83
23-06-1982,1238.62
24-06-1982,1238.41
25-06-1982,1238.21
26-06-1982,1238
27-06-1982,1237.79
28-06-1982,1237.58
29-06-1982,1237.38
30-06-1982,1237.17
01-07-1982,1236.96
02-07-1982,1236.76
03-07-1982,1236.55
04-07-1982,1236.34
05-07-1982,1236.14
06-07-1982,1235.93
07-07-1982,1235.73
08-07-1982,1235.52
09-07-1982,1235.31
10-07-1982,1235.59
11-07-1982,1235.87
12-07-1982,1236.14
13-07-1982,1236.42
14-07-1982,1236.7
15-07-1982,1236.98
16-07-1982,1237.26
17-07-1982,1237.54
18-07-1982,1237.81
19-07-1982,1238.09
20-07-1982,1238.37
21-07-1982,1238.65
22-07-1982,1238.93
23-07-1982,1239.21
24-07-1982,1239.47
25-07-1982,1239.77
26-07-1982,1240.04
27-07-1982,1240.32
28-07-1982,1240.6
29-07-1982,1240.88
30-07-1982,1241.16
31-07-1982,1241.44
01-08-1982,1241.72
02-08-1982,1242
03-08-1982,1242.28
04-08-1982,1242.56
05-08-1982,1242.84
06-08-1982,1243.12
07-08-1982,1243.4
08-08-1982,1243.68
09-08-1982,1243.96
10-08-1982,1244.75
11-08-1982,1245.55
12-08-1982,1246.35
13-08-1982,1247.14
14-08-1982,1247.94
15-08-1982,1248.74
16-08-1982,1249.54
17-08-1982,1250.33
18-08-1982,1251.13
19-08-1982,1251.93
20-08-1982,1252.73
21-08-1982,1253.53
22-08-1982,1254.33
23-08-1982,1255.13
24-08-1982,1255.94
25-08-1982,1256.74
26-08-1982,1257.54
27-08-1982,1258.35
28-08-1982,1259.15
29-08-1982,1259.95
30-08-1982,1260.76
31-08-1982,1261.57
01-09-1982,1262.37
02-09-1982,1263.18
03-09-1982,1263.99
04-09-1982,1264.79
05-09-1982,1265.6
06-09-1982,1266.41
07-09-1982,1267.22
08-09-1982,1268.03
09-09-1982,1268.84
10-09-1982,1270.17
11-09-1982,1271.51
12-09-1982,1272.84
13-09-1982,1274.18
14-09-1982,1275.52
15-09-1982,1276.86
16-09-1982,1278.2
17-09-1982,1279.54
18-09-1982,1280.89
19-09-1982,1282.23
20-09-1982,1283.58
21-09-1982,1284.93
22-09-1982,1286.28
23-09-1982,1287.63
24-09-1982,1288.98
25-09-1982,1290.34
26-09-1982,1291.69
27-09-1982,1293.05
28-09-1982,1294.41
29-09-1982,1295.77
30-09-1982,1297.13
01-10-1982,1298.49
02-10-1982,1299.85
03-10-1982,1301.22
04-10-1982,1302.59
05-10-1982,1303.95
06-10-1982,1305.32
07-10-1982,1306.7
08-10-1982,1308.07
09-10-1982,1309.44
10-10-1982,1311.22
11-10-1982,1313
12-10-1982,1314.79
13-10-1982,1316.57
14-10-1982,1318.36
15-10-1982,1320.15
16-10-1982,1321.95
17-10-1982,1323.74
18-10-1982,1325.54
19-10-1982,1327.34
20-10-1982,1329.15
21-10-1982,1330.96
22-10-1982,1332.76
23-10-1982,1334.58
24-10-1982,1336.39
25-10-1982,1338.21
26-10-1982,1340.02
27-10-1982,1341.84
28-10-1982,1343.67
29-10-1982,1345.49
30-10-1982,1347.32
31-10-1982,1349.15
01-11-1982,1350.99
02-11-1982,1352.82
03-11-1982,1354.66
04-11-1982,1356.5
05-11-1982,1358.35
06-11-1982,1360.19
07-11-1982,1362.04
08-11-1982,1363.89
09-11-1982,1365.75
10-11-1982,1367.89
11-11-1982,1370.03
12-11-1982,1372.17
13-11-1982,1374.31
14-11-1982,1376.46
15-11-1982,1378.62
16-11-1982,1380.77
17-11-1982,1382.93
18-11-1982,1385.1
19-11-1982,1387.26
20-11-1982,1389.43
21-11-1982,1391.6
22-11-1982,1393.78
23-11-1982,1395.96
24-11-1982,1398.14
25-11-1982,1400.33
26-11-1982,1402.52
27-11-1982,1404.71
28-11-1982,1406.91
29-11-1982,1409.11
30-11-1982,1411.32
01-12-1982,1413.52
02-12-1982,1415.73
03-12-1982,1417.95
04-12-1982,1420.17
05-12-1982,1422.39
06-12-1982,1424.61
07-12-1982,1426.84
08-12-1982,1429.07
09-12-1982,1431.31
10-12-1982,1432.81
11-12-1982,1434.31
12-12-1982,1435.81
13-12-1982,1437.32
14-12-1982,1438.82
15-12-1982,1440.33
16-12-1982,1441.84
17-12-1982,1443.35
18-12-1982,1444.87
19-12-1982,1446.38
20-12-1982,1447.89
21-12-1982,1449.41
22-12-1982,1450.93
23-12-1982,1452.45
24-12-1982,1453.97
25-12-1982,1455.5
26-12-1982,1457.02
27-12-1982,1458.55
28-12-1982,1460.08
29-12-1982,1461.61
30-12-1982,1463.14
31-12-1982,1464.67
01-01-1983,1466.21
02-01-1983,1467.74
03-01-1983,1469.28
04-01-1983,1470.82
05-01-1983,1472.36
06-01-1983,1473.9
07-01-1983,1475.45
08-01-1983,1477
09-01-1983,1478.54
10-01-1983,1479.11
11-01-1983,1479.68
12-01-1983,1480.25
13-01-1983,1480.82
14-01-1983,1481.39
15-01-1983,1481.96
16-01-1983,1482.53
17-01-1983,1483.1
18-01-1983,1483.67
19-01-1983,1484.24
20-01-1983,1484.81
21-01-1983,1485.38
22-01-1983,1485.95
23-01-1983,1486.53
24-01-1983,1487.1
25-01-1983,1487.67
26-01-1983,1488.24
27-01-1983,1488.82
28-01-1983,1489.39
29-01-1983,1489.96
30-01-1983,1490.54
31-01-1983,1491.11
01-02-1983,1491.68
02-02-1983,1492.26
03-02-1983,1492.83
04-02-1983,1493.41
05-02-1983,1493.98
06-02-1983,1494.56
07-02-1983,1495.13
08-02-1983,1495.71
09-02-1983,1496.28
10-02-1983,1497.23
11-02-1983,1498.19
12-02-1983,1499.14
13-02-1983,1500.1
14-02-1983,1501.05
15-02-1983,1502.01
16-02-1983,1502.97
17-02-1983,1503.93
18-02-1983,1504.88
19-02-1983,1505.84
20-02-1983,1506.8
21-02-1983,1507.76
22-02-1983,1508.72
23-02-1983,1509.69
24-02-1983,1510.65
25-02-1983,1511.61
26-02-1983,1512.57
27-02-1983,1513.54
28-02-1983,1514.5
01-03-1983,1515.47
02-03-1983,1516.43
03-03-1983,1517.4
04-03-1983,1518.37
05-03-1983,1519.34
06-03-1983,1520.3
07-03-1983,1521.27
08-03-1983,1522.24
09-03-1983,1523.21
10-03-1983,1523.26
11-03-1983,1523.31
12-03-1983,1523.36
13-03-1983,1523.41
14-03-1983,1523.46
15-03-1983,1523.5
16-03-1983,1523.55
17-03-1983,1523.6
18-03-1983,1523.65
19-03-1983,1523.7
20-03-1983,1523.75
21-03-1983,1523.8
22-03-1983,1523.85
23-03-1983,1523.9
24-03-1983,1523.95
25-03-1983,1524
26-03-1983,1524.05
27-03-1983,1524.09
28-03-1983,1524.14
29-03-1983,1524.19
30-03-1983,1524.24
31-03-1983,1524.29
01-04-1983,1524.34
02-04-1983,1524.39
03-04-1983,1524.44
04-04-1983,1524.49
05-04-1983,1524.54
06-04-1983,1524.59
07-04-1983,1524.63
08-04-1983,1524.68
09-04-1983,1524.73
10-04-1983,1525.69
11-04-1983,1526.64
12-04-1983,1527.6
13-04-1983,1528.56
14-04-1983,1529.52
15-04-1983,1530.48
16-04-1983,1531.44
17-04-1983,1532.4
18-04-1983,1533.36
19-04-1983,1534.33
20-04-1983,1535.29
21-04-1983,1536.25
22-04-1983,1537.22
23-04-1983,1538.18
24-04-1983,1539.15
25-04-1983,1540.11
26-04-1983,1541.08
27-04-1983,1542.05
28-04-1983,1543.01
29-04-1983,1543.98
30-04-1983,1544.95
01-05-1983,1545.92
02-05-1983,1546.89
03-05-1983,1547.86
04-05-1983,1548.83
05-05-1983,1549.81
06-05-1983,1550.78
07-05-1983,1551.75
08-05-1983,1552.73
09-05-1983,1553.7
10-05-1983,1555.18
11-05-1983,1556.67
12-05-1983,1558.15
13-05-1983,1559.64
14-05-1983,1561.13
15-05-1983,1562.61
16-05-1983,1564.1
17-05-1983,1565.6
18-05-1983,1567.09
19-05-1983,1568.59
20-05-1983,1570.08
21-05-1983,1571.58
22-05-1983,1573.08
23-05-1983,1574.58
24-05-1983,1576.08
25-05-1983,1577.59
26-05-1983,1579.09
27-05-1983,1580.6
28-05-1983,1582.1
29-05-1983,1583.61
30-05-1983,1585.12
31-05-1983,1586.64
01-06-1983,1588.15
02-06-1983,1589.67
03-06-1983,1591.18
04-06-1983,1592.7
05-06-1983,1594.22
06-06-1983,1595.74
07-06-1983,1597.26
08-06-1983,1598.79
09-06-1983,1600.31
10-06-1983,1601.05
11-06-1983,1601.79
12-06-1983,1602.54
13-06-1983,1603.28
14-06-1983,1604.02
15-06-1983,1604.77
16-06-1983,1605.51
17-06-1983,1606.25
18-06-1983,1607
19-06-1983,1607.74
20-06-1983,1608.49
21-06-1983,1609.23
22-06-1983,1609.98
23-06-1983,1610.73
24-06-1983,1611.47
25-06-1983,1612.22
26-06-1983,1612.97
27-06-1983,1613.72
28-06-1983,1614.46
29-06-1983,1615.21
30-06-1983,1615.96
01-07-1983,1616.71
02-07-1983,1617.46
03-07-1983,1618.21
04-07-1983,1618.96
05-07-1983,1619.71
06-07-1983,1620.46
07-07-1983,1621.21
08-07-1983,1621.96
09-07-1983,1622.71
10-07-1983,1623.54
11-07-1983,1624.37
12-07-1983,1625.2
13-07-1983,1626.04
14-07-1983,1626.87
15-07-1983,1627.7
16-07-1983,1628.54
17-07-1983,1629.37
18-07-1983,1630.21
19-07-1983,1631.04
20-07-1983,1631.88
21-07-1983,1632.71
22-07-1983,1633.55
23-07-1983,1634.38
24-07-1983,1635.22
25-07-1983,1636.06
26-07-1983,1636.9
27-07-1983,1637.74
28-07-1983,1638.57
29-07-1983,1639.41
30-07-1983,1640.25
31-07-1983,1641.09
01-08-1983,1641.93
02-08-1983,1642.77
03-08-1983,1643.62
04-08-1983,1644.46
05-08-1983,1645.3
06-08-1983,1646.14
07-08-1983,1646.99
08-08-1983,1647.83
09-08-1983,1648.67
10-08-1983,1649.67
11-08-1983,1650.67
12-08-1983,1651.68
13-08-1983,1652.68
14-08-1983,1653.68
15-08-1983,1654.69
16-08-1983,1655.69
17-08-1983,1656.7
18-08-1983,1657.7
19-08-1983,1658.71
20-08-1983,1659.72
21-08-1983,1660.73
22-08-1983,1661.73
23-08-1983,1662.74
24-08-1983,1663.75
25-08-1983,1664.76
26-08-1983,1665.78
27-08-1983,1666.79
28-08-1983,1667.8
29-08-1983,1668.81
30-08-1983,1669.83
31-08-1983,1670.84
01-09-1983,1671.85
02-09-1983,1672.87
03-09-1983,1673.89
04-09-1983,1674.9
05-09-1983,1675.92
06-09-1983,1676.94
07-09-1983,1677.96
08-09-1983,1678.98
09-09-1983,1679.99
10-09-1983,1681.48
11-09-1983,1682.98
12-09-1983,1684.47
13-09-1983,1685.97
14-09-1983,1687.47
15-09-1983,1688.97
16-09-1983,1690.47
17-09-1983,1691.97
18-09-1983,1693.47
19-09-1983,1694.98
20-09-1983,1696.48
21-09-1983,1697.99
22-09-1983,1699.5
23-09-1983,1701.01
24-09-1983,1702.52
25-09-1983,1704.03
26-09-1983,1705.55
27-09-1983,1707.06
28-09-1983,1708.58
29-09-1983,1710.1
30-09-1983,1711.61
01-10-1983,1713.14
02-10-1983,1714.66
03-10-1983,1716.18
04-10-1983,1717.71
05-10-1983,1719.23
06-10-1983,1720.76
07-10-1983,1722.29
08-10-1983,1723.82
09-10-1983,1725.35
10-10-1983,1726.62
11-10-1983,1727.88
12-10-1983,1729.15
13-10-1983,1730.42
14-10-1983,1731.69
15-10-1983,1732.96
16-10-1983,1734.23
17-10-1983,1735.5
18-10-1983,1736.78
19-10-1983,1738.05
20-10-1983,1739.33
21-10-1983,1740.6
22-10-1983,1741.88
23-10-1983,1743.16
24-10-1983,1744.44
25-10-1983,1745.72
26-10-1983,1747
27-10-1983,1748.28
28-10-1983,1749.56
29-10-1983,1750.85
30-10-1983,1752.13
31-10-1983,1753.42
01-11-1983,1754.71
02-11-1983,1755.99
03-11-1983,1757.28
04-11-1983,1758.57
05-11-1983,1759.86
06-11-1983,1761.15
07-11-1983,1762.45
08-11-1983,1763.74
09-11-1983,1765.03
10-11-1983,1766.43
11-11-1983,1767.82
12-11-1983,1769.22
13-11-1983,1770.62
14-11-1983,1772.02
15-11-1983,1773.42
16-11-1983,1774.82
17-11-1983,1776.23
18-11-1983,1777.63
19-11-1983,1779.04
20-11-1983,1780.45
21-11-1983,1781.85
22-11-1983,1783.26
23-11-1983,1784.67
24-11-1983,1786.08
25-11-1983,1787.5
26-11-1983,1788.91
27-11-1983,1790.33
28-11-1983,1791.74
29-11-1983,1793.16
30-11-1983,1794.58
01-12-1983,1796
02-12-1983,1797.42
03-12-1983,1798.84
04-12-1983,1800.26
05-12-1983,1801.68
06-12-1983,1803.11
07-12-1983,1804.54
08-12-1983,1805.96
09-12-1983,1807.39
10-12-1983,1808.14
11-12-1983,1808.9
12-12-1983,1809.65
13-12-1983,1810.4
14-12-1983,1811.16
15-12-1983,1811.91
16-12-1983,1812.67
17-12-1983,1813.42
18-12-1983,1814.18
19-12-1983,1814.94
20-12-1983,1815.69
21-12-1983,1816.45
22-12-1983,1817.21
23-12-1983,1817.96
24-12-1983,1818.72
25-12-1983,1819.48
26-12-1983,1820.24
27-12-1983,1821
28-12-1983,1821.75
29-12-1983,1822.51
30-12-1983,1823.27
31-12-1983,1824.03
01-01-1984,1824.79
02-01-1984,1825.55
03-01-1984,1826.31
04-01-1984,1827.08
05-01-1984,1827.84
06-01-1984,1828.6
07-01-1984,1829.36
08-01-1984,1830.12
09-01-1984,1830.89
10-01-1984,1831.24
11-01-1984,1831.6
12-01-1984,1831.95
13-01-1984,1832.3
14-01-1984,1832.66
15-01-1984,1833.01
16-01-1984,1833.36
17-01-1984,1833.72
18-01-1984,1834.07
19-01-1984,1834.43
20-01-1984,1834.78
21-01-1984,1835.13
22-01-1984,1835.49
23-01-1984,1835.84
24-01-1984,1836.2
25-01-1984,1836.55
26-01-1984,1836.91
27-01-1984,1837.26
28-01-1984,1837.62
29-01-1984,1837.97
30-01-1984,1838.32
31-01-1984,1838.68
01-02-1984,1839.03
02-02-1984,1839.39
03-02-1984,1839.74
04-02-1984,1840.1
05-02-1984,1840.45
06-02-1984,1840.81
07-02-1984,1841.16
08-02-1984,1841.52
09-02-1984,1841.88
10-02-1984,1841.94
11-02-1984,1842.01
12-02-1984,1842.07
13-02-1984,1842.13
14-02-1984,1842.2
15-02-1984,1842.26
16-02-1984,1842.32
17-02-1984,1842.39
18-02-1984,1842.45
19-02-1984,1842.51
20-02-1984,1842.58
21-02-1984,1842.64
22-02-1984,1842.71
23-02-1984,1842.77
24-02-1984,1842.83
25-02-1984,1842.9
26-02-1984,1842.96
27-02-1984,1843.02
28-02-1984,1843.09
29-02-1984,1843.15
01-03-1984,1843.21
02-03-1984,1843.28
03-03-1984,1843.34
04-03-1984,1843.4
05-03-1984,1843.47
06-03-1984,1843.53
07-03-1984,1843.59
08-03-1984,1843.66
09-03-1984,1843.72
10-03-1984,1843.6
11-03-1984,1843.48
12-03-1984,1843.36
13-03-1984,1843.24
14-03-1984,1843.12
15-03-1984,1843.01
16-03-1984,1842.89
17-03-1984,1842.77
18-03-1984,1842.65
19-03-1984,1842.53
20-03-1984,1842.41
21-03-1984,1842.29
22-03-1984,1842.17
23-03-1984,1842.05
24-03-1984,1841.93
25-03-1984,1841.82
26-03-1984,1841.7
27-03-1984,1841.58
28-03-1984,1841.46
29-03-1984,1841.34
30-03-1984,1841.22
31-03-1984,1841.1
01-04-1984,1840.98
02-04-1984,1840.86
03-04-1984,1840.75
04-04-1984,1840.63
05-04-1984,1840.51
06-04-1984,1840.39
07-04-1984,1840.27
08-04-1984,1840.15
09-04-1984,1840.03
10-04-1984,1841.55
11-04-1984,1843.06
12-04-1984,1844.58
13-04-1984,1846.1
14-04-1984,1847.62
15-04-1984,1849.14
16-04-1984,1850.66
17-04-1984,1852.19
18-04-1984,1853.71
19-04-1984,1855.24
20-04-1984,1856.77
21-04-1984,1858.29
22-04-1984,1859.82
23-04-1984,1861.36
24-04-1984,1862.89
25-04-1984,1864.42
26-04-1984,1865.96
27-04-1984,1867.49
28-04-1984,1869.03
29-04-1984,1870.57
30-04-1984,1872.11
01-05-1984,1873.65
02-05-1984,1875.2
03-05-1984,1876.74
04-05-1984,1878.28
05-05-1984,1879.83
06-05-1984,1881.38
07-05-1984,1882.93
08-05-1984,1884.48
09-05-1984,1886.03
10-05-1984,1886.94
11-05-1984,1887.84
12-05-1984,1888.75
13-05-1984,1889.66
14-05-1984,1890.56
15-05-1984,1891.47
16-05-1984,1892.38
17-05-1984,1893.29
18-05-1984,1894.2
19-05-1984,1895.11
20-05-1984,1896.02
21-05-1984,1896.93
22-05-1984,1897.84
23-05-1984,1898.75
24-05-1984,1899.67
25-05-1984,1900.58
26-05-1984,1901.49
27-05-1984,1902.41
28-05-1984,1903.32
29-05-1984,1904.23
30-05-1984,1905.15
31-05-1984,1906.06
01-06-1984,1906.98
02-06-1984,1907.9
03-06-1984,1908.81
04-06-1984,1909.73
05-06-1984,1910.65
06-06-1984,1911.56
07-06-1984,1912.48
08-06-1984,1913.4
09-06-1984,1914.32
10-06-1984,1915.08
11-06-1984,1915.84
12-06-1984,1916.6
13-06-1984,1917.37
14-06-1984,1918.13
15-06-1984,1918.89
16-06-1984,1919.66
17-06-1984,1920.42
18-06-1984,1921.18
19-06-1984,1921.95
20-06-1984,1922.71
21-06-1984,1923.48
22-06-1984,1924.24
23-06-1984,1925.01
24-06-1984,1925.77
25-06-1984,1926.54
26-06-1984,1927.3
27-06-1984,1928.07
28-06-1984,1928.84
29-06-1984,1929.6
30-06-1984,1930.37
01-07-1984,1931.14
02-07-1984,1931.91
03-07-1984,1932.68
04-07-1984,1933.44
05-07-1984,1934.21
06-07-1984,1934.98
07-07-1984,1935.75
08-07-1984,1936.52
09-07-1984,1937.29
10-07-1984,1938.1
11-07-1984,1938.91
12-07-1984,1939.71
13-07-1984,1940.52
14-07-1984,1941.33
15-07-1984,1942.14
16-07-1984,1942.95
17-07-1984,1943.76
18-07-1984,1944.57
19-07-1984,1945.38
20-07-1984,1946.19
21-07-1984,1947
22-07-1984,1947.81
23-07-1984,1948.62
24-07-1984,1949.44
25-07-1984,1950.25
26-07-1984,1951.06
27-07-1984,1951.87
28-07-1984,1952.69
29-07-1984,1953.5
30-07-1984,1954.32
31-07-1984,1955.13
01-08-1984,1955.94
02-08-1984,1956.76
03-08-1984,1957.57
04-08-1984,1958.39
05-08-1984,1959.21
06-08-1984,1960.02
07-08-1984,1960.84
08-08-1984,1961.66
09-08-1984,1962.47
10-08-1984,1963.04
11-08-1984,1963.6
12-08-1984,1964.17
13-08-1984,1964.74
14-08-1984,1965.31
15-08-1984,1965.88
16-08-1984,1966.44
17-08-1984,1967.01
18-08-1984,1967.58
19-08-1984,1968.15
20-08-1984,1968.72
21-08-1984,1969.29
22-08-1984,1969.86
23-08-1984,1970.43
24-08-1984,1971
25-08-1984,1971.57
26-08-1984,1972.14
27-08-1984,1972.71
28-08-1984,1973.28
29-08-1984,1973.85
30-08-1984,1974.42
31-08-1984,1974.99
01-09-1984,1975.56
02-09-1984,1976.13
03-09-1984,1976.7
04-09-1984,1977.27
05-09-1984,1977.84
06-09-1984,1978.42
07-09-1984,1978.99
08-09-1984,1979.56
09-09-1984,1980.13
10-09-1984,1980.33
11-09-1984,1980.53
12-09-1984,1980.72
13-09-1984,1980.92
14-09-1984,1981.12
15-09-1984,1981.32
16-09-1984,1981.51
17-09-1984,1981.71
18-09-1984,1981.91
19-09-1984,1982.11
20-09-1984,1982.31
21-09-1984,1982.5
22-09-1984,1982.7
23-09-1984,1982.9
24-09-1984,1983.1
25-09-1984,1983.3
26-09-1984,1983.49
27-09-1984,1983.69
28-09-1984,1983.89
29-09-1984,1984.09
30-09-1984,1984.29
01-10-1984,1984.48
02-10-1984,1984.68
03-10-1984,1984.88
04-10-1984,1985.08
05-10-1984,1985.28
06-10-1984,1985.48
07-10-1984,1985.67
08-10-1984,1985.87
09-10-1984,1986.07
10-10-1984,1987.9
11-10-1984,1989.74
12-10-1984,1991.57
13-10-1984,1993.41
14-10-1984,1995.25
15-10-1984,1997.09
16-10-1984,1998.93
17-10-1984,2000.78
18-10-1984,2002.62
19-10-1984,2004.47
20-10-1984,2006.32
21-10-1984,2008.17
22-10-1984,2010.02
23-10-1984,2011.88
24-10-1984,2013.73
25-10-1984,2015.59
26-10-1984,2017.45
27-10-1984,2019.31
28-10-1984,2021.18
29-10-1984,2023.04
30-10-1984,2024.91
31-10-1984,2026.77
01-11-1984,2028.64
02-11-1984,2030.52
03-11-1984,2032.39
04-11-1984,2034.26
05-11-1984,2036.14
06-11-1984,2038.02
07-11-1984,2039.9
08-11-1984,2041.78
09-11-1984,2043.67
10-11-1984,2049.05
11-11-1984,2054.44
12-11-1984,2059.84
13-11-1984,2065.26
14-11-1984,2070.69
15-11-1984,2076.14
16-11-1984,2081.6
17-11-1984,2087.07
18-11-1984,2092.56
19-11-1984,2098.07
20-11-1984,2103.59
21-11-1984,2109.12
22-11-1984,2114.67
23-11-1984,2120.23
24-11-1984,2125.81
25-11-1984,2131.4
26-11-1984,2137.01
27-11-1984,2142.63
28-11-1984,2148.27
29-11-1984,2153.92
30-11-1984,2159.58
01-12-1984,2165.26
02-12-1984,2170.96
03-12-1984,2176.67
04-12-1984,2182.4
05-12-1984,2188.14
06-12-1984,2193.89
07-12-1984,2199.66
08-12-1984,2205.45
09-12-1984,2211.25
10-12-1984,2212.1
11-12-1984,2212.95
12-12-1984,2213.8
13-12-1984,2214.66
14-12-1984,2215.51
15-12-1984,2216.36
16-12-1984,2217.21
17-12-1984,2218.07
18-12-1984,2218.92
19-12-1984,2219.78
20-12-1984,2220.63
21-12-1984,2221.48
22-12-1984,2222.34
23-12-1984,2223.19
24-12-1984,2224.05
25-12-1984,2224.91
26-12-1984,2225.76
27-12-1984,2226.62
28-12-1984,2227.48
29-12-1984,2228.33
30-12-1984,2229.19
31-12-1984,2230.05
01-01-1985,2230.91
02-01-1985,2231.77
03-01-1985,2232.62
04-01-1985,2233.48
05-01-1985,2234.34
06-01-1985,2235.2
07-01-1985,2236.06
08-01-1985,2236.92
09-01-1985,2237.78
10-01-1985,2238.78
11-01-1985,2239.79
12-01-1985,2240.79
13-01-1985,2241.8
14-01-1985,2242.8
15-01-1985,2243.81
16-01-1985,2244.82
17-01-1985,2245.82
18-01-1985,2246.83
19-01-1985,2247.84
20-01-1985,2248.85
21-01-1985,2249.86
22-01-1985,2250.86
23-01-1985,2251.87
24-01-1985,2252.88
25-01-1985,2253.9
26-01-1985,2254.91
27-01-1985,2255.92
28-01-1985,2256.93
29-01-1985,2257.94
30-01-1985,2258.96
31-01-1985,2259.97
01-02-1985,2260.98
02-02-1985,2262
03-02-1985,2263.01
04-02-1985,2264.03
05-02-1985,2265.04
06-02-1985,2266.06
07-02-1985,2267.07
08-02-1985,2268.09
09-02-1985,2269.11
10-02-1985,2271.59
11-02-1985,2274.06
12-02-1985,2276.54
13-02-1985,2279.03
14-02-1985,2281.51
15-02-1985,2284
16-02-1985,2286.49
17-02-1985,2288.99
18-02-1985,2291.49
19-02-1985,2293.99
20-02-1985,2296.49
21-02-1985,2298.99
22-02-1985,2301.5
23-02-1985,2304.01
24-02-1985,2306.53
25-02-1985,2309.04
26-02-1985,2311.56
27-02-1985,2314.08
28-02-1985,2316.61
01-03-1985,2319.13
02-03-1985,2321.66
03-03-1985,2324.2
04-03-1985,2326.73
05-03-1985,2329.27
06-03-1985,2331.81
07-03-1985,2334.36
08-03-1985,2336.9
09-03-1985,2339.45
10-03-1985,2340.94
11-03-1985,2342.44
12-03-1985,2343.94
13-03-1985,2345.44
14-03-1985,2346.96
15-03-1985,2348.43
16-03-1985,2349.93
17-03-1985,2351.44
18-03-1985,2352.94
19-03-1985,2354.44
20-03-1985,2355.95
21-03-1985,2357.45
22-03-1985,2358.96
23-03-1985,2360.47
24-03-1985,2361.97
25-03-1985,2363.48
26-03-1985,2364.99
27-03-1985,2366.5
28-03-1985,2368.02
29-03-1985,2369.53
30-03-1985,2371.04
31-03-1985,2372.56
01-04-1985,2374.08
02-04-1985,2375.59
03-04-1985,2377.11
04-04-1985,2378.63
05-04-1985,2380.15
06-04-1985,2381.67
07-04-1985,2383.19
08-04-1985,2384.72
09-04-1985,2386.24
10-04-1985,2388.44
11-04-1985,2390.64
12-04-1985,2392.84
13-04-1985,2395.04
14-04-1985,2397.25
15-04-1985,2399.46
16-04-1985,2401.67
17-04-1985,2403.88
18-04-1985,2406.09
19-04-1985,2408.31
20-04-1985,2410.52
21-04-1985,2412.74
22-04-1985,2414.97
23-04-1985,2417.19
24-04-1985,2419.42
25-04-1985,2421.64
26-04-1985,2423.88
27-04-1985,2426.11
28-04-1985,2428.34
29-04-1985,2430.58
30-04-1985,2432.82
01-05-1985,2435.06
02-05-1985,2437.3
03-05-1985,2439.54
04-05-1985,2441.79
05-05-1985,2444.04
06-05-1985,2446.29
07-05-1985,2448.54
08-05-1985,2450.8
09-05-1985,2453.05
10-05-1985,2454.85
11-05-1985,2456.65
12-05-1985,2458.45
13-05-1985,2460.26
14-05-1985,2462.06
15-05-1985,2463.87
16-05-1985,2465.68
17-05-1985,2467.49
18-05-1985,2469.3
19-05-1985,2471.11
20-05-1985,2472.92
21-05-1985,2474.74
22-05-1985,2476.55
23-05-1985,2478.37
24-05-1985,2480.19
25-05-1985,2482.01
26-05-1985,2483.83
27-05-1985,2485.65
28-05-1985,2487.48
29-05-1985,2489.3
30-05-1985,2491.13
31-05-1985,2492.96
01-06-1985,2494.79
02-06-1985,2496.62
03-06-1985,2498.45
04-06-1985,2500.28
05-06-1985,2502.12
06-06-1985,2503.95
07-06-1985,2505.79
08-06-1985,2507.63
09-06-1985,2509.47
10-06-1985,2511.13
11-06-1985,2512.79
12-06-1985,2514.44
13-06-1985,2516.1
14-06-1985,2517.77
15-06-1985,2519.43
16-06-1985,2521.09
17-06-1985,2522.76
18-06-1985,2524.42
19-06-1985,2526.09
20-06-1985,2527.76
21-06-1985,2529.43
22-06-1985,2531.1
23-06-1985,2532.77
24-06-1985,2534.44
25-06-1985,2536.11
26-06-1985,2537.79
27-06-1985,2539.46
28-06-1985,2541.14
29-06-1985,2542.82
30-06-1985,2544.5
01-07-1985,2546.18
02-07-1985,2547.86
03-07-1985,2549.54
04-07-1985,2551.23
05-07-1985,2552.91
06-07-1985,2554.6
07-07-1985,2556.28
08-07-1985,2557.97
09-07-1985,2559.66
10-07-1985,2562.66
11-07-1985,2565.67
12-07-1985,2568.68
13-07-1985,2571.69
14-07-1985,2574.7
15-07-1985,2577.72
16-07-1985,2580.75
17-07-1985,2583.77
18-07-1985,2586.8
19-07-1985,2589.84
20-07-1985,2592.87
21-07-1985,2595.91
22-07-1985,2598.96
23-07-1985,2602.01
24-07-1985,2605.06
25-07-1985,2608.11
26-07-1985,2611.17
27-07-1985,2614.23
28-07-1985,2617.3
29-07-1985,2620.37
30-07-1985,2623.44
31-07-1985,2626.52
01-08-1985,2629.6
02-08-1985,2632.68
03-08-1985,2635.77
04-08-1985,2638.86
05-08-1985,2641.95
06-08-1985,2645.05
07-08-1985,2648.15
08-08-1985,2651.26
09-08-1985,2654.37
10-08-1985,2655.48
11-08-1985,2656.58
12-08-1985,2657.69
13-08-1985,2658.8
14-08-1985,2659.91
15-08-1985,2661.01
16-08-1985,2662.12
17-08-1985,2663.23
18-08-1985,2664.34
19-08-1985,2665.45
20-08-1985,2666.56
21-08-1985,2667.67
22-08-1985,2668.79
23-08-1985,2669.9
24-08-1985,2671.01
25-08-1985,2672.12
26-08-1985,2673.24
27-08-1985,2674.35
28-08-1985,2675.47
29-08-1985,2676.58
30-08-1985,2677.7
31-08-1985,2678.81
01-09-1985,2679.93
02-09-1985,2681.05
03-09-1985,2682.16
04-09-1985,2683.28
05-09-1985,2684.4
06-09-1985,2685.52
07-09-1985,2686.64
08-09-1985,2687.76
09-09-1985,2688.88
10-09-1985,2689.68
11-09-1985,2690.49
12-09-1985,2691.29
13-09-1985,2692.09
14-09-1985,2692.9
15-09-1985,2693.7
16-09-1985,2694.51
17-09-1985,2695.31
18-09-1985,2696.12
19-09-1985,2696.92
20-09-1985,2697.73
21-09-1985,2698.53
22-09-1985,2699.34
23-09-1985,2700.15
24-09-1985,2700.95
25-09-1985,2701.76
26-09-1985,2702.57
27-09-1985,2703.37
28-09-1985,2704.18
29-09-1985,2704.99
30-09-1985,2705.8
01-10-1985,2706.61
02-10-1985,2707.41
03-10-1985,2708.22
04-10-1985,2709.03
05-10-1985,2709.84
06-10-1985,2710.65
07-10-1985,2711.46
08-10-1985,2712.27
09-10-1985,2713.08
10-10-1985,2714.12
11-10-1985,2715.17
12-10-1985,2716.21
13-10-1985,2717.26
14-10-1985,2718.3
15-10-1985,2719.35
16-10-1985,2720.4
17-10-1985,2721.44
18-10-1985,2722.49
19-10-1985,2723.54
20-10-1985,2724.59
21-10-1985,2725.64
22-10-1985,2726.69
23-10-1985,2727.74
24-10-1985,2728.78
25-10-1985,2729.84
26-10-1985,2730.89
27-10-1985,2731.94
28-10-1985,2732.99
29-10-1985,2734.04
30-10-1985,2735.09
31-10-1985,2736.14
01-11-1985,2737.2
02-11-1985,2738.25
03-11-1985,2739.31
04-11-1985,2740.36
05-11-1985,2741.41
06-11-1985,2742.47
07-11-1985,2743.52
08-11-1985,2744.58
09-11-1985,2745.64
10-11-1985,2747
11-11-1985,2748.37
12-11-1985,2749.73
13-11-1985,2751.1
14-11-1985,2752.46
15-11-1985,2753.83
16-11-1985,2755.19
17-11-1985,2756.56
18-11-1985,2757.93
19-11-1985,2759.3
20-11-1985,2760.67
21-11-1985,2762.04
22-11-1985,2763.41
23-11-1985,2764.78
24-11-1985,2766.16
25-11-1985,2767.53
26-11-1985,2768.9
27-11-1985,2770.28
28-11-1985,2771.65
29-11-1985,2773.03
30-11-1985,2774.4
01-12-1985,2775.78
02-12-1985,2777.16
03-12-1985,2778.54
04-12-1985,2779.92
05-12-1985,2781.3
06-12-1985,2782.68
07-12-1985,2784.06
08-12-1985,2785.44
09-12-1985,2786.82
10-12-1985,2788.25
11-12-1985,2789.68
12-12-1985,2791.1
13-12-1985,2792.53
14-12-1985,2793.96
15-12-1985,2795.4
16-12-1985,2796.83
17-12-1985,2798.26
18-12-1985,2799.69
19-12-1985,2801.13
20-12-1985,2802.56
21-12-1985,2804
22-12-1985,2805.43
23-12-1985,2806.87
24-12-1985,2808.31
25-12-1985,2809.75
26-12-1985,2811.18
27-12-1985,2812.62
28-12-1985,2814.06
29-12-1985,2815.51
30-12-1985,2816.95
31-12-1985,2818.39
01-01-1986,2819.83
02-01-1986,2821.28
03-01-1986,2822.72
04-01-1986,2824.17
05-01-1986,2825.62
06-01-1986,2827.06
07-01-1986,2828.51
08-01-1986,2829.96
09-01-1986,2831.41
10-01-1986,2832.59
11-01-1986,2833.77
12-01-1986,2834.95
13-01-1986,2836.13
14-01-1986,2837.31
15-01-1986,2838.5
16-01-1986,2839.68
17-01-1986,2840.86
18-01-1986,2842.05
19-01-1986,2843.23
20-01-1986,2844.42
21-01-1986,2845.6
22-01-1986,2846.79
23-01-1986,2847.97
24-01-1986,2849.16
25-01-1986,2850.35
26-01-1986,2851.54
27-01-1986,2852.72
28-01-1986,2853.91
29-01-1986,2855.1
30-01-1986,2856.29
31-01-1986,2857.48
01-02-1986,2858.67
02-02-1986,2859.87
03-02-1986,2861.06
04-02-1986,2862.25
05-02-1986,2863.44
06-02-1986,2864.64
07-02-1986,2865.83
08-02-1986,2867.02
09-02-1986,2868.22
10-02-1986,2870.95
11-02-1986,2873.68
12-02-1986,2876.42
13-02-1986,2879.16
14-02-1986,2881.9
15-02-1986,2884.64
16-02-1986,2887.39
17-02-1986,2890.14
18-02-1986,2892.89
19-02-1986,2895.64
20-02-1986,2898.4
21-02-1986,2901.16
22-02-1986,2903.92
23-02-1986,2906.68
24-02-1986,2909.45
25-02-1986,2912.22
26-02-1986,2914.99
27-02-1986,2917.77
28-02-1986,2920.54
01-03-1986,2923.32
02-03-1986,2926.11
03-03-1986,2928.89
04-03-1986,2931.68
05-03-1986,2934.47
06-03-1986,2937.27
07-03-1986,2940.06
08-03-1986,2942.86
09-03-1986,2945.66
10-03-1986,2946.51
11-03-1986,2947.36
12-03-1986,2948.22
13-03-1986,2949.07
14-03-1986,2949.92
15-03-1986,2950.77
16-03-1986,2951.63
17-03-1986,2952.48
18-03-1986,2953.33
19-03-1986,2954.19
20-03-1986,2955.04
21-03-1986,2955.89
22-03-1986,2956.75
23-03-1986,2957.6
24-03-1986,2958.46
25-03-1986,2959.31
26-03-1986,2960.17
27-03-1986,2961.02
28-03-1986,2961.88
29-03-1986,2962.74
30-03-1986,2963.59
31-03-1986,2964.45
01-04-1986,2965.31
02-04-1986,2966.16
03-04-1986,2967.02
04-04-1986,2967.88
05-04-1986,2968.74
06-04-1986,2969.59
07-04-1986,2970.45
08-04-1986,2971.31
09-04-1986,2972.17
10-04-1986,2973.65
11-04-1986,2975.12
12-04-1986,2976.6
13-04-1986,2978.08
14-04-1986,2979.55
15-04-1986,2981.03
16-04-1986,2982.51
17-04-1986,2983.99
18-04-1986,2985.48
19-04-1986,2986.96
20-04-1986,2988.44
21-04-1986,2989.92
22-04-1986,2991.41
23-04-1986,2992.89
24-04-1986,2994.38
25-04-1986,2995.86
26-04-1986,2997.35
27-04-1986,2998.84
28-04-1986,3000.33
29-04-1986,3001.82
30-04-1986,3003.31
01-05-1986,3004.8
02-05-1986,3006.29
03-05-1986,3007.78
04-05-1986,3009.28
05-05-1986,3010.77
06-05-1986,3012.26
07-05-1986,3013.76
08-05-1986,3015.26
09-05-1986,3016.75
10-05-1986,3018.1
11-05-1986,3019.46
12-05-1986,3020.81
13-05-1986,3022.17
14-05-1986,3023.52
15-05-1986,3024.88
16-05-1986,3026.24
17-05-1986,3027.59
18-05-1986,3028.95
19-05-1986,3030.31
20-05-1986,3031.67
21-05-1986,3033.03
22-05-1986,3034.39
23-05-1986,3035.75
24-05-1986,3037.11
25-05-1986,3038.48
26-05-1986,3039.84
27-05-1986,3041.2
28-05-1986,3042.57
29-05-1986,3043.93
30-05-1986,3045.3
31-05-1986,3046.66
01-06-1986,3048.03
02-06-1986,3049.4
03-06-1986,3050.76
04-06-1986,3052.13
05-06-1986,3053.5
06-06-1986,3054.87
07-06-1986,3056.24
08-06-1986,3057.61
09-06-1986,3058.98
10-06-1986,3059.69
11-06-1986,3060.4
12-06-1986,3061.11
13-06-1986,3061.83
14-06-1986,3062.54
15-06-1986,3063.25
16-06-1986,3063.96
17-06-1986,3064.68
18-06-1986,3065.39
19-06-1986,3066.1
20-06-1986,3066.81
21-06-1986,3067.53
22-06-1986,3068.24
23-06-1986,3068.95
24-06-1986,3069.67
25-06-1986,3070.38
26-06-1986,3071.1
27-06-1986,3071.81
28-06-1986,3072.52
29-06-1986,3073.24
30-06-1986,3073.95
01-07-1986,3074.67
02-07-1986,3075.38
03-07-1986,3076.1
04-07-1986,3076.81
05-07-1986,3077.53
06-07-1986,3078.24
07-07-1986,3078.96
08-07-1986,3079.68
09-07-1986,3080.39
10-07-1986,3081.67
11-07-1986,3082.96
12-07-1986,3084.24
13-07-1986,3085.53
14-07-1986,3086.81
15-07-1986,3088.1
16-07-1986,3089.39
17-07-1986,3090.67
18-07-1986,3091.96
19-07-1986,3093.25
20-07-1986,3094.54
21-07-1986,3095.83
22-07-1986,3097.12
23-07-1986,3098.41
24-07-1986,3099.7
25-07-1986,3100.99
26-07-1986,3102.29
27-07-1986,3103.58
28-07-1986,3104.87
29-07-1986,3106.17
30-07-1986,3107.46
31-07-1986,3108.76
01-08-1986,3110.05
02-08-1986,3111.35
03-08-1986,3112.64
04-08-1986,3113.94
05-08-1986,3115.24
06-08-1986,3116.54
07-08-1986,3117.84
08-08-1986,3119.14
09-08-1986,3120.44
10-08-1986,3121.44
11-08-1986,3122.44
12-08-1986,3123.45
13-08-1986,3124.45
14-08-1986,3125.45
15-08-1986,3126.46
16-08-1986,3127.46
17-08-1986,3128.46
18-08-1986,3129.47
19-08-1986,3130.47
20-08-1986,3131.48
21-08-1986,3132.48
22-08-1986,3133.49
23-08-1986,3134.49
24-08-1986,3135.5
25-08-1986,3136.51
26-08-1986,3137.51
27-08-1986,3138.52
28-08-1986,3139.53
29-08-1986,3140.54
30-08-1986,3141.54
31-08-1986,3142.55
01-09-1986,3143.56
02-09-1986,3144.57
03-09-1986,3145.58
04-09-1986,3146.59
05-09-1986,3147.6
06-09-1986,3148.61
07-09-1986,3149.62
08-09-1986,3150.63
09-09-1986,3151.64
10-09-1986,3152.27
11-09-1986,3152.9
12-09-1986,3153.53
13-09-1986,3154.15
14-09-1986,3154.78
15-09-1986,3155.41
16-09-1986,3156.04
17-09-1986,3156.67
18-09-1986,3157.3
19-09-1986,3157.93
20-09-1986,3158.56
21-09-1986,3159.19
22-09-1986,3159.82
23-09-1986,3160.45
24-09-1986,3161.08
25-09-1986,3161.71
26-09-1986,3162.34
27-09-1986,3162.97
28-09-1986,3163.6
29-09-1986,3164.23
30-09-1986,3164.87
01-10-1986,3165.5
02-10-1986,3166.13
03-10-1986,3166.76
04-10-1986,3167.39
05-10-1986,3168.02
06-10-1986,3168.65
07-10-1986,3169.29
08-10-1986,3169.92
09-10-1986,3170.55
10-10-1986,3172.07
11-10-1986,3173.6
12-10-1986,3175.12
13-10-1986,3176.65
14-10-1986,3178.17
15-10-1986,3179.7
16-10-1986,3181.23
17-10-1986,3182.76
18-10-1986,3184.28
19-10-1986,3185.81
20-10-1986,3187.34
21-10-1986,3188.88
22-10-1986,3190.41
23-10-1986,3191.94
24-10-1986,3193.47
25-10-1986,3195.01
26-10-1986,3196.54
27-10-1986,3198.08
28-10-1986,3199.61
29-10-1986,3201.15
30-10-1986,3202.69
31-10-1986,3204.23
01-11-1986,3205.77
02-11-1986,3207.31
03-11-1986,3208.85
04-11-1986,3210.39
05-11-1986,3211.93
06-11-1986,3213.47
07-11-1986,3215.02
08-11-1986,3216.56
09-11-1986,3218.11
10-11-1986,3219.71
11-11-1986,3221.31
12-11-1986,3222.9
13-11-1986,3224.5
14-11-1986,3226.11
15-11-1986,3227.71
16-11-1986,3229.31
17-11-1986,3230.91
18-11-1986,3232.52
19-11-1986,3234.12
20-11-1986,3235.73
21-11-1986,3237.33
22-11-1986,3238.94
23-11-1986,3240.55
24-11-1986,3242.16
25-11-1986,3243.77
26-11-1986,3245.38
27-11-1986,3246.99
28-11-1986,3248.6
29-11-1986,3250.21
30-11-1986,3251.82
01-12-1986,3253.44
02-12-1986,3255.05
03-12-1986,3256.67
04-12-1986,3258.29
05-12-1986,3259.9
06-12-1986,3261.52
07-12-1986,3263.14
08-12-1986,3264.76
09-12-1986,3266.38
10-12-1986,3267.85
11-12-1986,3269.31
12-12-1986,3270.78
13-12-1986,3272.24
14-12-1986,3273.71
15-12-1986,3275.18
16-12-1986,3276.65
17-12-1986,3278.12
18-12-1986,3279.59
19-12-1986,3281.06
20-12-1986,3282.53
21-12-1986,3284.01
22-12-1986,3285.48
23-12-1986,3286.95
24-12-1986,3288.43
25-12-1986,3289.9
26-12-1986,3291.38
27-12-1986,3292.86
28-12-1986,3294.33
29-12-1986,3295.81
30-12-1986,3297.29
31-12-1986,3298.77
01-01-1987,3300.25
02-01-1987,3301.73
03-01-1987,3303.21
04-01-1987,3304.69
05-01-1987,3306.17
06-01-1987,3307.66
07-01-1987,3309.14
08-01-1987,3310.62
09-01-1987,3312.11
10-01-1987,3313.7
11-01-1987,3315.29
12-01-1987,3316.89
13-01-1987,3318.48
14-01-1987,3320.07
15-01-1987,3321.67
16-01-1987,3323.26
17-01-1987,3324.86
18-01-1987,3326.46
19-01-1987,3328.06
20-01-1987,3329.65
21-01-1987,3331.25
22-01-1987,3332.85
23-01-1987,3334.46
24-01-1987,3336.06
25-01-1987,3337.66
26-01-1987,3339.26
27-01-1987,3340.87
28-01-1987,3342.47
29-01-1987,3344.08
30-01-1987,3345.68
31-01-1987,3347.29
01-02-1987,3348.9
02-02-1987,3350.51
03-02-1987,3352.12
04-02-1987,3353.73
05-02-1987,3355.34
06-02-1987,3356.95
07-02-1987,3358.56
08-02-1987,3360.18
09-02-1987,3361.79
10-02-1987,3364.17
11-02-1987,3366.55
12-02-1987,3368.93
13-02-1987,3371.31
14-02-1987,3373.7
15-02-1987,3376.09
16-02-1987,3378.47
17-02-1987,3380.86
18-02-1987,3383.26
19-02-1987,3385.65
20-02-1987,3388.08
21-02-1987,3390.44
22-02-1987,3392.84
23-02-1987,3395.24
24-02-1987,3397.64
25-02-1987,3400.05
26-02-1987,3402.45
27-02-1987,3404.86
28-02-1987,3407.27
01-03-1987,3409.68
02-03-1987,3412.09
03-03-1987,3414.51
04-03-1987,3416.92
05-03-1987,3419.34
06-03-1987,3421.76
07-03-1987,3424.18
08-03-1987,3426.6
09-03-1987,3429.03
10-03-1987,3430.9
11-03-1987,3432.76
12-03-1987,3434.63
13-03-1987,3436.5
14-03-1987,3438.37
15-03-1987,3440.24
16-03-1987,3442.11
17-03-1987,3443.98
18-03-1987,3445.85
19-03-1987,3447.73
20-03-1987,3449.6
21-03-1987,3451.48
22-03-1987,3453.36
23-03-1987,3455.23
24-03-1987,3457.11
25-03-1987,3458.99
26-03-1987,3460.88
27-03-1987,3462.76
28-03-1987,3464.64
29-03-1987,3466.53
30-03-1987,3468.41
31-03-1987,3470.3
01-04-1987,3472.19
02-04-1987,3474.07
03-04-1987,3475.96
04-04-1987,3477.85
05-04-1987,3479.75
06-04-1987,3481.64
07-04-1987,3483.53
08-04-1987,3485.43
09-04-1987,3487.32
10-04-1987,3489.17
11-04-1987,3491.01
12-04-1987,3492.86
13-04-1987,3494.71
14-04-1987,3496.56
15-04-1987,3498.41
16-04-1987,3500.26
17-04-1987,3502.11
18-04-1987,3503.97
19-04-1987,3505.82
20-04-1987,3507.68
21-04-1987,3509.53
22-04-1987,3511.39
23-04-1987,3513.25
24-04-1987,3515.11
25-04-1987,3516.97
26-04-1987,3518.83
27-04-1987,3520.69
28-04-1987,3522.56
29-04-1987,3524.42
30-04-1987,3526.28
01-05-1987,3528.15
02-05-1987,3530.02
03-05-1987,3531.89
04-05-1987,3533.76
05-05-1987,3535.63
06-05-1987,3537.5
07-05-1987,3539.37
08-05-1987,3541.24
09-05-1987,3543.12
10-05-1987,3545.83
11-05-1987,3548.55
12-05-1987,3551.26
13-05-1987,3553.98
14-05-1987,3556.7
15-05-1987,3559.42
16-05-1987,3562.15
17-05-1987,3564.87
18-05-1987,3567.6
19-05-1987,3570.33
20-05-1987,3573.06
21-05-1987,3575.8
22-05-1987,3578.53
23-05-1987,3581.27
24-05-1987,3584.01
25-05-1987,3586.76
26-05-1987,3589.5
27-05-1987,3592.25
28-05-1987,3595
29-05-1987,3597.75
30-05-1987,3600.5
31-05-1987,3603.26
01-06-1987,3606.02
02-06-1987,3608.78
03-06-1987,3611.54
04-06-1987,3614.3
05-06-1987,3617.07
06-06-1987,3619.84
07-06-1987,3622.61
08-06-1987,3625.38
09-06-1987,3628.15
10-06-1987,3629.95
11-06-1987,3631.75
12-06-1987,3633.56
13-06-1987,3635.36
14-06-1987,3637.16
15-06-1987,3638.97
16-06-1987,3640.78
17-06-1987,3642.58
18-06-1987,3644.39
19-06-1987,3646.2
20-06-1987,3648.01
21-06-1987,3649.81
22-06-1987,3651.63
23-06-1987,3653.45
24-06-1987,3655.26
25-06-1987,3657.07
26-06-1987,3658.89
27-06-1987,3660.71
28-06-1987,3662.52
29-06-1987,3664.34
30-06-1987,3666.16
01-07-1987,3667.98
02-07-1987,3669.8
03-07-1987,3671.62
04-07-1987,3673.45
05-07-1987,3675.27
06-07-1987,3677.09
07-07-1987,3678.92
08-07-1987,3680.75
09-07-1987,3682.57
10-07-1987,3683.4
11-07-1987,3684.23
12-07-1987,3685.06
13-07-1987,3685.89
14-07-1987,3686.72
15-07-1987,3687.55
16-07-1987,3688.38
17-07-1987,3689.21
18-07-1987,3690.04
19-07-1987,3690.87
20-07-1987,3691.7
21-07-1987,3692.53
22-07-1987,3693.36
23-07-1987,3694.19
24-07-1987,3695.02
25-07-1987,3695.85
26-07-1987,3696.68
27-07-1987,3697.52
28-07-1987,3698.35
29-07-1987,3699.18
30-07-1987,3700.01
31-07-1987,3700.85
01-08-1987,3701.68
02-08-1987,3702.51
03-08-1987,3703.34
04-08-1987,3704.18
05-08-1987,3705.01
06-08-1987,3705.85
07-08-1987,3706.68
08-08-1987,3707.51
09-08-1987,3708.35
10-08-1987,3710.37
11-08-1987,3712.39
12-08-1987,3714.4
13-08-1987,3716.42
14-08-1987,3718.45
15-08-1987,3720.47
16-08-1987,3722.49
17-08-1987,3724.52
18-08-1987,3726.54
19-08-1987,3728.57
20-08-1987,3730.6
21-08-1987,3732.63
22-08-1987,3734.66
23-08-1987,3736.69
24-08-1987,3738.72
25-08-1987,3740.76
26-08-1987,3742.79
27-08-1987,3744.83
28-08-1987,3746.86
29-08-1987,3748.9
30-08-1987,3750.94
31-08-1987,3752.98
01-09-1987,3755.02
02-09-1987,3757.06
03-09-1987,3759.11
04-09-1987,3761.15
05-09-1987,3763.2
06-09-1987,3765.24
07-09-1987,3767.29
08-09-1987,3769.34
09-09-1987,3771.39
10-09-1987,3773.14
11-09-1987,3774.89
12-09-1987,3776.64
13-09-1987,3778.39
14-09-1987,3780.14
15-09-1987,3781.89
16-09-1987,3783.64
17-09-1987,3785.4
18-09-1987,3787.15
19-09-1987,3788.91
20-09-1987,3790.66
21-09-1987,3792.42
22-09-1987,3794.18
23-09-1987,3795.94
24-09-1987,3797.7
25-09-1987,3799.46
26-09-1987,3801.22
27-09-1987,3802.98
28-09-1987,3804.74
29-09-1987,3806.51
30-09-1987,3808.27
01-10-1987,3810.04
02-10-1987,3811.8
03-10-1987,3813.57
04-10-1987,3815.34
05-10-1987,3817.11
06-10-1987,3818.88
07-10-1987,3820.65
08-10-1987,3822.42
09-10-1987,3824.19
10-10-1987,3826.51
11-10-1987,3828.84
12-10-1987,3831.16
13-10-1987,3833.49
14-10-1987,3835.82
15-10-1987,3838.15
16-10-1987,3840.48
17-10-1987,3842.81
18-10-1987,3845.14
19-10-1987,3847.48
20-10-1987,3849.82
21-10-1987,3852.15
22-10-1987,3854.49
23-10-1987,3856.83
24-10-1987,3859.18
25-10-1987,3861.52
26-10-1987,3863.87
27-10-1987,3866.21
28-10-1987,3868.56
29-10-1987,3870.91
30-10-1987,3873.26
31-10-1987,3875.61
01-11-1987,3877.97
02-11-1987,3880.32
03-11-1987,3882.68
04-11-1987,3885.04
05-11-1987,3887.4
06-11-1987,3889.76
07-11-1987,3892.12
08-11-1987,3894.48
09-11-1987,3896.85
10-11-1987,3899.93
11-11-1987,3903.02
12-11-1987,3906.1
13-11-1987,3909.19
14-11-1987,3912.28
15-11-1987,3915.38
16-11-1987,3918.47
17-11-1987,3921.57
18-11-1987,3924.67
19-11-1987,3927.78
20-11-1987,3930.89
21-11-1987,3933.99
22-11-1987,3937.11
23-11-1987,3940.22
24-11-1987,3943.33
25-11-1987,3946.45
26-11-1987,3949.57
27-11-1987,3952.7
28-11-1987,3955.82
29-11-1987,3958.95
30-11-1987,3962.08
01-12-1987,3965.22
02-12-1987,3968.35
03-12-1987,3971.49
04-12-1987,3974.63
05-12-1987,3977.78
06-12-1987,3980.92
07-12-1987,3984.07
08-12-1987,3987.22
09-12-1987,3990.37
10-12-1987,3992.79
11-12-1987,3995.22
12-12-1987,3997.64
13-12-1987,4000.07
14-12-1987,4002.5
15-12-1987,4004.93
16-12-1987,4007.37
17-12-1987,4009.8
18-12-1987,4012.23
19-12-1987,4014.67
20-12-1987,4017.11
21-12-1987,4019.55
22-12-1987,4021.99
23-12-1987,4024.43
24-12-1987,4026.88
25-12-1987,4029.32
26-12-1987,4031.77
27-12-1987,4034.22
28-12-1987,4036.67
29-12-1987,4039.12
30-12-1987,4041.57
31-12-1987,4044.03
01-01-1988,4046.48
02-01-1988,4048.94
03-01-1988,4051.4
04-01-1988,4053.86
05-01-1988,4056.32
06-01-1988,4058.79
07-01-1988,4061.25
08-01-1988,4063.72
09-01-1988,4066.19
10-01-1988,4066.58
11-01-1988,4066.98
12-01-1988,4067.37
13-01-1988,4067.76
14-01-1988,4068.16
15-01-1988,4068.55
16-01-1988,4068.94
17-01-1988,4069.33
18-01-1988,4069.73
19-01-1988,4070.12
20-01-1988,4070.51
21-01-1988,4070.91
22-01-1988,4071.3
23-01-1988,4071.69
24-01-1988,4072.09
25-01-1988,4072.48
26-01-1988,4072.88
27-01-1988,4073.27
28-01-1988,4073.66
29-01-1988,4074.06
30-01-1988,4074.45
31-01-1988,4074.84
01-02-1988,4075.24
02-02-1988,4075.63
03-02-1988,4076.02
04-02-1988,4076.42
05-02-1988,4076.81
06-02-1988,4077.21
07-02-1988,4077.6
08-02-1988,4077.99
09-02-1988,4078.39
10-02-1988,4079.37
11-02-1988,4080.35
12-02-1988,4081.33
13-02-1988,4082.32
14-02-1988,4083.3
15-02-1988,4084.28
16-02-1988,4085.26
17-02-1988,4086.25
18-02-1988,4087.23
19-02-1988,4088.21
20-02-1988,4089.2
21-02-1988,4090.18
22-02-1988,4091.16
23-02-1988,4092.15
24-02-1988,4093.13
25-02-1988,4094.12
26-02-1988,4095.1
27-02-1988,4096.09
28-02-1988,4097.07
29-02-1988,4098.06
01-03-1988,4099.04
02-03-1988,4100.03
03-03-1988,4101.02
04-03-1988,4102
05-03-1988,4102.99
06-03-1988,4103.98
07-03-1988,4104.96
08-03-1988,4105.95
09-03-1988,4106.94
10-03-1988,4107.47
11-03-1988,4108
12-03-1988,4108.53
13-03-1988,4109.06
14-03-1988,4109.59
15-03-1988,4110.11
16-03-1988,4110.64
17-03-1988,4111.17
18-03-1988,4111.7
19-03-1988,4112.23
20-03-1988,4112.76
21-03-1988,4113.29
22-03-1988,4113.82
23-03-1988,4114.35
24-03-1988,4114.88
25-03-1988,4115.41
26-03-1988,4115.94
27-03-1988,4116.47
28-03-1988,4117
29-03-1988,4117.53
30-03-1988,4118.06
31-03-1988,4118.59
01-04-1988,4119.12
02-04-1988,4119.65
03-04-1988,4120.18
04-04-1988,4120.71
05-04-1988,4121.24
06-04-1988,4121.78
07-04-1988,4122.31
08-04-1988,4122.84
09-04-1988,4123.37
10-04-1988,4125.96
11-04-1988,4128.55
12-04-1988,4131.14
13-04-1988,4133.73
14-04-1988,4136.33
15-04-1988,4138.92
16-04-1988,4141.52
17-04-1988,4144.12
18-04-1988,4146.72
19-04-1988,4149.32
20-04-1988,4151.93
21-04-1988,4154.53
22-04-1988,4157.14
23-04-1988,4159.75
24-04-1988,4162.36
25-04-1988,4164.97
26-04-1988,4167.58
27-04-1988,4170.2
28-04-1988,4172.82
29-04-1988,4175.44
30-04-1988,4178.06
01-05-1988,4180.68
02-05-1988,4183.3
03-05-1988,4185.93
04-05-1988,4188.55
05-05-1988,4191.18
06-05-1988,4193.81
07-05-1988,4196.45
08-05-1988,4199.08
09-05-1988,4201.71
10-05-1988,4202.79
11-05-1988,4203.87
12-05-1988,4204.95
13-05-1988,4206.03
14-05-1988,4207.11
15-05-1988,4208.19
16-05-1988,4209.28
17-05-1988,4210.36
18-05-1988,4211.44
19-05-1988,4212.52
20-05-1988,4213.61
21-05-1988,4214.69
22-05-1988,4215.77
23-05-1988,4216.86
24-05-1988,4217.94
25-05-1988,4219.03
26-05-1988,4220.11
27-05-1988,4221.2
28-05-1988,4222.28
29-05-1988,4223.37
30-05-1988,4224.45
31-05-1988,4225.54
01-06-1988,4226.62
02-06-1988,4227.71
03-06-1988,4228.8
04-06-1988,4229.88
05-06-1988,4230.97
06-06-1988,4232.06
07-06-1988,4233.15
08-06-1988,4234.24
09-06-1988,4235.32
10-06-1988,4236.02
11-06-1988,4236.73
12-06-1988,4237.43
13-06-1988,4238.14
14-06-1988,4238.84
15-06-1988,4239.55
16-06-1988,4240.25
17-06-1988,4240.96
18-06-1988,4241.66
19-06-1988,4242.37
20-06-1988,4243.07
21-06-1988,4243.78
22-06-1988,4244.48
23-06-1988,4245.19
24-06-1988,4245.9
25-06-1988,4246.6
26-06-1988,4247.31
27-06-1988,4248.01
28-06-1988,4248.72
29-06-1988,4249.43
30-06-1988,4250.13
01-07-1988,4250.84
02-07-1988,4251.55
03-07-1988,4252.25
04-07-1988,4252.96
05-07-1988,4253.67
06-07-1988,4254.37
07-07-1988,4255.08
08-07-1988,4255.79
09-07-1988,4256.5
10-07-1988,4257.32
11-07-1988,4258.14
12-07-1988,4258.96
13-07-1988,4259.79
14-07-1988,4260.61
15-07-1988,4261.43
16-07-1988,4262.25
17-07-1988,4263.08
18-07-1988,4263.9
19-07-1988,4264.72
20-07-1988,4265.54
21-07-1988,4266.37
22-07-1988,4267.19
23-07-1988,4268.01
24-07-1988,4268.84
25-07-1988,4269.66
26-07-1988,4270.49
27-07-1988,4271.31
28-07-1988,4272.13
29-07-1988,4272.96
30-07-1988,4273.78
31-07-1988,4274.61
01-08-1988,4275.43
02-08-1988,4276.26
03-08-1988,4277.08
04-08-1988,4277.91
05-08-1988,4278.74
06-08-1988,4279.56
07-08-1988,4280.39
08-08-1988,4281.21
09-08-1988,4282.04
10-08-1988,4282.18
11-08-1988,4282.32
12-08-1988,4282.45
13-08-1988,4282.59
14-08-1988,4282.73
15-08-1988,4282.87
16-08-1988,4283.01
17-08-1988,4283.14
18-08-1988,4283.28
19-08-1988,4283.42
20-08-1988,4283.56
21-08-1988,4283.7
22-08-1988,4283.84
23-08-1988,4283.97
24-08-1988,4284.11
25-08-1988,4284.25
26-08-1988,4284.39
27-08-1988,4284.53
28-08-1988,4284.66
29-08-1988,4284.8
30-08-1988,4284.94
31-08-1988,4285.08
01-09-1988,4285.22
02-09-1988,4285.35
03-09-1988,4285.49
04-09-1988,4285.63
05-09-1988,4285.77
06-09-1988,4285.91
07-09-1988,4286.05
08-09-1988,4286.18
09-09-1988,4286.32
10-09-1988,4287.46
11-09-1988,4288.6
12-09-1988,4289.74
13-09-1988,4290.88
14-09-1988,4292.02
15-09-1988,4293.16
16-09-1988,4294.3
17-09-1988,4295.44
18-09-1988,4296.58
19-09-1988,4297.72
20-09-1988,4298.86
21-09-1988,4300
22-09-1988,4301.15
23-09-1988,4302.29
24-09-1988,4303.43
25-09-1988,4304.57
26-09-1988,4305.72
27-09-1988,4306.86
28-09-1988,4308.01
29-09-1988,4309.15
30-09-1988,4310.29
01-10-1988,4311.44
02-10-1988,4312.58
03-10-1988,4313.73
04-10-1988,4314.88
05-10-1988,4316.02
06-10-1988,4317.17
07-10-1988,4318.32
08-10-1988,4319.46
09-10-1988,4320.61
10-10-1988,4321.86
11-10-1988,4323.11
12-10-1988,4324.36
13-10-1988,4325.61
14-10-1988,4326.86
15-10-1988,4328.11
16-10-1988,4329.36
17-10-1988,4330.61
18-10-1988,4331.86
19-10-1988,4333.12
20-10-1988,4334.37
21-10-1988,4335.62
22-10-1988,4336.87
23-10-1988,4338.13
24-10-1988,4339.38
25-10-1988,4340.64
26-10-1988,4341.89
27-10-1988,4343.15
28-10-1988,4344.4
29-10-1988,4345.66
30-10-1988,4346.91
31-10-1988,4348.17
01-11-1988,4349.43
02-11-1988,4350.68
03-11-1988,4351.94
04-11-1988,4353.2
05-11-1988,4354.46
06-11-1988,4355.72
07-11-1988,4356.98
08-11-1988,4358.24
09-11-1988,4359.5
10-11-1988,4361.66
11-11-1988,4363.83
12-11-1988,4366
13-11-1988,4368.16
14-11-1988,4370.33
15-11-1988,4372.5
16-11-1988,4374.67
17-11-1988,4376.84
18-11-1988,4379.02
19-11-1988,4381.19
20-11-1988,4383.36
21-11-1988,4385.54
22-11-1988,4387.72
23-11-1988,4389.9
24-11-1988,4392.07
25-11-1988,4394.25
26-11-1988,4396.44
27-11-1988,4398.62
28-11-1988,4400.8
29-11-1988,4402.99
30-11-1988,4405.17
01-12-1988,4407.36
02-12-1988,4409.55
03-12-1988,4411.74
04-12-1988,4413.93
05-12-1988,4416.12
06-12-1988,4418.31
07-12-1988,4420.5
08-12-1988,4422.7
09-12-1988,4424.89
10-12-1988,4427.58
11-12-1988,4430.27
12-12-1988,4432.96
13-12-1988,4435.65
14-12-1988,4438.34
15-12-1988,4441.04
16-12-1988,4443.74
17-12-1988,4446.43
18-12-1988,4449.14
19-12-1988,4451.84
20-12-1988,4454.54
21-12-1988,4457.25
22-12-1988,4459.95
23-12-1988,4462.66
24-12-1988,4465.37
25-12-1988,4468.08
26-12-1988,4470.8
27-12-1988,4473.51
28-12-1988,4476.23
29-12-1988,4478.95
30-12-1988,4481.67
31-12-1988,4484.39
01-01-1989,4487.11
02-01-1989,4489.84
03-01-1989,4492.57
04-01-1989,4495.3
05-01-1989,4498.06
06-01-1989,4500.76
07-01-1989,4503.49
08-01-1989,4506.23
09-01-1989,4508.96
10-01-1989,4511.7
11-01-1989,4514.44
12-01-1989,4517.18
13-01-1989,4519.92
14-01-1989,4522.67
15-01-1989,4525.42
16-01-1989,4528.16
17-01-1989,4530.91
18-01-1989,4533.67
19-01-1989,4536.42
20-01-1989,4539.17
21-01-1989,4541.93
22-01-1989,4544.69
23-01-1989,4547.45
24-01-1989,4550.21
25-01-1989,4552.98
26-01-1989,4555.74
27-01-1989,4558.51
28-01-1989,4561.28
29-01-1989,4564.05
30-01-1989,4566.82
31-01-1989,4569.59
01-02-1989,4572.37
02-02-1989,4575.14
03-02-1989,4577.92
04-02-1989,4580.7
05-02-1989,4583.49
06-02-1989,4586.27
07-02-1989,4589.05
08-02-1989,4591.84
09-02-1989,4594.63
10-02-1989,4596.43
11-02-1989,4598.22
12-02-1989,4600.02
13-02-1989,4601.82
14-02-1989,4603.61
15-02-1989,4605.41
16-02-1989,4607.21
17-02-1989,4609.01
18-02-1989,4610.82
19-02-1989,4612.62
20-02-1989,4614.42
21-02-1989,4616.22
22-02-1989,4618.03
23-02-1989,4619.83
24-02-1989,4621.64
25-02-1989,4623.44
26-02-1989,4625.25
27-02-1989,4627.06
28-02-1989,4628.87
01-03-1989,4630.67
02-03-1989,4632.48
03-03-1989,4634.29
04-03-1989,4636.11
05-03-1989,4637.92
06-03-1989,4639.73
07-03-1989,4641.54
08-03-1989,4643.36
09-03-1989,4645.17
10-03-1989,4645.32
11-03-1989,4645.47
12-03-1989,4645.62
13-03-1989,4645.77
14-03-1989,4645.92
15-03-1989,4646.07
16-03-1989,4646.22
17-03-1989,4646.37
18-03-1989,4646.52
19-03-1989,4646.67
20-03-1989,4646.82
21-03-1989,4646.97
22-03-1989,4647.12
23-03-1989,4647.27
24-03-1989,4647.42
25-03-1989,4647.57
26-03-1989,4647.72
27-03-1989,4647.87
28-03-1989,4648.02
29-03-1989,4648.17
30-03-1989,4648.32
31-03-1989,4648.47
01-04-1989,4648.62
02-04-1989,4648.77
03-04-1989,4648.92
04-04-1989,4649.07
05-04-1989,4649.22
06-04-1989,4649.37
07-04-1989,4649.52
08-04-1989,4649.67
09-04-1989,4649.82
10-04-1989,4652.74
11-04-1989,4655.66
12-04-1989,4658.58
13-04-1989,4661.5
14-04-1989,4664.43
15-04-1989,4667.36
16-04-1989,4670.29
17-04-1989,4673.22
18-04-1989,4676.15
19-04-1989,4679.08
20-04-1989,4682.02
21-04-1989,4684.96
22-04-1989,4687.9
23-04-1989,4690.84
24-04-1989,4693.79
25-04-1989,4696.73
26-04-1989,4699.68
27-04-1989,4702.63
28-04-1989,4705.58
29-04-1989,4708.53
30-04-1989,4711.49
01-05-1989,4714.44
02-05-1989,4717.4
03-05-1989,4720.36
04-05-1989,4723.33
05-05-1989,4726.29
06-05-1989,4729.26
07-05-1989,4732.22
08-05-1989,4735.19
09-05-1989,4738.17
10-05-1989,4739.69
11-05-1989,4741.21
12-05-1989,4742.73
13-05-1989,4744.26
14-05-1989,4745.78
15-05-1989,4747.3
16-05-1989,4748.83
17-05-1989,4750.35
18-05-1989,4751.88
19-05-1989,4753.4
20-05-1989,4754.93
21-05-1989,4756.46
22-05-1989,4757.98
23-05-1989,4759.51
24-05-1989,4761.04
25-05-1989,4762.57
26-05-1989,4764.1
27-05-1989,4765.62
28-05-1989,4767.15
29-05-1989,4768.68
30-05-1989,4770.22
31-05-1989,4771.75
01-06-1989,4773.28
02-06-1989,4774.81
03-06-1989,4776.34
04-06-1989,4777.88
05-06-1989,4779.41
06-06-1989,4780.95
07-06-1989,4782.48
08-06-1989,4784.02
09-06-1989,4785.55
10-06-1989,4788.71
11-06-1989,4791.87
12-06-1989,4795.04
13-06-1989,4798.2
14-06-1989,4801.37
15-06-1989,4804.54
16-06-1989,4807.71
17-06-1989,4810.89
18-06-1989,4814.06
19-06-1989,4817.24
20-06-1989,4820.42
21-06-1989,4823.61
22-06-1989,4826.79
23-06-1989,4829.98
24-06-1989,4833.17
25-06-1989,4836.36
26-06-1989,4839.55
27-06-1989,4842.75
28-06-1989,4845.95
29-06-1989,4849.15
30-06-1989,4852.35
01-07-1989,4855.55
02-07-1989,4858.76
03-07-1989,4861.97
04-07-1989,4865.18
05-07-1989,4868.39
06-07-1989,4871.6
07-07-1989,4874.82
08-07-1989,4878.04
09-07-1989,4881.26
10-07-1989,4884.07
11-07-1989,4886.88
12-07-1989,4889.69
13-07-1989,4892.51
14-07-1989,4895.33
15-07-1989,4898.14
16-07-1989,4900.96
17-07-1989,4903.78
18-07-1989,4906.61
19-07-1989,4909.43
20-07-1989,4912.26
21-07-1989,4915.09
22-07-1989,4917.91
23-07-1989,4920.75
24-07-1989,4923.58
25-07-1989,4926.41
26-07-1989,4929.25
27-07-1989,4932.09
28-07-1989,4934.93
29-07-1989,4937.77
30-07-1989,4940.61
31-07-1989,4943.45
01-08-1989,4946.3
02-08-1989,4949.15
03-08-1989,4951.99
04-08-1989,4954.85
05-08-1989,4957.7
06-08-1989,4960.55
07-08-1989,4963.41
08-08-1989,4966.26
09-08-1989,4969.12
10-08-1989,4971.98
11-08-1989,4974.84
12-08-1989,4977.71
13-08-1989,4980.57
14-08-1989,4983.44
15-08-1989,4986.31
16-08-1989,4989.18
17-08-1989,4992.05
18-08-1989,4994.92
19-08-1989,4997.8
20-08-1989,5000.68
21-08-1989,5003.55
22-08-1989,5006.43
23-08-1989,5009.32
24-08-1989,5012.2
25-08-1989,5015.09
26-08-1989,5017.97
27-08-1989,5020.86
28-08-1989,5023.75
29-08-1989,5026.64
30-08-1989,5029.54
31-08-1989,5032.43
01-09-1989,5035.33
02-09-1989,5038.23
03-09-1989,5041.13
04-09-1989,5044.03
05-09-1989,5046.93
06-09-1989,5049.84
07-09-1989,5052.75
08-09-1989,5055.65
09-09-1989,5058.56
10-09-1989,5060.24
11-09-1989,5061.92
12-09-1989,5063.6
13-09-1989,5065.28
14-09-1989,5066.96
15-09-1989,5068.64
16-09-1989,5070.32
17-09-1989,5072
18-09-1989,5073.68
19-09-1989,5075.37
20-09-1989,5077.05
21-09-1989,5078.73
22-09-1989,5080.42
23-09-1989,5082.1
24-09-1989,5083.79
25-09-1989,5085.48
26-09-1989,5087.16
27-09-1989,5088.85
28-09-1989,5090.54
29-09-1989,5092.23
30-09-1989,5093.92
01-10-1989,5095.61
02-10-1989,5097.3
03-10-1989,5098.99
04-10-1989,5100.68
05-10-1989,5102.37
06-10-1989,5104.06
07-10-1989,5105.76
08-10-1989,5107.45
09-10-1989,5109.15
10-10-1989,5112.58
11-10-1989,5116
12-10-1989,5119.44
13-10-1989,5122.87
14-10-1989,5126.3
15-10-1989,5129.74
16-10-1989,5133.18
17-10-1989,5136.63
18-10-1989,5140.07
19-10-1989,5143.52
20-10-1989,5146.97
21-10-1989,5150.42
22-10-1989,5153.87
23-10-1989,5157.33
24-10-1989,5160.79
25-10-1989,5164.25
26-10-1989,5167.71
27-10-1989,5171.18
28-10-1989,5174.64
29-10-1989,5178.12
30-10-1989,5181.59
31-10-1989,5185.06
01-11-1989,5188.54
02-11-1989,5192.02
03-11-1989,5195.5
04-11-1989,5198.99
05-11-1989,5202.47
06-11-1989,5205.96
07-11-1989,5209.45
08-11-1989,5212.95
09-11-1989,5216.44
10-11-1989,5221.41
11-11-1989,5226.39
12-11-1989,5231.37
13-11-1989,5236.36
14-11-1989,5241.35
15-11-1989,5246.35
16-11-1989,5251.35
17-11-1989,5256.36
18-11-1989,5261.37
19-11-1989,5266.39
20-11-1989,5271.41
21-11-1989,5276.43
22-11-1989,5281.46
23-11-1989,5286.5
24-11-1989,5291.54
25-11-1989,5296.58
26-11-1989,5301.63
27-11-1989,5306.69
28-11-1989,5311.75
29-11-1989,5316.81
30-11-1989,5321.88
01-12-1989,5326.95
02-12-1989,5332.03
03-12-1989,5337.11
04-12-1989,5342.2
05-12-1989,5347.3
06-12-1989,5352.39
07-12-1989,5357.5
08-12-1989,5362.6
09-12-1989,5367.72
10-12-1989,5370.64
11-12-1989,5373.56
12-12-1989,5376.48
13-12-1989,5379.41
14-12-1989,5382.33
15-12-1989,5385.26
16-12-1989,5388.19
17-12-1989,5391.12
18-12-1989,5394.05
19-12-1989,5396.99
20-12-1989,5399.92
21-12-1989,5402.86
22-12-1989,5405.8
23-12-1989,5408.74
24-12-1989,5411.68
25-12-1989,5414.63
26-12-1989,5417.57
27-12-1989,5420.52
28-12-1989,5423.47
29-12-1989,5426.42
30-12-1989,5429.37
31-12-1989,5432.32
01-01-1990,5435.28
02-01-1990,5438.23
03-01-1990,5441.19
04-01-1990,5444.15
05-01-1990,5447.11
06-01-1990,5450.07
07-01-1990,5453.04
08-01-1990,5456
09-01-1990,5458.97
10-01-1990,5462.63
11-01-1990,5466.29
12-01-1990,5469.96
13-01-1990,5473.63
14-01-1990,5477.3
15-01-1990,5480.97
16-01-1990,5484.65
17-01-1990,5488.33
18-01-1990,5492.01
19-01-1990,5495.69
20-01-1990,5499.38
21-01-1990,5503.06
22-01-1990,5506.75
23-01-1990,5510.45
24-01-1990,5514.14
25-01-1990,5517.84
26-01-1990,5521.54
27-01-1990,5525.24
28-01-1990,5528.95
29-01-1990,5532.66
30-01-1990,5536.37
31-01-1990,5540.08
01-02-1990,5543.8
02-02-1990,5547.51
03-02-1990,5551.23
04-02-1990,5554.96
05-02-1990,5558.68
06-02-1990,5562.41
07-02-1990,5566.14
08-02-1990,5569.87
09-02-1990,5573.61
10-02-1990,5578.53
11-02-1990,5583.45
12-02-1990,5588.38
13-02-1990,5593.31
14-02-1990,5598.24
15-02-1990,5603.18
16-02-1990,5608.12
17-02-1990,5613.07
18-02-1990,5618.02
19-02-1990,5622.98
20-02-1990,5627.94
21-02-1990,5632.91
22-02-1990,5637.88
23-02-1990,5642.85
24-02-1990,5647.83
25-02-1990,5652.81
26-02-1990,5657.8
27-02-1990,5662.79
28-02-1990,5667.79
01-03-1990,5672.79
02-03-1990,5677.79
03-03-1990,5682.8
04-03-1990,5687.82
05-03-1990,5692.83
06-03-1990,5697.86
07-03-1990,5702.88
08-03-1990,5707.91
09-03-1990,5712.95
10-03-1990,5713.5
11-03-1990,5714.05
12-03-1990,5714.61
13-03-1990,5715.16
14-03-1990,5715.71
15-03-1990,5716.26
16-03-1990,5716.82
17-03-1990,5717.37
18-03-1990,5717.92
19-03-1990,5718.47
20-03-1990,5719.03
21-03-1990,5719.58
22-03-1990,5720.13
23-03-1990,5720.68
24-03-1990,5721.24
25-03-1990,5721.79
26-03-1990,5722.34
27-03-1990,5722.9
28-03-1990,5723.45
29-03-1990,5724
30-03-1990,5724.55
31-03-1990,5725.11
01-04-1990,5725.66
02-04-1990,5726.21
03-04-1990,5726.77
04-04-1990,5727.32
05-04-1990,5727.87
06-04-1990,5728.43
07-04-1990,5728.98
08-04-1990,5729.54
09-04-1990,5730.09
10-04-1990,5734.62
11-04-1990,5739.16
12-04-1990,5743.7
13-04-1990,5748.24
14-04-1990,5752.78
15-04-1990,5757.33
16-04-1990,5761.89
17-04-1990,5766.44
18-04-1990,5771
19-04-1990,5775.57
20-04-1990,5780.14
21-04-1990,5784.71
22-04-1990,5789.28
23-04-1990,5793.86
24-04-1990,5798.44
25-04-1990,5803.03
26-04-1990,5807.62
27-04-1990,5812.21
28-04-1990,5816.81
29-04-1990,5821.41
30-04-1990,5826.01
01-05-1990,5830.62
02-05-1990,5835.23
03-05-1990,5839.85
04-05-1990,5844.46
05-05-1990,5849.09
06-05-1990,5853.71
07-05-1990,5858.34
08-05-1990,5862.98
09-05-1990,5867.61
10-05-1990,5870.99
11-05-1990,5874.37
12-05-1990,5877.75
13-05-1990,5881.13
14-05-1990,5884.52
15-05-1990,5887.91
16-05-1990,5891.29
17-05-1990,5894.69
18-05-1990,5898.08
19-05-1990,5901.47
20-05-1990,5904.87
21-05-1990,5908.27
22-05-1990,5911.67
23-05-1990,5915.07
24-05-1990,5918.48
25-05-1990,5921.89
26-05-1990,5925.3
27-05-1990,5928.71
28-05-1990,5932.12
29-05-1990,5935.53
30-05-1990,5938.95
31-05-1990,5942.37
01-06-1990,5945.79
02-06-1990,5949.21
03-06-1990,5952.64
04-06-1990,5956.06
05-06-1990,5959.49
06-06-1990,5962.92
07-06-1990,5966.36
08-06-1990,5969.79
09-06-1990,5973.23
10-06-1990,5976.2
11-06-1990,5979.16
12-06-1990,5982.13
13-06-1990,5985.1
14-06-1990,5988.07
15-06-1990,5991.04
16-06-1990,5994.02
17-06-1990,5996.99
18-06-1990,5999.97
19-06-1990,6002.95
20-06-1990,6005.93
21-06-1990,6008.91
22-06-1990,6011.89
23-06-1990,6014.88
24-06-1990,6017.86
25-06-1990,6020.85
26-06-1990,6023.84
27-06-1990,6026.83
28-06-1990,6029.82
29-06-1990,6032.81
30-06-1990,6035.81
01-07-1990,6038.8
02-07-1990,6041.8
03-07-1990,6044.8
04-07-1990,6047.8
05-07-1990,6050.8
06-07-1990,6053.81
07-07-1990,6056.81
08-07-1990,6059.82
09-07-1990,6062.83
10-07-1990,6067.09
11-07-1990,6071.35
12-07-1990,6075.61
13-07-1990,6079.88
14-07-1990,6084.15
15-07-1990,6088.42
16-07-1990,6092.7
17-07-1990,6096.97
18-07-1990,6101.26
19-07-1990,6105.54
20-07-1990,6109.83
21-07-1990,6114.12
22-07-1990,6118.41
23-07-1990,6122.71
24-07-1990,6127.01
25-07-1990,6131.31
26-07-1990,6135.62
27-07-1990,6139.92
28-07-1990,6144.24
29-07-1990,6148.55
30-07-1990,6152.87
31-07-1990,6157.19
01-08-1990,6161.51
02-08-1990,6165.84
03-08-1990,6170.17
04-08-1990,6174.5
05-08-1990,6178.84
06-08-1990,6183.18
07-08-1990,6187.52
08-08-1990,6191.86
09-08-1990,6196.21
10-08-1990,6199.58
11-08-1990,6202.95
12-08-1990,6206.33
13-08-1990,6209.7
14-08-1990,6213.08
15-08-1990,6216.46
16-08-1990,6219.84
17-08-1990,6223.22
18-08-1990,6226.61
19-08-1990,6230
20-08-1990,6233.38
21-08-1990,6236.77
22-08-1990,6240.17
23-08-1990,6243.56
24-08-1990,6246.96
25-08-1990,6250.36
26-08-1990,6253.75
27-08-1990,6257.16
28-08-1990,6260.56
29-08-1990,6263.97
30-08-1990,6267.37
31-08-1990,6270.78
01-09-1990,6274.19
02-09-1990,6277.6
03-09-1990,6281.02
04-09-1990,6284.44
05-09-1990,6287.85
06-09-1990,6291.27
07-09-1990,6294.7
08-09-1990,6298.12
09-09-1990,6301.55
10-09-1990,6305.71
11-09-1990,6309.87
12-09-1990,6314.04
13-09-1990,6318.21
14-09-1990,6322.38
15-09-1990,6326.56
16-09-1990,6330.73
17-09-1990,6334.91
18-09-1990,6339.1
19-09-1990,6343.28
20-09-1990,6347.47
21-09-1990,6351.66
22-09-1990,6355.86
23-09-1990,6360.05
24-09-1990,6364.25
25-09-1990,6368.46
26-09-1990,6372.66
27-09-1990,6376.87
28-09-1990,6381.08
29-09-1990,6385.29
30-09-1990,6389.51
01-10-1990,6393.73
02-10-1990,6397.95
03-10-1990,6402.17
04-10-1990,6406.4
05-10-1990,6410.63
06-10-1990,6414.87
07-10-1990,6419.1
08-10-1990,6423.34
09-10-1990,6427.58
10-10-1990,6437.51
11-10-1990,6447.45
12-10-1990,6457.4
13-10-1990,6467.38
14-10-1990,6477.37
15-10-1990,6487.37
16-10-1990,6497.39
17-10-1990,6507.42
18-10-1990,6517.47
19-10-1990,6527.54
20-10-1990,6537.62
21-10-1990,6547.71
22-10-1990,6557.82
23-10-1990,6567.95
24-10-1990,6578.1
25-10-1990,6588.25
26-10-1990,6598.43
27-10-1990,6608.62
28-10-1990,6618.82
29-10-1990,6629.05
30-10-1990,6639.28
31-10-1990,6649.54
01-11-1990,6659.81
02-11-1990,6670.09
03-11-1990,6680.39
04-11-1990,6690.71
05-11-1990,6701.04
06-11-1990,6711.39
07-11-1990,6721.75
08-11-1990,6732.13
09-11-1990,6742.53
10-11-1990,6750.92
11-11-1990,6759.32
12-11-1990,6767.72
13-11-1990,6776.14
14-11-1990,6784.57
15-11-1990,6793.01
16-11-1990,6801.46
17-11-1990,6809.92
18-11-1990,6818.39
19-11-1990,6826.88
20-11-1990,6835.37
21-11-1990,6843.87
22-11-1990,6852.38
23-11-1990,6860.91
24-11-1990,6869.44
25-11-1990,6877.99
26-11-1990,6886.54
27-11-1990,6895.11
28-11-1990,6903.69
29-11-1990,6912.28
30-11-1990,6920.88
01-12-1990,6929.48
02-12-1990,6938.1
03-12-1990,6946.74
04-12-1990,6955.38
05-12-1990,6964.03
06-12-1990,6972.69
07-12-1990,6981.37
08-12-1990,6990.05
09-12-1990,6998.75
10-12-1990,7000.77
11-12-1990,7002.8
12-12-1990,7004.82
13-12-1990,7006.85
14-12-1990,7008.87
15-12-1990,7010.9
16-12-1990,7012.92
17-12-1990,7014.95
18-12-1990,7016.98
19-12-1990,7019.01
20-12-1990,7021.04
21-12-1990,7023.07
22-12-1990,7025.1
23-12-1990,7027.13
24-12-1990,7029.16
25-12-1990,7031.19
26-12-1990,7033.22
27-12-1990,7035.26
28-12-1990,7037.29
29-12-1990,7039.32
30-12-1990,7041.36
31-12-1990,7043.39
01-01-1991,7045.43
02-01-1991,7047.47
03-01-1991,7049.5
04-01-1991,7051.54
05-01-1991,7053.58
06-01-1991,7055.62
07-01-1991,7057.66
08-01-1991,7059.7
09-01-1991,7061.74
10-01-1991,7062.88
11-01-1991,7064.01
12-01-1991,7065.15
13-01-1991,7066.29
14-01-1991,7067.42
15-01-1991,7068.56
16-01-1991,7069.7
17-01-1991,7070.84
18-01-1991,7071.97
19-01-1991,7073.11
20-01-1991,7074.25
21-01-1991,7075.39
22-01-1991,7076.53
23-01-1991,7077.66
24-01-1991,7078.8
25-01-1991,7079.94
26-01-1991,7081.08
27-01-1991,7082.22
28-01-1991,7083.36
29-01-1991,7084.5
30-01-1991,7085.64
31-01-1991,7086.78
01-02-1991,7087.92
02-02-1991,7089.06
03-02-1991,7090.2
04-02-1991,7091.34
05-02-1991,7092.48
06-02-1991,7093.62
07-02-1991,7094.77
08-02-1991,7095.91
09-02-1991,7097.05
10-02-1991,7098.06
11-02-1991,7099.07
12-02-1991,7100.09
13-02-1991,7101.1
14-02-1991,7102.11
15-02-1991,7103.12
16-02-1991,7104.14
17-02-1991,7105.15
18-02-1991,7106.16
19-02-1991,7107.18
20-02-1991,7108.19
21-02-1991,7109.2
22-02-1991,7110.22
23-02-1991,7111.23
24-02-1991,7112.24
25-02-1991,7113.26
26-02-1991,7114.27
27-02-1991,7115.29
28-02-1991,7116.3
01-03-1991,7117.32
02-03-1991,7118.33
03-03-1991,7119.35
04-03-1991,7120.36
05-03-1991,7121.38
06-03-1991,7122.39
07-03-1991,7123.41
08-03-1991,7124.42
09-03-1991,7125.44
10-03-1991,7125.67
11-03-1991,7125.9
12-03-1991,7126.13
13-03-1991,7126.36
14-03-1991,7126.59
15-03-1991,7126.82
16-03-1991,7127.05
17-03-1991,7127.28
18-03-1991,7127.51
19-03-1991,7127.74
20-03-1991,7127.97
21-03-1991,7128.2
22-03-1991,7128.43
23-03-1991,7128.66
24-03-1991,7128.89
25-03-1991,7129.12
26-03-1991,7129.35
27-03-1991,7129.58
28-03-1991,7129.81
29-03-1991,7130.04
30-03-1991,7130.27
31-03-1991,7130.5
01-04-1991,7130.73
02-04-1991,7130.96
03-04-1991,7131.19
04-04-1991,7131.42
05-04-1991,7131.65
06-04-1991,7131.88
07-04-1991,7132.11
08-04-1991,7132.34
09-04-1991,7132.57
10-04-1991,7135.41
11-04-1991,7138.24
12-04-1991,7141.08
13-04-1991,7143.92
14-04-1991,7146.76
15-04-1991,7149.61
16-04-1991,7152.45
17-04-1991,7155.29
18-04-1991,7158.14
19-04-1991,7160.99
20-04-1991,7163.83
21-04-1991,7166.68
22-04-1991,7169.53
23-04-1991,7172.39
24-04-1991,7175.24
25-04-1991,7178.09
26-04-1991,7180.95
27-04-1991,7183.8
28-04-1991,7186.66
29-04-1991,7189.52
30-04-1991,7192.38
01-05-1991,7195.24
02-05-1991,7198.1
03-05-1991,7200.96
04-05-1991,7203.82
05-05-1991,7206.69
06-05-1991,7209.56
07-05-1991,7212.42
08-05-1991,7215.29
09-05-1991,7218.16
10-05-1991,7222.32
11-05-1991,7226.47
12-05-1991,7230.63
13-05-1991,7234.79
14-05-1991,7238.96
15-05-1991,7243.13
16-05-1991,7247.3
17-05-1991,7251.47
18-05-1991,7255.64
19-05-1991,7259.82
20-05-1991,7264
21-05-1991,7268.18
22-05-1991,7272.36
23-05-1991,7276.55
24-05-1991,7280.74
25-05-1991,7284.93
26-05-1991,7289.12
27-05-1991,7293.32
28-05-1991,7297.52
29-05-1991,7301.72
30-05-1991,7305.92
31-05-1991,7310.13
01-06-1991,7314.34
02-06-1991,7318.55
03-06-1991,7322.76
04-06-1991,7326.97
05-06-1991,7331.19
06-06-1991,7335.41
07-06-1991,7339.63
08-06-1991,7343.86
09-06-1991,7348.09
10-06-1991,7354.14
11-06-1991,7360.2
12-06-1991,7366.26
13-06-1991,7372.32
14-06-1991,7378.39
15-06-1991,7384.47
16-06-1991,7390.55
17-06-1991,7396.63
18-06-1991,7402.73
19-06-1991,7408.82
20-06-1991,7414.92
21-06-1991,7421.03
22-06-1991,7427.14
23-06-1991,7433.25
24-06-1991,7439.37
25-06-1991,7445.5
26-06-1991,7451.63
27-06-1991,7457.77
28-06-1991,7463.91
29-06-1991,7470.05
30-06-1991,7476.2
01-07-1991,7482.36
02-07-1991,7488.52
03-07-1991,7494.69
04-07-1991,7500.86
05-07-1991,7507.04
06-07-1991,7513.22
07-07-1991,7519.4
08-07-1991,7525.6
09-07-1991,7531.79
10-07-1991,7536.13
11-07-1991,7540.46
12-07-1991,7544.8
13-07-1991,7549.15
14-07-1991,7553.49
15-07-1991,7557.84
16-07-1991,7562.19
17-07-1991,7566.55
18-07-1991,7570.9
19-07-1991,7575.26
20-07-1991,7579.62
21-07-1991,7583.98
22-07-1991,7588.35
23-07-1991,7592.72
24-07-1991,7597.09
25-07-1991,7601.46
26-07-1991,7605.84
27-07-1991,7610.21
28-07-1991,7614.6
29-07-1991,7618.98
30-07-1991,7623.36
31-07-1991,7627.75
01-08-1991,7632.14
02-08-1991,7636.54
03-08-1991,7640.93
04-08-1991,7645.33
05-08-1991,7649.73
06-08-1991,7654.14
07-08-1991,7658.54
08-08-1991,7662.95
09-08-1991,7667.36
10-08-1991,7671.77
11-08-1991,7676.19
12-08-1991,7680.61
13-08-1991,7685.03
14-08-1991,7689.45
15-08-1991,7693.88
16-08-1991,7698.31
17-08-1991,7702.74
18-08-1991,7707.17
19-08-1991,7711.61
20-08-1991,7716.05
21-08-1991,7720.49
22-08-1991,7724.94
23-08-1991,7729.38
24-08-1991,7733.83
25-08-1991,7738.28
26-08-1991,7742.74
27-08-1991,7747.2
28-08-1991,7751.66
29-08-1991,7756.12
30-08-1991,7760.58
31-08-1991,7765.05
01-09-1991,7769.52
02-09-1991,7773.99
03-09-1991,7778.47
04-09-1991,7782.95
05-09-1991,7787.43
06-09-1991,7791.91
07-09-1991,7796.39
08-09-1991,7800.88
09-09-1991,7805.37
10-09-1991,7808.47
11-09-1991,7811.58
12-09-1991,7814.69
13-09-1991,7817.79
14-09-1991,7820.9
15-09-1991,7824.01
16-09-1991,7827.13
17-09-1991,7830.24
18-09-1991,7833.35
19-09-1991,7836.47
20-09-1991,7839.58
21-09-1991,7842.7
22-09-1991,7845.82
23-09-1991,7848.94
24-09-1991,7852.06
25-09-1991,7855.19
26-09-1991,7858.31
27-09-1991,7861.43
28-09-1991,7864.56
29-09-1991,7867.69
30-09-1991,7870.82
01-10-1991,7873.95
02-10-1991,7877.08
03-10-1991,7880.21
04-10-1991,7883.35
05-10-1991,7886.48
06-10-1991,7889.62
07-10-1991,7892.76
08-10-1991,7895.89
09-10-1991,7899.03
10-10-1991,7902.32
11-10-1991,7905.62
12-10-1991,7908.91
13-10-1991,7912.21
14-10-1991,7915.5
15-10-1991,7918.8
16-10-1991,7922.1
17-10-1991,7925.4
18-10-1991,7928.71
19-10-1991,7932.01
20-10-1991,7935.32
21-10-1991,7938.62
22-10-1991,7941.93
23-10-1991,7945.24
24-10-1991,7948.55
25-10-1991,7951.86
26-10-1991,7955.18
27-10-1991,7958.49
28-10-1991,7961.81
29-10-1991,7965.13
30-10-1991,7968.45
31-10-1991,7971.77
01-11-1991,7975.09
02-11-1991,7978.41
03-11-1991,7981.74
04-11-1991,7985.07
05-11-1991,7988.39
06-11-1991,7991.72
07-11-1991,7995.05
08-11-1991,7998.38
09-11-1991,8001.72
10-11-1991,8009.35
11-11-1991,8016.98
12-11-1991,8024.63
13-11-1991,8032.28
14-11-1991,8039.94
15-11-1991,8047.6
16-11-1991,8055.27
17-11-1991,8062.95
18-11-1991,8070.64
19-11-1991,8078.33
20-11-1991,8086.04
21-11-1991,8093.74
22-11-1991,8101.46
23-11-1991,8109.18
24-11-1991,8116.92
25-11-1991,8124.65
26-11-1991,8132.4
27-11-1991,8140.15
28-11-1991,8147.91
29-11-1991,8155.68
30-11-1991,8163.46
01-12-1991,8171.24
02-12-1991,8179.03
03-12-1991,8186.83
04-12-1991,8194.63
05-12-1991,8202.45
06-12-1991,8210.27
07-12-1991,8218.09
08-12-1991,8225.93
09-12-1991,8233.77
10-12-1991,8236.15
11-12-1991,8238.53
12-12-1991,8240.91
13-12-1991,8243.29
14-12-1991,8245.68
15-12-1991,8248.06
16-12-1991,8250.45
17-12-1991,8252.83
18-12-1991,8255.22
19-12-1991,8257.6
20-12-1991,8259.99
21-12-1991,8262.38
22-12-1991,8264.77
23-12-1991,8267.15
24-12-1991,8269.54
25-12-1991,8271.93
26-12-1991,8274.33
27-12-1991,8276.72
28-12-1991,8279.11
29-12-1991,8281.5
30-12-1991,8283.9
31-12-1991,8286.29
01-01-1992,8288.69
02-01-1992,8291.08
03-01-1992,8293.48
04-01-1992,8295.88
05-01-1992,8298.27
06-01-1992,8300.67
07-01-1992,8303.07
08-01-1992,8305.47
09-01-1992,8307.87
10-01-1992,8311.07
11-01-1992,8314.27
12-01-1992,8317.47
13-01-1992,8320.67
14-01-1992,8323.87
15-01-1992,8327.07
16-01-1992,8330.28
17-01-1992,8333.48
18-01-1992,8336.69
19-01-1992,8339.9
20-01-1992,8343.11
21-01-1992,8346.32
22-01-1992,8349.53
23-01-1992,8352.75
24-01-1992,8355.96
25-01-1992,8359.18
26-01-1992,8362.39
27-01-1992,8365.61
28-01-1992,8368.83
29-01-1992,8372.05
30-01-1992,8375.27
31-01-1992,8378.5
01-02-1992,8381.72
02-02-1992,8384.95
03-02-1992,8388.18
04-02-1992,8391.4
05-02-1992,8394.63
06-02-1992,8397.86
07-02-1992,8401.1
08-02-1992,8404.33
09-02-1992,8407.56
10-02-1992,8410.73
11-02-1992,8413.91
12-02-1992,8417.08
13-02-1992,8420.26
14-02-1992,8423.43
15-02-1992,8426.61
16-02-1992,8429.79
17-02-1992,8432.97
18-02-1992,8436.15
19-02-1992,8439.34
20-02-1992,8442.52
21-02-1992,8445.71
22-02-1992,8448.89
23-02-1992,8452.08
24-02-1992,8455.27
25-02-1992,8458.46
26-02-1992,8461.65
27-02-1992,8464.84
28-02-1992,8468.04
29-02-1992,8471.23
01-03-1992,8474.43
02-03-1992,8477.63
03-03-1992,8480.83
04-03-1992,8484.03
05-03-1992,8487.23
06-03-1992,8490.43
07-03-1992,8493.63
08-03-1992,8496.84
09-03-1992,8500.04
10-03-1992,8498.39
11-03-1992,8496.74
12-03-1992,8495.09
13-03-1992,8493.44
14-03-1992,8491.79
15-03-1992,8490.15
16-03-1992,8488.5
17-03-1992,8486.85
18-03-1992,8485.2
19-03-1992,8483.55
20-03-1992,8481.91
21-03-1992,8480.26
22-03-1992,8478.62
23-03-1992,8476.97
24-03-1992,8475.32
25-03-1992,8473.68
26-03-1992,8472.03
27-03-1992,8470.39
28-03-1992,8468.75
29-03-1992,8467.1
30-03-1992,8465.46
31-03-1992,8463.81
01-04-1992,8462.17
02-04-1992,8460.53
03-04-1992,8458.89
04-04-1992,8457.24
05-04-1992,8455.6
06-04-1992,8453.96
07-04-1992,8452.32
08-04-1992,8450.68
09-04-1992,8449.04
10-04-1992,8451
11-04-1992,8452.97
12-04-1992,8454.94
13-04-1992,8456.9
14-04-1992,8458.87
15-04-1992,8460.84
16-04-1992,8462.8
17-04-1992,8464.77
18-04-1992,8466.74
19-04-1992,8468.71
20-04-1992,8470.68
21-04-1992,8472.65
22-04-1992,8474.62
23-04-1992,8476.59
24-04-1992,8478.56
25-04-1992,8480.53
26-04-1992,8482.5
27-04-1992,8484.48
28-04-1992,8486.45
29-04-1992,8488.42
30-04-1992,8490.4
01-05-1992,8492.37
02-05-1992,8494.35
03-05-1992,8496.32
04-05-1992,8498.3
05-05-1992,8500.27
06-05-1992,8502.25
07-05-1992,8504.23
08-05-1992,8506.21
09-05-1992,8508.18
10-05-1992,8511.73
11-05-1992,8515.27
12-05-1992,8518.82
13-05-1992,8522.37
14-05-1992,8525.92
15-05-1992,8529.48
16-05-1992,8533.03
17-05-1992,8536.59
18-05-1992,8540.14
19-05-1992,8543.7
20-05-1992,8547.26
21-05-1992,8550.83
22-05-1992,8554.39
23-05-1992,8557.95
24-05-1992,8561.52
25-05-1992,8565.09
26-05-1992,8568.66
27-05-1992,8572.23
28-05-1992,8575.8
29-05-1992,8579.38
30-05-1992,8582.95
31-05-1992,8586.53
01-06-1992,8590.11
02-06-1992,8593.69
03-06-1992,8597.27
04-06-1992,8600.85
05-06-1992,8604.43
06-06-1992,8608.02
07-06-1992,8611.61
08-06-1992,8615.2
09-06-1992,8618.79
10-06-1992,8621.93
11-06-1992,8625.08
12-06-1992,8628.22
13-06-1992,8631.37
14-06-1992,8634.52
15-06-1992,8637.67
16-06-1992,8640.82
17-06-1992,8643.97
18-06-1992,8647.12
19-06-1992,8650.28
20-06-1992,8653.43
21-06-1992,8656.59
22-06-1992,8659.75
23-06-1992,8662.9
24-06-1992,8666.06
25-06-1992,8669.22
26-06-1992,8672.39
27-06-1992,8675.55
28-06-1992,8678.71
29-06-1992,8681.88
30-06-1992,8685.05
01-07-1992,8688.21
02-07-1992,8691.38
03-07-1992,8694.55
04-07-1992,8697.72
05-07-1992,8700.9
06-07-1992,8704.07
07-07-1992,8707.24
08-07-1992,8710.42
09-07-1992,8713.6
10-07-1992,8715.56
11-07-1992,8717.52
12-07-1992,8719.48
13-07-1992,8721.45
14-07-1992,8723.41
15-07-1992,8725.37
16-07-1992,8727.34
17-07-1992,8729.3
18-07-1992,8731.26
19-07-1992,8733.23
20-07-1992,8735.19
21-07-1992,8737.16
22-07-1992,8739.13
23-07-1992,8741.09
24-07-1992,8743.06
25-07-1992,8745.03
26-07-1992,8747
27-07-1992,8748.96
28-07-1992,8750.93
29-07-1992,8752.9
30-07-1992,8754.87
31-07-1992,8756.84
01-08-1992,8758.81
02-08-1992,8760.78
03-08-1992,8762.76
04-08-1992,8764.73
05-08-1992,8766.7
06-08-1992,8768.67
07-08-1992,8770.65
08-08-1992,8772.62
09-08-1992,8774.6
10-08-1992,8777.7
11-08-1992,8780.8
12-08-1992,8783.89
13-08-1992,8787
14-08-1992,8790.1
15-08-1992,8793.2
16-08-1992,8796.3
17-08-1992,8799.41
18-08-1992,8802.51
19-08-1992,8805.62
20-08-1992,8808.73
21-08-1992,8811.84
22-08-1992,8814.95
23-08-1992,8818.06
24-08-1992,8821.17
25-08-1992,8824.29
26-08-1992,8827.4
27-08-1992,8830.52
28-08-1992,8833.63
29-08-1992,8836.75
30-08-1992,8839.87
31-08-1992,8842.99
01-09-1992,8846.11
02-09-1992,8849.23
03-09-1992,8852.36
04-09-1992,8855.48
05-09-1992,8858.61
06-09-1992,8861.73
07-09-1992,8864.86
08-09-1992,8867.99
09-09-1992,8871.12
10-09-1992,8875.23
11-09-1992,8879.35
12-09-1992,8883.46
13-09-1992,8887.58
14-09-1992,8891.7
15-09-1992,8895.82
16-09-1992,8899.94
17-09-1992,8904.07
18-09-1992,8908.2
19-09-1992,8912.33
20-09-1992,8916.46
21-09-1992,8920.59
22-09-1992,8924.73
23-09-1992,8928.86
24-09-1992,8933
25-09-1992,8937.14
26-09-1992,8941.29
27-09-1992,8945.43
28-09-1992,8949.58
29-09-1992,8953.73
30-09-1992,8957.88
01-10-1992,8962.03
02-10-1992,8966.18
03-10-1992,8970.34
04-10-1992,8974.5
05-10-1992,8978.66
06-10-1992,8982.82
07-10-1992,8986.98
08-10-1992,8991.15
09-10-1992,8995.32
10-10-1992,9001.92
11-10-1992,9008.53
12-10-1992,9015.14
13-10-1992,9021.75
14-10-1992,9028.37
15-10-1992,9035
16-10-1992,9041.63
17-10-1992,9048.26
18-10-1992,9054.9
19-10-1992,9061.55
20-10-1992,9068.2
21-10-1992,9074.85
22-10-1992,9081.51
23-10-1992,9088.17
24-10-1992,9094.84
25-10-1992,9101.52
26-10-1992,9108.19
27-10-1992,9114.88
28-10-1992,9121.57
29-10-1992,9128.26
30-10-1992,9134.96
31-10-1992,9141.66
01-11-1992,9148.37
02-11-1992,9155.08
03-11-1992,9161.8
04-11-1992,9168.52
05-11-1992,9175.25
06-11-1992,9181.98
07-11-1992,9188.72
08-11-1992,9195.46
09-11-1992,9202.21
10-11-1992,9206.48
11-11-1992,9210.74
12-11-1992,9215.01
13-11-1992,9219.28
14-11-1992,9223.56
15-11-1992,9227.83
16-11-1992,9232.11
17-11-1992,9236.39
18-11-1992,9240.67
19-11-1992,9244.95
20-11-1992,9249.24
21-11-1992,9253.53
22-11-1992,9257.82
23-11-1992,9262.11
24-11-1992,9266.4
25-11-1992,9270.7
26-11-1992,9274.99
27-11-1992,9279.29
28-11-1992,9283.59
29-11-1992,9287.9
30-11-1992,9292.2
01-12-1992,9296.51
02-12-1992,9300.82
03-12-1992,9305.13
04-12-1992,9309.44
05-12-1992,9313.76
06-12-1992,9318.08
07-12-1992,9322.4
08-12-1992,9326.72
09-12-1992,9331.04
10-12-1992,9335.23
11-12-1992,9339.41
12-12-1992,9343.6
13-12-1992,9347.79
14-12-1992,9351.99
15-12-1992,9356.18
16-12-1992,9360.38
17-12-1992,9364.58
18-12-1992,9368.78
19-12-1992,9372.98
20-12-1992,9377.19
21-12-1992,9381.39
22-12-1992,9385.6
23-12-1992,9389.81
24-12-1992,9394.02
25-12-1992,9398.24
26-12-1992,9402.45
27-12-1992,9406.67
28-12-1992,9410.89
29-12-1992,9415.11
30-12-1992,9419.34
31-12-1992,9423.56
01-01-1993,9427.79
02-01-1993,9432.02
03-01-1993,9436.25
04-01-1993,9440.48
05-01-1993,9444.72
06-01-1993,9448.95
07-01-1993,9453.19
08-01-1993,9457.43
09-01-1993,9461.67
10-01-1993,9461.98
11-01-1993,9462.28
12-01-1993,9462.59
13-01-1993,9462.89
14-01-1993,9463.2
15-01-1993,9463.5
16-01-1993,9463.81
17-01-1993,9464.11
18-01-1993,9464.42
19-01-1993,9464.72
20-01-1993,9465.03
21-01-1993,9465.33
22-01-1993,9465.64
23-01-1993,9465.94
24-01-1993,9466.25
25-01-1993,9466.55
26-01-1993,9466.86
27-01-1993,9467.16
28-01-1993,9467.47
29-01-1993,9467.77
30-01-1993,9468.08
31-01-1993,9468.38
01-02-1993,9468.69
02-02-1993,9468.99
03-02-1993,9469.3
04-02-1993,9469.6
05-02-1993,9469.91
06-02-1993,9470.22
07-02-1993,9470.52
08-02-1993,9470.83
09-02-1993,9471.13
10-02-1993,9471.81
11-02-1993,9472.48
12-02-1993,9473.16
13-02-1993,9473.83
14-02-1993,9474.51
15-02-1993,9475.19
16-02-1993,9475.86
17-02-1993,9476.54
18-02-1993,9477.21
19-02-1993,9477.89
20-02-1993,9478.57
21-02-1993,9479.24
22-02-1993,9479.92
23-02-1993,9480.6
24-02-1993,9481.27
25-02-1993,9481.95
26-02-1993,9482.63
27-02-1993,9483.3
28-02-1993,9483.98
01-03-1993,9484.66
02-03-1993,9485.33
03-03-1993,9486.01
04-03-1993,9486.69
05-03-1993,9487.36
06-03-1993,9488.04
07-03-1993,9488.72
08-03-1993,9489.4
09-03-1993,9490.07
10-03-1993,9491.29
11-03-1993,9492.51
12-03-1993,9493.74
13-03-1993,9494.96
14-03-1993,9496.18
15-03-1993,9497.41
16-03-1993,9498.63
17-03-1993,9499.85
18-03-1993,9501.08
19-03-1993,9502.3
20-03-1993,9503.52
21-03-1993,9504.75
22-03-1993,9505.97
23-03-1993,9507.19
24-03-1993,9508.42
25-03-1993,9509.64
26-03-1993,9510.87
27-03-1993,9512.09
28-03-1993,9513.32
29-03-1993,9514.54
30-03-1993,9515.77
31-03-1993,9516.99
01-04-1993,9518.22
02-04-1993,9519.45
03-04-1993,9520.67
04-04-1993,9521.9
05-04-1993,9523.12
06-04-1993,9524.35
07-04-1993,9525.58
08-04-1993,9526.8
09-04-1993,9528.03
10-04-1993,9529.93
11-04-1993,9531.83
12-04-1993,9533.73
13-04-1993,9535.63
14-04-1993,9537.53
15-04-1993,9539.44
16-04-1993,9541.34
17-04-1993,9543.24
18-04-1993,9545.14
19-04-1993,9547.05
20-04-1993,9548.95
21-04-1993,9550.86
22-04-1993,9552.76
23-04-1993,9554.67
24-04-1993,9556.57
25-04-1993,9558.48
26-04-1993,9560.38
27-04-1993,9562.29
28-04-1993,9564.2
29-04-1993,9566.1
30-04-1993,9568.01
01-05-1993,9569.92
02-05-1993,9571.83
03-05-1993,9573.74
04-05-1993,9575.65
05-05-1993,9577.56
06-05-1993,9579.47
07-05-1993,9581.38
08-05-1993,9583.29
09-05-1993,9585.2
10-05-1993,9589.5
11-05-1993,9593.8
12-05-1993,9598.11
13-05-1993,9602.41
14-05-1993,9606.72
15-05-1993,9611.03
16-05-1993,9615.34
17-05-1993,9619.65
18-05-1993,9623.97
19-05-1993,9628.28
20-05-1993,9632.6
21-05-1993,9636.92
22-05-1993,9641.25
23-05-1993,9645.57
24-05-1993,9649.9
25-05-1993,9654.23
26-05-1993,9658.56
27-05-1993,9662.89
28-05-1993,9667.23
29-05-1993,9671.56
30-05-1993,9675.9
31-05-1993,9680.24
01-06-1993,9684.58
02-06-1993,9688.93
03-06-1993,9693.27
04-06-1993,9697.62
05-06-1993,9701.97
06-06-1993,9706.32
07-06-1993,9710.68
08-06-1993,9715.03
09-06-1993,9719.39
10-06-1993,9724.21
11-06-1993,9729.04
12-06-1993,9733.87
13-06-1993,9738.7
14-06-1993,9743.54
15-06-1993,9748.37
16-06-1993,9753.21
17-06-1993,9758.06
18-06-1993,9762.9
19-06-1993,9767.75
20-06-1993,9772.59
21-06-1993,9777.45
22-06-1993,9782.3
23-06-1993,9787.16
24-06-1993,9792.01
25-06-1993,9796.87
26-06-1993,9801.74
27-06-1993,9806.6
28-06-1993,9811.47
29-06-1993,9816.34
30-06-1993,9821.22
01-07-1993,9826.09
02-07-1993,9830.97
03-07-1993,9835.85
04-07-1993,9840.73
05-07-1993,9845.62
06-07-1993,9850.5
07-07-1993,9855.39
08-07-1993,9860.29
09-07-1993,9865.18
10-07-1993,9866.77
11-07-1993,9868.35
12-07-1993,9869.94
13-07-1993,9871.53
14-07-1993,9873.12
15-07-1993,9874.71
16-07-1993,9876.3
17-07-1993,9877.89
18-07-1993,9879.48
19-07-1993,9881.06
20-07-1993,9882.65
21-07-1993,9884.24
22-07-1993,9885.84
23-07-1993,9887.43
24-07-1993,9889.02
25-07-1993,9890.61
26-07-1993,9892.2
27-07-1993,9893.79
28-07-1993,9895.38
29-07-1993,9896.97
30-07-1993,9898.57
31-07-1993,9900.16
01-08-1993,9901.75
02-08-1993,9903.35
03-08-1993,9904.94
04-08-1993,9906.53
05-08-1993,9908.13
06-08-1993,9909.72
07-08-1993,9911.32
08-08-1993,9912.91
09-08-1993,9914.51
10-08-1993,9917.69
11-08-1993,9920.88
12-08-1993,9924.06
13-08-1993,9927.25
14-08-1993,9930.43
15-08-1993,9933.62
16-08-1993,9936.81
17-08-1993,9940
18-08-1993,9943.19
19-08-1993,9946.38
20-08-1993,9949.58
21-08-1993,9952.77
22-08-1993,9955.97
23-08-1993,9959.16
24-08-1993,9962.36
25-08-1993,9965.56
26-08-1993,9968.76
27-08-1993,9971.96
28-08-1993,9975.16
29-08-1993,9978.36
30-08-1993,9981.56
31-08-1993,9984.77
01-09-1993,9987.97
02-09-1993,9991.18
03-09-1993,9994.39
04-09-1993,9997.6
05-09-1993,10000.81
06-09-1993,10004.02
07-09-1993,10007.23
08-09-1993,10010.44
09-09-1993,10013.66
10-09-1993,10020.6
11-09-1993,10027.54
12-09-1993,10034.49
13-09-1993,10041.45
14-09-1993,10048.41
15-09-1993,10055.37
16-09-1993,10062.34
17-09-1993,10069.31
18-09-1993,10076.29
19-09-1993,10083.27
20-09-1993,10090.26
21-09-1993,10097.25
22-09-1993,10104.25
23-09-1993,10111.25
24-09-1993,10118.26
25-09-1993,10125.27
26-09-1993,10132.29
27-09-1993,10139.31
28-09-1993,10146.33
29-09-1993,10153.37
30-09-1993,10160.4
01-10-1993,10167.44
02-10-1993,10174.49
03-10-1993,10181.54
04-10-1993,10188.59
05-10-1993,10195.66
06-10-1993,10202.72
07-10-1993,10209.79
08-10-1993,10216.87
09-10-1993,10223.95
10-10-1993,10227.88
11-10-1993,10231.82
12-10-1993,10235.76
13-10-1993,10239.7
14-10-1993,10243.64
15-10-1993,10247.58
16-10-1993,10251.53
17-10-1993,10255.47
18-10-1993,10259.42
19-10-1993,10263.37
20-10-1993,10267.32
21-10-1993,10271.27
22-10-1993,10275.22
23-10-1993,10279.18
24-10-1993,10283.13
25-10-1993,10287.09
26-10-1993,10291.05
27-10-1993,10295.01
28-10-1993,10298.97
29-10-1993,10302.94
30-10-1993,10306.9
31-10-1993,10310.87
01-11-1993,10314.84
02-11-1993,10318.81
03-11-1993,10322.78
04-11-1993,10326.75
05-11-1993,10330.72
06-11-1993,10334.7
07-11-1993,10338.68
08-11-1993,10342.66
09-11-1993,10346.64
10-11-1993,10355.5
11-11-1993,10364.36
12-11-1993,10373.23
13-11-1993,10382.11
14-11-1993,10391
15-11-1993,10399.89
16-11-1993,10408.79
17-11-1993,10417.7
18-11-1993,10426.62
19-11-1993,10435.54
20-11-1993,10444.48
21-11-1993,10453.42
22-11-1993,10462.36
23-11-1993,10471.32
24-11-1993,10480.28
25-11-1993,10489.25
26-11-1993,10498.23
27-11-1993,10507.22
28-11-1993,10516.21
29-11-1993,10525.21
30-11-1993,10534.22
01-12-1993,10543.24
02-12-1993,10552.26
03-12-1993,10561.3
04-12-1993,10570.34
05-12-1993,10579.38
06-12-1993,10588.44
07-12-1993,10597.5
08-12-1993,10606.57
09-12-1993,10615.65
10-12-1993,10615.99
11-12-1993,10616.33
12-12-1993,10616.68
13-12-1993,10617.02
14-12-1993,10617.36
15-12-1993,10617.7
16-12-1993,10618.05
17-12-1993,10618.39
18-12-1993,10618.73
19-12-1993,10619.07
20-12-1993,10619.42
21-12-1993,10619.76
22-12-1993,10620.1
23-12-1993,10620.44
24-12-1993,10620.79
25-12-1993,10621.13
26-12-1993,10621.47
27-12-1993,10621.81
28-12-1993,10622.16
29-12-1993,10622.5
30-12-1993,10622.84
31-12-1993,10623.18
01-01-1994,10623.53
02-01-1994,10623.87
03-01-1994,10624.21
04-01-1994,10624.55
05-01-1994,10624.9
06-01-1994,10625.24
07-01-1994,10625.58
08-01-1994,10625.92
09-01-1994,10626.27
10-01-1994,10626.95
11-01-1994,10627.64
12-01-1994,10628.32
13-01-1994,10629.01
14-01-1994,10629.69
15-01-1994,10630.38
16-01-1994,10631.07
17-01-1994,10631.75
18-01-1994,10632.44
19-01-1994,10633.12
20-01-1994,10633.81
21-01-1994,10634.49
22-01-1994,10635.18
23-01-1994,10635.86
24-01-1994,10636.55
25-01-1994,10637.23
26-01-1994,10637.92
27-01-1994,10638.61
28-01-1994,10639.29
29-01-1994,10639.98
30-01-1994,10640.66
31-01-1994,10641.35
01-02-1994,10642.03
02-02-1994,10642.72
03-02-1994,10643.41
04-02-1994,10644.09
05-02-1994,10644.78
06-02-1994,10645.46
07-02-1994,10646.15
08-02-1994,10646.84
09-02-1994,10647.52
10-02-1994,10651.3
11-02-1994,10655.09
12-02-1994,10658.88
13-02-1994,10662.67
14-02-1994,10666.46
15-02-1994,10670.25
16-02-1994,10674.04
17-02-1994,10677.83
18-02-1994,10681.63
19-02-1994,10685.43
20-02-1994,10689.22
21-02-1994,10693.02
22-02-1994,10696.82
23-02-1994,10700.63
24-02-1994,10704.43
25-02-1994,10708.23
26-02-1994,10712.04
27-02-1994,10715.85
28-02-1994,10719.66
01-03-1994,10723.47
02-03-1994,10727.28
03-03-1994,10731.09
04-03-1994,10734.9
05-03-1994,10738.72
06-03-1994,10742.54
07-03-1994,10746.35
08-03-1994,10750.17
09-03-1994,10754
10-03-1994,10755.04
11-03-1994,10756.08
12-03-1994,10757.12
13-03-1994,10758.16
14-03-1994,10759.2
15-03-1994,10760.24
16-03-1994,10761.28
17-03-1994,10762.32
18-03-1994,10763.36
19-03-1994,10764.4
20-03-1994,10765.44
21-03-1994,10766.48
22-03-1994,10767.52
23-03-1994,10768.56
24-03-1994,10769.6
25-03-1994,10770.64
26-03-1994,10771.68
27-03-1994,10772.72
28-03-1994,10773.76
29-03-1994,10774.8
30-03-1994,10775.84
31-03-1994,10776.89
01-04-1994,10777.93
02-04-1994,10778.97
03-04-1994,10780.01
04-04-1994,10781.05
05-04-1994,10782.09
06-04-1994,10783.14
07-04-1994,10784.18
08-04-1994,10785.22
09-04-1994,10786.26
10-04-1994,10790.19
11-04-1994,10794.13
12-04-1994,10798.07
13-04-1994,10802
14-04-1994,10805.94
15-04-1994,10809.89
16-04-1994,10813.83
17-04-1994,10817.77
18-04-1994,10821.72
19-04-1994,10825.67
20-04-1994,10829.61
21-04-1994,10833.56
22-04-1994,10837.52
23-04-1994,10841.47
24-04-1994,10845.42
25-04-1994,10849.38
26-04-1994,10853.33
27-04-1994,10857.29
28-04-1994,10861.25
29-04-1994,10865.21
30-04-1994,10869.18
01-05-1994,10873.14
02-05-1994,10877.11
03-05-1994,10881.08
04-05-1994,10885.04
05-05-1994,10889.01
06-05-1994,10892.99
07-05-1994,10896.96
08-05-1994,10900.93
09-05-1994,10904.91
10-05-1994,10906.66
11-05-1994,10908.42
12-05-1994,10910.17
13-05-1994,10911.93
14-05-1994,10913.69
15-05-1994,10915.44
16-05-1994,10917.2
17-05-1994,10918.95
18-05-1994,10920.71
19-05-1994,10922.47
20-05-1994,10924.23
21-05-1994,10925.98
22-05-1994,10927.74
23-05-1994,10929.5
24-05-1994,10931.26
25-05-1994,10933.02
26-05-1994,10934.78
27-05-1994,10936.54
28-05-1994,10938.3
29-05-1994,10940.06
30-05-1994,10941.82
31-05-1994,10943.58
01-06-1994,10945.34
02-06-1994,10947.1
03-06-1994,10948.86
04-06-1994,10950.62
05-06-1994,10952.38
06-06-1994,10954.15
07-06-1994,10955.91
08-06-1994,10957.67
09-06-1994,10959.43
10-06-1994,10964.51
11-06-1994,10969.59
12-06-1994,10974.68
13-06-1994,10979.76
14-06-1994,10984.85
15-06-1994,10989.95
16-06-1994,10995.04
17-06-1994,11000.14
18-06-1994,11005.24
19-06-1994,11010.34
20-06-1994,11015.44
21-06-1994,11020.55
22-06-1994,11025.66
23-06-1994,11030.77
24-06-1994,11035.88
25-06-1994,11040.99
26-06-1994,11046.11
27-06-1994,11051.23
28-06-1994,11056.36
29-06-1994,11061.48
30-06-1994,11066.61
01-07-1994,11071.74
02-07-1994,11076.87
03-07-1994,11082
04-07-1994,11087.14
05-07-1994,11092.28
06-07-1994,11097.42
07-07-1994,11102.57
08-07-1994,11107.71
09-07-1994,11112.86
10-07-1994,11114.65
11-07-1994,11116.44
12-07-1994,11118.23
13-07-1994,11120.01
14-07-1994,11121.8
15-07-1994,11123.59
16-07-1994,11125.38
17-07-1994,11127.17
18-07-1994,11128.96
19-07-1994,11130.75
20-07-1994,11132.54
21-07-1994,11134.34
22-07-1994,11136.13
23-07-1994,11137.92
24-07-1994,11139.71
25-07-1994,11141.5
26-07-1994,11143.3
27-07-1994,11145.09
28-07-1994,11146.88
29-07-1994,11148.68
30-07-1994,11150.47
31-07-1994,11152.26
01-08-1994,11154.06
02-08-1994,11155.85
03-08-1994,11157.65
04-08-1994,11159.44
05-08-1994,11161.24
06-08-1994,11163.03
07-08-1994,11164.83
08-08-1994,11166.63
09-08-1994,11168.42
10-08-1994,11170.58
11-08-1994,11172.73
12-08-1994,11174.89
13-08-1994,11177.04
14-08-1994,11179.2
15-08-1994,11181.36
16-08-1994,11183.52
17-08-1994,11185.67
18-08-1994,11187.83
19-08-1994,11189.99
20-08-1994,11192.15
21-08-1994,11194.31
22-08-1994,11196.47
23-08-1994,11198.63
24-08-1994,11200.79
25-08-1994,11202.96
26-08-1994,11205.12
27-08-1994,11207.28
28-08-1994,11209.44
29-08-1994,11211.61
30-08-1994,11213.77
31-08-1994,11215.93
01-09-1994,11218.1
02-09-1994,11220.26
03-09-1994,11222.43
04-09-1994,11224.6
05-09-1994,11226.76
06-09-1994,11228.93
07-09-1994,11231.1
08-09-1994,11233.26
09-09-1994,11235.43
10-09-1994,11239.53
11-09-1994,11243.63
12-09-1994,11247.73
13-09-1994,11251.83
14-09-1994,11255.93
15-09-1994,11260.04
16-09-1994,11264.15
17-09-1994,11268.26
18-09-1994,11272.37
19-09-1994,11276.48
20-09-1994,11280.59
21-09-1994,11284.7
22-09-1994,11288.82
23-09-1994,11292.94
24-09-1994,11297.06
25-09-1994,11301.18
26-09-1994,11305.3
27-09-1994,11309.42
28-09-1994,11313.55
29-09-1994,11317.67
30-09-1994,11321.8
01-10-1994,11325.93
02-10-1994,11330.06
03-10-1994,11334.19
04-10-1994,11338.33
05-10-1994,11342.46
06-10-1994,11346.6
07-10-1994,11350.74
08-10-1994,11354.88
09-10-1994,11359.02
10-10-1994,11360.85
11-10-1994,11362.68
12-10-1994,11364.5
13-10-1994,11366.33
14-10-1994,11368.16
15-10-1994,11369.99
16-10-1994,11371.82
17-10-1994,11373.65
18-10-1994,11375.48
19-10-1994,11377.31
20-10-1994,11379.14
21-10-1994,11380.97
22-10-1994,11382.8
23-10-1994,11384.63
24-10-1994,11386.47
25-10-1994,11388.3
26-10-1994,11390.13
27-10-1994,11391.96
28-10-1994,11393.8
29-10-1994,11395.63
30-10-1994,11397.46
31-10-1994,11399.3
01-11-1994,11401.13
02-11-1994,11402.97
03-11-1994,11404.8
04-11-1994,11406.64
05-11-1994,11408.47
06-11-1994,11410.31
07-11-1994,11412.14
08-11-1994,11413.98
09-11-1994,11415.82
10-11-1994,11418.1
11-11-1994,11420.37
12-11-1994,11422.65
13-11-1994,11424.93
14-11-1994,11427.21
15-11-1994,11429.49
16-11-1994,11431.77
17-11-1994,11434.05
18-11-1994,11436.33
19-11-1994,11438.61
20-11-1994,11440.89
21-11-1994,11443.17
22-11-1994,11445.45
23-11-1994,11447.73
24-11-1994,11450.02
25-11-1994,11452.3
26-11-1994,11454.58
27-11-1994,11456.87
28-11-1994,11459.15
29-11-1994,11461.44
30-11-1994,11463.72
01-12-1994,11466.01
02-12-1994,11468.3
03-12-1994,11470.58
04-12-1994,11472.87
05-12-1994,11475.16
06-12-1994,11477.45
07-12-1994,11479.74
08-12-1994,11482.03
09-12-1994,11484.31
10-12-1994,11486.53
11-12-1994,11488.74
12-12-1994,11490.96
13-12-1994,11493.18
14-12-1994,11495.4
15-12-1994,11497.61
16-12-1994,11499.83
17-12-1994,11502.05
18-12-1994,11504.27
19-12-1994,11506.49
20-12-1994,11508.71
21-12-1994,11510.93
22-12-1994,11513.16
23-12-1994,11515.38
24-12-1994,11517.6
25-12-1994,11519.82
26-12-1994,11522.05
27-12-1994,11524.27
28-12-1994,11526.49
29-12-1994,11528.72
30-12-1994,11530.94
31-12-1994,11533.17
01-01-1995,11535.39
02-01-1995,11537.62
03-01-1995,11539.85
04-01-1995,11542.07
05-01-1995,11544.3
06-01-1995,11546.53
07-01-1995,11548.76
08-01-1995,11550.99
09-01-1995,11553.22
10-01-1995,11554.34
11-01-1995,11555.45
12-01-1995,11556.57
13-01-1995,11557.69
14-01-1995,11558.8
15-01-1995,11559.92
16-01-1995,11561.04
17-01-1995,11562.15
18-01-1995,11563.27
19-01-1995,11564.39
20-01-1995,11565.51
21-01-1995,11566.62
22-01-1995,11567.74
23-01-1995,11568.86
24-01-1995,11569.98
25-01-1995,11571.1
26-01-1995,11572.21
27-01-1995,11573.33
28-01-1995,11574.45
29-01-1995,11575.57
30-01-1995,11576.69
31-01-1995,11577.81
01-02-1995,11578.93
02-02-1995,11580.04
03-02-1995,11581.16
04-02-1995,11582.28
05-02-1995,11583.4
06-02-1995,11584.52
07-02-1995,11585.64
08-02-1995,11586.76
09-02-1995,11587.88
10-02-1995,11590.36
11-02-1995,11592.83
12-02-1995,11595.31
13-02-1995,11597.79
14-02-1995,11600.27
15-02-1995,11602.74
16-02-1995,11605.22
17-02-1995,11607.7
18-02-1995,11610.18
19-02-1995,11612.66
20-02-1995,11615.14
21-02-1995,11617.63
22-02-1995,11620.11
23-02-1995,11622.59
24-02-1995,11625.08
25-02-1995,11627.56
26-02-1995,11630.04
27-02-1995,11632.53
28-02-1995,11635.01
01-03-1995,11637.5
02-03-1995,11639.99
03-03-1995,11642.47
04-03-1995,11644.96
05-03-1995,11647.45
06-03-1995,11649.94
07-03-1995,11652.43
08-03-1995,11654.92
09-03-1995,11657.41
10-03-1995,11659.29
11-03-1995,11661.16
12-03-1995,11663.04
13-03-1995,11664.91
14-03-1995,11666.79
15-03-1995,11668.67
16-03-1995,11670.55
17-03-1995,11672.42
18-03-1995,11674.3
19-03-1995,11676.18
20-03-1995,11678.06
21-03-1995,11679.94
22-03-1995,11681.82
23-03-1995,11683.7
24-03-1995,11685.58
25-03-1995,11687.46
26-03-1995,11689.34
27-03-1995,11691.22
28-03-1995,11693.1
29-03-1995,11694.98
30-03-1995,11696.86
31-03-1995,11698.75
01-04-1995,11700.63
02-04-1995,11702.51
03-04-1995,11704.39
04-04-1995,11706.28
05-04-1995,11708.16
06-04-1995,11710.04
07-04-1995,11711.93
08-04-1995,11713.81
09-04-1995,11715.7
10-04-1995,11718.04
11-04-1995,11720.37
12-04-1995,11722.71
13-04-1995,11725.05
14-04-1995,11727.39
15-04-1995,11729.73
16-04-1995,11732.06
17-04-1995,11734.4
18-04-1995,11736.74
19-04-1995,11739.08
20-04-1995,11741.43
21-04-1995,11743.77
22-04-1995,11746.11
23-04-1995,11748.45
24-04-1995,11750.79
25-04-1995,11753.14
26-04-1995,11755.48
27-04-1995,11757.83
28-04-1995,11760.17
29-04-1995,11762.52
30-04-1995,11764.86
01-05-1995,11767.21
02-05-1995,11769.55
03-05-1995,11771.9
04-05-1995,11774.25
05-05-1995,11776.6
06-05-1995,11778.95
07-05-1995,11781.29
08-05-1995,11783.64
09-05-1995,11785.99
10-05-1995,11788.26
11-05-1995,11790.54
12-05-1995,11792.82
13-05-1995,11795.09
14-05-1995,11797.37
15-05-1995,11799.64
16-05-1995,11801.92
17-05-1995,11804.2
18-05-1995,11806.48
19-05-1995,11808.76
20-05-1995,11811.03
21-05-1995,11813.31
22-05-1995,11815.59
23-05-1995,11817.87
24-05-1995,11820.15
25-05-1995,11822.44
26-05-1995,11824.72
27-05-1995,11827
28-05-1995,11829.28
29-05-1995,11831.56
30-05-1995,11833.85
31-05-1995,11836.13
01-06-1995,11838.42
02-06-1995,11840.7
03-06-1995,11842.99
04-06-1995,11845.27
05-06-1995,11847.56
06-06-1995,11849.84
07-06-1995,11852.13
08-06-1995,11854.42
09-06-1995,11856.71
10-06-1995,11859.07
11-06-1995,11861.44
12-06-1995,11863.8
13-06-1995,11866.17
14-06-1995,11868.54
15-06-1995,11870.9
16-06-1995,11873.27
17-06-1995,11875.64
18-06-1995,11878.01
19-06-1995,11880.38
20-06-1995,11882.75
21-06-1995,11885.12
22-06-1995,11887.49
23-06-1995,11889.86
24-06-1995,11892.23
25-06-1995,11894.6
26-06-1995,11896.97
27-06-1995,11899.34
28-06-1995,11901.72
29-06-1995,11904.09
30-06-1995,11906.46
01-07-1995,11908.84
02-07-1995,11911.21
03-07-1995,11913.59
04-07-1995,11915.96
05-07-1995,11918.34
06-07-1995,11920.72
07-07-1995,11923.09
08-07-1995,11925.47
09-07-1995,11927.85
10-07-1995,11930.53
11-07-1995,11933.22
12-07-1995,11935.9
13-07-1995,11938.59
14-07-1995,11941.28
15-07-1995,11943.96
16-07-1995,11946.65
17-07-1995,11949.34
18-07-1995,11952.03
19-07-1995,11954.72
20-07-1995,11957.41
21-07-1995,11960.1
22-07-1995,11962.79
23-07-1995,11965.49
24-07-1995,11968.18
25-07-1995,11970.87
26-07-1995,11973.57
27-07-1995,11976.26
28-07-1995,11978.96
29-07-1995,11981.65
30-07-1995,11984.35
31-07-1995,11987.04
01-08-1995,11989.74
02-08-1995,11992.44
03-08-1995,11995.14
04-08-1995,11997.84
05-08-1995,12000.54
06-08-1995,12003.24
07-08-1995,12005.94
08-08-1995,12008.64
09-08-1995,12011.34
10-08-1995,12014.43
11-08-1995,12017.52
12-08-1995,12020.61
13-08-1995,12023.7
14-08-1995,12026.79
15-08-1995,12029.88
16-08-1995,12032.97
17-08-1995,12036.06
18-08-1995,12039.16
19-08-1995,12042.25
20-08-1995,12045.35
21-08-1995,12048.45
22-08-1995,12051.54
23-08-1995,12054.64
24-08-1995,12057.74
25-08-1995,12060.84
26-08-1995,12063.94
27-08-1995,12067.04
28-08-1995,12070.14
29-08-1995,12073.25
30-08-1995,12076.35
31-08-1995,12079.45
01-09-1995,12082.56
02-09-1995,12085.67
03-09-1995,12088.77
04-09-1995,12091.88
05-09-1995,12094.99
06-09-1995,12098.1
07-09-1995,12101.21
08-09-1995,12104.32
09-09-1995,12107.43
10-09-1995,12113.84
11-09-1995,12120.25
12-09-1995,12126.66
13-09-1995,12133.08
14-09-1995,12139.5
15-09-1995,12145.93
16-09-1995,12152.36
17-09-1995,12158.79
18-09-1995,12165.22
19-09-1995,12171.66
20-09-1995,12178.1
21-09-1995,12184.55
22-09-1995,12191
23-09-1995,12197.45
24-09-1995,12203.91
25-09-1995,12210.36
26-09-1995,12216.83
27-09-1995,12223.29
28-09-1995,12229.76
29-09-1995,12236.23
30-09-1995,12242.71
01-10-1995,12249.19
02-10-1995,12255.67
03-10-1995,12262.16
04-10-1995,12268.65
05-10-1995,12275.14
06-10-1995,12281.64
07-10-1995,12288.14
08-10-1995,12294.64
09-10-1995,12301.15
10-10-1995,12303.52
11-10-1995,12305.9
12-10-1995,12308.27
13-10-1995,12310.65
14-10-1995,12313.02
15-10-1995,12315.4
16-10-1995,12317.78
17-10-1995,12320.15
18-10-1995,12322.53
19-10-1995,12324.91
20-10-1995,12327.29
21-10-1995,12329.67
22-10-1995,12332.05
23-10-1995,12334.43
24-10-1995,12336.81
25-10-1995,12339.19
26-10-1995,12341.57
27-10-1995,12343.95
28-10-1995,12346.33
29-10-1995,12348.72
30-10-1995,12351.1
31-10-1995,12353.48
01-11-1995,12355.87
02-11-1995,12358.25
03-11-1995,12360.64
04-11-1995,12363.02
05-11-1995,12365.41
06-11-1995,12367.79
07-11-1995,12370.18
08-11-1995,12372.57
09-11-1995,12374.96
10-11-1995,12378.25
11-11-1995,12381.54
12-11-1995,12384.82
13-11-1995,12388.11
14-11-1995,12391.41
15-11-1995,12394.7
16-11-1995,12397.99
17-11-1995,12401.28
18-11-1995,12404.58
19-11-1995,12407.87
20-11-1995,12411.17
21-11-1995,12414.47
22-11-1995,12417.76
23-11-1995,12421.06
24-11-1995,12424.36
25-11-1995,12427.66
26-11-1995,12430.96
27-11-1995,12434.27
28-11-1995,12437.57
29-11-1995,12440.87
30-11-1995,12444.18
01-12-1995,12447.48
02-12-1995,12450.79
03-12-1995,12454.1
04-12-1995,12457.4
05-12-1995,12460.71
06-12-1995,12464.02
07-12-1995,12467.34
08-12-1995,12470.65
09-12-1995,12473.96
10-12-1995,12474.36
11-12-1995,12474.76
12-12-1995,12475.17
13-12-1995,12475.57
14-12-1995,12475.97
15-12-1995,12476.37
16-12-1995,12476.78
17-12-1995,12477.18
18-12-1995,12477.58
19-12-1995,12477.98
20-12-1995,12478.38
21-12-1995,12478.79
22-12-1995,12479.19
23-12-1995,12479.59
24-12-1995,12479.99
25-12-1995,12480.4
26-12-1995,12480.8
27-12-1995,12481.2
28-12-1995,12481.6
29-12-1995,12482.01
30-12-1995,12482.41
31-12-1995,12482.81
01-01-1996,12483.21
02-01-1996,12483.62
03-01-1996,12484.02
04-01-1996,12484.42
05-01-1996,12484.82
06-01-1996,12485.23
07-01-1996,12485.63
08-01-1996,12486.03
09-01-1996,12486.43
10-01-1996,12487.64
11-01-1996,12488.84
12-01-1996,12490.05
13-01-1996,12491.26
14-01-1996,12492.46
15-01-1996,12493.67
16-01-1996,12494.88
17-01-1996,12496.09
18-01-1996,12497.29
19-01-1996,12498.5
20-01-1996,12499.71
21-01-1996,12500.92
22-01-1996,12502.13
23-01-1996,12503.33
24-01-1996,12504.54
25-01-1996,12505.75
26-01-1996,12506.96
27-01-1996,12508.17
28-01-1996,12509.38
29-01-1996,12510.58
30-01-1996,12511.79
31-01-1996,12513
01-02-1996,12514.21
02-02-1996,12515.42
03-02-1996,12516.63
04-02-1996,12517.84
05-02-1996,12519.05
06-02-1996,12520.26
07-02-1996,12521.47
08-02-1996,12522.68
09-02-1996,12523.89
10-02-1996,12525.18
11-02-1996,12526.48
12-02-1996,12527.77
13-02-1996,12529.07
14-02-1996,12530.36
15-02-1996,12531.65
16-02-1996,12532.95
17-02-1996,12534.24
18-02-1996,12535.54
19-02-1996,12536.83
20-02-1996,12538.13
21-02-1996,12539.42
22-02-1996,12540.72
23-02-1996,12542.01
24-02-1996,12543.31
25-02-1996,12544.61
26-02-1996,12545.9
27-02-1996,12547.2
28-02-1996,12548.49
29-02-1996,12549.79
01-03-1996,12551.09
02-03-1996,12552.38
03-03-1996,12553.68
04-03-1996,12554.98
05-03-1996,12556.27
06-03-1996,12557.57
07-03-1996,12558.87
08-03-1996,12560.16
09-03-1996,12561.46
10-03-1996,12563.48
11-03-1996,12565.5
12-03-1996,12567.52
13-03-1996,12569.55
14-03-1996,12571.57
15-03-1996,12573.59
16-03-1996,12575.61
17-03-1996,12577.64
18-03-1996,12579.66
19-03-1996,12581.69
20-03-1996,12583.71
21-03-1996,12585.74
22-03-1996,12587.76
23-03-1996,12589.79
24-03-1996,12591.81
25-03-1996,12593.84
26-03-1996,12595.86
27-03-1996,12597.89
28-03-1996,12599.92
29-03-1996,12601.94
30-03-1996,12603.97
31-03-1996,12606
01-04-1996,12608.03
02-04-1996,12610.06
03-04-1996,12612.09
04-04-1996,12614.12
05-04-1996,12616.15
06-04-1996,12618.18
07-04-1996,12620.21
08-04-1996,12622.24
09-04-1996,12624.27
10-04-1996,12627.21
11-04-1996,12630.14
12-04-1996,12633.08
13-04-1996,12636.02
14-04-1996,12638.96
15-04-1996,12641.89
16-04-1996,12644.83
17-04-1996,12647.78
18-04-1996,12650.72
19-04-1996,12653.66
20-04-1996,12656.6
21-04-1996,12659.54
22-04-1996,12662.49
23-04-1996,12665.43
24-04-1996,12668.38
25-04-1996,12671.32
26-04-1996,12674.27
27-04-1996,12677.22
28-04-1996,12680.17
29-04-1996,12683.11
30-04-1996,12686.06
01-05-1996,12689.01
02-05-1996,12691.97
03-05-1996,12694.92
04-05-1996,12697.87
05-05-1996,12700.82
06-05-1996,12703.78
07-05-1996,12706.73
08-05-1996,12709.68
09-05-1996,12712.64
10-05-1996,12716.72
11-05-1996,12720.8
12-05-1996,12724.89
13-05-1996,12728.97
14-05-1996,12733.06
15-05-1996,12737.15
16-05-1996,12741.24
17-05-1996,12745.33
18-05-1996,12749.42
19-05-1996,12753.51
20-05-1996,12757.6
21-05-1996,12761.7
22-05-1996,12765.8
23-05-1996,12769.9
24-05-1996,12773.99
25-05-1996,12778.1
26-05-1996,12782.2
27-05-1996,12786.3
28-05-1996,12790.41
29-05-1996,12794.51
30-05-1996,12798.62
31-05-1996,12802.73
01-06-1996,12806.84
02-06-1996,12810.95
03-06-1996,12815.06
04-06-1996,12819.18
05-06-1996,12823.29
06-06-1996,12827.41
07-06-1996,12831.53
08-06-1996,12835.65
09-06-1996,12839.77
10-06-1996,12843.18
11-06-1996,12846.59
12-06-1996,12850.01
13-06-1996,12853.42
14-06-1996,12856.83
15-06-1996,12860.25
16-06-1996,12863.66
17-06-1996,12867.08
18-06-1996,12870.5
19-06-1996,12873.92
20-06-1996,12877.34
21-06-1996,12880.76
22-06-1996,12884.18
23-06-1996,12887.6
24-06-1996,12891.03
25-06-1996,12894.45
26-06-1996,12897.88
27-06-1996,12901.3
28-06-1996,12904.73
29-06-1996,12908.16
30-06-1996,12911.59
01-07-1996,12915.02
02-07-1996,12918.45
03-07-1996,12921.88
04-07-1996,12925.31
05-07-1996,12928.75
06-07-1996,12932.18
07-07-1996,12935.61
08-07-1996,12939.05
09-07-1996,12942.49
10-07-1996,12944.16
11-07-1996,12945.82
12-07-1996,12947.49
13-07-1996,12949.16
14-07-1996,12950.83
15-07-1996,12952.49
16-07-1996,12954.16
17-07-1996,12955.83
18-07-1996,12957.5
19-07-1996,12959.17
20-07-1996,12960.84
21-07-1996,12962.51
22-07-1996,12964.17
23-07-1996,12965.84
24-07-1996,12967.51
25-07-1996,12969.18
26-07-1996,12970.85
27-07-1996,12972.52
28-07-1996,12974.2
29-07-1996,12975.87
30-07-1996,12977.54
31-07-1996,12979.21
01-08-1996,12980.88
02-08-1996,12982.55
03-08-1996,12984.22
04-08-1996,12985.9
05-08-1996,12987.57
06-08-1996,12989.24
07-08-1996,12990.91
08-08-1996,12992.59
09-08-1996,12994.26
10-08-1996,12995.52
11-08-1996,12996.77
12-08-1996,12998.03
13-08-1996,12999.28
14-08-1996,13000.54
15-08-1996,13001.8
16-08-1996,13003.05
17-08-1996,13004.31
18-08-1996,13005.57
19-08-1996,13006.82
20-08-1996,13008.08
21-08-1996,13009.34
22-08-1996,13010.59
23-08-1996,13011.85
24-08-1996,13013.11
25-08-1996,13014.37
26-08-1996,13015.62
27-08-1996,13016.88
28-08-1996,13018.14
29-08-1996,13019.4
30-08-1996,13020.65
31-08-1996,13021.91
01-09-1996,13023.17
02-09-1996,13024.43
03-09-1996,13025.69
04-09-1996,13026.95
05-09-1996,13028.21
06-09-1996,13029.47
07-09-1996,13030.72
08-09-1996,13031.98
09-09-1996,13033.24
10-09-1996,13034.97
11-09-1996,13036.71
12-09-1996,13038.44
13-09-1996,13040.18
14-09-1996,13041.91
15-09-1996,13043.65
16-09-1996,13045.39
17-09-1996,13047.12
18-09-1996,13048.86
19-09-1996,13050.59
20-09-1996,13052.33
21-09-1996,13054.07
22-09-1996,13055.81
23-09-1996,13057.54
24-09-1996,13059.28
25-09-1996,13061.02
26-09-1996,13062.76
27-09-1996,13064.49
28-09-1996,13066.23
29-09-1996,13067.97
30-09-1996,13069.71
01-10-1996,13071.45
02-10-1996,13073.19
03-10-1996,13074.93
04-10-1996,13076.67
05-10-1996,13078.41
06-10-1996,13080.15
07-10-1996,13081.89
08-10-1996,13083.63
09-10-1996,13085.37
10-10-1996,13087.48
11-10-1996,13089.58
12-10-1996,13091.69
13-10-1996,13093.79
14-10-1996,13095.9
15-10-1996,13098.01
16-10-1996,13100.12
17-10-1996,13102.22
18-10-1996,13104.33
19-10-1996,13106.44
20-10-1996,13108.55
21-10-1996,13110.66
22-10-1996,13112.77
23-10-1996,13114.88
24-10-1996,13116.99
25-10-1996,13119.1
26-10-1996,13121.21
27-10-1996,13123.32
28-10-1996,13125.43
29-10-1996,13127.54
30-10-1996,13129.66
31-10-1996,13131.77
01-11-1996,13133.88
02-11-1996,13135.99
03-11-1996,13138.11
04-11-1996,13140.22
05-11-1996,13142.34
06-11-1996,13144.45
07-11-1996,13146.57
08-11-1996,13148.68
09-11-1996,13150.8
10-11-1996,13153.86
11-11-1996,13156.92
12-11-1996,13159.98
13-11-1996,13163.04
14-11-1996,13166.1
15-11-1996,13169.16
16-11-1996,13172.22
17-11-1996,13175.29
18-11-1996,13178.35
19-11-1996,13181.41
20-11-1996,13184.48
21-11-1996,13187.55
22-11-1996,13190.61
23-11-1996,13193.68
24-11-1996,13196.75
25-11-1996,13199.82
26-11-1996,13202.89
27-11-1996,13205.96
28-11-1996,13209.03
29-11-1996,13212.1
30-11-1996,13215.17
01-12-1996,13218.24
02-12-1996,13221.32
03-12-1996,13224.39
04-12-1996,13227.47
05-12-1996,13230.54
06-12-1996,13233.62
07-12-1996,13236.7
08-12-1996,13239.78
09-12-1996,13242.86
10-12-1996,13244.57
11-12-1996,13246.27
12-12-1996,13247.98
13-12-1996,13249.68
14-12-1996,13251.39
15-12-1996,13253.1
16-12-1996,13254.8
17-12-1996,13256.51
18-12-1996,13258.22
19-12-1996,13259.92
20-12-1996,13261.63
21-12-1996,13263.34
22-12-1996,13265.05
23-12-1996,13266.76
24-12-1996,13268.46
25-12-1996,13270.17
26-12-1996,13271.88
27-12-1996,13273.59
28-12-1996,13275.3
29-12-1996,13277.01
30-12-1996,13278.72
31-12-1996,13280.43
01-01-1997,13282.14
02-01-1997,13283.85
03-01-1997,13285.56
04-01-1997,13287.27
05-01-1997,13288.98
06-01-1997,13290.7
07-01-1997,13292.41
08-01-1997,13294.12
09-01-1997,13295.83
10-01-1997,13297.54
11-01-1997,13299.25
12-01-1997,13300.97
13-01-1997,13302.68
14-01-1997,13304.39
15-01-1997,13306.11
16-01-1997,13307.82
17-01-1997,13309.53
18-01-1997,13311.25
19-01-1997,13312.96
20-01-1997,13314.68
21-01-1997,13316.39
22-01-1997,13318.11
23-01-1997,13319.82
24-01-1997,13321.54
25-01-1997,13323.25
26-01-1997,13324.97
27-01-1997,13326.68
28-01-1997,13328.4
29-01-1997,13330.12
30-01-1997,13331.83
31-01-1997,13333.55
01-02-1997,13335.27
02-02-1997,13336.99
03-02-1997,13338.7
04-02-1997,13340.42
05-02-1997,13342.14
06-02-1997,13343.86
07-02-1997,13345.58
08-02-1997,13347.29
09-02-1997,13349.01
10-02-1997,13351.39
11-02-1997,13353.77
12-02-1997,13356.15
13-02-1997,13358.52
14-02-1997,13360.9
15-02-1997,13363.28
16-02-1997,13365.67
17-02-1997,13368.05
18-02-1997,13370.43
19-02-1997,13372.81
20-02-1997,13375.19
21-02-1997,13377.57
22-02-1997,13379.96
23-02-1997,13382.34
24-02-1997,13384.72
25-02-1997,13387.11
26-02-1997,13389.49
27-02-1997,13391.88
28-02-1997,13394.26
01-03-1997,13396.65
02-03-1997,13399.04
03-03-1997,13401.42
04-03-1997,13403.81
05-03-1997,13406.2
06-03-1997,13408.59
07-03-1997,13410.98
08-03-1997,13413.37
09-03-1997,13415.76
10-03-1997,13419.21
11-03-1997,13422.66
12-03-1997,13426.11
13-03-1997,13429.56
14-03-1997,13433.01
15-03-1997,13436.47
16-03-1997,13439.92
17-03-1997,13443.38
18-03-1997,13446.83
19-03-1997,13450.29
20-03-1997,13453.75
21-03-1997,13457.2
22-03-1997,13460.66
23-03-1997,13464.12
24-03-1997,13467.59
25-03-1997,13471.05
26-03-1997,13474.51
27-03-1997,13477.97
28-03-1997,13481.44
29-03-1997,13484.9
30-03-1997,13488.37
31-03-1997,13491.84
01-04-1997,13495.31
02-04-1997,13498.78
03-04-1997,13502.25
04-04-1997,13505.72
05-04-1997,13509.19
06-04-1997,13512.66
07-04-1997,13516.14
08-04-1997,13519.61
09-04-1997,13523.09
10-04-1997,13524.44
11-04-1997,13525.79
12-04-1997,13527.14
13-04-1997,13528.49
14-04-1997,13529.84
15-04-1997,13531.19
16-04-1997,13532.55
17-04-1997,13533.9
18-04-1997,13535.25
19-04-1997,13536.6
20-04-1997,13537.95
21-04-1997,13539.3
22-04-1997,13540.66
23-04-1997,13542.01
24-04-1997,13543.36
25-04-1997,13544.71
26-04-1997,13546.06
27-04-1997,13547.42
28-04-1997,13548.77
29-04-1997,13550.12
30-04-1997,13551.48
01-05-1997,13552.83
02-05-1997,13554.18
03-05-1997,13555.54
04-05-1997,13556.89
05-05-1997,13558.24
06-05-1997,13559.6
07-05-1997,13560.95
08-05-1997,13562.31
09-05-1997,13563.66
10-05-1997,13564.97
11-05-1997,13566.28
12-05-1997,13567.59
13-05-1997,13568.9
14-05-1997,13570.21
15-05-1997,13571.53
16-05-1997,13572.84
17-05-1997,13574.15
18-05-1997,13575.46
19-05-1997,13576.77
20-05-1997,13578.08
21-05-1997,13579.4
22-05-1997,13580.71
23-05-1997,13582.02
24-05-1997,13583.33
25-05-1997,13584.65
26-05-1997,13585.96
27-05-1997,13587.27
28-05-1997,13588.59
29-05-1997,13589.9
30-05-1997,13591.21
31-05-1997,13592.52
01-06-1997,13593.84
02-06-1997,13595.15
03-06-1997,13596.47
04-06-1997,13597.78
05-06-1997,13599.09
06-06-1997,13600.41
07-06-1997,13601.72
08-06-1997,13603.04
09-06-1997,13604.35
10-06-1997,13605.26
11-06-1997,13606.16
12-06-1997,13607.07
13-06-1997,13607.97
14-06-1997,13608.88
15-06-1997,13609.79
16-06-1997,13610.69
17-06-1997,13611.6
18-06-1997,13612.51
19-06-1997,13613.41
20-06-1997,13614.32
21-06-1997,13615.23
22-06-1997,13616.13
23-06-1997,13617.04
24-06-1997,13617.95
25-06-1997,13618.85
26-06-1997,13619.76
27-06-1997,13620.67
28-06-1997,13621.58
29-06-1997,13622.48
30-06-1997,13623.39
01-07-1997,13624.3
02-07-1997,13625.21
03-07-1997,13626.11
04-07-1997,13627.02
05-07-1997,13627.93
06-07-1997,13628.84
07-07-1997,13629.74
08-07-1997,13630.65
09-07-1997,13631.56
10-07-1997,13632.44
11-07-1997,13633.32
12-07-1997,13634.2
13-07-1997,13635.07
14-07-1997,13635.95
15-07-1997,13636.83
16-07-1997,13637.71
17-07-1997,13638.59
18-07-1997,13639.47
19-07-1997,13640.35
20-07-1997,13641.23
21-07-1997,13642.11
22-07-1997,13642.99
23-07-1997,13643.87
24-07-1997,13644.75
25-07-1997,13645.62
26-07-1997,13646.5
27-07-1997,13647.38
28-07-1997,13648.26
29-07-1997,13649.14
30-07-1997,13650.02
31-07-1997,13650.9
01-08-1997,13651.78
02-08-1997,13652.66
03-08-1997,13653.54
04-08-1997,13654.42
05-08-1997,13655.3
06-08-1997,13656.18
07-08-1997,13657.06
08-08-1997,13657.94
09-08-1997,13658.82
10-08-1997,13661.46
11-08-1997,13664.09
12-08-1997,13666.73
13-08-1997,13669.37
14-08-1997,13672.01
15-08-1997,13674.64
16-08-1997,13677.28
17-08-1997,13679.92
18-08-1997,13682.56
19-08-1997,13685.2
20-08-1997,13687.84
21-08-1997,13690.49
22-08-1997,13693.13
23-08-1997,13695.77
24-08-1997,13698.41
25-08-1997,13701.06
26-08-1997,13703.7
27-08-1997,13706.35
28-08-1997,13708.99
29-08-1997,13711.64
30-08-1997,13714.28
31-08-1997,13716.93
01-09-1997,13719.58
02-09-1997,13722.22
03-09-1997,13724.87
04-09-1997,13727.52
05-09-1997,13730.17
06-09-1997,13732.82
07-09-1997,13735.47
08-09-1997,13738.12
09-09-1997,13740.77
10-09-1997,13742.6
11-09-1997,13744.43
12-09-1997,13746.26
13-09-1997,13748.09
14-09-1997,13749.92
15-09-1997,13751.75
16-09-1997,13753.58
17-09-1997,13755.41
18-09-1997,13757.24
19-09-1997,13759.07
20-09-1997,13760.9
21-09-1997,13762.73
22-09-1997,13764.56
23-09-1997,13766.39
24-09-1997,13768.22
25-09-1997,13770.06
26-09-1997,13771.89
27-09-1997,13773.72
28-09-1997,13775.55
29-09-1997,13777.39
30-09-1997,13779.22
01-10-1997,13781.05
02-10-1997,13782.89
03-10-1997,13784.72
04-10-1997,13786.56
05-10-1997,13788.39
06-10-1997,13790.23
07-10-1997,13792.06
08-10-1997,13793.9
09-10-1997,13795.73
10-10-1997,13799.72
11-10-1997,13803.71
12-10-1997,13807.7
13-10-1997,13811.69
14-10-1997,13815.68
15-10-1997,13819.67
16-10-1997,13823.67
17-10-1997,13827.67
18-10-1997,13831.66
19-10-1997,13835.66
20-10-1997,13839.66
21-10-1997,13843.66
22-10-1997,13847.66
23-10-1997,13851.67
24-10-1997,13855.67
25-10-1997,13859.67
26-10-1997,13863.68
27-10-1997,13867.69
28-10-1997,13871.7
29-10-1997,13875.71
30-10-1997,13879.72
31-10-1997,13883.73
01-11-1997,13887.74
02-11-1997,13891.76
03-11-1997,13895.77
04-11-1997,13899.79
05-11-1997,13903.81
06-11-1997,13907.83
07-11-1997,13911.85
08-11-1997,13915.87
09-11-1997,13919.89
10-11-1997,13925.43
11-11-1997,13930.96
12-11-1997,13936.5
13-11-1997,13942.05
14-11-1997,13947.59
15-11-1997,13953.14
16-11-1997,13958.69
17-11-1997,13964.24
18-11-1997,13969.79
19-11-1997,13975.35
20-11-1997,13980.91
21-11-1997,13986.47
22-11-1997,13992.03
23-11-1997,13997.59
24-11-1997,14003.16
25-11-1997,14008.73
26-11-1997,14014.3
27-11-1997,14019.87
28-11-1997,14025.45
29-11-1997,14031.03
30-11-1997,14036.61
01-12-1997,14042.19
02-12-1997,14047.77
03-12-1997,14053.36
04-12-1997,14058.95
05-12-1997,14064.54
06-12-1997,14070.14
07-12-1997,14075.73
08-12-1997,14081.33
09-12-1997,14086.93
10-12-1997,14087.38
11-12-1997,14087.84
12-12-1997,14088.29
13-12-1997,14088.75
14-12-1997,14089.2
15-12-1997,14089.66
16-12-1997,14090.11
17-12-1997,14090.56
18-12-1997,14091.02
19-12-1997,14091.47
20-12-1997,14091.93
21-12-1997,14092.38
22-12-1997,14092.84
23-12-1997,14093.29
24-12-1997,14093.74
25-12-1997,14094.2
26-12-1997,14094.65
27-12-1997,14095.11
28-12-1997,14095.56
29-12-1997,14096.02
30-12-1997,14096.47
31-12-1997,14096.93
01-01-1998,14097.38
02-01-1998,14097.83
03-01-1998,14098.29
04-01-1998,14098.74
05-01-1998,14099.2
06-01-1998,14099.65
07-01-1998,14100.11
08-01-1998,14100.56
09-01-1998,14101.02
10-01-1998,14101.47
11-01-1998,14101.93
12-01-1998,14102.38
13-01-1998,14102.84
14-01-1998,14103.29
15-01-1998,14103.75
16-01-1998,14104.2
17-01-1998,14104.66
18-01-1998,14105.11
19-01-1998,14105.57
20-01-1998,14106.02
21-01-1998,14106.48
22-01-1998,14106.93
23-01-1998,14107.39
24-01-1998,14107.84
25-01-1998,14108.3
26-01-1998,14108.75
27-01-1998,14109.21
28-01-1998,14109.66
29-01-1998,14110.12
30-01-1998,14110.57
31-01-1998,14111.03
01-02-1998,14111.48
02-02-1998,14111.94
03-02-1998,14112.39
04-02-1998,14112.85
05-02-1998,14113.3
06-02-1998,14113.76
07-02-1998,14114.21
08-02-1998,14114.67
09-02-1998,14115.12
10-02-1998,14118.64
11-02-1998,14122.15
12-02-1998,14125.67
13-02-1998,14129.19
14-02-1998,14132.71
15-02-1998,14136.23
16-02-1998,14139.76
17-02-1998,14143.28
18-02-1998,14146.8
19-02-1998,14150.33
20-02-1998,14153.85
21-02-1998,14157.38
22-02-1998,14160.91
23-02-1998,14164.44
24-02-1998,14167.97
25-02-1998,14171.5
26-02-1998,14175.03
27-02-1998,14178.56
28-02-1998,14182.09
01-03-1998,14185.63
02-03-1998,14189.16
03-03-1998,14192.7
04-03-1998,14196.23
05-03-1998,14199.77
06-03-1998,14203.31
07-03-1998,14206.85
08-03-1998,14210.39
09-03-1998,14213.93
10-03-1998,14213.47
11-03-1998,14213.01
12-03-1998,14212.55
13-03-1998,14212.1
14-03-1998,14211.64
15-03-1998,14211.18
16-03-1998,14210.72
17-03-1998,14210.26
18-03-1998,14209.8
19-03-1998,14209.34
20-03-1998,14208.88
21-03-1998,14208.43
22-03-1998,14207.97
23-03-1998,14207.51
24-03-1998,14207.05
25-03-1998,14206.59
26-03-1998,14206.13
27-03-1998,14205.68
28-03-1998,14205.22
29-03-1998,14204.76
30-03-1998,14204.3
31-03-1998,14203.84
01-04-1998,14203.38
02-04-1998,14202.92
03-04-1998,14202.47
04-04-1998,14202.01
05-04-1998,14201.55
06-04-1998,14201.09
07-04-1998,14200.63
08-04-1998,14200.17
09-04-1998,14199.72
10-04-1998,14201.61
11-04-1998,14203.5
12-04-1998,14205.39
13-04-1998,14207.28
14-04-1998,14209.17
15-04-1998,14211.06
16-04-1998,14212.95
17-04-1998,14214.84
18-04-1998,14216.74
19-04-1998,14218.63
20-04-1998,14220.52
21-04-1998,14222.41
22-04-1998,14224.31
23-04-1998,14226.2
24-04-1998,14228.09
25-04-1998,14229.98
26-04-1998,14231.88
27-04-1998,14233.77
28-04-1998,14235.67
29-04-1998,14237.56
30-04-1998,14239.46
01-05-1998,14241.35
02-05-1998,14243.25
03-05-1998,14245.14
04-05-1998,14247.04
05-05-1998,14248.93
06-05-1998,14250.83
07-05-1998,14252.73
08-05-1998,14254.62
09-05-1998,14256.52
10-05-1998,14258.36
11-05-1998,14260.19
12-05-1998,14262.03
13-05-1998,14263.87
14-05-1998,14265.7
15-05-1998,14267.54
16-05-1998,14269.38
17-05-1998,14271.21
18-05-1998,14273.05
19-05-1998,14274.89
20-05-1998,14276.73
21-05-1998,14278.57
22-05-1998,14280.41
23-05-1998,14282.25
24-05-1998,14284.08
25-05-1998,14285.92
26-05-1998,14287.76
27-05-1998,14289.6
28-05-1998,14291.44
29-05-1998,14293.28
30-05-1998,14295.13
31-05-1998,14296.97
01-06-1998,14298.81
02-06-1998,14300.65
03-06-1998,14302.49
04-06-1998,14304.33
05-06-1998,14306.18
06-06-1998,14308.02
07-06-1998,14309.86
08-06-1998,14311.7
09-06-1998,14313.55
10-06-1998,14314.5
11-06-1998,14315.46
12-06-1998,14316.41
13-06-1998,14317.36
14-06-1998,14318.32
15-06-1998,14319.27
16-06-1998,14320.22
17-06-1998,14321.18
18-06-1998,14322.13
19-06-1998,14323.09
20-06-1998,14324.04
21-06-1998,14324.99
22-06-1998,14325.95
23-06-1998,14326.9
24-06-1998,14327.86
25-06-1998,14328.81
26-06-1998,14329.77
27-06-1998,14330.72
28-06-1998,14331.67
29-06-1998,14332.63
30-06-1998,14333.58
01-07-1998,14334.54
02-07-1998,14335.49
03-07-1998,14336.45
04-07-1998,14337.4
05-07-1998,14338.36
06-07-1998,14339.31
07-07-1998,14340.27
08-07-1998,14341.22
09-07-1998,14342.18
10-07-1998,14343.57
11-07-1998,14344.95
12-07-1998,14346.34
13-07-1998,14347.72
14-07-1998,14349.11
15-07-1998,14350.5
16-07-1998,14351.88
17-07-1998,14353.27
18-07-1998,14354.66
19-07-1998,14356.05
20-07-1998,14357.43
21-07-1998,14358.82
22-07-1998,14360.21
23-07-1998,14361.6
24-07-1998,14362.98
25-07-1998,14364.37
26-07-1998,14365.76
27-07-1998,14367.15
28-07-1998,14368.54
29-07-1998,14369.92
30-07-1998,14371.31
31-07-1998,14372.7
01-08-1998,14374.09
02-08-1998,14375.48
03-08-1998,14376.87
04-08-1998,14378.26
05-08-1998,14379.65
06-08-1998,14381.04
07-08-1998,14382.43
08-08-1998,14383.82
09-08-1998,14385.21
10-08-1998,14387.06
11-08-1998,14388.92
12-08-1998,14390.77
13-08-1998,14392.62
14-08-1998,14394.48
15-08-1998,14396.33
16-08-1998,14398.18
17-08-1998,14400.04
18-08-1998,14401.89
19-08-1998,14403.75
20-08-1998,14405.6
21-08-1998,14407.46
22-08-1998,14409.31
23-08-1998,14411.17
24-08-1998,14413.02
25-08-1998,14414.88
26-08-1998,14416.74
27-08-1998,14418.59
28-08-1998,14420.45
29-08-1998,14422.31
30-08-1998,14424.16
31-08-1998,14426.02
01-09-1998,14427.88
02-09-1998,14429.74
03-09-1998,14431.6
04-09-1998,14433.45
05-09-1998,14435.31
06-09-1998,14437.17
07-09-1998,14439.03
08-09-1998,14440.89
09-09-1998,14442.75
10-09-1998,14444.19
11-09-1998,14445.63
12-09-1998,14447.08
13-09-1998,14448.52
14-09-1998,14449.96
15-09-1998,14451.41
16-09-1998,14452.85
17-09-1998,14454.29
18-09-1998,14455.73
19-09-1998,14457.18
20-09-1998,14458.62
21-09-1998,14460.07
22-09-1998,14461.51
23-09-1998,14462.95
24-09-1998,14464.4
25-09-1998,14465.84
26-09-1998,14467.29
27-09-1998,14468.73
28-09-1998,14470.18
29-09-1998,14471.62
30-09-1998,14473.07
01-10-1998,14474.51
02-10-1998,14475.96
03-10-1998,14477.4
04-10-1998,14478.85
05-10-1998,14480.29
06-10-1998,14481.74
07-10-1998,14483.19
08-10-1998,14484.63
09-10-1998,14486.08
10-10-1998,14488.41
11-10-1998,14490.74
12-10-1998,14493.07
13-10-1998,14495.41
14-10-1998,14497.74
15-10-1998,14500.07
16-10-1998,14502.4
17-10-1998,14504.74
18-10-1998,14507.07
19-10-1998,14509.41
20-10-1998,14511.74
21-10-1998,14514.07
22-10-1998,14516.41
23-10-1998,14518.75
24-10-1998,14521.08
25-10-1998,14523.42
26-10-1998,14525.76
27-10-1998,14528.09
28-10-1998,14530.43
29-10-1998,14532.77
30-10-1998,14535.11
31-10-1998,14537.44
01-11-1998,14539.78
02-11-1998,14542.12
03-11-1998,14544.46
04-11-1998,14546.8
05-11-1998,14549.14
06-11-1998,14551.49
07-11-1998,14553.83
08-11-1998,14556.17
09-11-1998,14558.51
10-11-1998,14562.38
11-11-1998,14566.25
12-11-1998,14570.12
13-11-1998,14573.99
14-11-1998,14577.86
15-11-1998,14581.73
16-11-1998,14585.6
17-11-1998,14589.48
18-11-1998,14593.35
19-11-1998,14597.23
20-11-1998,14601.11
21-11-1998,14604.99
22-11-1998,14608.87
23-11-1998,14612.75
24-11-1998,14616.63
25-11-1998,14620.51
26-11-1998,14624.39
27-11-1998,14628.28
28-11-1998,14632.17
29-11-1998,14636.05
30-11-1998,14639.94
01-12-1998,14643.83
02-12-1998,14647.72
03-12-1998,14651.61
04-12-1998,14655.5
05-12-1998,14659.4
06-12-1998,14663.29
07-12-1998,14667.18
08-12-1998,14671.08
09-12-1998,14674.98
10-12-1998,14675.45
11-12-1998,14675.93
12-12-1998,14676.4
13-12-1998,14676.87
14-12-1998,14677.35
15-12-1998,14677.82
16-12-1998,14678.29
17-12-1998,14678.77
18-12-1998,14679.24
19-12-1998,14679.71
20-12-1998,14680.19
21-12-1998,14680.66
22-12-1998,14681.13
23-12-1998,14681.61
24-12-1998,14682.08
25-12-1998,14682.55
26-12-1998,14683.03
27-12-1998,14683.5
28-12-1998,14683.97
29-12-1998,14684.45
30-12-1998,14684.92
31-12-1998,14685.39
01-01-1999,14685.87
02-01-1999,14686.34
03-01-1999,14686.81
04-01-1999,14687.29
05-01-1999,14687.76
06-01-1999,14688.23
07-01-1999,14688.71
08-01-1999,14689.18
09-01-1999,14689.65
10-01-1999,14692.01
11-01-1999,14694.38
12-01-1999,14696.74
13-01-1999,14699.11
14-01-1999,14701.47
15-01-1999,14703.84
16-01-1999,14706.2
17-01-1999,14708.57
18-01-1999,14710.94
19-01-1999,14713.3
20-01-1999,14715.67
21-01-1999,14718.04
22-01-1999,14720.41
23-01-1999,14722.77
24-01-1999,14725.14
25-01-1999,14727.51
26-01-1999,14729.88
27-01-1999,14732.25
28-01-1999,14734.62
29-01-1999,14736.99
30-01-1999,14739.37
31-01-1999,14741.74
01-02-1999,14744.11
02-02-1999,14746.48
03-02-1999,14748.85
04-02-1999,14751.23
05-02-1999,14753.6
06-02-1999,14755.97
07-02-1999,14758.35
08-02-1999,14760.72
09-02-1999,14763.1
10-02-1999,14761.52
11-02-1999,14759.93
12-02-1999,14758.35
13-02-1999,14756.76
14-02-1999,14755.18
15-02-1999,14753.6
16-02-1999,14752.02
17-02-1999,14750.43
18-02-1999,14748.85
19-02-1999,14747.27
20-02-1999,14745.68
21-02-1999,14744.1
22-02-1999,14742.52
23-02-1999,14740.94
24-02-1999,14739.36
25-02-1999,14737.78
26-02-1999,14736.19
27-02-1999,14734.61
28-02-1999,14733.03
01-03-1999,14731.45
02-03-1999,14729.87
03-03-1999,14728.29
04-03-1999,14726.71
05-03-1999,14725.13
06-03-1999,14723.55
07-03-1999,14721.97
08-03-1999,14720.39
09-03-1999,14718.81
10-03-1999,14719.28
11-03-1999,14719.76
12-03-1999,14720.23
13-03-1999,14720.71
14-03-1999,14721.18
15-03-1999,14721.66
16-03-1999,14722.13
17-03-1999,14722.61
18-03-1999,14723.08
19-03-1999,14723.56
20-03-1999,14724.03
21-03-1999,14724.51
22-03-1999,14724.98
23-03-1999,14725.46
24-03-1999,14725.93
25-03-1999,14726.4
26-03-1999,14726.88
27-03-1999,14727.35
28-03-1999,14727.83
29-03-1999,14728.3
30-03-1999,14728.78
31-03-1999,14729.25
01-04-1999,14729.73
02-04-1999,14730.2
03-04-1999,14730.68
04-04-1999,14731.15
05-04-1999,14731.63
06-04-1999,14732.1
07-04-1999,14732.58
08-04-1999,14733.05
09-04-1999,14733.53
10-04-1999,14736.47
11-04-1999,14739.41
12-04-1999,14742.35
13-04-1999,14745.29
14-04-1999,14748.23
15-04-1999,14751.17
16-04-1999,14754.11
17-04-1999,14757.05
18-04-1999,14759.99
19-04-1999,14762.94
20-04-1999,14765.88
21-04-1999,14768.83
22-04-1999,14771.77
23-04-1999,14774.72
24-04-1999,14777.66
25-04-1999,14780.61
26-04-1999,14783.56
27-04-1999,14786.51
28-04-1999,14789.46
29-04-1999,14792.41
30-04-1999,14795.36
01-05-1999,14798.31
02-05-1999,14801.26
03-05-1999,14804.21
04-05-1999,14807.16
05-05-1999,14810.11
06-05-1999,14813.07
07-05-1999,14816.02
08-05-1999,14818.98
09-05-1999,14821.93
10-05-1999,14823.84
11-05-1999,14825.75
12-05-1999,14827.66
13-05-1999,14829.57
14-05-1999,14831.48
15-05-1999,14833.39
16-05-1999,14835.3
17-05-1999,14837.21
18-05-1999,14839.12
19-05-1999,14841.03
20-05-1999,14842.94
21-05-1999,14844.85
22-05-1999,14846.76
23-05-1999,14848.68
24-05-1999,14850.59
25-05-1999,14852.5
26-05-1999,14854.41
27-05-1999,14856.33
28-05-1999,14858.24
29-05-1999,14860.15
30-05-1999,14862.07
31-05-1999,14863.98
01-06-1999,14865.89
02-06-1999,14867.81
03-06-1999,14869.72
04-06-1999,14871.64
05-06-1999,14873.55
06-06-1999,14875.47
07-06-1999,14877.39
08-06-1999,14879.3
09-06-1999,14881.22
10-06-1999,14881.72
11-06-1999,14882.21
12-06-1999,14882.71
13-06-1999,14883.2
14-06-1999,14883.7
15-06-1999,14884.2
16-06-1999,14884.69
17-06-1999,14885.19
18-06-1999,14885.68
19-06-1999,14886.18
20-06-1999,14886.67
21-06-1999,14887.17
22-06-1999,14887.67
23-06-1999,14888.16
24-06-1999,14888.66
25-06-1999,14889.15
26-06-1999,14889.65
27-06-1999,14890.15
28-06-1999,14890.64
29-06-1999,14891.14
30-06-1999,14891.64
01-07-1999,14892.13
02-07-1999,14892.63
03-07-1999,14893.12
04-07-1999,14893.62
05-07-1999,14894.12
06-07-1999,14894.61
07-07-1999,14895.11
08-07-1999,14895.6
09-07-1999,14896.1
10-07-1999,14896.58
11-07-1999,14897.06
12-07-1999,14897.54
13-07-1999,14898.02
14-07-1999,14898.5
15-07-1999,14898.98
16-07-1999,14899.46
17-07-1999,14899.94
18-07-1999,14900.42
19-07-1999,14900.9
20-07-1999,14901.38
21-07-1999,14901.86
22-07-1999,14902.34
23-07-1999,14902.83
24-07-1999,14903.31
25-07-1999,14903.79
26-07-1999,14904.27
27-07-1999,14904.75
28-07-1999,14905.23
29-07-1999,14905.71
30-07-1999,14906.19
31-07-1999,14906.67
01-08-1999,14907.15
02-08-1999,14907.63
03-08-1999,14908.11
04-08-1999,14908.59
05-08-1999,14909.07
06-08-1999,14909.55
07-08-1999,14910.03
08-08-1999,14910.52
09-08-1999,14911
10-08-1999,14911.48
11-08-1999,14911.96
12-08-1999,14912.44
13-08-1999,14912.92
14-08-1999,14913.4
15-08-1999,14913.88
16-08-1999,14914.37
17-08-1999,14914.85
18-08-1999,14915.33
19-08-1999,14915.81
20-08-1999,14916.29
21-08-1999,14916.77
22-08-1999,14917.25
23-08-1999,14917.73
24-08-1999,14918.21
25-08-1999,14918.69
26-08-1999,14919.18
27-08-1999,14919.66
28-08-1999,14920.14
29-08-1999,14920.62
30-08-1999,14921.1
31-08-1999,14921.58
01-09-1999,14922.06
02-09-1999,14922.54
03-09-1999,14923.02
04-09-1999,14923.5
05-09-1999,14923.99
06-09-1999,14924.47
07-09-1999,14924.95
08-09-1999,14925.43
09-09-1999,14925.91
10-09-1999,14926.9
11-09-1999,14927.9
12-09-1999,14928.89
13-09-1999,14929.89
14-09-1999,14930.88
15-09-1999,14931.88
16-09-1999,14932.87
17-09-1999,14933.86
18-09-1999,14934.86
19-09-1999,14935.85
20-09-1999,14936.85
21-09-1999,14937.84
22-09-1999,14938.84
23-09-1999,14939.83
24-09-1999,14940.83
25-09-1999,14941.82
26-09-1999,14942.82
27-09-1999,14943.81
28-09-1999,14944.81
29-09-1999,14945.8
30-09-1999,14946.8
01-10-1999,14947.8
02-10-1999,14948.79
03-10-1999,14949.79
04-10-1999,14950.78
05-10-1999,14951.78
06-10-1999,14952.77
07-10-1999,14953.77
08-10-1999,14954.77
09-10-1999,14955.76
10-10-1999,14956.72
11-10-1999,14957.69
12-10-1999,14958.65
13-10-1999,14959.62
14-10-1999,14960.58
15-10-1999,14961.54
16-10-1999,14962.51
17-10-1999,14963.47
18-10-1999,14964.44
19-10-1999,14965.4
20-10-1999,14966.37
21-10-1999,14967.33
22-10-1999,14968.3
23-10-1999,14969.26
24-10-1999,14970.23
25-10-1999,14971.19
26-10-1999,14972.16
27-10-1999,14973.12
28-10-1999,14974.09
29-10-1999,14975.05
30-10-1999,14976.02
31-10-1999,14976.98
01-11-1999,14977.95
02-11-1999,14978.91
03-11-1999,14979.88
04-11-1999,14980.84
05-11-1999,14981.81
06-11-1999,14982.77
07-11-1999,14983.74
08-11-1999,14984.71
09-11-1999,14985.67
10-11-1999,14987.66
11-11-1999,14989.66
12-11-1999,14991.65
13-11-1999,14993.65
14-11-1999,14995.64
15-11-1999,14997.64
16-11-1999,14999.64
17-11-1999,15001.63
18-11-1999,15003.63
19-11-1999,15005.62
20-11-1999,15007.62
21-11-1999,15009.62
22-11-1999,15011.62
23-11-1999,15013.61
24-11-1999,15015.61
25-11-1999,15017.61
26-11-1999,15019.61
27-11-1999,15021.61
28-11-1999,15023.61
29-11-1999,15025.61
30-11-1999,15027.6
01-12-1999,15029.6
02-12-1999,15031.6
03-12-1999,15033.6
04-12-1999,15035.61
05-12-1999,15037.61
06-12-1999,15039.61
07-12-1999,15041.61
08-12-1999,15043.61
09-12-1999,15045.61
10-12-1999,15046.58
11-12-1999,15047.55
12-12-1999,15048.52
13-12-1999,15049.49
14-12-1999,15050.46
15-12-1999,15051.43
16-12-1999,15052.4
17-12-1999,15053.37
18-12-1999,15054.34
19-12-1999,15055.31
20-12-1999,15056.28
21-12-1999,15057.25
22-12-1999,15058.22
23-12-1999,15059.19
24-12-1999,15060.16
25-12-1999,15061.13
26-12-1999,15062.1
27-12-1999,15063.08
28-12-1999,15064.05
29-12-1999,15065.02
30-12-1999,15065.99
31-12-1999,15066.96
01-01-2000,15067.93
02-01-2000,15068.9
03-01-2000,15069.87
04-01-2000,15070.84
05-01-2000,15071.82
06-01-2000,15072.79
07-01-2000,15073.76
08-01-2000,15074.73
09-01-2000,15075.7
10-01-2000,15077.16
11-01-2000,15078.61
12-01-2000,15080.07
13-01-2000,15081.53
14-01-2000,15082.99
15-01-2000,15084.44
16-01-2000,15085.9
17-01-2000,15087.36
18-01-2000,15088.82
19-01-2000,15090.27
20-01-2000,15091.73
21-01-2000,15093.19
22-01-2000,15094.65
23-01-2000,15096.11
24-01-2000,15097.57
25-01-2000,15099.03
26-01-2000,15100.49
27-01-2000,15101.94
28-01-2000,15103.4
29-01-2000,15104.86
30-01-2000,15106.32
31-01-2000,15107.78
01-02-2000,15109.24
02-02-2000,15110.7
03-02-2000,15112.16
04-02-2000,15113.62
05-02-2000,15115.08
06-02-2000,15116.54
07-02-2000,15118.01
08-02-2000,15119.47
09-02-2000,15120.93
10-02-2000,15121.97
11-02-2000,15123.01
12-02-2000,15124.06
13-02-2000,15125.1
14-02-2000,15126.14
15-02-2000,15127.18
16-02-2000,15128.22
17-02-2000,15129.27
18-02-2000,15130.31
19-02-2000,15131.35
20-02-2000,15132.39
21-02-2000,15133.44
22-02-2000,15134.48
23-02-2000,15135.52
24-02-2000,15136.56
25-02-2000,15137.61
26-02-2000,15138.65
27-02-2000,15139.69
28-02-2000,15140.74
29-02-2000,15141.78
01-03-2000,15142.82
02-03-2000,15143.87
03-03-2000,15144.91
04-03-2000,15145.95
05-03-2000,15147
06-03-2000,15148.04
07-03-2000,15149.08
08-03-2000,15150.13
09-03-2000,15151.17
10-03-2000,15154.09
11-03-2000,15157.02
12-03-2000,15159.94
13-03-2000,15162.87
14-03-2000,15165.8
15-03-2000,15168.72
16-03-2000,15171.65
17-03-2000,15174.58
18-03-2000,15177.51
19-03-2000,15180.44
20-03-2000,15183.37
21-03-2000,15186.3
22-03-2000,15189.23
23-03-2000,15192.16
24-03-2000,15195.09
25-03-2000,15198.02
26-03-2000,15200.95
27-03-2000,15203.89
28-03-2000,15206.82
29-03-2000,15209.76
30-03-2000,15212.69
31-03-2000,15215.63
01-04-2000,15218.57
02-04-2000,15221.5
03-04-2000,15224.44
04-04-2000,15227.38
05-04-2000,15230.32
06-04-2000,15233.26
07-04-2000,15236.2
08-04-2000,15239.14
09-04-2000,15242.08
10-04-2000,15245.62
11-04-2000,15249.17
12-04-2000,15252.72
13-04-2000,15256.26
14-04-2000,15259.81
15-04-2000,15263.36
16-04-2000,15266.91
17-04-2000,15270.46
18-04-2000,15274.01
19-04-2000,15277.56
20-04-2000,15281.11
21-04-2000,15284.67
22-04-2000,15288.22
23-04-2000,15291.78
24-04-2000,15295.33
25-04-2000,15298.89
26-04-2000,15302.45
27-04-2000,15306.01
28-04-2000,15309.57
29-04-2000,15313.13
30-04-2000,15316.69
01-05-2000,15320.25
02-05-2000,15323.81
03-05-2000,15327.38
04-05-2000,15330.94
05-05-2000,15334.51
06-05-2000,15338.07
07-05-2000,15341.64
08-05-2000,15345.21
09-05-2000,15348.77
10-05-2000,15351.24
11-05-2000,15353.71
12-05-2000,15356.18
13-05-2000,15358.65
14-05-2000,15361.12
15-05-2000,15363.59
16-05-2000,15366.07
17-05-2000,15368.54
18-05-2000,15371.01
19-05-2000,15373.48
20-05-2000,15375.96
21-05-2000,15378.43
22-05-2000,15380.91
23-05-2000,15383.38
24-05-2000,15385.86
25-05-2000,15388.33
26-05-2000,15390.81
27-05-2000,15393.28
28-05-2000,15395.76
29-05-2000,15398.24
30-05-2000,15400.72
31-05-2000,15403.19
01-06-2000,15405.67
02-06-2000,15408.15
03-06-2000,15410.63
04-06-2000,15413.11
05-06-2000,15415.59
06-06-2000,15418.07
07-06-2000,15420.55
08-06-2000,15423.03
09-06-2000,15425.51
10-06-2000,15426.54
11-06-2000,15427.56
12-06-2000,15428.59
13-06-2000,15429.62
14-06-2000,15430.65
15-06-2000,15431.68
16-06-2000,15432.7
17-06-2000,15433.73
18-06-2000,15434.76
19-06-2000,15435.79
20-06-2000,15436.81
21-06-2000,15437.84
22-06-2000,15438.87
23-06-2000,15439.9
24-06-2000,15440.93
25-06-2000,15441.96
26-06-2000,15442.98
27-06-2000,15444.01
28-06-2000,15445.04
29-06-2000,15446.07
30-06-2000,15447.1
01-07-2000,15448.13
02-07-2000,15449.16
03-07-2000,15450.19
04-07-2000,15451.21
05-07-2000,15452.24
06-07-2000,15453.27
07-07-2000,15454.3
08-07-2000,15455.33
09-07-2000,15456.36
10-07-2000,15457.36
11-07-2000,15458.35
12-07-2000,15459.35
13-07-2000,15460.35
14-07-2000,15461.34
15-07-2000,15462.34
16-07-2000,15463.33
17-07-2000,15464.33
18-07-2000,15465.33
19-07-2000,15466.33
20-07-2000,15467.32
21-07-2000,15468.32
22-07-2000,15469.32
23-07-2000,15470.31
24-07-2000,15471.31
25-07-2000,15472.31
26-07-2000,15473.3
27-07-2000,15474.3
28-07-2000,15475.3
29-07-2000,15476.3
30-07-2000,15477.29
31-07-2000,15478.29
01-08-2000,15479.29
02-08-2000,15480.29
03-08-2000,15481.28
04-08-2000,15482.28
05-08-2000,15483.28
06-08-2000,15484.28
07-08-2000,15485.28
08-08-2000,15486.27
09-08-2000,15487.27
10-08-2000,15487.77
11-08-2000,15488.27
12-08-2000,15488.77
13-08-2000,15489.27
14-08-2000,15489.77
15-08-2000,15490.27
16-08-2000,15490.77
17-08-2000,15491.27
18-08-2000,15491.76
19-08-2000,15492.26
20-08-2000,15492.76
21-08-2000,15493.26
22-08-2000,15493.76
23-08-2000,15494.26
24-08-2000,15494.76
25-08-2000,15495.26
26-08-2000,15495.76
27-08-2000,15496.26
28-08-2000,15496.76
29-08-2000,15497.26
30-08-2000,15497.76
31-08-2000,15498.26
01-09-2000,15498.76
02-09-2000,15499.26
03-09-2000,15499.76
04-09-2000,15500.26
05-09-2000,15500.76
06-09-2000,15501.26
07-09-2000,15501.76
08-09-2000,15502.26
09-09-2000,15502.76
10-09-2000,15504.31
11-09-2000,15505.86
12-09-2000,15507.4
13-09-2000,15508.95
14-09-2000,15510.5
15-09-2000,15512.05
16-09-2000,15513.6
17-09-2000,15515.15
18-09-2000,15516.7
19-09-2000,15518.25
20-09-2000,15519.8
21-09-2000,15521.35
22-09-2000,15522.9
23-09-2000,15524.45
24-09-2000,15526
25-09-2000,15527.55
26-09-2000,15529.1
27-09-2000,15530.65
28-09-2000,15532.2
29-09-2000,15533.75
30-09-2000,15535.3
01-10-2000,15536.85
02-10-2000,15538.4
03-10-2000,15539.96
04-10-2000,15541.51
05-10-2000,15543.06
06-10-2000,15544.61
07-10-2000,15546.16
08-10-2000,15547.72
09-10-2000,15549.27
10-10-2000,15552.27
11-10-2000,15555.27
12-10-2000,15558.27
13-10-2000,15561.28
14-10-2000,15564.28
15-10-2000,15567.28
16-10-2000,15570.29
17-10-2000,15573.29
18-10-2000,15576.3
19-10-2000,15579.3
20-10-2000,15582.31
21-10-2000,15585.32
22-10-2000,15588.33
23-10-2000,15591.33
24-10-2000,15594.34
25-10-2000,15597.35
26-10-2000,15600.36
27-10-2000,15603.37
28-10-2000,15606.38
29-10-2000,15609.4
30-10-2000,15612.41
31-10-2000,15615.42
01-11-2000,15618.44
02-11-2000,15621.45
03-11-2000,15624.46
04-11-2000,15627.48
05-11-2000,15630.5
06-11-2000,15633.51
07-11-2000,15636.53
08-11-2000,15639.55
09-11-2000,15642.57
10-11-2000,15645.69
11-11-2000,15648.81
12-11-2000,15651.93
13-11-2000,15655.05
14-11-2000,15658.17
15-11-2000,15661.3
16-11-2000,15664.42
17-11-2000,15667.54
18-11-2000,15670.67
19-11-2000,15673.79
20-11-2000,15676.92
21-11-2000,15680.04
22-11-2000,15683.17
23-11-2000,15686.3
24-11-2000,15689.43
25-11-2000,15692.56
26-11-2000,15695.69
27-11-2000,15698.82
28-11-2000,15701.95
29-11-2000,15705.08
30-11-2000,15708.21
01-12-2000,15711.34
02-12-2000,15714.48
03-12-2000,15717.61
04-12-2000,15720.74
05-12-2000,15723.88
06-12-2000,15727.01
07-12-2000,15730.15
08-12-2000,15733.29
09-12-2000,15736.43
10-12-2000,15737.95
11-12-2000,15739.47
12-12-2000,15740.99
13-12-2000,15742.51
14-12-2000,15744.03
15-12-2000,15745.56
16-12-2000,15747.08
17-12-2000,15748.6
18-12-2000,15750.12
19-12-2000,15751.64
20-12-2000,15753.17
21-12-2000,15754.69
22-12-2000,15756.21
23-12-2000,15757.73
24-12-2000,15759.26
25-12-2000,15760.78
26-12-2000,15762.3
27-12-2000,15763.82
28-12-2000,15765.35
29-12-2000,15766.87
30-12-2000,15768.4
31-12-2000,15769.92
01-01-2001,15771.44
02-01-2001,15772.97
03-01-2001,15774.49
04-01-2001,15776.02
05-01-2001,15777.54
06-01-2001,15779.06
07-01-2001,15780.59
08-01-2001,15782.11
09-01-2001,15783.64
10-01-2001,15784.15
11-01-2001,15784.66
12-01-2001,15785.17
13-01-2001,15785.68
14-01-2001,15786.18
15-01-2001,15786.69
16-01-2001,15787.2
17-01-2001,15787.71
18-01-2001,15788.22
19-01-2001,15788.73
20-01-2001,15789.24
21-01-2001,15789.75
22-01-2001,15790.26
23-01-2001,15790.77
24-01-2001,15791.28
25-01-2001,15791.78
26-01-2001,15792.29
27-01-2001,15792.8
28-01-2001,15793.31
29-01-2001,15793.82
30-01-2001,15794.33
31-01-2001,15794.84
01-02-2001,15795.35
02-02-2001,15795.86
03-02-2001,15796.37
04-02-2001,15796.88
05-02-2001,15797.39
06-02-2001,15797.9
07-02-2001,15798.4
08-02-2001,15798.91
09-02-2001,15799.42
10-02-2001,15801.11
11-02-2001,15802.8
12-02-2001,15804.49
13-02-2001,15806.18
14-02-2001,15807.87
15-02-2001,15809.56
16-02-2001,15811.26
17-02-2001,15812.95
18-02-2001,15814.64
19-02-2001,15816.33
20-02-2001,15818.02
21-02-2001,15819.72
22-02-2001,15821.41
23-02-2001,15823.1
24-02-2001,15824.79
25-02-2001,15826.49
26-02-2001,15828.18
27-02-2001,15829.87
28-02-2001,15831.57
01-03-2001,15833.26
02-03-2001,15834.96
03-03-2001,15836.65
04-03-2001,15838.34
05-03-2001,15840.04
06-03-2001,15841.73
07-03-2001,15843.43
08-03-2001,15845.12
09-03-2001,15846.82
10-03-2001,15845.28
11-03-2001,15843.75
12-03-2001,15842.21
13-03-2001,15840.68
14-03-2001,15839.14
15-03-2001,15837.61
16-03-2001,15836.07
17-03-2001,15834.54
18-03-2001,15833
19-03-2001,15831.47
20-03-2001,15829.93
21-03-2001,15828.4
22-03-2001,15826.87
23-03-2001,15825.33
24-03-2001,15823.8
25-03-2001,15822.27
26-03-2001,15820.73
27-03-2001,15819.2
28-03-2001,15817.67
29-03-2001,15816.13
30-03-2001,15814.6
31-03-2001,15813.07
01-04-2001,15811.53
02-04-2001,15810
03-04-2001,15808.47
04-04-2001,15806.94
05-04-2001,15805.41
06-04-2001,15803.87
07-04-2001,15802.34
08-04-2001,15800.81
09-04-2001,15799.28
10-04-2001,15801.91
11-04-2001,15804.53
12-04-2001,15807.16
13-04-2001,15809.79
14-04-2001,15812.42
15-04-2001,15815.05
16-04-2001,15817.68
17-04-2001,15820.31
18-04-2001,15822.94
19-04-2001,15825.57
20-04-2001,15828.2
21-04-2001,15830.83
22-04-2001,15833.46
23-04-2001,15836.1
24-04-2001,15838.73
25-04-2001,15841.36
26-04-2001,15844
27-04-2001,15846.63
28-04-2001,15849.27
29-04-2001,15851.9
30-04-2001,15854.54
01-05-2001,15857.17
02-05-2001,15859.81
03-05-2001,15862.45
04-05-2001,15865.08
05-05-2001,15867.72
06-05-2001,15870.36
07-05-2001,15873
08-05-2001,15875.64
09-05-2001,15878.28
10-05-2001,15880.83
11-05-2001,15883.39
12-05-2001,15885.95
13-05-2001,15888.5
14-05-2001,15891.06
15-05-2001,15893.62
16-05-2001,15896.17
17-05-2001,15898.73
18-05-2001,15901.29
19-05-2001,15903.85
20-05-2001,15906.41
21-05-2001,15908.97
22-05-2001,15911.52
23-05-2001,15914.09
24-05-2001,15916.65
25-05-2001,15919.21
26-05-2001,15921.77
27-05-2001,15924.33
28-05-2001,15926.89
29-05-2001,15929.45
30-05-2001,15932.02
31-05-2001,15934.58
01-06-2001,15937.15
02-06-2001,15939.71
03-06-2001,15942.27
04-06-2001,15944.84
05-06-2001,15947.41
06-06-2001,15949.97
07-06-2001,15952.54
08-06-2001,15955.1
09-06-2001,15957.67
10-06-2001,15959.79
11-06-2001,15961.92
12-06-2001,15964.04
13-06-2001,15966.17
14-06-2001,15968.29
15-06-2001,15970.42
16-06-2001,15972.54
17-06-2001,15974.67
18-06-2001,15976.79
19-06-2001,15978.92
20-06-2001,15981.05
21-06-2001,15983.17
22-06-2001,15985.3
23-06-2001,15987.43
24-06-2001,15989.55
25-06-2001,15991.68
26-06-2001,15993.81
27-06-2001,15995.94
28-06-2001,15998.07
29-06-2001,16000.2
30-06-2001,16002.32
01-07-2001,16004.45
02-07-2001,16006.58
03-07-2001,16008.71
04-07-2001,16010.84
05-07-2001,16012.98
06-07-2001,16015.11
07-07-2001,16017.24
08-07-2001,16019.37
09-07-2001,16021.5
10-07-2001,16022.02
11-07-2001,16022.53
12-07-2001,16023.05
13-07-2001,16023.57
14-07-2001,16024.08
15-07-2001,16024.6
16-07-2001,16025.12
17-07-2001,16025.63
18-07-2001,16026.15
19-07-2001,16026.67
20-07-2001,16027.18
21-07-2001,16027.7
22-07-2001,16028.22
23-07-2001,16028.73
24-07-2001,16029.25
25-07-2001,16029.77
26-07-2001,16030.28
27-07-2001,16030.8
28-07-2001,16031.32
29-07-2001,16031.83
30-07-2001,16032.35
31-07-2001,16032.87
01-08-2001,16033.39
02-08-2001,16033.9
03-08-2001,16034.42
04-08-2001,16034.94
05-08-2001,16035.45
06-08-2001,16035.97
07-08-2001,16036.49
08-08-2001,16037
09-08-2001,16037.52
10-08-2001,16036.48
11-08-2001,16035.45
12-08-2001,16034.41
13-08-2001,16033.38
14-08-2001,16032.34
15-08-2001,16031.31
16-08-2001,16030.27
17-08-2001,16029.24
18-08-2001,16028.2
19-08-2001,16027.17
20-08-2001,16026.13
21-08-2001,16025.1
22-08-2001,16024.06
23-08-2001,16023.03
24-08-2001,16021.99
25-08-2001,16020.96
26-08-2001,16019.92
27-08-2001,16018.89
28-08-2001,16017.85
29-08-2001,16016.82
30-08-2001,16015.78
31-08-2001,16014.75
01-09-2001,16013.72
02-09-2001,16012.68
03-09-2001,16011.65
04-09-2001,16010.61
05-09-2001,16009.58
06-09-2001,16008.55
07-09-2001,16007.51
08-09-2001,16006.48
09-09-2001,16005.44
10-09-2001,16009.69
11-09-2001,16013.94
12-09-2001,16018.2
13-09-2001,16022.45
14-09-2001,16026.71
15-09-2001,16030.97
16-09-2001,16035.23
17-09-2001,16039.49
18-09-2001,16043.75
19-09-2001,16048.01
20-09-2001,16052.27
21-09-2001,16056.54
22-09-2001,16060.8
23-09-2001,16065.07
24-09-2001,16069.33
25-09-2001,16073.6
26-09-2001,16077.87
27-09-2001,16082.14
28-09-2001,16086.42
29-09-2001,16090.69
30-09-2001,16094.96
01-10-2001,16099.24
02-10-2001,16103.52
03-10-2001,16107.79
04-10-2001,16112.07
05-10-2001,16116.35
06-10-2001,16120.63
07-10-2001,16124.92
08-10-2001,16129.2
09-10-2001,16133.48
10-10-2001,16137.11
11-10-2001,16140.74
12-10-2001,16144.37
13-10-2001,16148.01
14-10-2001,16151.64
15-10-2001,16155.28
16-10-2001,16158.91
17-10-2001,16162.55
18-10-2001,16166.19
19-10-2001,16169.82
20-10-2001,16173.46
21-10-2001,16177.1
22-10-2001,16180.74
23-10-2001,16184.39
24-10-2001,16188.03
25-10-2001,16191.67
26-10-2001,16195.31
27-10-2001,16198.96
28-10-2001,16202.6
29-10-2001,16206.25
30-10-2001,16209.9
31-10-2001,16213.55
01-11-2001,16217.19
02-11-2001,16220.84
03-11-2001,16224.49
04-11-2001,16228.15
05-11-2001,16231.8
06-11-2001,16235.45
07-11-2001,16239.1
08-11-2001,16242.76
09-11-2001,16246.41
10-11-2001,16246.95
11-11-2001,16247.49
12-11-2001,16248.03
13-11-2001,16248.58
14-11-2001,16249.12
15-11-2001,16249.66
16-11-2001,16250.2
17-11-2001,16250.74
18-11-2001,16251.28
19-11-2001,16251.82
20-11-2001,16252.37
21-11-2001,16252.91
22-11-2001,16253.45
23-11-2001,16253.99
24-11-2001,16254.53
25-11-2001,16255.07
26-11-2001,16255.61
27-11-2001,16256.16
28-11-2001,16256.7
29-11-2001,16257.24
30-11-2001,16257.78
01-12-2001,16258.32
02-12-2001,16258.86
03-12-2001,16259.41
04-12-2001,16259.95
05-12-2001,16260.49
06-12-2001,16261.03
07-12-2001,16261.57
08-12-2001,16262.11
09-12-2001,16262.66
10-12-2001,16262.66
11-12-2001,16262.66
12-12-2001,16262.66
13-12-2001,16262.66
14-12-2001,16262.66
15-12-2001,16262.66
16-12-2001,16262.66
17-12-2001,16262.66
18-12-2001,16262.66
19-12-2001,16262.66
20-12-2001,16262.66
21-12-2001,16262.66
22-12-2001,16262.66
23-12-2001,16262.66
24-12-2001,16262.66
25-12-2001,16262.66
26-12-2001,16262.66
27-12-2001,16262.66
28-12-2001,16262.66
29-12-2001,16262.66
30-12-2001,16262.66
31-12-2001,16262.66
01-01-2002,16262.66
02-01-2002,16262.66
03-01-2002,16262.66
04-01-2002,16262.66
05-01-2002,16262.66
06-01-2002,16262.66
07-01-2002,16262.66
08-01-2002,16262.66
09-01-2002,16262.66
10-01-2002,16261.08
11-01-2002,16259.51
12-01-2002,16257.93
13-01-2002,16256.36
14-01-2002,16254.78
15-01-2002,16253.21
16-01-2002,16251.63
17-01-2002,16250.06
18-01-2002,16248.48
19-01-2002,16246.91
20-01-2002,16245.33
21-01-2002,16243.76
22-01-2002,16242.18
23-01-2002,16240.61
24-01-2002,16239.03
25-01-2002,16237.46
26-01-2002,16235.89
27-01-2002,16234.31
28-01-2002,16232.74
29-01-2002,16231.17
30-01-2002,16229.59
31-01-2002,16228.02
01-02-2002,16226.45
02-02-2002,16224.88
03-02-2002,16223.3
04-02-2002,16221.73
05-02-2002,16220.16
06-02-2002,16218.59
07-02-2002,16217.02
08-02-2002,16215.44
09-02-2002,16213.87
10-02-2002,16213.29
11-02-2002,16212.71
12-02-2002,16212.13
13-02-2002,16211.55
14-02-2002,16210.97
15-02-2002,16210.39
16-02-2002,16209.82
17-02-2002,16209.24
18-02-2002,16208.66
19-02-2002,16208.08
20-02-2002,16207.5
21-02-2002,16206.92
22-02-2002,16206.34
23-02-2002,16205.76
24-02-2002,16205.18
25-02-2002,16204.6
26-02-2002,16204.02
27-02-2002,16203.44
28-02-2002,16202.87
01-03-2002,16202.29
02-03-2002,16201.71
03-03-2002,16201.13
04-03-2002,16200.55
05-03-2002,16199.97
06-03-2002,16199.39
07-03-2002,16198.81
08-03-2002,16198.23
09-03-2002,16197.66
10-03-2002,16197.66
11-03-2002,16197.66
12-03-2002,16197.66
13-03-2002,16197.66
14-03-2002,16197.66
15-03-2002,16197.66
16-03-2002,16197.66
17-03-2002,16197.66
18-03-2002,16197.66
19-03-2002,16197.66
20-03-2002,16197.66
21-03-2002,16197.66
22-03-2002,16197.66
23-03-2002,16197.66
24-03-2002,16197.66
25-03-2002,16197.66
26-03-2002,16197.66
27-03-2002,16197.66
28-03-2002,16197.66
29-03-2002,16197.66
30-03-2002,16197.66
31-03-2002,16197.66
01-04-2002,16197.66
02-04-2002,16197.66
03-04-2002,16197.66
04-04-2002,16197.66
05-04-2002,16197.66
06-04-2002,16197.66
07-04-2002,16197.66
08-04-2002,16197.66
09-04-2002,16197.66
10-04-2002,16200.35
11-04-2002,16203.05
12-04-2002,16205.74
13-04-2002,16208.44
14-04-2002,16211.13
15-04-2002,16213.83
16-04-2002,16216.52
17-04-2002,16219.22
18-04-2002,16221.91
19-04-2002,16224.61
20-04-2002,16227.31
21-04-2002,16230.01
22-04-2002,16232.71
23-04-2002,16235.4
24-04-2002,16238.1
25-04-2002,16240.8
26-04-2002,16243.5
27-04-2002,16246.2
28-04-2002,16248.91
29-04-2002,16251.61
30-04-2002,16254.31
01-05-2002,16257.01
02-05-2002,16259.71
03-05-2002,16262.42
04-05-2002,16265.12
05-05-2002,16267.83
06-05-2002,16270.53
07-05-2002,16273.24
08-05-2002,16275.94
09-05-2002,16278.65
10-05-2002,16280.75
11-05-2002,16282.84
12-05-2002,16284.94
13-05-2002,16287.04
14-05-2002,16289.13
15-05-2002,16291.23
16-05-2002,16293.33
17-05-2002,16295.43
18-05-2002,16297.53
19-05-2002,16299.63
20-05-2002,16301.73
21-05-2002,16303.82
22-05-2002,16305.92
23-05-2002,16308.02
24-05-2002,16310.12
25-05-2002,16312.23
26-05-2002,16314.33
27-05-2002,16316.43
28-05-2002,16318.53
29-05-2002,16320.63
30-05-2002,16322.73
31-05-2002,16324.83
01-06-2002,16326.94
02-06-2002,16329.04
03-06-2002,16331.14
04-06-2002,16333.24
05-06-2002,16335.35
06-06-2002,16337.45
07-06-2002,16339.56
08-06-2002,16341.66
09-06-2002,16343.76
10-06-2002,16344.3
11-06-2002,16344.85
12-06-2002,16345.39
13-06-2002,16345.94
14-06-2002,16346.48
15-06-2002,16347.03
16-06-2002,16347.57
17-06-2002,16348.12
18-06-2002,16348.66
19-06-2002,16349.21
20-06-2002,16349.75
21-06-2002,16350.3
22-06-2002,16350.84
23-06-2002,16351.39
24-06-2002,16351.93
25-06-2002,16352.47
26-06-2002,16353.02
27-06-2002,16353.56
28-06-2002,16354.11
29-06-2002,16354.65
30-06-2002,16355.2
01-07-2002,16355.74
02-07-2002,16356.29
03-07-2002,16356.83
04-07-2002,16357.38
05-07-2002,16357.92
06-07-2002,16358.47
07-07-2002,16359.01
08-07-2002,16359.56
09-07-2002,16360.1
10-07-2002,16359.57
11-07-2002,16359.04
12-07-2002,16358.52
13-07-2002,16357.99
14-07-2002,16357.46
15-07-2002,16356.93
16-07-2002,16356.4
17-07-2002,16355.88
18-07-2002,16355.35
19-07-2002,16354.82
20-07-2002,16354.29
21-07-2002,16353.77
22-07-2002,16353.24
23-07-2002,16352.71
24-07-2002,16352.18
25-07-2002,16351.65
26-07-2002,16351.13
27-07-2002,16350.6
28-07-2002,16350.07
29-07-2002,16349.54
30-07-2002,16349.02
31-07-2002,16348.49
01-08-2002,16347.96
02-08-2002,16347.43
03-08-2002,16346.91
04-08-2002,16346.38
05-08-2002,16345.85
06-08-2002,16345.32
07-08-2002,16344.79
08-08-2002,16344.27
09-08-2002,16343.74
10-08-2002,16345.84
11-08-2002,16347.95
12-08-2002,16350.06
13-08-2002,16352.16
14-08-2002,16354.27
15-08-2002,16356.37
16-08-2002,16358.48
17-08-2002,16360.59
18-08-2002,16362.69
19-08-2002,16364.8
20-08-2002,16366.91
21-08-2002,16369.02
22-08-2002,16371.12
23-08-2002,16373.23
24-08-2002,16375.34
25-08-2002,16377.45
26-08-2002,16379.56
27-08-2002,16381.67
28-08-2002,16383.78
29-08-2002,16385.89
30-08-2002,16388
31-08-2002,16390.11
01-09-2002,16392.22
02-09-2002,16394.33
03-09-2002,16396.44
04-09-2002,16398.55
05-09-2002,16400.66
06-09-2002,16402.78
07-09-2002,16404.89
08-09-2002,16407
09-09-2002,16409.11
10-09-2002,16411.29
11-09-2002,16413.48
12-09-2002,16415.66
13-09-2002,16417.85
14-09-2002,16420.03
15-09-2002,16422.22
16-09-2002,16424.4
17-09-2002,16426.59
18-09-2002,16428.77
19-09-2002,16430.96
20-09-2002,16433.15
21-09-2002,16435.33
22-09-2002,16437.52
23-09-2002,16439.71
24-09-2002,16441.9
25-09-2002,16444.08
26-09-2002,16446.27
27-09-2002,16448.46
28-09-2002,16450.65
29-09-2002,16452.84
30-09-2002,16455.03
01-10-2002,16457.22
02-10-2002,16459.41
03-10-2002,16461.6
04-10-2002,16463.79
05-10-2002,16465.98
06-10-2002,16468.17
07-10-2002,16470.36
08-10-2002,16472.55
09-10-2002,16474.75
10-10-2002,16478.99
11-10-2002,16483.22
12-10-2002,16487.46
13-10-2002,16491.7
14-10-2002,16495.94
15-10-2002,16500.18
16-10-2002,16504.42
17-10-2002,16508.66
18-10-2002,16512.91
19-10-2002,16517.15
20-10-2002,16521.4
21-10-2002,16525.64
22-10-2002,16529.89
23-10-2002,16534.14
24-10-2002,16538.39
25-10-2002,16542.64
26-10-2002,16546.9
27-10-2002,16551.15
28-10-2002,16555.4
29-10-2002,16559.66
30-10-2002,16563.92
31-10-2002,16568.18
01-11-2002,16572.44
02-11-2002,16576.7
03-11-2002,16580.96
04-11-2002,16585.22
05-11-2002,16589.48
06-11-2002,16593.75
07-11-2002,16598.01
08-11-2002,16602.28
09-11-2002,16606.55
10-11-2002,16611.51
11-11-2002,16616.47
12-11-2002,16621.44
13-11-2002,16626.4
14-11-2002,16631.37
15-11-2002,16636.33
16-11-2002,16641.3
17-11-2002,16646.27
18-11-2002,16651.25
19-11-2002,16656.22
20-11-2002,16661.2
21-11-2002,16666.17
22-11-2002,16671.15
23-11-2002,16676.13
24-11-2002,16681.11
25-11-2002,16686.09
26-11-2002,16691.08
27-11-2002,16696.06
28-11-2002,16701.05
29-11-2002,16706.04
30-11-2002,16711.03
01-12-2002,16716.02
02-12-2002,16721.02
03-12-2002,16726.01
04-12-2002,16731.01
05-12-2002,16736
06-12-2002,16741
07-12-2002,16746
08-12-2002,16751.01
09-12-2002,16756.01
10-12-2002,16755.47
11-12-2002,16754.93
12-12-2002,16754.39
13-12-2002,16753.85
14-12-2002,16753.31
15-12-2002,16752.77
16-12-2002,16752.22
17-12-2002,16751.68
18-12-2002,16751.14
19-12-2002,16750.6
20-12-2002,16750.06
21-12-2002,16749.52
22-12-2002,16748.98
23-12-2002,16748.44
24-12-2002,16747.9
25-12-2002,16747.36
26-12-2002,16746.82
27-12-2002,16746.28
28-12-2002,16745.74
29-12-2002,16745.2
30-12-2002,16744.66
31-12-2002,16744.12
01-01-2003,16743.58
02-01-2003,16743.04
03-01-2003,16742.5
04-01-2003,16741.96
05-01-2003,16741.42
06-01-2003,16740.87
07-01-2003,16740.33
08-01-2003,16739.79
09-01-2003,16739.25
10-01-2003,16737.09
11-01-2003,16734.92
12-01-2003,16732.76
13-01-2003,16730.6
14-01-2003,16728.43
15-01-2003,16726.27
16-01-2003,16724.11
17-01-2003,16721.95
18-01-2003,16719.78
19-01-2003,16717.62
20-01-2003,16715.46
21-01-2003,16713.3
22-01-2003,16711.14
23-01-2003,16708.98
24-01-2003,16706.82
25-01-2003,16704.66
26-01-2003,16702.5
27-01-2003,16700.34
28-01-2003,16698.18
29-01-2003,16696.02
30-01-2003,16693.86
31-01-2003,16691.7
01-02-2003,16689.55
02-02-2003,16687.39
03-02-2003,16685.23
04-02-2003,16683.07
05-02-2003,16680.92
06-02-2003,16678.76
07-02-2003,16676.6
08-02-2003,16674.45
09-02-2003,16672.29
10-02-2003,16672.89
11-02-2003,16673.48
12-02-2003,16674.08
13-02-2003,16674.67
14-02-2003,16675.27
15-02-2003,16675.86
16-02-2003,16676.46
17-02-2003,16677.05
18-02-2003,16677.65
19-02-2003,16678.24
20-02-2003,16678.84
21-02-2003,16679.43
22-02-2003,16680.03
23-02-2003,16680.62
24-02-2003,16681.22
25-02-2003,16681.81
26-02-2003,16682.41
27-02-2003,16683.01
28-02-2003,16683.6
01-03-2003,16684.2
02-03-2003,16684.79
03-03-2003,16685.39
04-03-2003,16685.98
05-03-2003,16686.58
06-03-2003,16687.18
07-03-2003,16687.77
08-03-2003,16688.37
09-03-2003,16688.96
10-03-2003,16693.25
11-03-2003,16697.54
12-03-2003,16701.83
13-03-2003,16706.13
14-03-2003,16710.42
15-03-2003,16714.72
16-03-2003,16719.01
17-03-2003,16723.31
18-03-2003,16727.61
19-03-2003,16731.91
20-03-2003,16736.21
21-03-2003,16740.52
22-03-2003,16744.82
23-03-2003,16749.12
24-03-2003,16753.43
25-03-2003,16757.74
26-03-2003,16762.04
27-03-2003,16766.35
28-03-2003,16770.66
29-03-2003,16774.97
30-03-2003,16779.29
31-03-2003,16783.6
01-04-2003,16787.92
02-04-2003,16792.23
03-04-2003,16796.55
04-04-2003,16800.87
05-04-2003,16805.18
06-04-2003,16809.5
07-04-2003,16813.83
08-04-2003,16818.15
09-04-2003,16822.47
10-04-2003,16829.16
11-04-2003,16835.85
12-04-2003,16842.55
13-04-2003,16849.25
14-04-2003,16855.95
15-04-2003,16862.65
16-04-2003,16869.36
17-04-2003,16876.07
18-04-2003,16882.78
19-04-2003,16889.49
20-04-2003,16896.21
21-04-2003,16902.93
22-04-2003,16909.65
23-04-2003,16916.38
24-04-2003,16923.1
25-04-2003,16929.83
26-04-2003,16936.57
27-04-2003,16943.3
28-04-2003,16950.04
29-04-2003,16956.78
30-04-2003,16963.53
01-05-2003,16970.27
02-05-2003,16977.02
03-05-2003,16983.77
04-05-2003,16990.53
05-05-2003,16997.28
06-05-2003,17004.04
07-05-2003,17010.81
08-05-2003,17017.57
09-05-2003,17024.34
10-05-2003,17023.79
11-05-2003,17023.24
12-05-2003,17022.69
13-05-2003,17022.14
14-05-2003,17021.59
15-05-2003,17021.04
16-05-2003,17020.49
17-05-2003,17019.94
18-05-2003,17019.4
19-05-2003,17018.85
20-05-2003,17018.3
21-05-2003,17017.75
22-05-2003,17017.2
23-05-2003,17016.65
24-05-2003,17016.1
25-05-2003,17015.55
26-05-2003,17015
27-05-2003,17014.45
28-05-2003,17013.9
29-05-2003,17013.35
30-05-2003,17012.81
31-05-2003,17012.26
01-06-2003,17011.71
02-06-2003,17011.16
03-06-2003,17010.61
04-06-2003,17010.06
05-06-2003,17009.51
06-06-2003,17008.96
07-06-2003,17008.41
08-06-2003,17007.86
09-06-2003,17007.32
10-06-2003,17005.05
11-06-2003,17002.78
12-06-2003,17000.5
13-06-2003,16998.23
14-06-2003,16995.96
15-06-2003,16993.69
16-06-2003,16991.42
17-06-2003,16989.15
18-06-2003,16986.88
19-06-2003,16984.61
20-06-2003,16982.34
21-06-2003,16980.08
22-06-2003,16977.81
23-06-2003,16975.54
24-06-2003,16973.27
25-06-2003,16971
26-06-2003,16968.74
27-06-2003,16966.47
28-06-2003,16964.2
29-06-2003,16961.94
30-06-2003,16959.67
01-07-2003,16957.41
02-07-2003,16955.14
03-07-2003,16952.87
04-07-2003,16950.61
05-07-2003,16948.35
06-07-2003,16946.08
07-07-2003,16943.82
08-07-2003,16941.55
09-07-2003,16939.29
10-07-2003,16939.29
11-07-2003,16939.29
12-07-2003,16939.29
13-07-2003,16939.29
14-07-2003,16939.29
15-07-2003,16939.29
16-07-2003,16939.29
17-07-2003,16939.29
18-07-2003,16939.29
19-07-2003,16939.29
20-07-2003,16939.29
21-07-2003,16939.29
22-07-2003,16939.29
23-07-2003,16939.29
24-07-2003,16939.29
25-07-2003,16939.29
26-07-2003,16939.29
27-07-2003,16939.29
28-07-2003,16939.29
29-07-2003,16939.29
30-07-2003,16939.29
31-07-2003,16939.29
01-08-2003,16939.29
02-08-2003,16939.29
03-08-2003,16939.29
04-08-2003,16939.29
05-08-2003,16939.29
06-08-2003,16939.29
07-08-2003,16939.29
08-08-2003,16939.29
09-08-2003,16939.29
10-08-2003,16938.74
11-08-2003,16938.2
12-08-2003,16937.65
13-08-2003,16937.1
14-08-2003,16936.56
15-08-2003,16936.01
16-08-2003,16935.46
17-08-2003,16934.92
18-08-2003,16934.37
19-08-2003,16933.82
20-08-2003,16933.28
21-08-2003,16932.73
22-08-2003,16932.18
23-08-2003,16931.64
24-08-2003,16931.09
25-08-2003,16930.55
26-08-2003,16930
27-08-2003,16929.45
28-08-2003,16928.91
29-08-2003,16928.36
30-08-2003,16927.81
31-08-2003,16927.27
01-09-2003,16926.72
02-09-2003,16926.17
03-09-2003,16925.63
04-09-2003,16925.08
05-09-2003,16924.54
06-09-2003,16923.99
07-09-2003,16923.44
08-09-2003,16922.9
09-09-2003,16922.35
10-09-2003,16923.48
11-09-2003,16924.6
12-09-2003,16925.73
13-09-2003,16926.86
14-09-2003,16927.99
15-09-2003,16929.11
16-09-2003,16930.24
17-09-2003,16931.37
18-09-2003,16932.5
19-09-2003,16933.62
20-09-2003,16934.75
21-09-2003,16935.88
22-09-2003,16937.01
23-09-2003,16938.14
24-09-2003,16939.26
25-09-2003,16940.39
26-09-2003,16941.52
27-09-2003,16942.65
28-09-2003,16943.78
29-09-2003,16944.91
30-09-2003,16946.03
01-10-2003,16947.16
02-10-2003,16948.29
03-10-2003,16949.42
04-10-2003,16950.55
05-10-2003,16951.68
06-10-2003,16952.81
07-10-2003,16953.94
08-10-2003,16955.07
09-10-2003,16956.19
10-10-2003,16957.28
11-10-2003,16958.38
12-10-2003,16959.47
13-10-2003,16960.56
14-10-2003,16961.66
15-10-2003,16962.75
16-10-2003,16963.84
17-10-2003,16964.94
18-10-2003,16966.03
19-10-2003,16967.12
20-10-2003,16968.22
21-10-2003,16969.31
22-10-2003,16970.4
23-10-2003,16971.5
24-10-2003,16972.59
25-10-2003,16973.68
26-10-2003,16974.78
27-10-2003,16975.87
28-10-2003,16976.97
29-10-2003,16978.06
30-10-2003,16979.16
31-10-2003,16980.25
01-11-2003,16981.34
02-11-2003,16982.44
03-11-2003,16983.53
04-11-2003,16984.63
05-11-2003,16985.72
06-11-2003,16986.82
07-11-2003,16987.91
08-11-2003,16989.01
09-11-2003,16990.1
10-11-2003,16988.97
11-11-2003,16987.83
12-11-2003,16986.7
13-11-2003,16985.57
14-11-2003,16984.43
15-11-2003,16983.3
16-11-2003,16982.17
17-11-2003,16981.03
18-11-2003,16979.9
19-11-2003,16978.77
20-11-2003,16977.63
21-11-2003,16976.5
22-11-2003,16975.37
23-11-2003,16974.23
24-11-2003,16973.1
25-11-2003,16971.97
26-11-2003,16970.84
27-11-2003,16969.7
28-11-2003,16968.57
29-11-2003,16967.44
30-11-2003,16966.31
01-12-2003,16965.17
02-12-2003,16964.04
03-12-2003,16962.91
04-12-2003,16961.78
05-12-2003,16960.65
06-12-2003,16959.51
07-12-2003,16958.38
08-12-2003,16957.25
09-12-2003,16956.12
10-12-2003,16954.48
11-12-2003,16952.83
12-12-2003,16951.19
13-12-2003,16949.55
14-12-2003,16947.91
15-12-2003,16946.26
16-12-2003,16944.62
17-12-2003,16942.98
18-12-2003,16941.34
19-12-2003,16939.69
20-12-2003,16938.05
21-12-2003,16936.41
22-12-2003,16934.77
23-12-2003,16933.13
24-12-2003,16931.49
25-12-2003,16929.85
26-12-2003,16928.21
27-12-2003,16926.56
28-12-2003,16924.92
29-12-2003,16923.28
30-12-2003,16921.64
31-12-2003,16920
01-01-2004,16918.36
02-01-2004,16916.72
03-01-2004,16915.09
04-01-2004,16913.45
05-01-2004,16911.81
06-01-2004,16910.17
07-01-2004,16908.53
08-01-2004,16906.89
09-01-2004,16905.25
10-01-2004,16903.61
11-01-2004,16901.97
12-01-2004,16900.34
13-01-2004,16898.7
14-01-2004,16897.06
15-01-2004,16895.42
16-01-2004,16893.78
17-01-2004,16892.15
18-01-2004,16890.51
19-01-2004,16888.87
20-01-2004,16887.24
21-01-2004,16885.6
22-01-2004,16883.96
23-01-2004,16882.33
24-01-2004,16880.69
25-01-2004,16879.06
26-01-2004,16877.42
27-01-2004,16875.78
28-01-2004,16874.15
29-01-2004,16872.51
30-01-2004,16870.88
31-01-2004,16869.24
01-02-2004,16867.61
02-02-2004,16865.97
03-02-2004,16864.34
04-02-2004,16862.7
05-02-2004,16861.07
06-02-2004,16859.44
07-02-2004,16857.8
08-02-2004,16856.17
09-02-2004,16854.53
10-02-2004,16853.37
11-02-2004,16852.2
12-02-2004,16851.04
13-02-2004,16849.88
14-02-2004,16848.71
15-02-2004,16847.55
16-02-2004,16846.39
17-02-2004,16845.22
18-02-2004,16844.06
19-02-2004,16842.9
20-02-2004,16841.74
21-02-2004,16840.57
22-02-2004,16839.41
23-02-2004,16838.25
24-02-2004,16837.09
25-02-2004,16835.92
26-02-2004,16834.76
27-02-2004,16833.6
28-02-2004,16832.44
29-02-2004,16831.28
01-03-2004,16830.11
02-03-2004,16828.95
03-03-2004,16827.79
04-03-2004,16826.63
05-03-2004,16825.47
06-03-2004,16824.3
07-03-2004,16823.14
08-03-2004,16821.98
09-03-2004,16820.82
10-03-2004,16820.82
11-03-2004,16820.82
12-03-2004,16820.82
13-03-2004,16820.82
14-03-2004,16820.82
15-03-2004,16820.82
16-03-2004,16820.82
17-03-2004,16820.82
18-03-2004,16820.82
19-03-2004,16820.82
20-03-2004,16820.82
21-03-2004,16820.82
22-03-2004,16820.82
23-03-2004,16820.82
24-03-2004,16820.82
25-03-2004,16820.82
26-03-2004,16820.82
27-03-2004,16820.82
28-03-2004,16820.82
29-03-2004,16820.82
30-03-2004,16820.82
31-03-2004,16820.82
01-04-2004,16820.82
02-04-2004,16820.82
03-04-2004,16820.82
04-04-2004,16820.82
05-04-2004,16820.82
06-04-2004,16820.82
07-04-2004,16820.82
08-04-2004,16820.82
09-04-2004,16820.82
10-04-2004,16823.06
11-04-2004,16825.3
12-04-2004,16827.54
13-04-2004,16829.78
14-04-2004,16832.02
15-04-2004,16834.26
16-04-2004,16836.5
17-04-2004,16838.74
18-04-2004,16840.98
19-04-2004,16843.22
20-04-2004,16845.46
21-04-2004,16847.7
22-04-2004,16849.94
23-04-2004,16852.19
24-04-2004,16854.43
25-04-2004,16856.67
26-04-2004,16858.91
27-04-2004,16861.16
28-04-2004,16863.4
29-04-2004,16865.65
30-04-2004,16867.89
01-05-2004,16870.13
02-05-2004,16872.38
03-05-2004,16874.63
04-05-2004,16876.87
05-05-2004,16879.12
06-05-2004,16881.36
07-05-2004,16883.61
08-05-2004,16885.86
09-05-2004,16888.1
10-05-2004,16890.27
11-05-2004,16892.45
12-05-2004,16894.63
13-05-2004,16896.8
14-05-2004,16898.98
15-05-2004,16901.15
16-05-2004,16903.33
17-05-2004,16905.51
18-05-2004,16907.68
19-05-2004,16909.86
20-05-2004,16912.04
21-05-2004,16914.22
22-05-2004,16916.4
23-05-2004,16918.57
24-05-2004,16920.75
25-05-2004,16922.93
26-05-2004,16925.11
27-05-2004,16927.29
28-05-2004,16929.47
29-05-2004,16931.65
30-05-2004,16933.83
31-05-2004,16936.01
01-06-2004,16938.19
02-06-2004,16940.38
03-06-2004,16942.56
04-06-2004,16944.74
05-06-2004,16946.92
06-06-2004,16949.1
07-06-2004,16951.29
08-06-2004,16953.47
09-06-2004,16955.65
10-06-2004,16958.47
11-06-2004,16961.29
12-06-2004,16964.11
13-06-2004,16966.93
14-06-2004,16969.75
15-06-2004,16972.57
16-06-2004,16975.39
17-06-2004,16978.22
18-06-2004,16981.04
19-06-2004,16983.86
20-06-2004,16986.69
21-06-2004,16989.51
22-06-2004,16992.34
23-06-2004,16995.16
24-06-2004,16997.99
25-06-2004,17000.81
26-06-2004,17003.64
27-06-2004,17006.47
28-06-2004,17009.29
29-06-2004,17012.12
30-06-2004,17014.95
01-07-2004,17017.78
02-07-2004,17020.61
03-07-2004,17023.44
04-07-2004,17026.27
05-07-2004,17029.1
06-07-2004,17031.93
07-07-2004,17034.76
08-07-2004,17037.6
09-07-2004,17040.43
10-07-2004,17042.62
11-07-2004,17044.82
12-07-2004,17047.01
13-07-2004,17049.21
14-07-2004,17051.41
15-07-2004,17053.6
16-07-2004,17055.8
17-07-2004,17057.99
18-07-2004,17060.19
19-07-2004,17062.39
20-07-2004,17064.59
21-07-2004,17066.78
22-07-2004,17068.98
23-07-2004,17071.18
24-07-2004,17073.38
25-07-2004,17075.58
26-07-2004,17077.78
27-07-2004,17079.97
28-07-2004,17082.17
29-07-2004,17084.37
30-07-2004,17086.57
31-07-2004,17088.77
01-08-2004,17090.98
02-08-2004,17093.18
03-08-2004,17095.38
04-08-2004,17097.58
05-08-2004,17099.78
06-08-2004,17101.98
07-08-2004,17104.19
08-08-2004,17106.39
09-08-2004,17108.59
10-08-2004,17109.69
11-08-2004,17110.8
12-08-2004,17111.9
13-08-2004,17113
14-08-2004,17114.1
15-08-2004,17115.21
16-08-2004,17116.31
17-08-2004,17117.41
18-08-2004,17118.52
19-08-2004,17119.62
20-08-2004,17120.72
21-08-2004,17121.83
22-08-2004,17122.93
23-08-2004,17124.03
24-08-2004,17125.14
25-08-2004,17126.24
26-08-2004,17127.35
27-08-2004,17128.45
28-08-2004,17129.55
29-08-2004,17130.66
30-08-2004,17131.76
31-08-2004,17132.87
01-09-2004,17133.97
02-09-2004,17135.07
03-09-2004,17136.18
04-09-2004,17137.28
05-09-2004,17138.39
06-09-2004,17139.49
07-09-2004,17140.6
08-09-2004,17141.7
09-09-2004,17142.81
10-09-2004,17145.09
11-09-2004,17147.37
12-09-2004,17149.65
13-09-2004,17151.94
14-09-2004,17154.22
15-09-2004,17156.5
16-09-2004,17158.79
17-09-2004,17161.07
18-09-2004,17163.35
19-09-2004,17165.64
20-09-2004,17167.92
21-09-2004,17170.21
22-09-2004,17172.49
23-09-2004,17174.78
24-09-2004,17177.06
25-09-2004,17179.35
26-09-2004,17181.63
27-09-2004,17183.92
28-09-2004,17186.21
29-09-2004,17188.49
30-09-2004,17190.78
01-10-2004,17193.07
02-10-2004,17195.36
03-10-2004,17197.65
04-10-2004,17199.93
05-10-2004,17202.22
06-10-2004,17204.51
07-10-2004,17206.8
08-10-2004,17209.09
09-10-2004,17211.38
10-10-2004,17211.93
11-10-2004,17212.49
12-10-2004,17213.04
13-10-2004,17213.6
14-10-2004,17214.15
15-10-2004,17214.71
16-10-2004,17215.26
17-10-2004,17215.82
18-10-2004,17216.38
19-10-2004,17216.93
20-10-2004,17217.49
21-10-2004,17218.04
22-10-2004,17218.6
23-10-2004,17219.15
24-10-2004,17219.71
25-10-2004,17220.26
26-10-2004,17220.82
27-10-2004,17221.37
28-10-2004,17221.93
29-10-2004,17222.48
30-10-2004,17223.04
31-10-2004,17223.59
01-11-2004,17224.15
02-11-2004,17224.7
03-11-2004,17225.26
04-11-2004,17225.81
05-11-2004,17226.37
06-11-2004,17226.93
07-11-2004,17227.48
08-11-2004,17228.04
09-11-2004,17228.59
10-11-2004,17230.31
11-11-2004,17232.03
12-11-2004,17233.75
13-11-2004,17235.47
14-11-2004,17237.19
15-11-2004,17238.91
16-11-2004,17240.64
17-11-2004,17242.36
18-11-2004,17244.08
19-11-2004,17245.8
20-11-2004,17247.52
21-11-2004,17249.25
22-11-2004,17250.97
23-11-2004,17252.69
24-11-2004,17254.41
25-11-2004,17256.14
26-11-2004,17257.86
27-11-2004,17259.58
28-11-2004,17261.31
29-11-2004,17263.03
30-11-2004,17264.75
01-12-2004,17266.48
02-12-2004,17268.2
03-12-2004,17269.93
04-12-2004,17271.65
05-12-2004,17273.38
06-12-2004,17275.1
07-12-2004,17276.83
08-12-2004,17278.55
09-12-2004,17280.28
10-12-2004,17281.95
11-12-2004,17283.62
12-12-2004,17285.29
13-12-2004,17286.96
14-12-2004,17288.63
15-12-2004,17290.3
16-12-2004,17291.97
17-12-2004,17293.64
18-12-2004,17295.31
19-12-2004,17296.99
20-12-2004,17298.66
21-12-2004,17300.33
22-12-2004,17302
23-12-2004,17303.67
24-12-2004,17305.34
25-12-2004,17307.02
26-12-2004,17308.69
27-12-2004,17310.36
28-12-2004,17312.03
29-12-2004,17313.71
30-12-2004,17315.38
31-12-2004,17317.05
01-01-2005,17318.73
02-01-2005,17320.4
03-01-2005,17322.08
04-01-2005,17323.75
05-01-2005,17325.42
06-01-2005,17327.1
07-01-2005,17328.77
08-01-2005,17330.45
09-01-2005,17332.12
10-01-2005,17329.88
11-01-2005,17327.64
12-01-2005,17325.4
13-01-2005,17323.16
14-01-2005,17320.92
15-01-2005,17318.68
16-01-2005,17316.44
17-01-2005,17314.2
18-01-2005,17311.96
19-01-2005,17309.73
20-01-2005,17307.49
21-01-2005,17305.25
22-01-2005,17303.01
23-01-2005,17300.78
24-01-2005,17298.54
25-01-2005,17296.3
26-01-2005,17294.07
27-01-2005,17291.83
28-01-2005,17289.6
29-01-2005,17287.36
30-01-2005,17285.13
31-01-2005,17282.89
01-02-2005,17280.66
02-02-2005,17278.42
03-02-2005,17276.19
04-02-2005,17273.95
05-02-2005,17271.72
06-02-2005,17269.49
07-02-2005,17267.26
08-02-2005,17265.02
09-02-2005,17262.79
10-02-2005,17260.94
11-02-2005,17259.09
12-02-2005,17257.23
13-02-2005,17255.38
14-02-2005,17253.53
15-02-2005,17251.68
16-02-2005,17249.83
17-02-2005,17247.98
18-02-2005,17246.13
19-02-2005,17244.28
20-02-2005,17242.43
21-02-2005,17240.58
22-02-2005,17238.73
23-02-2005,17236.88
24-02-2005,17235.03
25-02-2005,17233.18
26-02-2005,17231.33
27-02-2005,17229.48
28-02-2005,17227.63
01-03-2005,17225.78
02-03-2005,17223.93
03-03-2005,17222.09
04-03-2005,17220.24
05-03-2005,17218.39
06-03-2005,17216.54
07-03-2005,17214.7
08-03-2005,17212.85
09-03-2005,17211
10-03-2005,17210.44
11-03-2005,17209.89
12-03-2005,17209.33
13-03-2005,17208.78
14-03-2005,17208.22
15-03-2005,17207.67
16-03-2005,17207.11
17-03-2005,17206.56
18-03-2005,17206
19-03-2005,17205.45
20-03-2005,17204.89
21-03-2005,17204.34
22-03-2005,17203.78
23-03-2005,17203.23
24-03-2005,17202.67
25-03-2005,17202.11
26-03-2005,17201.56
27-03-2005,17201
28-03-2005,17200.45
29-03-2005,17199.89
30-03-2005,17199.34
31-03-2005,17198.78
01-04-2005,17198.23
02-04-2005,17197.67
03-04-2005,17197.12
04-04-2005,17196.56
05-04-2005,17196.01
06-04-2005,17195.45
07-04-2005,17194.9
08-04-2005,17194.34
09-04-2005,17193.79
10-04-2005,17197.22
11-04-2005,17200.65
12-04-2005,17204.08
13-04-2005,17207.51
14-04-2005,17210.94
15-04-2005,17214.37
16-04-2005,17217.81
17-04-2005,17221.24
18-04-2005,17224.67
19-04-2005,17228.11
20-04-2005,17231.54
21-04-2005,17234.98
22-04-2005,17238.42
23-04-2005,17241.86
24-04-2005,17245.29
25-04-2005,17248.73
26-04-2005,17252.17
27-04-2005,17255.61
28-04-2005,17259.05
29-04-2005,17262.5
30-04-2005,17265.94
01-05-2005,17269.38
02-05-2005,17272.83
03-05-2005,17276.27
04-05-2005,17279.72
05-05-2005,17283.16
06-05-2005,17286.61
07-05-2005,17290.06
08-05-2005,17293.5
09-05-2005,17296.95
10-05-2005,17301.95
11-05-2005,17306.95
12-05-2005,17311.95
13-05-2005,17316.96
14-05-2005,17321.96
15-05-2005,17326.97
16-05-2005,17331.98
17-05-2005,17336.99
18-05-2005,17342
19-05-2005,17347.01
20-05-2005,17352.03
21-05-2005,17357.04
22-05-2005,17362.06
23-05-2005,17367.08
24-05-2005,17372.1
25-05-2005,17377.12
26-05-2005,17382.15
27-05-2005,17387.17
28-05-2005,17392.2
29-05-2005,17397.22
30-05-2005,17402.25
31-05-2005,17407.28
01-06-2005,17412.32
02-06-2005,17417.35
03-06-2005,17422.38
04-06-2005,17427.42
05-06-2005,17432.46
06-06-2005,17437.5
07-06-2005,17442.54
08-06-2005,17447.58
09-06-2005,17452.62
10-06-2005,17454.36
11-06-2005,17456.11
12-06-2005,17457.85
13-06-2005,17459.59
14-06-2005,17461.34
15-06-2005,17463.08
16-06-2005,17464.82
17-06-2005,17466.57
18-06-2005,17468.31
19-06-2005,17470.06
20-06-2005,17471.8
21-06-2005,17473.54
22-06-2005,17475.29
23-06-2005,17477.03
24-06-2005,17478.78
25-06-2005,17480.52
26-06-2005,17482.27
27-06-2005,17484.02
28-06-2005,17485.76
29-06-2005,17487.51
30-06-2005,17489.25
01-07-2005,17491
02-07-2005,17492.75
03-07-2005,17494.49
04-07-2005,17496.24
05-07-2005,17497.99
06-07-2005,17499.74
07-07-2005,17501.48
08-07-2005,17503.23
09-07-2005,17504.98
10-07-2005,17507.23
11-07-2005,17509.49
12-07-2005,17511.74
13-07-2005,17514
14-07-2005,17516.25
15-07-2005,17518.51
16-07-2005,17520.77
17-07-2005,17523.02
18-07-2005,17525.28
19-07-2005,17527.54
20-07-2005,17529.79
21-07-2005,17532.05
22-07-2005,17534.31
23-07-2005,17536.57
24-07-2005,17538.83
25-07-2005,17541.08
26-07-2005,17543.34
27-07-2005,17545.6
28-07-2005,17547.86
29-07-2005,17550.12
30-07-2005,17552.38
31-07-2005,17554.64
01-08-2005,17556.9
02-08-2005,17559.16
03-08-2005,17561.43
04-08-2005,17563.69
05-08-2005,17565.95
06-08-2005,17568.21
07-08-2005,17570.47
08-08-2005,17572.74
09-08-2005,17575
10-08-2005,17578.39
11-08-2005,17581.78
12-08-2005,17585.18
13-08-2005,17588.57
14-08-2005,17591.97
15-08-2005,17595.36
16-08-2005,17598.76
17-08-2005,17602.15
18-08-2005,17605.55
19-08-2005,17608.95
20-08-2005,17612.35
21-08-2005,17615.74
22-08-2005,17619.14
23-08-2005,17622.54
24-08-2005,17625.95
25-08-2005,17629.35
26-08-2005,17632.75
27-08-2005,17636.15
28-08-2005,17639.56
29-08-2005,17642.96
30-08-2005,17646.36
31-08-2005,17649.77
01-09-2005,17653.18
02-09-2005,17656.58
03-09-2005,17659.99
04-09-2005,17663.4
05-09-2005,17666.81
06-09-2005,17670.22
07-09-2005,17673.63
08-09-2005,17677.04
09-09-2005,17680.45
10-09-2005,17682.22
11-09-2005,17683.98
12-09-2005,17685.75
13-09-2005,17687.51
14-09-2005,17689.28
15-09-2005,17691.05
16-09-2005,17692.81
17-09-2005,17694.58
18-09-2005,17696.35
19-09-2005,17698.11
20-09-2005,17699.88
21-09-2005,17701.65
22-09-2005,17703.42
23-09-2005,17705.18
24-09-2005,17706.95
25-09-2005,17708.72
26-09-2005,17710.49
27-09-2005,17712.26
28-09-2005,17714.02
29-09-2005,17715.79
30-09-2005,17717.56
01-10-2005,17719.33
02-10-2005,17721.1
03-10-2005,17722.87
04-10-2005,17724.64
05-10-2005,17726.41
06-10-2005,17728.18
07-10-2005,17729.95
08-10-2005,17731.72
09-10-2005,17733.49
10-10-2005,17739.18
11-10-2005,17744.88
12-10-2005,17750.57
13-10-2005,17756.27
14-10-2005,17761.97
15-10-2005,17767.68
16-10-2005,17773.38
17-10-2005,17779.09
18-10-2005,17784.79
19-10-2005,17790.5
20-10-2005,17796.21
21-10-2005,17801.93
22-10-2005,17807.64
23-10-2005,17813.36
24-10-2005,17819.08
25-10-2005,17824.8
26-10-2005,17830.52
27-10-2005,17836.24
28-10-2005,17841.97
29-10-2005,17847.7
30-10-2005,17853.43
31-10-2005,17859.16
01-11-2005,17864.89
02-11-2005,17870.63
03-11-2005,17876.36
04-11-2005,17882.1
05-11-2005,17887.84
06-11-2005,17893.59
07-11-2005,17899.33
08-11-2005,17905.08
09-11-2005,17910.82
10-11-2005,17913.8
11-11-2005,17916.78
12-11-2005,17919.76
13-11-2005,17922.73
14-11-2005,17925.71
15-11-2005,17928.7
16-11-2005,17931.68
17-11-2005,17934.66
18-11-2005,17937.64
19-11-2005,17940.62
20-11-2005,17943.6
21-11-2005,17946.59
22-11-2005,17949.57
23-11-2005,17952.56
24-11-2005,17955.54
25-11-2005,17958.53
26-11-2005,17961.51
27-11-2005,17964.5
28-11-2005,17967.49
29-11-2005,17970.47
30-11-2005,17973.46
01-12-2005,17976.45
02-12-2005,17979.44
03-12-2005,17982.43
04-12-2005,17985.42
05-12-2005,17988.41
06-12-2005,17991.4
07-12-2005,17994.39
08-12-2005,17997.38
09-12-2005,18000.37
10-12-2005,17999.21
11-12-2005,17998.05
12-12-2005,17996.88
13-12-2005,17995.72
14-12-2005,17994.56
15-12-2005,17993.4
16-12-2005,17992.23
17-12-2005,17991.07
18-12-2005,17989.91
19-12-2005,17988.75
20-12-2005,17987.59
21-12-2005,17986.43
22-12-2005,17985.26
23-12-2005,17984.1
24-12-2005,17982.94
25-12-2005,17981.78
26-12-2005,17980.62
27-12-2005,17979.46
28-12-2005,17978.3
29-12-2005,17977.14
30-12-2005,17975.97
31-12-2005,17974.81
01-01-2006,17973.65
02-01-2006,17972.49
03-01-2006,17971.33
04-01-2006,17970.17
05-01-2006,17969.01
06-01-2006,17967.85
07-01-2006,17966.69
08-01-2006,17965.53
09-01-2006,17964.37
10-01-2006,17962.63
11-01-2006,17960.89
12-01-2006,17959.15
13-01-2006,17957.41
14-01-2006,17955.67
15-01-2006,17953.93
16-01-2006,17952.19
17-01-2006,17950.45
18-01-2006,17948.71
19-01-2006,17946.97
20-01-2006,17945.23
21-01-2006,17943.49
22-01-2006,17941.75
23-01-2006,17940.01
24-01-2006,17938.27
25-01-2006,17936.53
26-01-2006,17934.8
27-01-2006,17933.06
28-01-2006,17931.32
29-01-2006,17929.58
30-01-2006,17927.84
31-01-2006,17926.11
01-02-2006,17924.37
02-02-2006,17922.63
03-02-2006,17920.9
04-02-2006,17919.16
05-02-2006,17917.42
06-02-2006,17915.69
07-02-2006,17913.95
08-02-2006,17912.21
09-02-2006,17910.48
10-02-2006,17911.12
11-02-2006,17911.76
12-02-2006,17912.4
13-02-2006,17913.04
14-02-2006,17913.68
15-02-2006,17914.32
16-02-2006,17914.96
17-02-2006,17915.6
18-02-2006,17916.23
19-02-2006,17916.87
20-02-2006,17917.51
21-02-2006,17918.15
22-02-2006,17918.79
23-02-2006,17919.43
24-02-2006,17920.07
25-02-2006,17920.71
26-02-2006,17921.35
27-02-2006,17921.99
28-02-2006,17922.63
01-03-2006,17923.27
02-03-2006,17923.91
03-03-2006,17924.55
04-03-2006,17925.19
05-03-2006,17925.83
06-03-2006,17926.47
07-03-2006,17927.11
08-03-2006,17927.75
09-03-2006,17928.39
10-03-2006,17927.81
11-03-2006,17927.23
12-03-2006,17926.65
13-03-2006,17926.08
14-03-2006,17925.5
15-03-2006,17924.92
16-03-2006,17924.34
17-03-2006,17923.76
18-03-2006,17923.18
19-03-2006,17922.6
20-03-2006,17922.03
21-03-2006,17921.45
22-03-2006,17920.87
23-03-2006,17920.29
24-03-2006,17919.71
25-03-2006,17919.13
26-03-2006,17918.56
27-03-2006,17917.98
28-03-2006,17917.4
29-03-2006,17916.82
30-03-2006,17916.24
31-03-2006,17915.66
01-04-2006,17915.09
02-04-2006,17914.51
03-04-2006,17913.93
04-04-2006,17913.35
05-04-2006,17912.77
06-04-2006,17912.2
07-04-2006,17911.62
08-04-2006,17911.04
09-04-2006,17910.46
10-04-2006,17914.03
11-04-2006,17917.6
12-04-2006,17921.18
13-04-2006,17924.75
14-04-2006,17928.33
15-04-2006,17931.9
16-04-2006,17935.48
17-04-2006,17939.05
18-04-2006,17942.63
19-04-2006,17946.21
20-04-2006,17949.79
21-04-2006,17953.37
22-04-2006,17956.95
23-04-2006,17960.53
24-04-2006,17964.11
25-04-2006,17967.69
26-04-2006,17971.28
27-04-2006,17974.86
28-04-2006,17978.45
29-04-2006,17982.03
30-04-2006,17985.62
01-05-2006,17989.2
02-05-2006,17992.79
03-05-2006,17996.38
04-05-2006,17999.97
05-05-2006,18003.56
06-05-2006,18007.15
07-05-2006,18010.74
08-05-2006,18014.33
09-05-2006,18017.92
10-05-2006,18021.4
11-05-2006,18024.88
12-05-2006,18028.35
13-05-2006,18031.83
14-05-2006,18035.31
15-05-2006,18038.79
16-05-2006,18042.27
17-05-2006,18045.76
18-05-2006,18049.24
19-05-2006,18052.72
20-05-2006,18056.21
21-05-2006,18059.69
22-05-2006,18063.18
23-05-2006,18066.66
24-05-2006,18070.15
25-05-2006,18073.64
26-05-2006,18077.12
27-05-2006,18080.61
28-05-2006,18084.1
29-05-2006,18087.59
30-05-2006,18091.08
31-05-2006,18094.57
01-06-2006,18098.07
02-06-2006,18101.56
03-06-2006,18105.05
04-06-2006,18108.55
05-06-2006,18112.04
06-06-2006,18115.54
07-06-2006,18119.03
08-06-2006,18122.53
09-06-2006,18126.03
10-06-2006,18127.24
11-06-2006,18128.44
12-06-2006,18129.65
13-06-2006,18130.86
14-06-2006,18132.07
15-06-2006,18133.27
16-06-2006,18134.48
17-06-2006,18135.69
18-06-2006,18136.9
19-06-2006,18138.11
20-06-2006,18139.31
21-06-2006,18140.52
22-06-2006,18141.73
23-06-2006,18142.94
24-06-2006,18144.15
25-06-2006,18145.36
26-06-2006,18146.56
27-06-2006,18147.77
28-06-2006,18148.98
29-06-2006,18150.19
30-06-2006,18151.4
01-07-2006,18152.61
02-07-2006,18153.82
03-07-2006,18155.03
04-07-2006,18156.24
05-07-2006,18157.44
06-07-2006,18158.65
07-07-2006,18159.86
08-07-2006,18161.07
09-07-2006,18162.28
10-07-2006,18165.79
11-07-2006,18169.29
12-07-2006,18172.8
13-07-2006,18176.3
14-07-2006,18179.81
15-07-2006,18183.32
16-07-2006,18186.83
17-07-2006,18190.34
18-07-2006,18193.85
19-07-2006,18197.36
20-07-2006,18200.87
21-07-2006,18204.39
22-07-2006,18207.9
23-07-2006,18211.41
24-07-2006,18214.93
25-07-2006,18218.44
26-07-2006,18221.96
27-07-2006,18225.48
28-07-2006,18228.99
29-07-2006,18232.51
30-07-2006,18236.03
31-07-2006,18239.55
01-08-2006,18243.07
02-08-2006,18246.59
03-08-2006,18250.11
04-08-2006,18253.63
05-08-2006,18257.16
06-08-2006,18260.68
07-08-2006,18264.2
08-08-2006,18267.73
09-08-2006,18271.25
10-08-2006,18274.19
11-08-2006,18277.13
12-08-2006,18280.07
13-08-2006,18283.01
14-08-2006,18285.95
15-08-2006,18288.9
16-08-2006,18291.84
17-08-2006,18294.78
18-08-2006,18297.73
19-08-2006,18300.67
20-08-2006,18303.61
21-08-2006,18306.56
22-08-2006,18309.51
23-08-2006,18312.45
24-08-2006,18315.4
25-08-2006,18318.34
26-08-2006,18321.29
27-08-2006,18324.24
28-08-2006,18327.19
29-08-2006,18330.14
30-08-2006,18333.09
31-08-2006,18336.04
01-09-2006,18338.99
02-09-2006,18341.94
03-09-2006,18344.89
04-09-2006,18347.84
05-09-2006,18350.79
06-09-2006,18353.75
07-09-2006,18356.7
08-09-2006,18359.65
09-09-2006,18362.61
10-09-2006,18364.44
11-09-2006,18366.28
12-09-2006,18368.11
13-09-2006,18369.95
14-09-2006,18371.78
15-09-2006,18373.61
16-09-2006,18375.45
17-09-2006,18377.28
18-09-2006,18379.12
19-09-2006,18380.95
20-09-2006,18382.79
21-09-2006,18384.63
22-09-2006,18386.46
23-09-2006,18388.3
24-09-2006,18390.13
25-09-2006,18391.97
26-09-2006,18393.81
27-09-2006,18395.64
28-09-2006,18397.48
29-09-2006,18399.32
30-09-2006,18401.15
01-10-2006,18402.99
02-10-2006,18404.83
03-10-2006,18406.67
04-10-2006,18408.51
05-10-2006,18410.34
06-10-2006,18412.18
07-10-2006,18414.02
08-10-2006,18415.86
09-10-2006,18417.7
10-10-2006,18417.7
11-10-2006,18417.7
12-10-2006,18417.7
13-10-2006,18417.7
14-10-2006,18417.7
15-10-2006,18417.7
16-10-2006,18417.7
17-10-2006,18417.7
18-10-2006,18417.7
19-10-2006,18417.7
20-10-2006,18417.7
21-10-2006,18417.7
22-10-2006,18417.7
23-10-2006,18417.7
24-10-2006,18417.7
25-10-2006,18417.7
26-10-2006,18417.7
27-10-2006,18417.7
28-10-2006,18417.7
29-10-2006,18417.7
30-10-2006,18417.7
31-10-2006,18417.7
01-11-2006,18417.7
02-11-2006,18417.7
03-11-2006,18417.7
04-11-2006,18417.7
05-11-2006,18417.7
06-11-2006,18417.7
07-11-2006,18417.7
08-11-2006,18417.7
09-11-2006,18417.7
10-11-2006,18415.86
11-11-2006,18414.01
12-11-2006,18412.17
13-11-2006,18410.32
14-11-2006,18408.48
15-11-2006,18406.64
16-11-2006,18404.79
17-11-2006,18402.95
18-11-2006,18401.11
19-11-2006,18399.26
20-11-2006,18397.42
21-11-2006,18395.58
22-11-2006,18393.74
23-11-2006,18391.89
24-11-2006,18390.05
25-11-2006,18388.21
26-11-2006,18386.37
27-11-2006,18384.53
28-11-2006,18382.69
29-11-2006,18380.85
30-11-2006,18379.01
01-12-2006,18377.16
02-12-2006,18375.32
03-12-2006,18373.48
04-12-2006,18371.64
05-12-2006,18369.8
06-12-2006,18367.96
07-12-2006,18366.13
08-12-2006,18364.29
09-12-2006,18362.45
10-12-2006,18361.26
11-12-2006,18360.08
12-12-2006,18358.89
13-12-2006,18357.71
14-12-2006,18356.52
15-12-2006,18355.34
16-12-2006,18354.15
17-12-2006,18352.97
18-12-2006,18351.78
19-12-2006,18350.6
20-12-2006,18349.41
21-12-2006,18348.23
22-12-2006,18347.04
23-12-2006,18345.86
24-12-2006,18344.67
25-12-2006,18343.49
26-12-2006,18342.3
27-12-2006,18341.12
28-12-2006,18339.93
29-12-2006,18338.75
30-12-2006,18337.56
31-12-2006,18336.38
01-01-2007,18335.2
02-01-2007,18334.01
03-01-2007,18332.83
04-01-2007,18331.64
05-01-2007,18330.46
06-01-2007,18329.28
07-01-2007,18328.09
08-01-2007,18326.91
09-01-2007,18325.73
10-01-2007,18326.32
11-01-2007,18326.91
12-01-2007,18327.5
13-01-2007,18328.09
14-01-2007,18328.68
15-01-2007,18329.28
16-01-2007,18329.87
17-01-2007,18330.46
18-01-2007,18331.05
19-01-2007,18331.64
20-01-2007,18332.23
21-01-2007,18332.82
22-01-2007,18333.41
23-01-2007,18334
24-01-2007,18334.6
25-01-2007,18335.19
26-01-2007,18335.78
27-01-2007,18336.37
28-01-2007,18336.96
29-01-2007,18337.55
30-01-2007,18338.14
31-01-2007,18338.73
01-02-2007,18339.32
02-02-2007,18339.92
03-02-2007,18340.51
04-02-2007,18341.1
05-02-2007,18341.69
06-02-2007,18342.28
07-02-2007,18342.87
08-02-2007,18343.46
09-02-2007,18344.06
10-02-2007,18346.02
11-02-2007,18347.99
12-02-2007,18349.95
13-02-2007,18351.91
14-02-2007,18353.88
15-02-2007,18355.84
16-02-2007,18357.8
17-02-2007,18359.77
18-02-2007,18361.73
19-02-2007,18363.7
20-02-2007,18365.66
21-02-2007,18367.63
22-02-2007,18369.59
23-02-2007,18371.56
24-02-2007,18373.52
25-02-2007,18375.49
26-02-2007,18377.45
27-02-2007,18379.42
28-02-2007,18381.39
01-03-2007,18383.35
02-03-2007,18385.32
03-03-2007,18387.29
04-03-2007,18389.25
05-03-2007,18391.22
06-03-2007,18393.19
07-03-2007,18395.16
08-03-2007,18397.12
09-03-2007,18399.09
10-03-2007,18397.9
11-03-2007,18396.71
12-03-2007,18395.53
13-03-2007,18394.34
14-03-2007,18393.15
15-03-2007,18391.96
16-03-2007,18390.77
17-03-2007,18389.59
18-03-2007,18388.4
19-03-2007,18387.21
20-03-2007,18386.02
21-03-2007,18384.84
22-03-2007,18383.65
23-03-2007,18382.46
24-03-2007,18381.28
25-03-2007,18380.09
26-03-2007,18378.9
27-03-2007,18377.71
28-03-2007,18376.53
29-03-2007,18375.34
30-03-2007,18374.15
31-03-2007,18372.97
01-04-2007,18371.78
02-04-2007,18370.59
03-04-2007,18369.41
04-04-2007,18368.22
05-04-2007,18367.04
06-04-2007,18365.85
07-04-2007,18364.66
08-04-2007,18363.48
09-04-2007,18362.29
10-04-2007,18364.73
11-04-2007,18367.18
12-04-2007,18369.62
13-04-2007,18372.07
14-04-2007,18374.51
15-04-2007,18376.96
16-04-2007,18379.4
17-04-2007,18381.85
18-04-2007,18384.29
19-04-2007,18386.74
20-04-2007,18389.19
21-04-2007,18391.63
22-04-2007,18394.08
23-04-2007,18396.53
24-04-2007,18398.98
25-04-2007,18401.43
26-04-2007,18403.88
27-04-2007,18406.32
28-04-2007,18408.77
29-04-2007,18411.22
30-04-2007,18413.67
01-05-2007,18416.12
02-05-2007,18418.57
03-05-2007,18421.03
04-05-2007,18423.48
05-05-2007,18425.93
06-05-2007,18428.38
07-05-2007,18430.83
08-05-2007,18433.29
09-05-2007,18435.74
10-05-2007,18439.3
11-05-2007,18442.86
12-05-2007,18446.42
13-05-2007,18449.98
14-05-2007,18453.54
15-05-2007,18457.1
16-05-2007,18460.66
17-05-2007,18464.22
18-05-2007,18467.79
19-05-2007,18471.35
20-05-2007,18474.91
21-05-2007,18478.48
22-05-2007,18482.05
23-05-2007,18485.61
24-05-2007,18489.18
25-05-2007,18492.75
26-05-2007,18496.32
27-05-2007,18499.89
28-05-2007,18503.46
29-05-2007,18507.03
30-05-2007,18510.6
31-05-2007,18514.17
01-06-2007,18517.75
02-06-2007,18521.32
03-06-2007,18524.89
04-06-2007,18528.47
05-06-2007,18532.04
06-06-2007,18535.62
07-06-2007,18539.2
08-06-2007,18542.78
09-06-2007,18546.35
10-06-2007,18550.05
11-06-2007,18553.75
12-06-2007,18557.45
13-06-2007,18561.15
14-06-2007,18564.85
15-06-2007,18568.55
16-06-2007,18572.26
17-06-2007,18575.96
18-06-2007,18579.66
19-06-2007,18583.37
20-06-2007,18587.07
21-06-2007,18590.78
22-06-2007,18594.49
23-06-2007,18598.2
24-06-2007,18601.91
25-06-2007,18605.62
26-06-2007,18609.33
27-06-2007,18613.04
28-06-2007,18616.75
29-06-2007,18620.46
30-06-2007,18624.17
01-07-2007,18627.89
02-07-2007,18631.6
03-07-2007,18635.32
04-07-2007,18639.04
05-07-2007,18642.75
06-07-2007,18646.47
07-07-2007,18650.19
08-07-2007,18653.91
09-07-2007,18657.63
10-07-2007,18663.02
11-07-2007,18668.42
12-07-2007,18673.81
13-07-2007,18679.21
14-07-2007,18684.61
15-07-2007,18690.01
16-07-2007,18695.42
17-07-2007,18700.82
18-07-2007,18706.23
19-07-2007,18711.63
20-07-2007,18717.04
21-07-2007,18722.45
22-07-2007,18727.86
23-07-2007,18733.28
24-07-2007,18738.69
25-07-2007,18744.11
26-07-2007,18749.53
27-07-2007,18754.95
28-07-2007,18760.37
29-07-2007,18765.79
30-07-2007,18771.22
31-07-2007,18776.64
01-08-2007,18782.07
02-08-2007,18787.5
03-08-2007,18792.93
04-08-2007,18798.36
05-08-2007,18803.8
06-08-2007,18809.23
07-08-2007,18814.67
08-08-2007,18820.11
09-08-2007,18825.55
10-08-2007,18832.19
11-08-2007,18838.84
12-08-2007,18845.49
13-08-2007,18852.14
14-08-2007,18858.8
15-08-2007,18865.45
16-08-2007,18872.11
17-08-2007,18878.77
18-08-2007,18885.44
19-08-2007,18892.1
20-08-2007,18898.77
21-08-2007,18905.44
22-08-2007,18912.11
23-08-2007,18918.79
24-08-2007,18925.47
25-08-2007,18932.15
26-08-2007,18938.83
27-08-2007,18945.51
28-08-2007,18952.2
29-08-2007,18958.89
30-08-2007,18965.58
31-08-2007,18972.28
01-09-2007,18978.97
02-09-2007,18985.67
03-09-2007,18992.37
04-09-2007,18999.08
05-09-2007,19005.78
06-09-2007,19012.49
07-09-2007,19019.2
08-09-2007,19025.92
09-09-2007,19032.63
10-09-2007,19039.57
11-09-2007,19046.52
12-09-2007,19053.46
13-09-2007,19060.41
14-09-2007,19067.36
15-09-2007,19074.32
16-09-2007,19081.28
17-09-2007,19088.24
18-09-2007,19095.2
19-09-2007,19102.16
20-09-2007,19109.13
21-09-2007,19116.1
22-09-2007,19123.07
23-09-2007,19130.05
24-09-2007,19137.02
25-09-2007,19144
26-09-2007,19150.99
27-09-2007,19157.97
28-09-2007,19164.96
29-09-2007,19171.95
30-09-2007,19178.94
01-10-2007,19185.94
02-10-2007,19192.93
03-10-2007,19199.93
04-10-2007,19206.94
05-10-2007,19213.94
06-10-2007,19220.95
07-10-2007,19227.96
08-10-2007,19234.97
09-10-2007,19241.99
10-10-2007,19248.78
11-10-2007,19255.58
12-10-2007,19262.37
13-10-2007,19269.17
14-10-2007,19275.97
15-10-2007,19282.78
16-10-2007,19289.58
17-10-2007,19296.39
18-10-2007,19303.2
19-10-2007,19310.02
20-10-2007,19316.83
21-10-2007,19323.65
22-10-2007,19330.47
23-10-2007,19337.29
24-10-2007,19344.12
25-10-2007,19350.95
26-10-2007,19357.78
27-10-2007,19364.61
28-10-2007,19371.44
29-10-2007,19378.28
30-10-2007,19385.12
31-10-2007,19391.96
01-11-2007,19398.81
02-11-2007,19405.65
03-11-2007,19412.5
04-11-2007,19419.36
05-11-2007,19426.21
06-11-2007,19433.07
07-11-2007,19439.93
08-11-2007,19446.79
09-11-2007,19453.65
10-11-2007,19455.59
11-11-2007,19457.54
12-11-2007,19459.48
13-11-2007,19461.42
14-11-2007,19463.36
15-11-2007,19465.31
16-11-2007,19467.25
17-11-2007,19469.2
18-11-2007,19471.14
19-11-2007,19473.08
20-11-2007,19475.03
21-11-2007,19476.97
22-11-2007,19478.92
23-11-2007,19480.86
24-11-2007,19482.81
25-11-2007,19484.75
26-11-2007,19486.7
27-11-2007,19488.65
28-11-2007,19490.59
29-11-2007,19492.54
30-11-2007,19494.48
01-12-2007,19496.43
02-12-2007,19498.38
03-12-2007,19500.32
04-12-2007,19502.27
05-12-2007,19504.22
06-12-2007,19506.17
07-12-2007,19508.11
08-12-2007,19510.06
09-12-2007,19512.01
10-12-2007,19517.03
11-12-2007,19522.04
12-12-2007,19527.06
13-12-2007,19532.08
14-12-2007,19537.1
15-12-2007,19542.13
16-12-2007,19547.15
17-12-2007,19552.17
18-12-2007,19557.2
19-12-2007,19562.23
20-12-2007,19567.26
21-12-2007,19572.29
22-12-2007,19577.32
23-12-2007,19582.35
24-12-2007,19587.39
25-12-2007,19592.42
26-12-2007,19597.46
27-12-2007,19602.49
28-12-2007,19607.53
29-12-2007,19612.57
30-12-2007,19617.62
31-12-2007,19622.66
01-01-2008,19627.7
02-01-2008,19632.75
03-01-2008,19637.8
04-01-2008,19642.85
05-01-2008,19647.89
06-01-2008,19652.95
07-01-2008,19658
08-01-2008,19663.05
09-01-2008,19668.11
10-01-2008,19671.27
11-01-2008,19674.44
12-01-2008,19677.61
13-01-2008,19680.77
14-01-2008,19683.94
15-01-2008,19687.11
16-01-2008,19690.27
17-01-2008,19693.44
18-01-2008,19696.61
19-01-2008,19699.78
20-01-2008,19702.95
21-01-2008,19706.12
22-01-2008,19709.29
23-01-2008,19712.46
24-01-2008,19715.63
25-01-2008,19718.81
26-01-2008,19721.98
27-01-2008,19725.15
28-01-2008,19728.33
29-01-2008,19731.5
30-01-2008,19734.67
31-01-2008,19737.85
01-02-2008,19741.03
02-02-2008,19744.2
03-02-2008,19747.38
04-02-2008,19750.56
05-02-2008,19753.73
06-02-2008,19756.91
07-02-2008,19760.09
08-02-2008,19763.27
09-02-2008,19766.45
10-02-2008,19766.45
11-02-2008,19766.45
12-02-2008,19766.45
13-02-2008,19766.45
14-02-2008,19766.45
15-02-2008,19766.45
16-02-2008,19766.45
17-02-2008,19766.45
18-02-2008,19766.45
19-02-2008,19766.45
20-02-2008,19766.45
21-02-2008,19766.45
22-02-2008,19766.45
23-02-2008,19766.45
24-02-2008,19766.45
25-02-2008,19766.45
26-02-2008,19766.45
27-02-2008,19766.45
28-02-2008,19766.45
29-02-2008,19766.45
01-03-2008,19766.45
02-03-2008,19766.45
03-03-2008,19766.45
04-03-2008,19766.45
05-03-2008,19766.45
06-03-2008,19766.45
07-03-2008,19766.45
08-03-2008,19766.45
09-03-2008,19766.45
10-03-2008,19769
11-03-2008,19771.54
12-03-2008,19774.09
13-03-2008,19776.63
14-03-2008,19779.18
15-03-2008,19781.73
16-03-2008,19784.28
17-03-2008,19786.82
18-03-2008,19789.37
19-03-2008,19791.92
20-03-2008,19794.47
21-03-2008,19797.02
22-03-2008,19799.57
23-03-2008,19802.12
24-03-2008,19804.67
25-03-2008,19807.22
26-03-2008,19809.77
27-03-2008,19812.32
28-03-2008,19814.87
29-03-2008,19817.42
30-03-2008,19819.98
31-03-2008,19822.53
01-04-2008,19825.08
02-04-2008,19827.63
03-04-2008,19830.19
04-04-2008,19832.74
05-04-2008,19835.3
06-04-2008,19837.85
07-04-2008,19840.41
08-04-2008,19842.96
09-04-2008,19845.52
10-04-2008,19850.79
11-04-2008,19856.06
12-04-2008,19861.34
13-04-2008,19866.62
14-04-2008,19871.89
15-04-2008,19877.17
16-04-2008,19882.45
17-04-2008,19887.73
18-04-2008,19893.02
19-04-2008,19898.3
20-04-2008,19903.59
21-04-2008,19908.87
22-04-2008,19914.16
23-04-2008,19919.45
24-04-2008,19924.74
25-04-2008,19930.04
26-04-2008,19935.33
27-04-2008,19940.63
28-04-2008,19945.92
29-04-2008,19951.22
30-04-2008,19956.52
01-05-2008,19961.82
02-05-2008,19967.13
03-05-2008,19972.43
04-05-2008,19977.74
05-05-2008,19983.04
06-05-2008,19988.35
07-05-2008,19993.66
08-05-2008,19998.97
09-05-2008,20004.28
10-05-2008,20006.86
11-05-2008,20009.43
12-05-2008,20012.01
13-05-2008,20014.59
14-05-2008,20017.16
15-05-2008,20019.74
16-05-2008,20022.32
17-05-2008,20024.9
18-05-2008,20027.48
19-05-2008,20030.06
20-05-2008,20032.64
21-05-2008,20035.22
22-05-2008,20037.8
23-05-2008,20040.38
24-05-2008,20042.96
25-05-2008,20045.54
26-05-2008,20048.12
27-05-2008,20050.7
28-05-2008,20053.28
29-05-2008,20055.87
30-05-2008,20058.45
31-05-2008,20061.03
01-06-2008,20063.62
02-06-2008,20066.2
03-06-2008,20068.78
04-06-2008,20071.37
05-06-2008,20073.95
06-06-2008,20076.54
07-06-2008,20079.13
08-06-2008,20081.71
09-06-2008,20084.3
10-06-2008,20092.29
11-06-2008,20100.28
12-06-2008,20108.27
13-06-2008,20116.27
14-06-2008,20124.27
15-06-2008,20132.27
16-06-2008,20140.28
17-06-2008,20148.29
18-06-2008,20156.3
19-06-2008,20164.32
20-06-2008,20172.34
21-06-2008,20180.36
22-06-2008,20188.39
23-06-2008,20196.41
24-06-2008,20204.45
25-06-2008,20212.48
26-06-2008,20220.52
27-06-2008,20228.56
28-06-2008,20236.61
29-06-2008,20244.65
30-06-2008,20252.71
01-07-2008,20260.76
02-07-2008,20268.82
03-07-2008,20276.88
04-07-2008,20284.94
05-07-2008,20293.01
06-07-2008,20301.08
07-07-2008,20309.15
08-07-2008,20317.23
09-07-2008,20325.31
10-07-2008,20335.07
11-07-2008,20344.84
12-07-2008,20354.62
13-07-2008,20364.39
14-07-2008,20374.18
15-07-2008,20383.97
16-07-2008,20393.76
17-07-2008,20403.55
18-07-2008,20413.36
19-07-2008,20423.16
20-07-2008,20432.97
21-07-2008,20442.79
22-07-2008,20452.61
23-07-2008,20462.44
24-07-2008,20472.27
25-07-2008,20482.1
26-07-2008,20491.94
27-07-2008,20501.78
28-07-2008,20511.63
29-07-2008,20521.49
30-07-2008,20531.34
31-07-2008,20541.21
01-08-2008,20551.08
02-08-2008,20560.95
03-08-2008,20570.83
04-08-2008,20580.71
05-08-2008,20590.59
06-08-2008,20600.49
07-08-2008,20610.38
08-08-2008,20620.28
09-08-2008,20630.19
10-08-2008,20637.47
11-08-2008,20644.76
12-08-2008,20652.04
13-08-2008,20659.33
14-08-2008,20666.62
15-08-2008,20673.92
16-08-2008,20681.22
17-08-2008,20688.52
18-08-2008,20695.82
19-08-2008,20703.12
20-08-2008,20710.43
21-08-2008,20717.74
22-08-2008,20725.05
23-08-2008,20732.37
24-08-2008,20739.69
25-08-2008,20747.01
26-08-2008,20754.33
27-08-2008,20761.65
28-08-2008,20768.98
29-08-2008,20776.31
30-08-2008,20783.65
31-08-2008,20790.98
01-09-2008,20798.32
02-09-2008,20805.66
03-09-2008,20813.01
04-09-2008,20820.35
05-09-2008,20827.7
06-09-2008,20835.05
07-09-2008,20842.41
08-09-2008,20849.76
09-09-2008,20857.12
10-09-2008,20863.35
11-09-2008,20869.58
12-09-2008,20875.82
13-09-2008,20882.05
14-09-2008,20888.29
15-09-2008,20894.53
16-09-2008,20900.77
17-09-2008,20907.01
18-09-2008,20913.26
19-09-2008,20919.5
20-09-2008,20925.75
21-09-2008,20932
22-09-2008,20938.26
23-09-2008,20944.51
24-09-2008,20950.77
25-09-2008,20957.02
26-09-2008,20963.28
27-09-2008,20969.55
28-09-2008,20975.81
29-09-2008,20982.08
30-09-2008,20988.34
01-10-2008,20994.61
02-10-2008,21000.88
03-10-2008,21007.16
04-10-2008,21013.43
05-10-2008,21019.71
06-10-2008,21025.99
07-10-2008,21032.27
08-10-2008,21038.55
09-10-2008,21044.83
10-10-2008,21052.26
11-10-2008,21059.69
12-10-2008,21067.12
13-10-2008,21074.56
14-10-2008,21082
15-10-2008,21089.44
16-10-2008,21096.88
17-10-2008,21104.33
18-10-2008,21111.78
19-10-2008,21119.23
20-10-2008,21126.68
21-10-2008,21134.14
22-10-2008,21141.6
23-10-2008,21149.06
24-10-2008,21156.53
25-10-2008,21163.99
26-10-2008,21171.46
27-10-2008,21178.94
28-10-2008,21186.41
29-10-2008,21193.89
30-10-2008,21201.37
31-10-2008,21208.85
01-11-2008,21216.34
02-11-2008,21223.83
03-11-2008,21231.32
04-11-2008,21238.81
05-11-2008,21246.31
06-11-2008,21253.81
07-11-2008,21261.31
08-11-2008,21268.82
09-11-2008,21276.32
10-11-2008,21282.68
11-11-2008,21289.03
12-11-2008,21295.39
13-11-2008,21301.75
14-11-2008,21308.12
15-11-2008,21314.48
16-11-2008,21320.85
17-11-2008,21327.22
18-11-2008,21333.59
19-11-2008,21339.96
20-11-2008,21346.33
21-11-2008,21352.71
22-11-2008,21359.09
23-11-2008,21365.47
24-11-2008,21371.85
25-11-2008,21378.23
26-11-2008,21384.62
27-11-2008,21391.01
28-11-2008,21397.4
29-11-2008,21403.79
30-11-2008,21410.18
01-12-2008,21416.58
02-12-2008,21422.97
03-12-2008,21429.37
04-12-2008,21435.77
05-12-2008,21442.18
06-12-2008,21448.58
07-12-2008,21454.99
08-12-2008,21461.4
09-12-2008,21467.81
10-12-2008,21467.12
11-12-2008,21466.42
12-12-2008,21465.73
13-12-2008,21465.04
14-12-2008,21464.35
15-12-2008,21463.65
16-12-2008,21462.96
17-12-2008,21462.27
18-12-2008,21461.58
19-12-2008,21460.88
20-12-2008,21460.19
21-12-2008,21459.5
22-12-2008,21458.8
23-12-2008,21458.11
24-12-2008,21457.42
25-12-2008,21456.73
26-12-2008,21456.03
27-12-2008,21455.34
28-12-2008,21454.65
29-12-2008,21453.96
30-12-2008,21453.26
31-12-2008,21452.57
01-01-2009,21451.88
02-01-2009,21451.19
03-01-2009,21450.5
04-01-2009,21449.8
05-01-2009,21449.11
06-01-2009,21448.42
07-01-2009,21447.73
08-01-2009,21447.03
09-01-2009,21446.34
10-01-2009,21437.99
11-01-2009,21429.64
12-01-2009,21421.3
13-01-2009,21412.96
14-01-2009,21404.62
15-01-2009,21396.29
16-01-2009,21387.96
17-01-2009,21379.63
18-01-2009,21371.3
19-01-2009,21362.98
20-01-2009,21354.66
21-01-2009,21346.35
22-01-2009,21338.04
23-01-2009,21329.73
24-01-2009,21321.42
25-01-2009,21313.12
26-01-2009,21304.82
27-01-2009,21296.53
28-01-2009,21288.24
29-01-2009,21279.95
30-01-2009,21271.66
31-01-2009,21263.38
01-02-2009,21255.1
02-02-2009,21246.83
03-02-2009,21238.55
04-02-2009,21230.28
05-02-2009,21222.02
06-02-2009,21213.75
07-02-2009,21205.49
08-02-2009,21197.24
09-02-2009,21188.98
10-02-2009,21182.9
11-02-2009,21176.83
12-02-2009,21170.75
13-02-2009,21164.68
14-02-2009,21158.61
15-02-2009,21152.54
16-02-2009,21146.47
17-02-2009,21140.41
18-02-2009,21134.35
19-02-2009,21128.28
20-02-2009,21122.22
21-02-2009,21116.17
22-02-2009,21110.11
23-02-2009,21104.05
24-02-2009,21098
25-02-2009,21091.95
26-02-2009,21085.9
27-02-2009,21079.85
28-02-2009,21073.81
01-03-2009,21067.76
02-03-2009,21061.72
03-03-2009,21055.68
04-03-2009,21049.64
05-03-2009,21043.6
06-03-2009,21037.57
07-03-2009,21031.53
08-03-2009,21025.5
09-03-2009,21019.47
10-03-2009,21016.75
11-03-2009,21014.04
12-03-2009,21011.32
13-03-2009,21008.6
14-03-2009,21005.89
15-03-2009,21003.17
16-03-2009,21000.46
17-03-2009,20997.74
18-03-2009,20995.03
19-03-2009,20992.31
20-03-2009,20989.6
21-03-2009,20986.88
22-03-2009,20984.17
23-03-2009,20981.46
24-03-2009,20978.75
25-03-2009,20976.03
26-03-2009,20973.32
27-03-2009,20970.61
28-03-2009,20967.9
29-03-2009,20965.19
30-03-2009,20962.48
31-03-2009,20959.77
01-04-2009,20957.06
02-04-2009,20954.35
03-04-2009,20951.64
04-04-2009,20948.93
05-04-2009,20946.22
06-04-2009,20943.51
07-04-2009,20940.81
08-04-2009,20938.1
09-04-2009,20935.39
10-04-2009,20938.18
11-04-2009,20940.96
12-04-2009,20943.75
13-04-2009,20946.54
14-04-2009,20949.32
15-04-2009,20952.11
16-04-2009,20954.9
17-04-2009,20957.69
18-04-2009,20960.48
19-04-2009,20963.27
20-04-2009,20966.06
21-04-2009,20968.85
22-04-2009,20971.64
23-04-2009,20974.43
24-04-2009,20977.22
25-04-2009,20980.01
26-04-2009,20982.8
27-04-2009,20985.59
28-04-2009,20988.39
29-04-2009,20991.18
30-04-2009,20993.97
01-05-2009,20996.77
02-05-2009,20999.56
03-05-2009,21002.36
04-05-2009,21005.15
05-05-2009,21007.95
06-05-2009,21010.74
07-05-2009,21013.54
08-05-2009,21016.33
09-05-2009,21019.13
10-05-2009,21017.77
11-05-2009,21016.42
12-05-2009,21015.06
13-05-2009,21013.7
14-05-2009,21012.34
15-05-2009,21010.99
16-05-2009,21009.63
17-05-2009,21008.27
18-05-2009,21006.92
19-05-2009,21005.56
20-05-2009,21004.2
21-05-2009,21002.85
22-05-2009,21001.49
23-05-2009,21000.13
24-05-2009,20998.78
25-05-2009,20997.42
26-05-2009,20996.07
27-05-2009,20994.71
28-05-2009,20993.35
29-05-2009,20992
30-05-2009,20990.64
31-05-2009,20989.29
01-06-2009,20987.93
02-06-2009,20986.58
03-06-2009,20985.22
04-06-2009,20983.87
05-06-2009,20982.51
06-06-2009,20981.16
07-06-2009,20979.8
08-06-2009,20978.45
09-06-2009,20977.09
10-06-2009,20974.99
11-06-2009,20972.89
12-06-2009,20970.79
13-06-2009,20968.69
14-06-2009,20966.59
15-06-2009,20964.49
16-06-2009,20962.39
17-06-2009,20960.29
18-06-2009,20958.19
19-06-2009,20956.09
20-06-2009,20953.99
21-06-2009,20951.89
22-06-2009,20949.8
23-06-2009,20947.7
24-06-2009,20945.6
25-06-2009,20943.5
26-06-2009,20941.41
27-06-2009,20939.31
28-06-2009,20937.21
29-06-2009,20935.11
30-06-2009,20933.02
01-07-2009,20930.92
02-07-2009,20928.83
03-07-2009,20926.73
04-07-2009,20924.63
05-07-2009,20922.54
06-07-2009,20920.44
07-07-2009,20918.35
08-07-2009,20916.25
09-07-2009,20914.16
10-07-2009,20916.18
11-07-2009,20918.2
12-07-2009,20920.22
13-07-2009,20922.25
14-07-2009,20924.27
15-07-2009,20926.29
16-07-2009,20928.31
17-07-2009,20930.33
18-07-2009,20932.36
19-07-2009,20934.38
20-07-2009,20936.4
21-07-2009,20938.43
22-07-2009,20940.45
23-07-2009,20942.47
24-07-2009,20944.5
25-07-2009,20946.52
26-07-2009,20948.54
27-07-2009,20950.57
28-07-2009,20952.59
29-07-2009,20954.62
30-07-2009,20956.64
31-07-2009,20958.67
01-08-2009,20960.69
02-08-2009,20962.72
03-08-2009,20964.74
04-08-2009,20966.77
05-08-2009,20968.8
06-08-2009,20970.82
07-08-2009,20972.85
08-08-2009,20974.88
09-08-2009,20976.9
10-08-2009,20974.19
11-08-2009,20971.48
12-08-2009,20968.77
13-08-2009,20966.05
14-08-2009,20963.34
15-08-2009,20960.63
16-08-2009,20957.92
17-08-2009,20955.21
18-08-2009,20952.51
19-08-2009,20949.8
20-08-2009,20947.09
21-08-2009,20944.38
22-08-2009,20941.67
23-08-2009,20938.96
24-08-2009,20936.26
25-08-2009,20933.55
26-08-2009,20930.84
27-08-2009,20928.14
28-08-2009,20925.43
29-08-2009,20922.73
30-08-2009,20920.02
31-08-2009,20917.32
01-09-2009,20914.61
02-09-2009,20911.91
03-09-2009,20909.21
04-09-2009,20906.5
05-09-2009,20903.8
06-09-2009,20901.1
07-09-2009,20898.4
08-09-2009,20895.69
09-09-2009,20892.99
10-09-2009,20890.2
11-09-2009,20887.41
12-09-2009,20884.62
13-09-2009,20881.83
14-09-2009,20879.04
15-09-2009,20876.25
16-09-2009,20873.46
17-09-2009,20870.67
18-09-2009,20867.88
19-09-2009,20865.1
20-09-2009,20862.31
21-09-2009,20859.52
22-09-2009,20856.73
23-09-2009,20853.95
24-09-2009,20851.16
25-09-2009,20848.38
26-09-2009,20845.59
27-09-2009,20842.81
28-09-2009,20840.02
29-09-2009,20837.24
30-09-2009,20834.45
01-10-2009,20831.67
02-10-2009,20828.89
03-10-2009,20826.11
04-10-2009,20823.32
05-10-2009,20820.54
06-10-2009,20817.76
07-10-2009,20814.98
08-10-2009,20812.2
09-10-2009,20809.42
10-10-2009,20816.1
11-10-2009,20822.78
12-10-2009,20829.47
13-10-2009,20836.15
14-10-2009,20842.84
15-10-2009,20849.53
16-10-2009,20856.23
17-10-2009,20862.92
18-10-2009,20869.62
19-10-2009,20876.32
20-10-2009,20883.02
21-10-2009,20889.73
22-10-2009,20896.43
23-10-2009,20903.14
24-10-2009,20909.85
25-10-2009,20916.56
26-10-2009,20923.28
27-10-2009,20930
28-10-2009,20936.72
29-10-2009,20943.44
30-10-2009,20950.16
31-10-2009,20956.89
01-11-2009,20963.61
02-11-2009,20970.34
03-11-2009,20977.08
04-11-2009,20983.81
05-11-2009,20990.55
06-11-2009,20997.29
07-11-2009,21004.03
08-11-2009,21010.77
09-11-2009,21017.51
10-11-2009,21017.51
11-11-2009,21017.51
12-11-2009,21017.51
13-11-2009,21017.51
14-11-2009,21017.51
15-11-2009,21017.51
16-11-2009,21017.51
17-11-2009,21017.51
18-11-2009,21017.51
19-11-2009,21017.51
20-11-2009,21017.51
21-11-2009,21017.51
22-11-2009,21017.51
23-11-2009,21017.51
24-11-2009,21017.51
25-11-2009,21017.51
26-11-2009,21017.51
27-11-2009,21017.51
28-11-2009,21017.51
29-11-2009,21017.51
30-11-2009,21017.51
01-12-2009,21017.51
02-12-2009,21017.51
03-12-2009,21017.51
04-12-2009,21017.51
05-12-2009,21017.51
06-12-2009,21017.51
07-12-2009,21017.51
08-12-2009,21017.51
09-12-2009,21017.51
10-12-2009,21014.11
11-12-2009,21010.71
12-12-2009,21007.32
13-12-2009,21003.92
14-12-2009,21000.52
15-12-2009,20997.13
16-12-2009,20993.73
17-12-2009,20990.34
18-12-2009,20986.95
19-12-2009,20983.55
20-12-2009,20980.16
21-12-2009,20976.77
22-12-2009,20973.38
23-12-2009,20969.99
24-12-2009,20966.6
25-12-2009,20963.21
26-12-2009,20959.82
27-12-2009,20956.43
28-12-2009,20953.04
29-12-2009,20949.65
30-12-2009,20946.26
31-12-2009,20942.88
01-01-2010,20939.49
02-01-2010,20936.11
03-01-2010,20932.72
04-01-2010,20929.34
05-01-2010,20925.95
06-01-2010,20922.57
07-01-2010,20919.19
08-01-2010,20915.8
09-01-2010,20912.42
10-01-2010,20910.39
11-01-2010,20908.37
12-01-2010,20906.34
13-01-2010,20904.31
14-01-2010,20902.29
15-01-2010,20900.26
16-01-2010,20898.24
17-01-2010,20896.21
18-01-2010,20894.19
19-01-2010,20892.16
20-01-2010,20890.14
21-01-2010,20888.11
22-01-2010,20886.09
23-01-2010,20884.06
24-01-2010,20882.04
25-01-2010,20880.02
26-01-2010,20877.99
27-01-2010,20875.97
28-01-2010,20873.95
29-01-2010,20871.92
30-01-2010,20869.9
31-01-2010,20867.88
01-02-2010,20865.85
02-02-2010,20863.83
03-02-2010,20861.81
04-02-2010,20859.79
05-02-2010,20857.77
06-02-2010,20855.75
07-02-2010,20853.72
08-02-2010,20851.7
09-02-2010,20849.68
10-02-2010,20853.39
11-02-2010,20857.11
12-02-2010,20860.82
13-02-2010,20864.54
14-02-2010,20868.26
15-02-2010,20871.98
16-02-2010,20875.69
17-02-2010,20879.41
18-02-2010,20883.13
19-02-2010,20886.85
20-02-2010,20890.57
21-02-2010,20894.29
22-02-2010,20898.02
23-02-2010,20901.74
24-02-2010,20905.46
25-02-2010,20909.19
26-02-2010,20912.91
27-02-2010,20916.64
28-02-2010,20920.36
01-03-2010,20924.09
02-03-2010,20927.82
03-03-2010,20931.55
04-03-2010,20935.27
05-03-2010,20939
06-03-2010,20942.73
07-03-2010,20946.46
08-03-2010,20950.2
09-03-2010,20953.93
10-03-2010,20955.95
11-03-2010,20957.98
12-03-2010,20960.01
13-03-2010,20962.03
14-03-2010,20964.06
15-03-2010,20966.08
16-03-2010,20968.11
17-03-2010,20970.13
18-03-2010,20972.16
19-03-2010,20974.19
20-03-2010,20976.21
21-03-2010,20978.24
22-03-2010,20980.27
23-03-2010,20982.3
24-03-2010,20984.32
25-03-2010,20986.35
26-03-2010,20988.38
27-03-2010,20990.41
28-03-2010,20992.44
29-03-2010,20994.46
30-03-2010,20996.49
31-03-2010,20998.52
01-04-2010,21000.55
02-04-2010,21002.58
03-04-2010,21004.61
04-04-2010,21006.64
05-04-2010,21008.67
06-04-2010,21010.7
07-04-2010,21012.73
08-04-2010,21014.76
09-04-2010,21016.79
10-04-2010,21017.49
11-04-2010,21018.19
12-04-2010,21018.89
13-04-2010,21019.59
14-04-2010,21020.29
15-04-2010,21020.99
16-04-2010,21021.69
17-04-2010,21022.39
18-04-2010,21023.09
19-04-2010,21023.79
20-04-2010,21024.49
21-04-2010,21025.19
22-04-2010,21025.89
23-04-2010,21026.6
24-04-2010,21027.3
25-04-2010,21028
26-04-2010,21028.7
27-04-2010,21029.4
28-04-2010,21030.1
29-04-2010,21030.8
30-04-2010,21031.5
01-05-2010,21032.2
02-05-2010,21032.9
03-05-2010,21033.6
04-05-2010,21034.3
05-05-2010,21035
06-05-2010,21035.7
07-05-2010,21036.41
08-05-2010,21037.11
09-05-2010,21037.81
10-05-2010,21041.2
11-05-2010,21044.58
12-05-2010,21047.97
13-05-2010,21051.35
14-05-2010,21054.74
15-05-2010,21058.13
16-05-2010,21061.52
17-05-2010,21064.91
18-05-2010,21068.29
19-05-2010,21071.68
20-05-2010,21075.08
21-05-2010,21078.47
22-05-2010,21081.86
23-05-2010,21085.25
24-05-2010,21088.64
25-05-2010,21092.04
26-05-2010,21095.43
27-05-2010,21098.82
28-05-2010,21102.22
29-05-2010,21105.61
30-05-2010,21109.01
31-05-2010,21112.41
01-06-2010,21115.8
02-06-2010,21119.2
03-06-2010,21122.6
04-06-2010,21126
05-06-2010,21129.4
06-06-2010,21132.8
07-06-2010,21136.2
08-06-2010,21139.6
09-06-2010,21143
10-06-2010,21145.81
11-06-2010,21148.63
12-06-2010,21151.44
13-06-2010,21154.26
14-06-2010,21157.07
15-06-2010,21159.89
16-06-2010,21162.7
17-06-2010,21165.52
18-06-2010,21168.34
19-06-2010,21171.15
20-06-2010,21173.97
21-06-2010,21176.79
22-06-2010,21179.61
23-06-2010,21182.42
24-06-2010,21185.24
25-06-2010,21188.06
26-06-2010,21190.88
27-06-2010,21193.7
28-06-2010,21196.52
29-06-2010,21199.34
30-06-2010,21202.16
01-07-2010,21204.99
02-07-2010,21207.81
03-07-2010,21210.63
04-07-2010,21213.45
05-07-2010,21216.28
06-07-2010,21219.1
07-07-2010,21221.92
08-07-2010,21224.75
09-07-2010,21227.57
10-07-2010,21227.57
11-07-2010,21227.57
12-07-2010,21227.57
13-07-2010,21227.57
14-07-2010,21227.57
15-07-2010,21227.57
16-07-2010,21227.57
17-07-2010,21227.57
18-07-2010,21227.57
19-07-2010,21227.57
20-07-2010,21227.57
21-07-2010,21227.57
22-07-2010,21227.57
23-07-2010,21227.57
24-07-2010,21227.57
25-07-2010,21227.57
26-07-2010,21227.57
27-07-2010,21227.57
28-07-2010,21227.57
29-07-2010,21227.57
30-07-2010,21227.57
31-07-2010,21227.57
01-08-2010,21227.57
02-08-2010,21227.57
03-08-2010,21227.57
04-08-2010,21227.57
05-08-2010,21227.57
06-08-2010,21227.57
07-08-2010,21227.57
08-08-2010,21227.57
09-08-2010,21227.57
10-08-2010,21231.67
11-08-2010,21235.76
12-08-2010,21239.86
13-08-2010,21243.96
14-08-2010,21248.06
15-08-2010,21252.16
16-08-2010,21256.26
17-08-2010,21260.37
18-08-2010,21264.47
19-08-2010,21268.57
20-08-2010,21272.68
21-08-2010,21276.78
22-08-2010,21280.89
23-08-2010,21285
24-08-2010,21289.1
25-08-2010,21293.21
26-08-2010,21297.32
27-08-2010,21301.43
28-08-2010,21305.54
29-08-2010,21309.65
30-08-2010,21313.77
31-08-2010,21317.88
01-09-2010,21321.99
02-09-2010,21326.11
03-09-2010,21330.22
04-09-2010,21334.34
05-09-2010,21338.46
06-09-2010,21342.58
07-09-2010,21346.7
08-09-2010,21350.81
09-09-2010,21354.94
10-09-2010,21354.23
11-09-2010,21353.52
12-09-2010,21352.8
13-09-2010,21352.09
14-09-2010,21351.38
15-09-2010,21350.67
16-09-2010,21349.96
17-09-2010,21349.24
18-09-2010,21348.53
19-09-2010,21347.82
20-09-2010,21347.11
21-09-2010,21346.4
22-09-2010,21345.68
23-09-2010,21344.97
24-09-2010,21344.26
25-09-2010,21343.55
26-09-2010,21342.84
27-09-2010,21342.12
28-09-2010,21341.41
29-09-2010,21340.7
30-09-2010,21339.99
01-10-2010,21339.28
02-10-2010,21338.57
03-10-2010,21337.85
04-10-2010,21337.14
05-10-2010,21336.43
06-10-2010,21335.72
07-10-2010,21335.01
08-10-2010,21334.3
09-10-2010,21333.59
10-10-2010,21336.34
11-10-2010,21339.09
12-10-2010,21341.83
13-10-2010,21344.58
14-10-2010,21347.33
15-10-2010,21350.08
16-10-2010,21352.83
17-10-2010,21355.58
18-10-2010,21358.33
19-10-2010,21361.08
20-10-2010,21363.83
21-10-2010,21366.58
22-10-2010,21369.33
23-10-2010,21372.09
24-10-2010,21374.84
25-10-2010,21377.59
26-10-2010,21380.34
27-10-2010,21383.1
28-10-2010,21385.85
29-10-2010,21388.61
30-10-2010,21391.36
31-10-2010,21394.11
01-11-2010,21396.87
02-11-2010,21399.63
03-11-2010,21402.38
04-11-2010,21405.14
05-11-2010,21407.89
06-11-2010,21410.65
07-11-2010,21413.41
08-11-2010,21416.17
09-11-2010,21418.92
10-11-2010,21419.63
11-11-2010,21420.35
12-11-2010,21421.06
13-11-2010,21421.77
14-11-2010,21422.49
15-11-2010,21423.2
16-11-2010,21423.92
17-11-2010,21424.63
18-11-2010,21425.34
19-11-2010,21426.06
20-11-2010,21426.77
21-11-2010,21427.48
22-11-2010,21428.2
23-11-2010,21428.91
24-11-2010,21429.63
25-11-2010,21430.34
26-11-2010,21431.05
27-11-2010,21431.77
28-11-2010,21432.48
29-11-2010,21433.2
30-11-2010,21433.91
01-12-2010,21434.63
02-12-2010,21435.34
03-12-2010,21436.05
04-12-2010,21436.77
05-12-2010,21437.48
06-12-2010,21438.2
07-12-2010,21438.91
08-12-2010,21439.62
09-12-2010,21440.34
10-12-2010,21441.03
11-12-2010,21441.72
12-12-2010,21442.41
13-12-2010,21443.11
14-12-2010,21443.8
15-12-2010,21444.49
16-12-2010,21445.18
17-12-2010,21445.87
18-12-2010,21446.56
19-12-2010,21447.25
20-12-2010,21447.95
21-12-2010,21448.64
22-12-2010,21449.33
23-12-2010,21450.02
24-12-2010,21450.71
25-12-2010,21451.4
26-12-2010,21452.09
27-12-2010,21452.79
28-12-2010,21453.48
29-12-2010,21454.17
30-12-2010,21454.86
31-12-2010,21455.55
01-01-2011,21456.25
02-01-2011,21456.94
03-01-2011,21457.63
04-01-2011,21458.32
05-01-2011,21459.01
06-01-2011,21459.7
07-01-2011,21460.4
08-01-2011,21461.09
09-01-2011,21461.78
10-01-2011,21462.47
11-01-2011,21463.16
12-01-2011,21463.86
13-01-2011,21464.55
14-01-2011,21465.24
15-01-2011,21465.93
16-01-2011,21466.62
17-01-2011,21467.32
18-01-2011,21468.01
19-01-2011,21468.7
20-01-2011,21469.39
21-01-2011,21470.09
22-01-2011,21470.78
23-01-2011,21471.47
24-01-2011,21472.16
25-01-2011,21472.85
26-01-2011,21473.55
27-01-2011,21474.24
28-01-2011,21474.93
29-01-2011,21475.62
30-01-2011,21476.32
31-01-2011,21477.01
01-02-2011,21477.7
02-02-2011,21478.39
03-02-2011,21479.09
04-02-2011,21479.78
05-02-2011,21480.47
06-02-2011,21481.16
07-02-2011,21481.86
08-02-2011,21482.55
09-02-2011,21483.24
10-02-2011,21485.54
11-02-2011,21487.84
12-02-2011,21490.14
13-02-2011,21492.44
14-02-2011,21494.73
15-02-2011,21497.03
16-02-2011,21499.33
17-02-2011,21501.63
18-02-2011,21503.93
19-02-2011,21506.24
20-02-2011,21508.54
21-02-2011,21510.84
22-02-2011,21513.14
23-02-2011,21515.44
24-02-2011,21517.74
25-02-2011,21520.04
26-02-2011,21522.35
27-02-2011,21524.65
28-02-2011,21526.95
01-03-2011,21529.26
02-03-2011,21531.56
03-03-2011,21533.86
04-03-2011,21536.17
05-03-2011,21538.47
06-03-2011,21540.78
07-03-2011,21543.08
08-03-2011,21545.38
09-03-2011,21547.69
10-03-2011,21549.08
11-03-2011,21550.47
12-03-2011,21551.86
13-03-2011,21553.25
14-03-2011,21554.64
15-03-2011,21556.02
16-03-2011,21557.41
17-03-2011,21558.8
18-03-2011,21560.19
19-03-2011,21561.58
20-03-2011,21562.97
21-03-2011,21564.36
22-03-2011,21565.75
23-03-2011,21567.14
24-03-2011,21568.53
25-03-2011,21569.92
26-03-2011,21571.31
27-03-2011,21572.7
28-03-2011,21574.09
29-03-2011,21575.48
30-03-2011,21576.87
31-03-2011,21578.26
01-04-2011,21579.66
02-04-2011,21581.05
03-04-2011,21582.44
04-04-2011,21583.83
05-04-2011,21585.22
06-04-2011,21586.61
07-04-2011,21588
08-04-2011,21589.39
09-04-2011,21590.79
10-04-2011,21596.53
11-04-2011,21602.26
12-04-2011,21608
13-04-2011,21613.74
14-04-2011,21619.48
15-04-2011,21625.23
16-04-2011,21630.97
17-04-2011,21636.72
18-04-2011,21642.46
19-04-2011,21648.21
20-04-2011,21653.96
21-04-2011,21659.72
22-04-2011,21665.47
23-04-2011,21671.22
24-04-2011,21676.98
25-04-2011,21682.74
26-04-2011,21688.5
27-04-2011,21694.26
28-04-2011,21700.02
29-04-2011,21705.79
30-04-2011,21711.55
01-05-2011,21717.32
02-05-2011,21723.09
03-05-2011,21728.86
04-05-2011,21734.63
05-05-2011,21740.41
06-05-2011,21746.18
07-05-2011,21751.96
08-05-2011,21757.74
09-05-2011,21763.52
10-05-2011,21765.62
11-05-2011,21767.73
12-05-2011,21769.83
13-05-2011,21771.93
14-05-2011,21774.04
15-05-2011,21776.14
16-05-2011,21778.25
17-05-2011,21780.35
18-05-2011,21782.46
19-05-2011,21784.56
20-05-2011,21786.67
21-05-2011,21788.77
22-05-2011,21790.88
23-05-2011,21792.98
24-05-2011,21795.09
25-05-2011,21797.19
26-05-2011,21799.3
27-05-2011,21801.41
28-05-2011,21803.51
29-05-2011,21805.62
30-05-2011,21807.73
31-05-2011,21809.84
01-06-2011,21811.94
02-06-2011,21814.05
03-06-2011,21816.16
04-06-2011,21818.27
05-06-2011,21820.37
06-06-2011,21822.48
07-06-2011,21824.59
08-06-2011,21826.7
09-06-2011,21828.81
10-06-2011,21831.71
11-06-2011,21834.62
12-06-2011,21837.53
13-06-2011,21840.43
14-06-2011,21843.34
15-06-2011,21846.25
16-06-2011,21849.15
17-06-2011,21852.06
18-06-2011,21854.97
19-06-2011,21857.88
20-06-2011,21860.79
21-06-2011,21863.69
22-06-2011,21866.6
23-06-2011,21869.51
24-06-2011,21872.42
25-06-2011,21875.33
26-06-2011,21878.25
27-06-2011,21881.16
28-06-2011,21884.07
29-06-2011,21886.98
30-06-2011,21889.89
01-07-2011,21892.81
02-07-2011,21895.72
03-07-2011,21898.63
04-07-2011,21901.55
05-07-2011,21904.46
06-07-2011,21907.38
07-07-2011,21910.29
08-07-2011,21913.21
09-07-2011,21916.13
10-07-2011,21917.54
11-07-2011,21918.96
12-07-2011,21920.37
13-07-2011,21921.78
14-07-2011,21923.19
15-07-2011,21924.61
16-07-2011,21926.02
17-07-2011,21927.43
18-07-2011,21928.85
19-07-2011,21930.26
20-07-2011,21931.67
21-07-2011,21933.09
22-07-2011,21934.5
23-07-2011,21935.91
24-07-2011,21937.33
25-07-2011,21938.74
26-07-2011,21940.16
27-07-2011,21941.57
28-07-2011,21942.98
29-07-2011,21944.4
30-07-2011,21945.81
31-07-2011,21947.23
01-08-2011,21948.64
02-08-2011,21950.06
03-08-2011,21951.47
04-08-2011,21952.89
05-08-2011,21954.3
06-08-2011,21955.72
07-08-2011,21957.13
08-08-2011,21958.55
09-08-2011,21959.96
10-08-2011,21960.67
11-08-2011,21961.38
12-08-2011,21962.08
13-08-2011,21962.79
14-08-2011,21963.5
15-08-2011,21964.21
16-08-2011,21964.92
17-08-2011,21965.62
18-08-2011,21966.33
19-08-2011,21967.04
20-08-2011,21967.75
21-08-2011,21968.46
22-08-2011,21969.17
23-08-2011,21969.87
24-08-2011,21970.58
25-08-2011,21971.29
26-08-2011,21972
27-08-2011,21972.71
28-08-2011,21973.42
29-08-2011,21974.13
30-08-2011,21974.83
31-08-2011,21975.54
01-09-2011,21976.25
02-09-2011,21976.96
03-09-2011,21977.67
04-09-2011,21978.38
05-09-2011,21979.09
06-09-2011,21979.79
07-09-2011,21980.5
08-09-2011,21981.21
09-09-2011,21981.92
10-09-2011,21983.38
11-09-2011,21984.85
12-09-2011,21986.31
13-09-2011,21987.78
14-09-2011,21989.24
15-09-2011,21990.71
16-09-2011,21992.17
17-09-2011,21993.64
18-09-2011,21995.1
19-09-2011,21996.56
20-09-2011,21998.03
21-09-2011,21999.49
22-09-2011,22000.96
23-09-2011,22002.43
24-09-2011,22003.89
25-09-2011,22005.36
26-09-2011,22006.82
27-09-2011,22008.29
28-09-2011,22009.75
29-09-2011,22011.22
30-09-2011,22012.69
01-10-2011,22014.15
02-10-2011,22015.62
03-10-2011,22017.08
04-10-2011,22018.55
05-10-2011,22020.02
06-10-2011,22021.48
07-10-2011,22022.95
08-10-2011,22024.42
09-10-2011,22025.88
10-10-2011,22029.42
11-10-2011,22032.97
12-10-2011,22036.51
13-10-2011,22040.06
14-10-2011,22043.61
15-10-2011,22047.15
16-10-2011,22050.7
17-10-2011,22054.25
18-10-2011,22057.8
19-10-2011,22061.35
20-10-2011,22064.9
21-10-2011,22068.45
22-10-2011,22072
23-10-2011,22075.55
24-10-2011,22079.1
25-10-2011,22082.65
26-10-2011,22086.21
27-10-2011,22089.76
28-10-2011,22093.31
29-10-2011,22096.87
30-10-2011,22100.42
31-10-2011,22103.98
01-11-2011,22107.54
02-11-2011,22111.09
03-11-2011,22114.65
04-11-2011,22118.21
05-11-2011,22121.77
06-11-2011,22125.33
07-11-2011,22128.89
08-11-2011,22132.45
09-11-2011,22136.01
10-11-2011,22139.69
11-11-2011,22143.37
12-11-2011,22147.05
13-11-2011,22150.74
14-11-2011,22154.42
15-11-2011,22158.1
16-11-2011,22161.79
17-11-2011,22165.47
18-11-2011,22169.16
19-11-2011,22172.84
20-11-2011,22176.53
21-11-2011,22180.22
22-11-2011,22183.9
23-11-2011,22187.59
24-11-2011,22191.28
25-11-2011,22194.97
26-11-2011,22198.66
27-11-2011,22202.35
28-11-2011,22206.04
29-11-2011,22209.74
30-11-2011,22213.43
01-12-2011,22217.12
02-12-2011,22220.82
03-12-2011,22224.51
04-12-2011,22228.21
05-12-2011,22231.9
06-12-2011,22235.6
07-12-2011,22239.29
08-12-2011,22242.99
09-12-2011,22246.69
10-12-2011,22248.84
11-12-2011,22250.99
12-12-2011,22253.14
13-12-2011,22255.29
14-12-2011,22257.44
15-12-2011,22259.59
16-12-2011,22261.74
17-12-2011,22263.89
18-12-2011,22266.05
19-12-2011,22268.2
20-12-2011,22270.35
21-12-2011,22272.5
22-12-2011,22274.65
23-12-2011,22276.81
24-12-2011,22278.96
25-12-2011,22281.11
26-12-2011,22283.26
27-12-2011,22285.42
28-12-2011,22287.57
29-12-2011,22289.73
30-12-2011,22291.88
31-12-2011,22294.03
01-01-2012,22296.19
02-01-2012,22298.34
03-01-2012,22300.5
04-01-2012,22302.65
05-01-2012,22304.81
06-01-2012,22306.96
07-01-2012,22309.12
08-01-2012,22311.27
09-01-2012,22313.43
10-01-2012,22317.74
11-01-2012,22322.04
12-01-2012,22326.35
13-01-2012,22330.66
14-01-2012,22334.97
15-01-2012,22339.28
16-01-2012,22343.59
17-01-2012,22347.9
18-01-2012,22352.22
19-01-2012,22356.53
20-01-2012,22360.84
21-01-2012,22365.16
22-01-2012,22369.48
23-01-2012,22373.79
24-01-2012,22378.11
25-01-2012,22382.43
26-01-2012,22386.75
27-01-2012,22391.07
28-01-2012,22395.39
29-01-2012,22399.71
30-01-2012,22404.04
31-01-2012,22408.36
01-02-2012,22412.68
02-02-2012,22417.01
03-02-2012,22421.34
04-02-2012,22425.66
05-02-2012,22429.99
06-02-2012,22434.32
07-02-2012,22438.65
08-02-2012,22442.98
09-02-2012,22447.31
10-02-2012,22448.08
11-02-2012,22448.86
12-02-2012,22449.63
13-02-2012,22450.4
14-02-2012,22451.18
15-02-2012,22451.95
16-02-2012,22452.73
17-02-2012,22453.5
18-02-2012,22454.27
19-02-2012,22455.05
20-02-2012,22455.82
21-02-2012,22456.6
22-02-2012,22457.37
23-02-2012,22458.14
24-02-2012,22458.92
25-02-2012,22459.69
26-02-2012,22460.47
27-02-2012,22461.24
28-02-2012,22462.01
29-02-2012,22462.79
01-03-2012,22463.56
02-03-2012,22464.34
03-03-2012,22465.11
04-03-2012,22465.89
05-03-2012,22466.66
06-03-2012,22467.43
07-03-2012,22468.21
08-03-2012,22468.98
09-03-2012,22469.76
10-03-2012,22472.65
11-03-2012,22475.55
12-03-2012,22478.44
13-03-2012,22481.34
14-03-2012,22484.23
15-03-2012,22487.13
16-03-2012,22490.02
17-03-2012,22492.92
18-03-2012,22495.82
19-03-2012,22498.71
20-03-2012,22501.61
21-03-2012,22504.51
22-03-2012,22507.41
23-03-2012,22510.31
24-03-2012,22513.21
25-03-2012,22516.1
26-03-2012,22519
27-03-2012,22521.9
28-03-2012,22524.8
29-03-2012,22527.71
30-03-2012,22530.61
31-03-2012,22533.51
01-04-2012,22536.41
02-04-2012,22539.31
03-04-2012,22542.22
04-04-2012,22545.12
05-04-2012,22548.02
06-04-2012,22550.93
07-04-2012,22553.83
08-04-2012,22556.73
09-04-2012,22559.64
10-04-2012,22561.14
11-04-2012,22562.65
12-04-2012,22564.15
13-04-2012,22565.65
14-04-2012,22567.15
15-04-2012,22568.66
16-04-2012,22570.16
17-04-2012,22571.66
18-04-2012,22573.17
19-04-2012,22574.67
20-04-2012,22576.17
21-04-2012,22577.68
22-04-2012,22579.18
23-04-2012,22580.68
24-04-2012,22582.19
25-04-2012,22583.69
26-04-2012,22585.2
27-04-2012,22586.7
28-04-2012,22588.21
29-04-2012,22589.71
30-04-2012,22591.21
01-05-2012,22592.72
02-05-2012,22594.22
03-05-2012,22595.73
04-05-2012,22597.23
05-05-2012,22598.74
06-05-2012,22600.24
07-05-2012,22601.75
08-05-2012,22603.25
09-05-2012,22604.76
10-05-2012,22605.49
11-05-2012,22606.22
12-05-2012,22606.95
13-05-2012,22607.68
14-05-2012,22608.4
15-05-2012,22609.13
16-05-2012,22609.86
17-05-2012,22610.59
18-05-2012,22611.32
19-05-2012,22612.05
20-05-2012,22612.78
21-05-2012,22613.51
22-05-2012,22614.24
23-05-2012,22614.97
24-05-2012,22615.69
25-05-2012,22616.42
26-05-2012,22617.15
27-05-2012,22617.88
28-05-2012,22618.61
29-05-2012,22619.34
30-05-2012,22620.07
31-05-2012,22620.8
01-06-2012,22621.53
02-06-2012,22622.26
03-06-2012,22622.99
04-06-2012,22623.72
05-06-2012,22624.45
06-06-2012,22625.18
07-06-2012,22625.91
08-06-2012,22626.64
09-06-2012,22627.36
10-06-2012,22627.36
11-06-2012,22627.36
12-06-2012,22627.36
13-06-2012,22627.36
14-06-2012,22627.36
15-06-2012,22627.36
16-06-2012,22627.36
17-06-2012,22627.36
18-06-2012,22627.36
19-06-2012,22627.36
20-06-2012,22627.36
21-06-2012,22627.36
22-06-2012,22627.36
23-06-2012,22627.36
24-06-2012,22627.36
25-06-2012,22627.36
26-06-2012,22627.36
27-06-2012,22627.36
28-06-2012,22627.36
29-06-2012,22627.36
30-06-2012,22627.36
01-07-2012,22627.36
02-07-2012,22627.36
03-07-2012,22627.36
04-07-2012,22627.36
05-07-2012,22627.36
06-07-2012,22627.36
07-07-2012,22627.36
08-07-2012,22627.36
09-07-2012,22627.36
10-07-2012,22625.17
11-07-2012,22622.97
12-07-2012,22620.78
13-07-2012,22618.59
14-07-2012,22616.4
15-07-2012,22614.21
16-07-2012,22612.01
17-07-2012,22609.82
18-07-2012,22607.63
19-07-2012,22605.44
20-07-2012,22603.25
21-07-2012,22601.06
22-07-2012,22598.87
23-07-2012,22596.68
24-07-2012,22594.49
25-07-2012,22592.3
26-07-2012,22590.11
27-07-2012,22587.92
28-07-2012,22585.73
29-07-2012,22583.54
30-07-2012,22581.35
31-07-2012,22579.16
01-08-2012,22576.98
02-08-2012,22574.79
03-08-2012,22572.6
04-08-2012,22570.41
05-08-2012,22568.23
06-08-2012,22566.04
07-08-2012,22563.85
08-08-2012,22561.66
09-08-2012,22559.48
10-08-2012,22559.48
11-08-2012,22559.48
12-08-2012,22559.48
13-08-2012,22559.48
14-08-2012,22559.48
15-08-2012,22559.48
16-08-2012,22559.48
17-08-2012,22559.48
18-08-2012,22559.48
19-08-2012,22559.48
20-08-2012,22559.48
21-08-2012,22559.48
22-08-2012,22559.48
23-08-2012,22559.48
24-08-2012,22559.48
25-08-2012,22559.48
26-08-2012,22559.48
27-08-2012,22559.48
28-08-2012,22559.48
29-08-2012,22559.48
30-08-2012,22559.48
31-08-2012,22559.48
01-09-2012,22559.48
02-09-2012,22559.48
03-09-2012,22559.48
04-09-2012,22559.48
05-09-2012,22559.48
06-09-2012,22559.48
07-09-2012,22559.48
08-09-2012,22559.48
09-09-2012,22559.48
10-09-2012,22560.98
11-09-2012,22562.49
12-09-2012,22563.99
13-09-2012,22565.49
14-09-2012,22566.99
15-09-2012,22568.5
16-09-2012,22570
17-09-2012,22571.5
18-09-2012,22573.01
19-09-2012,22574.51
20-09-2012,22576.01
21-09-2012,22577.52
22-09-2012,22579.02
23-09-2012,22580.52
24-09-2012,22582.03
25-09-2012,22583.53
26-09-2012,22585.04
27-09-2012,22586.54
28-09-2012,22588.04
29-09-2012,22589.55
30-09-2012,22591.05
01-10-2012,22592.56
02-10-2012,22594.06
03-10-2012,22595.57
04-10-2012,22597.07
05-10-2012,22598.58
06-10-2012,22600.08
07-10-2012,22601.59
08-10-2012,22603.09
09-10-2012,22604.6
10-10-2012,22610.41
11-10-2012,22616.22
12-10-2012,22622.04
13-10-2012,22627.85
14-10-2012,22633.67
15-10-2012,22639.49
16-10-2012,22645.31
17-10-2012,22651.13
18-10-2012,22656.95
19-10-2012,22662.78
20-10-2012,22668.6
21-10-2012,22674.43
22-10-2012,22680.26
23-10-2012,22686.09
24-10-2012,22691.92
25-10-2012,22697.76
26-10-2012,22703.59
27-10-2012,22709.43
28-10-2012,22715.26
29-10-2012,22721.1
30-10-2012,22726.94
31-10-2012,22732.79
01-11-2012,22738.63
02-11-2012,22744.48
03-11-2012,22750.32
04-11-2012,22756.17
05-11-2012,22762.02
06-11-2012,22767.87
07-11-2012,22773.73
08-11-2012,22779.58
09-11-2012,22785.44
10-11-2012,22789.98
11-11-2012,22794.53
12-11-2012,22799.07
13-11-2012,22803.62
14-11-2012,22808.17
15-11-2012,22812.72
16-11-2012,22817.27
17-11-2012,22821.82
18-11-2012,22826.37
19-11-2012,22830.92
20-11-2012,22835.47
21-11-2012,22840.03
22-11-2012,22844.58
23-11-2012,22849.14
24-11-2012,22853.69
25-11-2012,22858.25
26-11-2012,22862.81
27-11-2012,22867.37
28-11-2012,22871.93
29-11-2012,22876.49
30-11-2012,22881.05
01-12-2012,22885.62
02-12-2012,22890.18
03-12-2012,22894.74
04-12-2012,22899.31
05-12-2012,22903.88
06-12-2012,22908.44
07-12-2012,22913.01
08-12-2012,22917.58
09-12-2012,22922.15
10-12-2012,22918.44
11-12-2012,22914.74
12-12-2012,22911.03
13-12-2012,22907.33
14-12-2012,22903.63
15-12-2012,22899.92
16-12-2012,22896.22
17-12-2012,22892.52
18-12-2012,22888.82
19-12-2012,22885.12
20-12-2012,22881.42
21-12-2012,22877.72
22-12-2012,22874.02
23-12-2012,22870.32
24-12-2012,22866.62
25-12-2012,22862.92
26-12-2012,22859.23
27-12-2012,22855.53
28-12-2012,22851.84
29-12-2012,22848.14
30-12-2012,22844.45
31-12-2012,22840.75
01-01-2013,22837.06
02-01-2013,22833.37
03-01-2013,22829.68
04-01-2013,22825.99
05-01-2013,22822.3
06-01-2013,22818.61
07-01-2013,22814.92
08-01-2013,22811.23
09-01-2013,22807.54
10-01-2013,22807.54
11-01-2013,22807.54
12-01-2013,22807.54
13-01-2013,22807.54
14-01-2013,22807.54
15-01-2013,22807.54
16-01-2013,22807.54
17-01-2013,22807.54
18-01-2013,22807.54
19-01-2013,22807.54
20-01-2013,22807.54
21-01-2013,22807.54
22-01-2013,22807.54
23-01-2013,22807.54
24-01-2013,22807.54
25-01-2013,22807.54
26-01-2013,22807.54
27-01-2013,22807.54
28-01-2013,22807.54
29-01-2013,22807.54
30-01-2013,22807.54
31-01-2013,22807.54
01-02-2013,22807.54
02-02-2013,22807.54
03-02-2013,22807.54
04-02-2013,22807.54
05-02-2013,22807.54
06-02-2013,22807.54
07-02-2013,22807.54
08-02-2013,22807.54
09-02-2013,22807.54
10-02-2013,22809.17
11-02-2013,22810.8
12-02-2013,22812.42
13-02-2013,22814.05
14-02-2013,22815.68
15-02-2013,22817.31
16-02-2013,22818.94
17-02-2013,22820.56
18-02-2013,22822.19
19-02-2013,22823.82
20-02-2013,22825.45
21-02-2013,22827.08
22-02-2013,22828.71
23-02-2013,22830.34
24-02-2013,22831.97
25-02-2013,22833.59
26-02-2013,22835.22
27-02-2013,22836.85
28-02-2013,22838.48
01-03-2013,22840.11
02-03-2013,22841.74
03-03-2013,22843.37
04-03-2013,22845
05-03-2013,22846.63
06-03-2013,22848.26
07-03-2013,22849.89
08-03-2013,22851.52
09-03-2013,22853.16
10-03-2013,22853.9
11-03-2013,22854.63
12-03-2013,22855.37
13-03-2013,22856.11
14-03-2013,22856.84
15-03-2013,22857.58
16-03-2013,22858.32
17-03-2013,22859.06
18-03-2013,22859.79
19-03-2013,22860.53
20-03-2013,22861.27
21-03-2013,22862
22-03-2013,22862.74
23-03-2013,22863.48
24-03-2013,22864.22
25-03-2013,22864.95
26-03-2013,22865.69
27-03-2013,22866.43
28-03-2013,22867.16
29-03-2013,22867.9
30-03-2013,22868.64
31-03-2013,22869.38
01-04-2013,22870.11
02-04-2013,22870.85
03-04-2013,22871.59
04-04-2013,22872.33
05-04-2013,22873.06
06-04-2013,22873.8
07-04-2013,22874.54
08-04-2013,22875.28
09-04-2013,22876.01
10-04-2013,22879.05
11-04-2013,22882.1
12-04-2013,22885.14
13-04-2013,22888.19
14-04-2013,22891.24
15-04-2013,22894.28
16-04-2013,22897.33
17-04-2013,22900.38
18-04-2013,22903.42
19-04-2013,22906.47
20-04-2013,22909.52
21-04-2013,22912.57
22-04-2013,22915.62
23-04-2013,22918.67
24-04-2013,22921.72
25-04-2013,22924.77
26-04-2013,22927.82
27-04-2013,22930.87
28-04-2013,22933.92
29-04-2013,22936.97
30-04-2013,22940.02
01-05-2013,22943.08
02-05-2013,22946.13
03-05-2013,22949.18
04-05-2013,22952.24
05-05-2013,22955.29
06-05-2013,22958.35
07-05-2013,22961.4
08-05-2013,22964.46
09-05-2013,22967.51
10-05-2013,22963.8
11-05-2013,22960.08
12-05-2013,22956.37
13-05-2013,22952.66
14-05-2013,22948.95
15-05-2013,22945.24
16-05-2013,22941.53
17-05-2013,22937.82
18-05-2013,22934.11
19-05-2013,22930.4
20-05-2013,22926.7
21-05-2013,22922.99
22-05-2013,22919.28
23-05-2013,22915.58
24-05-2013,22911.87
25-05-2013,22908.17
26-05-2013,22904.46
27-05-2013,22900.76
28-05-2013,22897.06
29-05-2013,22893.36
30-05-2013,22889.65
31-05-2013,22885.95
01-06-2013,22882.25
02-06-2013,22878.55
03-06-2013,22874.85
04-06-2013,22871.16
05-06-2013,22867.46
06-06-2013,22863.76
07-06-2013,22860.06
08-06-2013,22856.37
09-06-2013,22852.67
10-06-2013,22852.67
11-06-2013,22852.67
12-06-2013,22852.67
13-06-2013,22852.67
14-06-2013,22852.67
15-06-2013,22852.67
16-06-2013,22852.67
17-06-2013,22852.67
18-06-2013,22852.67
19-06-2013,22852.67
20-06-2013,22852.67
21-06-2013,22852.67
22-06-2013,22852.67
23-06-2013,22852.67
24-06-2013,22852.67
25-06-2013,22852.67
26-06-2013,22852.67
27-06-2013,22852.67
28-06-2013,22852.67
29-06-2013,22852.67
30-06-2013,22852.67
01-07-2013,22852.67
02-07-2013,22852.67
03-07-2013,22852.67
04-07-2013,22852.67
05-07-2013,22852.67
06-07-2013,22852.67
07-07-2013,22852.67
08-07-2013,22852.67
09-07-2013,22852.67
10-07-2013,22857.08
11-07-2013,22861.49
12-07-2013,22865.9
13-07-2013,22870.32
14-07-2013,22874.73
15-07-2013,22879.14
16-07-2013,22883.56
17-07-2013,22887.98
18-07-2013,22892.39
19-07-2013,22896.81
20-07-2013,22901.23
21-07-2013,22905.65
22-07-2013,22910.07
23-07-2013,22914.49
24-07-2013,22918.91
25-07-2013,22923.34
26-07-2013,22927.76
27-07-2013,22932.19
28-07-2013,22936.61
29-07-2013,22941.04
30-07-2013,22945.47
31-07-2013,22949.89
01-08-2013,22954.32
02-08-2013,22958.75
03-08-2013,22963.18
04-08-2013,22967.62
05-08-2013,22972.05
06-08-2013,22976.48
07-08-2013,22980.92
08-08-2013,22985.35
09-08-2013,22989.79
10-08-2013,22992.01
11-08-2013,22994.23
12-08-2013,22996.46
13-08-2013,22998.68
14-08-2013,23000.9
15-08-2013,23003.12
16-08-2013,23005.35
17-08-2013,23007.57
18-08-2013,23009.79
19-08-2013,23012.02
20-08-2013,23014.24
21-08-2013,23016.46
22-08-2013,23018.69
23-08-2013,23020.91
24-08-2013,23023.14
25-08-2013,23025.36
26-08-2013,23027.59
27-08-2013,23029.81
28-08-2013,23032.04
29-08-2013,23034.26
30-08-2013,23036.49
31-08-2013,23038.71
01-09-2013,23040.939999999
02-09-2013,23043.17
03-09-2013,23045.389999999
04-09-2013,23047.619999999
05-09-2013,23049.85
06-09-2013,23052.08
07-09-2013,23054.299999999
08-09-2013,23056.529999999
09-09-2013,23058.76
10-09-2013,23060.299999999
11-09-2013,23061.83
12-09-2013,23063.369999999
13-09-2013,23064.9
14-09-2013,23066.439999999
15-09-2013,23067.979999999
16-09-2013,23069.51
17-09-2013,23071.049999999
18-09-2013,23072.59
19-09-2013,23074.119999999
20-09-2013,23075.659999999
21-09-2013,23077.2
22-09-2013,23078.729999999
23-09-2013,23080.27
24-09-2013,23081.81
25-09-2013,23083.34
26-09-2013,23084.88
27-09-2013,23086.42
28-09-2013,23087.959999999
29-09-2013,23089.49
30-09-2013,23091.029999999
01-10-2013,23092.569999999
02-10-2013,23094.11
03-10-2013,23095.65
04-10-2013,23097.18
05-10-2013,23098.72
06-10-2013,23100.26
07-10-2013,23101.799999999
08-10-2013,23103.34
09-10-2013,23104.88
10-10-2013,23108.6
11-10-2013,23112.32
12-10-2013,23116.03
13-10-2013,23119.75
14-10-2013,23123.47
15-10-2013,23127.19
16-10-2013,23130.92
17-10-2013,23134.64
18-10-2013,23138.36
19-10-2013,23142.08
20-10-2013,23145.81
21-10-2013,23149.53
22-10-2013,23153.26
23-10-2013,23156.98
24-10-2013,23160.71
25-10-2013,23164.43
26-10-2013,23168.16
27-10-2013,23171.89
28-10-2013,23175.62
29-10-2013,23179.35
30-10-2013,23183.08
31-10-2013,23186.81
01-11-2013,23190.54
02-11-2013,23194.27
03-11-2013,23198
04-11-2013,23201.73
05-11-2013,23205.47
06-11-2013,23209.2
07-11-2013,23212.93
08-11-2013,23216.67
09-11-2013,23220.4
10-11-2013,23221.17
11-11-2013,23221.95
12-11-2013,23222.72
13-11-2013,23223.49
14-11-2013,23224.27
15-11-2013,23225.04
16-11-2013,23225.82
17-11-2013,23226.59
18-11-2013,23227.36
19-11-2013,23228.14
20-11-2013,23228.91
21-11-2013,23229.69
22-11-2013,23230.46
23-11-2013,23231.23
24-11-2013,23232.01
25-11-2013,23232.78
26-11-2013,23233.56
27-11-2013,23234.33
28-11-2013,23235.1
29-11-2013,23235.88
30-11-2013,23236.65
01-12-2013,23237.43
02-12-2013,23238.2
03-12-2013,23238.97
04-12-2013,23239.75
05-12-2013,23240.52
06-12-2013,23241.3
07-12-2013,23242.07
08-12-2013,23242.85
09-12-2013,23243.62
10-12-2013,23246.61
11-12-2013,23249.61
12-12-2013,23252.6
13-12-2013,23255.6
14-12-2013,23258.59
15-12-2013,23261.59
16-12-2013,23264.58
17-12-2013,23267.58
18-12-2013,23270.57
19-12-2013,23273.57
20-12-2013,23276.57
21-12-2013,23279.57
22-12-2013,23282.56
23-12-2013,23285.56
24-12-2013,23288.56
25-12-2013,23291.56
26-12-2013,23294.56
27-12-2013,23297.56
28-12-2013,23300.56
29-12-2013,23303.56
30-12-2013,23306.56
31-12-2013,23309.56
01-01-2014,23312.57
02-01-2014,23315.57
03-01-2014,23318.57
04-01-2014,23321.57
05-01-2014,23324.58
06-01-2014,23327.58
07-01-2014,23330.58
08-01-2014,23333.59
09-01-2014,23336.59
10-01-2014,23341.09
11-01-2014,23345.6
12-01-2014,23350.1
13-01-2014,23354.61
14-01-2014,23359.12
15-01-2014,23363.63
16-01-2014,23368.13
17-01-2014,23372.64
18-01-2014,23377.15
19-01-2014,23381.67
20-01-2014,23386.18
21-01-2014,23390.69
22-01-2014,23395.21
23-01-2014,23399.72
24-01-2014,23404.24
25-01-2014,23408.75
26-01-2014,23413.27
27-01-2014,23417.79
28-01-2014,23422.31
29-01-2014,23426.83
30-01-2014,23431.35
31-01-2014,23435.87
01-02-2014,23440.4
02-02-2014,23444.92
03-02-2014,23449.44
04-02-2014,23453.97
05-02-2014,23458.5
06-02-2014,23463.02
07-02-2014,23467.55
08-02-2014,23472.08
09-02-2014,23476.61
10-02-2014,23478.29
11-02-2014,23479.96
12-02-2014,23481.64
13-02-2014,23483.31
14-02-2014,23484.99
15-02-2014,23486.66
16-02-2014,23488.34
17-02-2014,23490.02
18-02-2014,23491.69
19-02-2014,23493.37
20-02-2014,23495.04
21-02-2014,23496.72
22-02-2014,23498.4
23-02-2014,23500.07
24-02-2014,23501.75
25-02-2014,23503.43
26-02-2014,23505.11
27-02-2014,23506.78
28-02-2014,23508.46
01-03-2014,23510.14
02-03-2014,23511.82
03-03-2014,23513.49
04-03-2014,23515.17
05-03-2014,23516.85
06-03-2014,23518.53
07-03-2014,23520.21
08-03-2014,23521.88
09-03-2014,23523.56
10-03-2014,23527.34
11-03-2014,23531.13
12-03-2014,23534.92
13-03-2014,23538.7
14-03-2014,23542.49
15-03-2014,23546.28
16-03-2014,23550.07
17-03-2014,23553.86
18-03-2014,23557.65
19-03-2014,23561.44
20-03-2014,23565.23
21-03-2014,23569.02
22-03-2014,23572.81
23-03-2014,23576.61
24-03-2014,23580.4
25-03-2014,23584.19
26-03-2014,23587.99
27-03-2014,23591.78
28-03-2014,23595.58
29-03-2014,23599.38
30-03-2014,23603.17
31-03-2014,23606.97
01-04-2014,23610.77
02-04-2014,23614.57
03-04-2014,23618.37
04-04-2014,23622.17
05-04-2014,23625.97
06-04-2014,23629.77
07-04-2014,23633.57
08-04-2014,23637.37
09-04-2014,23641.18
10-04-2014,23647.46
11-04-2014,23653.74
12-04-2014,23660.03
13-04-2014,23666.31
14-04-2014,23672.6
15-04-2014,23678.89
16-04-2014,23685.18
17-04-2014,23691.47
18-04-2014,23697.76
19-04-2014,23704.06
20-04-2014,23710.35
21-04-2014,23716.65
22-04-2014,23722.95
23-04-2014,23729.25
24-04-2014,23735.56
25-04-2014,23741.86
26-04-2014,23748.17
27-04-2014,23754.48
28-04-2014,23760.79
29-04-2014,23767.1
30-04-2014,23773.41
01-05-2014,23779.73
02-05-2014,23786.04
03-05-2014,23792.36
04-05-2014,23798.68
05-05-2014,23805.01
06-05-2014,23811.33
07-05-2014,23817.65
08-05-2014,23823.98
09-05-2014,23830.31
10-05-2014,23834.91
11-05-2014,23839.51
12-05-2014,23844.11
13-05-2014,23848.71
14-05-2014,23853.31
15-05-2014,23857.92
16-05-2014,23862.52
17-05-2014,23867.13
18-05-2014,23871.73
19-05-2014,23876.34
20-05-2014,23880.95
21-05-2014,23885.56
22-05-2014,23890.17
23-05-2014,23894.78
24-05-2014,23899.39
25-05-2014,23904
26-05-2014,23908.61
27-05-2014,23913.23
28-05-2014,23917.84
29-05-2014,23922.46
30-05-2014,23927.08
31-05-2014,23931.69
01-06-2014,23936.31
02-06-2014,23940.93
03-06-2014,23945.55
04-06-2014,23950.17
05-06-2014,23954.79
06-06-2014,23959.42
07-06-2014,23964.04
08-06-2014,23968.67
09-06-2014,23973.29
10-06-2014,23975.68
11-06-2014,23978.08
12-06-2014,23980.47
13-06-2014,23982.87
14-06-2014,23985.26
15-06-2014,23987.66
16-06-2014,23990.05
17-06-2014,23992.45
18-06-2014,23994.84
19-06-2014,23997.24
20-06-2014,23999.64
21-06-2014,24002.03
22-06-2014,24004.43
23-06-2014,24006.83
24-06-2014,24009.22
25-06-2014,24011.62
26-06-2014,24014.02
27-06-2014,24016.42
28-06-2014,24018.81
29-06-2014,24021.21
30-06-2014,24023.61
01-07-2014,24026.01
02-07-2014,24028.41
03-07-2014,24030.81
04-07-2014,24033.21
05-07-2014,24035.61
06-07-2014,24038.01
07-07-2014,24040.41
08-07-2014,24042.81
09-07-2014,24045.21
10-07-2014,24045.99
11-07-2014,24046.76
12-07-2014,24047.54
13-07-2014,24048.31
14-07-2014,24049.09
15-07-2014,24049.86
16-07-2014,24050.64
17-07-2014,24051.41
18-07-2014,24052.19
19-07-2014,24052.96
20-07-2014,24053.74
21-07-2014,24054.51
22-07-2014,24055.29
23-07-2014,24056.07
24-07-2014,24056.84
25-07-2014,24057.62
26-07-2014,24058.39
27-07-2014,24059.17
28-07-2014,24059.94
29-07-2014,24060.72
30-07-2014,24061.5
31-07-2014,24062.27
01-08-2014,24063.05
02-08-2014,24063.82
03-08-2014,24064.6
04-08-2014,24065.38
05-08-2014,24066.15
06-08-2014,24066.93
07-08-2014,24067.7
08-08-2014,24068.48
09-08-2014,24069.26
10-08-2014,24070.81
11-08-2014,24072.36
12-08-2014,24073.91
13-08-2014,24075.47
14-08-2014,24077.02
15-08-2014,24078.57
16-08-2014,24080.12
17-08-2014,24081.67
18-08-2014,24083.23
19-08-2014,24084.78
20-08-2014,24086.33
21-08-2014,24087.88
22-08-2014,24089.44
23-08-2014,24090.99
24-08-2014,24092.54
25-08-2014,24094.09
26-08-2014,24095.65
27-08-2014,24097.2
28-08-2014,24098.75
29-08-2014,24100.31
30-08-2014,24101.86
31-08-2014,24103.41
01-09-2014,24104.97
02-09-2014,24106.52
03-09-2014,24108.07
04-09-2014,24109.63
05-09-2014,24111.18
06-09-2014,24112.74
07-09-2014,24114.29
08-09-2014,24115.84
09-09-2014,24117.4
10-09-2014,24119.81
11-09-2014,24122.22
12-09-2014,24124.63
13-09-2014,24127.03
14-09-2014,24129.44
15-09-2014,24131.85
16-09-2014,24134.26
17-09-2014,24136.67
18-09-2014,24139.08
19-09-2014,24141.49
20-09-2014,24143.9
21-09-2014,24146.31
22-09-2014,24148.73
23-09-2014,24151.14
24-09-2014,24153.55
25-09-2014,24155.96
26-09-2014,24158.37
27-09-2014,24160.79
28-09-2014,24163.2
29-09-2014,24165.61
30-09-2014,24168.02
01-10-2014,24170.44
02-10-2014,24172.85
03-10-2014,24175.26
04-10-2014,24177.68
05-10-2014,24180.09
06-10-2014,24182.51
07-10-2014,24184.92
08-10-2014,24187.34
09-10-2014,24189.75
10-10-2014,24195.97
11-10-2014,24202.19
12-10-2014,24208.41
13-10-2014,24214.63
14-10-2014,24220.86
15-10-2014,24227.08
16-10-2014,24233.31
17-10-2014,24239.54
18-10-2014,24245.77
19-10-2014,24252.01
20-10-2014,24258.24
21-10-2014,24264.48
22-10-2014,24270.72
23-10-2014,24276.95
24-10-2014,24283.2
25-10-2014,24289.44
26-10-2014,24295.68
27-10-2014,24301.93
28-10-2014,24308.17
29-10-2014,24314.42
30-10-2014,24320.67
31-10-2014,24326.93
01-11-2014,24333.18
02-11-2014,24339.44
03-11-2014,24345.69
04-11-2014,24351.95
05-11-2014,24358.21
06-11-2014,24364.47
07-11-2014,24370.74
08-11-2014,24377
09-11-2014,24383.27
10-11-2014,24391.36
11-11-2014,24399.45
12-11-2014,24407.54
13-11-2014,24415.64
14-11-2014,24423.74
15-11-2014,24431.84
16-11-2014,24439.95
17-11-2014,24448.06
18-11-2014,24456.17
19-11-2014,24464.28
20-11-2014,24472.39
21-11-2014,24480.51
22-11-2014,24488.63
23-11-2014,24496.76
24-11-2014,24504.88
25-11-2014,24513.01
26-11-2014,24521.14
27-11-2014,24529.28
28-11-2014,24537.42
29-11-2014,24545.56
30-11-2014,24553.7
01-12-2014,24561.84
02-12-2014,24569.99
03-12-2014,24578.14
04-12-2014,24586.3
05-12-2014,24594.45
06-12-2014,24602.61
07-12-2014,24610.77
08-12-2014,24618.94
09-12-2014,24627.1
10-12-2014,24627.1
11-12-2014,24627.1
12-12-2014,24627.1
13-12-2014,24627.1
14-12-2014,24627.1
15-12-2014,24627.1
16-12-2014,24627.1
17-12-2014,24627.1
18-12-2014,24627.1
19-12-2014,24627.1
20-12-2014,24627.1
21-12-2014,24627.1
22-12-2014,24627.1
23-12-2014,24627.1
24-12-2014,24627.1
25-12-2014,24627.1
26-12-2014,24627.1
27-12-2014,24627.1
28-12-2014,24627.1
29-12-2014,24627.1
30-12-2014,24627.1
31-12-2014,24627.1
01-01-2015,24627.1
02-01-2015,24627.1
03-01-2015,24627.1
04-01-2015,24627.1
05-01-2015,24627.1
06-01-2015,24627.1
07-01-2015,24627.1
08-01-2015,24627.1
09-01-2015,24627.1
10-01-2015,24623.92
11-01-2015,24620.73
12-01-2015,24617.55
13-01-2015,24614.37
14-01-2015,24611.18
15-01-2015,24608
16-01-2015,24604.82
17-01-2015,24601.64
18-01-2015,24598.46
19-01-2015,24595.28
20-01-2015,24592.1
21-01-2015,24588.92
22-01-2015,24585.74
23-01-2015,24582.56
24-01-2015,24579.39
25-01-2015,24576.21
26-01-2015,24573.03
27-01-2015,24569.85
28-01-2015,24566.68
29-01-2015,24563.5
30-01-2015,24560.33
31-01-2015,24557.15
01-02-2015,24553.98
02-02-2015,24550.8
03-02-2015,24547.63
04-02-2015,24544.45
05-02-2015,24541.28
06-02-2015,24538.11
07-02-2015,24534.94
08-02-2015,24531.76
09-02-2015,24528.59
10-02-2015,24529.47
11-02-2015,24530.34
12-02-2015,24531.22
13-02-2015,24532.09
14-02-2015,24532.97
15-02-2015,24533.84
16-02-2015,24534.72
17-02-2015,24535.6
18-02-2015,24536.47
19-02-2015,24537.35
20-02-2015,24538.22
21-02-2015,24539.1
22-02-2015,24539.98
23-02-2015,24540.85
24-02-2015,24541.73
25-02-2015,24542.6
26-02-2015,24543.48
27-02-2015,24544.36
28-02-2015,24545.23
01-03-2015,24546.11
02-03-2015,24546.98
03-03-2015,24547.86
04-03-2015,24548.74
05-03-2015,24549.61
06-03-2015,24550.49
07-03-2015,24551.37
08-03-2015,24552.24
09-03-2015,24553.12
10-03-2015,24556.28
11-03-2015,24559.44
12-03-2015,24562.61
13-03-2015,24565.77
14-03-2015,24568.93
15-03-2015,24572.1
16-03-2015,24575.26
17-03-2015,24578.43
18-03-2015,24581.59
19-03-2015,24584.76
20-03-2015,24587.92
21-03-2015,24591.09
22-03-2015,24594.26
23-03-2015,24597.43
24-03-2015,24600.59
25-03-2015,24603.76
26-03-2015,24606.93
27-03-2015,24610.1
28-03-2015,24613.27
29-03-2015,24616.44
30-03-2015,24619.61
31-03-2015,24622.78
01-04-2015,24625.95
02-04-2015,24629.12
03-04-2015,24632.29
04-04-2015,24635.47
05-04-2015,24638.64
06-04-2015,24641.81
07-04-2015,24644.98
08-04-2015,24648.16
09-04-2015,24651.33
10-04-2015,24656.25
11-04-2015,24661.16
12-04-2015,24666.08
13-04-2015,24671
14-04-2015,24675.92
15-04-2015,24680.84
16-04-2015,24685.76
17-04-2015,24690.69
18-04-2015,24695.61
19-04-2015,24700.53
20-04-2015,24705.46
21-04-2015,24710.39
22-04-2015,24715.31
23-04-2015,24720.24
24-04-2015,24725.17
25-04-2015,24730.1
26-04-2015,24735.04
27-04-2015,24739.97
28-04-2015,24744.9
29-04-2015,24749.84
30-04-2015,24754.77
01-05-2015,24759.71
02-05-2015,24764.65
03-05-2015,24769.59
04-05-2015,24774.53
05-05-2015,24779.47
06-05-2015,24784.41
07-05-2015,24789.35
08-05-2015,24794.29
09-05-2015,24799.24
10-05-2015,24804.03
11-05-2015,24808.81
12-05-2015,24813.6
13-05-2015,24818.39
14-05-2015,24823.18
15-05-2015,24827.97
16-05-2015,24832.76
17-05-2015,24837.55
18-05-2015,24842.35
19-05-2015,24847.14
20-05-2015,24851.94
21-05-2015,24856.73
22-05-2015,24861.53
23-05-2015,24866.33
24-05-2015,24871.13
25-05-2015,24875.93
26-05-2015,24880.73
27-05-2015,24885.53
28-05-2015,24890.33
29-05-2015,24895.14
30-05-2015,24899.94
31-05-2015,24904.75
01-06-2015,24909.55
02-06-2015,24914.36
03-06-2015,24919.17
04-06-2015,24923.98
05-06-2015,24928.79
06-06-2015,24933.6
07-06-2015,24938.41
08-06-2015,24943.22
09-06-2015,24948.04
10-06-2015,24949.7
11-06-2015,24951.36
12-06-2015,24953.03
13-06-2015,24954.69
14-06-2015,24956.35
15-06-2015,24958.01
16-06-2015,24959.67
17-06-2015,24961.34
18-06-2015,24963
19-06-2015,24964.66
20-06-2015,24966.32
21-06-2015,24967.99
22-06-2015,24969.65
23-06-2015,24971.31
24-06-2015,24972.98
25-06-2015,24974.64
26-06-2015,24976.3
27-06-2015,24977.97
28-06-2015,24979.63
29-06-2015,24981.29
30-06-2015,24982.96
01-07-2015,24984.62
02-07-2015,24986.28
03-07-2015,24987.95
04-07-2015,24989.61
05-07-2015,24991.28
06-07-2015,24992.94
07-07-2015,24994.61
08-07-2015,24996.27
09-07-2015,24997.94
10-07-2015,25001.96
11-07-2015,25005.99
12-07-2015,25010.01
13-07-2015,25014.03
14-07-2015,25018.06
15-07-2015,25022.08
16-07-2015,25026.11
17-07-2015,25030.14
18-07-2015,25034.16
19-07-2015,25038.19
20-07-2015,25042.22
21-07-2015,25046.25
22-07-2015,25050.28
23-07-2015,25054.31
24-07-2015,25058.34
25-07-2015,25062.37
26-07-2015,25066.41
27-07-2015,25070.44
28-07-2015,25074.47
29-07-2015,25078.51
30-07-2015,25082.54
31-07-2015,25086.58
01-08-2015,25090.61
02-08-2015,25094.65
03-08-2015,25098.69
04-08-2015,25102.73
05-08-2015,25106.77
06-08-2015,25110.81
07-08-2015,25114.85
08-08-2015,25118.89
09-08-2015,25122.93
10-08-2015,25126.17
11-08-2015,25129.4
12-08-2015,25132.64
13-08-2015,25135.87
14-08-2015,25139.11
15-08-2015,25142.35
16-08-2015,25145.59
17-08-2015,25148.82
18-08-2015,25152.06
19-08-2015,25155.3
20-08-2015,25158.54
21-08-2015,25161.78
22-08-2015,25165.02
23-08-2015,25168.26
24-08-2015,25171.5
25-08-2015,25174.75
26-08-2015,25177.99
27-08-2015,25181.23
28-08-2015,25184.47
29-08-2015,25187.72
30-08-2015,25190.96
31-08-2015,25194.21
01-09-2015,25197.45
02-09-2015,25200.69
03-09-2015,25203.94
04-09-2015,25207.19
05-09-2015,25210.43
06-09-2015,25213.68
07-09-2015,25216.93
08-09-2015,25220.17
09-09-2015,25223.42
10-09-2015,25229.29
11-09-2015,25235.15
12-09-2015,25241.02
13-09-2015,25246.89
14-09-2015,25252.76
15-09-2015,25258.63
16-09-2015,25264.51
17-09-2015,25270.38
18-09-2015,25276.26
19-09-2015,25282.14
20-09-2015,25288.02
21-09-2015,25293.9
22-09-2015,25299.78
23-09-2015,25305.66
24-09-2015,25311.55
25-09-2015,25317.43
26-09-2015,25323.32
27-09-2015,25329.21
28-09-2015,25335.1
29-09-2015,25340.99
30-09-2015,25346.89
01-10-2015,25352.78
02-10-2015,25358.68
03-10-2015,25364.57
04-10-2015,25370.47
05-10-2015,25376.37
06-10-2015,25382.27
07-10-2015,25388.17
08-10-2015,25394.08
09-10-2015,25399.98
10-10-2015,25404.07
11-10-2015,25408.15
12-10-2015,25412.24
13-10-2015,25416.33
14-10-2015,25420.42
15-10-2015,25424.51
16-10-2015,25428.6
17-10-2015,25432.69
18-10-2015,25436.79
19-10-2015,25440.88
20-10-2015,25444.97
21-10-2015,25449.07
22-10-2015,25453.16
23-10-2015,25457.26
24-10-2015,25461.35
25-10-2015,25465.45
26-10-2015,25469.55
27-10-2015,25473.64
28-10-2015,25477.74
29-10-2015,25481.84
30-10-2015,25485.94
31-10-2015,25490.04
01-11-2015,25494.15
02-11-2015,25498.25
03-11-2015,25502.35
04-11-2015,25506.45
05-11-2015,25510.56
06-11-2015,25514.66
07-11-2015,25518.77
08-11-2015,25522.87
09-11-2015,25526.98
10-11-2015,25530.38
11-11-2015,25533.77
12-11-2015,25537.17
13-11-2015,25540.57
14-11-2015,25543.97
15-11-2015,25547.37
16-11-2015,25550.77
17-11-2015,25554.17
18-11-2015,25557.57
19-11-2015,25560.97
20-11-2015,25564.37
21-11-2015,25567.77
22-11-2015,25571.18
23-11-2015,25574.58
24-11-2015,25577.98
25-11-2015,25581.39
26-11-2015,25584.79
27-11-2015,25588.2
28-11-2015,25591.6
29-11-2015,25595.01
30-11-2015,25598.41
01-12-2015,25601.82
02-12-2015,25605.23
03-12-2015,25608.63
04-12-2015,25612.04
05-12-2015,25615.45
06-12-2015,25618.86
07-12-2015,25622.27
08-12-2015,25625.68
09-12-2015,25629.09
10-12-2015,25629.09
11-12-2015,25629.09
12-12-2015,25629.09
13-12-2015,25629.09
14-12-2015,25629.09
15-12-2015,25629.09
16-12-2015,25629.09
17-12-2015,25629.09
18-12-2015,25629.09
19-12-2015,25629.09
20-12-2015,25629.09
21-12-2015,25629.09
22-12-2015,25629.09
23-12-2015,25629.09
24-12-2015,25629.09
25-12-2015,25629.09
26-12-2015,25629.09
27-12-2015,25629.09
28-12-2015,25629.09
29-12-2015,25629.09
30-12-2015,25629.09
31-12-2015,25629.09
01-01-2016,25629.09
02-01-2016,25629.09
03-01-2016,25629.09
04-01-2016,25629.09
05-01-2016,25629.09
06-01-2016,25629.09
07-01-2016,25629.09
08-01-2016,25629.09
09-01-2016,25629.09
10-01-2016,25629.09
11-01-2016,25629.09
12-01-2016,25629.09
13-01-2016,25629.09
14-01-2016,25629.09
15-01-2016,25629.09
16-01-2016,25629.09
17-01-2016,25629.09
18-01-2016,25629.09
19-01-2016,25629.09
20-01-2016,25629.09
21-01-2016,25629.09
22-01-2016,25629.09
23-01-2016,25629.09
24-01-2016,25629.09
25-01-2016,25629.09
26-01-2016,25629.09
27-01-2016,25629.09
28-01-2016,25629.09
29-01-2016,25629.09
30-01-2016,25629.09
31-01-2016,25629.09
01-02-2016,25629.09
02-02-2016,25629.09
03-02-2016,25629.09
04-02-2016,25629.09
05-02-2016,25629.09
06-02-2016,25629.09
07-02-2016,25629.09
08-02-2016,25629.09
09-02-2016,25629.09
10-02-2016,25633.5
11-02-2016,25637.91
12-02-2016,25642.32
13-02-2016,25646.73
14-02-2016,25651.14
15-02-2016,25655.55
16-02-2016,25659.96
17-02-2016,25664.38
18-02-2016,25668.79
19-02-2016,25673.21
20-02-2016,25677.62
21-02-2016,25682.04
22-02-2016,25686.46
23-02-2016,25690.87
24-02-2016,25695.29
25-02-2016,25699.71
26-02-2016,25704.13
27-02-2016,25708.55
28-02-2016,25712.98
29-02-2016,25717.4
01-03-2016,25721.82
02-03-2016,25726.25
03-03-2016,25730.67
04-03-2016,25735.1
05-03-2016,25739.52
06-03-2016,25743.95
07-03-2016,25748.38
08-03-2016,25752.81
09-03-2016,25757.24
10-03-2016,25759.73
11-03-2016,25762.22
12-03-2016,25764.71
13-03-2016,25767.2
14-03-2016,25769.69
15-03-2016,25772.18
16-03-2016,25774.67
17-03-2016,25777.16
18-03-2016,25779.65
19-03-2016,25782.14
20-03-2016,25784.63
21-03-2016,25787.12
22-03-2016,25789.62
23-03-2016,25792.11
24-03-2016,25794.6
25-03-2016,25797.09
26-03-2016,25799.59
27-03-2016,25802.08
28-03-2016,25804.57
29-03-2016,25807.07
30-03-2016,25809.56
31-03-2016,25812.05
01-04-2016,25814.55
02-04-2016,25817.04
03-04-2016,25819.54
04-04-2016,25822.03
05-04-2016,25824.53
06-04-2016,25827.02
07-04-2016,25829.52
08-04-2016,25832.02
09-04-2016,25834.51
10-04-2016,25837.95
11-04-2016,25841.39
12-04-2016,25844.83
13-04-2016,25848.26
14-04-2016,25851.7
15-04-2016,25855.14
16-04-2016,25858.59
17-04-2016,25862.03
18-04-2016,25865.47
19-04-2016,25868.91
20-04-2016,25872.35
21-04-2016,25875.8
22-04-2016,25879.24
23-04-2016,25882.68
24-04-2016,25886.13
25-04-2016,25889.57
26-04-2016,25893.02
27-04-2016,25896.46
28-04-2016,25899.91
29-04-2016,25903.36
30-04-2016,25906.8
01-05-2016,25910.25
02-05-2016,25913.7
03-05-2016,25917.15
04-05-2016,25920.6
05-05-2016,25924.05
06-05-2016,25927.5
07-05-2016,25930.95
08-05-2016,25934.4
09-05-2016,25937.85
10-05-2016,25940.36
11-05-2016,25942.86
12-05-2016,25945.37
13-05-2016,25947.88
14-05-2016,25950.38
15-05-2016,25952.89
16-05-2016,25955.4
17-05-2016,25957.91
18-05-2016,25960.42
19-05-2016,25962.93
20-05-2016,25965.43
21-05-2016,25967.94
22-05-2016,25970.45
23-05-2016,25972.96
24-05-2016,25975.47
25-05-2016,25977.98
26-05-2016,25980.49
27-05-2016,25983
28-05-2016,25985.51
29-05-2016,25988.03
30-05-2016,25990.54
31-05-2016,25993.05
01-06-2016,25995.56
02-06-2016,25998.07
03-06-2016,26000.58
04-06-2016,26003.1
05-06-2016,26005.61
06-06-2016,26008.12
07-06-2016,26010.64
08-06-2016,26013.15
09-06-2016,26015.66
10-06-2016,26017.39
11-06-2016,26019.13
12-06-2016,26020.86
13-06-2016,26022.59
14-06-2016,26024.32
15-06-2016,26026.06
16-06-2016,26027.79
17-06-2016,26029.52
18-06-2016,26031.26
19-06-2016,26032.99
20-06-2016,26034.73
21-06-2016,26036.46
22-06-2016,26038.19
23-06-2016,26039.93
24-06-2016,26041.66
25-06-2016,26043.4
26-06-2016,26045.13
27-06-2016,26046.87
28-06-2016,26048.6
29-06-2016,26050.34
30-06-2016,26052.07
01-07-2016,26053.81
02-07-2016,26055.54
03-07-2016,26057.28
04-07-2016,26059.01
05-07-2016,26060.75
06-07-2016,26062.48
07-07-2016,26064.22
08-07-2016,26065.96
09-07-2016,26067.69
10-07-2016,26071.05
11-07-2016,26074.4
12-07-2016,26077.76
13-07-2016,26081.12
14-07-2016,26084.48
15-07-2016,26087.84
16-07-2016,26091.2
17-07-2016,26094.56
18-07-2016,26097.92
19-07-2016,26101.28
20-07-2016,26104.64
21-07-2016,26108
22-07-2016,26111.37
23-07-2016,26114.73
24-07-2016,26118.09
25-07-2016,26121.46
26-07-2016,26124.82
27-07-2016,26128.18
28-07-2016,26131.55
29-07-2016,26134.91
30-07-2016,26138.28
31-07-2016,26141.65
01-08-2016,26145.01
02-08-2016,26148.38
03-08-2016,26151.75
04-08-2016,26155.11
05-08-2016,26158.48
06-08-2016,26161.85
07-08-2016,26165.22
08-08-2016,26168.59
09-08-2016,26171.96
10-08-2016,26173.65
11-08-2016,26175.33
12-08-2016,26177.02
13-08-2016,26178.71
14-08-2016,26180.4
15-08-2016,26182.08
16-08-2016,26183.77
17-08-2016,26185.46
18-08-2016,26187.15
19-08-2016,26188.83
20-08-2016,26190.52
21-08-2016,26192.21
22-08-2016,26193.9
23-08-2016,26195.59
24-08-2016,26197.27
25-08-2016,26198.96
26-08-2016,26200.65
27-08-2016,26202.34
28-08-2016,26204.03
29-08-2016,26205.72
30-08-2016,26207.41
31-08-2016,26209.1
01-09-2016,26210.79
02-09-2016,26212.48
03-09-2016,26214.16
04-09-2016,26215.85
05-09-2016,26217.54
06-09-2016,26219.23
07-09-2016,26220.92
08-09-2016,26222.61
09-09-2016,26224.3
10-09-2016,26224.3
11-09-2016,26224.3
12-09-2016,26224.3
13-09-2016,26224.3
14-09-2016,26224.3
15-09-2016,26224.3
16-09-2016,26224.3
17-09-2016,26224.3
18-09-2016,26224.3
19-09-2016,26224.3
20-09-2016,26224.3
21-09-2016,26224.3
22-09-2016,26224.3
23-09-2016,26224.3
24-09-2016,26224.3
25-09-2016,26224.3
26-09-2016,26224.3
27-09-2016,26224.3
28-09-2016,26224.3
29-09-2016,26224.3
30-09-2016,26224.3
01-10-2016,26224.3
02-10-2016,26224.3
03-10-2016,26224.3
04-10-2016,26224.3
05-10-2016,26224.3
06-10-2016,26224.3
07-10-2016,26224.3
08-10-2016,26224.3
09-10-2016,26224.3
10-10-2016,26225.99
11-10-2016,26227.68
12-10-2016,26229.37
13-10-2016,26231.06
14-10-2016,26232.75
15-10-2016,26234.44
16-10-2016,26236.13
17-10-2016,26237.83
18-10-2016,26239.52
19-10-2016,26241.21
20-10-2016,26242.9
21-10-2016,26244.59
22-10-2016,26246.28
23-10-2016,26247.97
24-10-2016,26249.67
25-10-2016,26251.36
26-10-2016,26253.05
27-10-2016,26254.74
28-10-2016,26256.43
29-10-2016,26258.13
30-10-2016,26259.82
31-10-2016,26261.51
01-11-2016,26263.2
02-11-2016,26264.9
03-11-2016,26266.59
04-11-2016,26268.28
05-11-2016,26269.98
06-11-2016,26271.67
07-11-2016,26273.36
08-11-2016,26275.06
09-11-2016,26276.75
10-11-2016,26278.5
11-11-2016,26280.25
12-11-2016,26282
13-11-2016,26283.75
14-11-2016,26285.5
15-11-2016,26287.25
16-11-2016,26289
17-11-2016,26290.75
18-11-2016,26292.51
19-11-2016,26294.26
20-11-2016,26296.01
21-11-2016,26297.76
22-11-2016,26299.51
23-11-2016,26301.26
24-11-2016,26303.01
25-11-2016,26304.77
26-11-2016,26306.52
27-11-2016,26308.27
28-11-2016,26310.02
29-11-2016,26311.77
30-11-2016,26313.53
01-12-2016,26315.28
02-12-2016,26317.03
03-12-2016,26318.78
04-12-2016,26320.54
05-12-2016,26322.29
06-12-2016,26324.04
07-12-2016,26325.8
08-12-2016,26327.55
09-12-2016,26329.3
10-12-2016,26330.15
11-12-2016,26331
12-12-2016,26331.85
13-12-2016,26332.7
14-12-2016,26333.54
15-12-2016,26334.39
16-12-2016,26335.24
17-12-2016,26336.09
18-12-2016,26336.94
19-12-2016,26337.79
20-12-2016,26338.64
21-12-2016,26339.49
22-12-2016,26340.34
23-12-2016,26341.19
24-12-2016,26342.04
25-12-2016,26342.89
26-12-2016,26343.74
27-12-2016,26344.58
28-12-2016,26345.43
29-12-2016,26346.28
30-12-2016,26347.13
31-12-2016,26347.98
01-01-2017,26348.83
02-01-2017,26349.68
03-01-2017,26350.53
04-01-2017,26351.38
05-01-2017,26352.23
06-01-2017,26353.08
07-01-2017,26353.93
08-01-2017,26354.78
09-01-2017,26355.63
10-01-2017,26353.93
11-01-2017,26352.23
12-01-2017,26350.52
13-01-2017,26348.82
14-01-2017,26347.12
15-01-2017,26345.42
16-01-2017,26343.72
17-01-2017,26342.02
18-01-2017,26340.32
19-01-2017,26338.61
20-01-2017,26336.91
21-01-2017,26335.21
22-01-2017,26333.51
23-01-2017,26331.81
24-01-2017,26330.11
25-01-2017,26328.41
26-01-2017,26326.71
27-01-2017,26325.01
28-01-2017,26323.31
29-01-2017,26321.61
30-01-2017,26319.91
31-01-2017,26318.21
01-02-2017,26316.51
02-02-2017,26314.81
03-02-2017,26313.11
04-02-2017,26311.41
05-02-2017,26309.71
06-02-2017,26308.02
07-02-2017,26306.32
08-02-2017,26304.62
09-02-2017,26302.92
10-02-2017,26307.61
11-02-2017,26312.29
12-02-2017,26316.98
13-02-2017,26321.67
14-02-2017,26326.36
15-02-2017,26331.05
16-02-2017,26335.74
17-02-2017,26340.43
18-02-2017,26345.12
19-02-2017,26349.81
20-02-2017,26354.51
21-02-2017,26359.2
22-02-2017,26363.9
23-02-2017,26368.6
24-02-2017,26373.29
25-02-2017,26377.99
26-02-2017,26382.69
27-02-2017,26387.39
28-02-2017,26392.09
01-03-2017,26396.79
02-03-2017,26401.49
03-03-2017,26406.2
04-03-2017,26410.9
05-03-2017,26415.61
06-03-2017,26420.31
07-03-2017,26425.02
08-03-2017,26429.73
09-03-2017,26434.43
10-03-2017,26436.13
11-03-2017,26437.84
12-03-2017,26439.54
13-03-2017,26441.25
14-03-2017,26442.95
15-03-2017,26444.65
16-03-2017,26446.36
17-03-2017,26448.06
18-03-2017,26449.77
19-03-2017,26451.47
20-03-2017,26453.18
21-03-2017,26454.88
22-03-2017,26456.59
23-03-2017,26458.29
24-03-2017,26460
25-03-2017,26461.7
26-03-2017,26463.41
27-03-2017,26465.12
28-03-2017,26466.82
29-03-2017,26468.53
30-03-2017,26470.23
31-03-2017,26471.94
01-04-2017,26473.65
02-04-2017,26475.35
03-04-2017,26477.06
04-04-2017,26478.76
05-04-2017,26480.47
06-04-2017,26482.18
07-04-2017,26483.88
08-04-2017,26485.59
09-04-2017,26487.3
10-04-2017,26490.82
11-04-2017,26494.35
12-04-2017,26497.88
13-04-2017,26501.4
14-04-2017,26504.93
15-04-2017,26508.46
16-04-2017,26511.98
17-04-2017,26515.51
18-04-2017,26519.04
19-04-2017,26522.57
20-04-2017,26526.1
21-04-2017,26529.63
22-04-2017,26533.16
23-04-2017,26536.69
24-04-2017,26540.22
25-04-2017,26543.75
26-04-2017,26547.29
27-04-2017,26550.82
28-04-2017,26554.35
29-04-2017,26557.89
30-04-2017,26561.42
01-05-2017,26564.95
02-05-2017,26568.49
03-05-2017,26572.03
04-05-2017,26575.56
05-05-2017,26579.1
06-05-2017,26582.64
07-05-2017,26586.17
08-05-2017,26589.71
09-05-2017,26593.25
10-05-2017,26594.96
11-05-2017,26596.68
12-05-2017,26598.39
13-05-2017,26600.11
14-05-2017,26601.82
15-05-2017,26603.54
16-05-2017,26605.25
17-05-2017,26606.97
18-05-2017,26608.68
19-05-2017,26610.4
20-05-2017,26612.11
21-05-2017,26613.83
22-05-2017,26615.54
23-05-2017,26617.26
24-05-2017,26618.97
25-05-2017,26620.69
26-05-2017,26622.4
27-05-2017,26624.12
28-05-2017,26625.84
29-05-2017,26627.55
30-05-2017,26629.27
31-05-2017,26630.98
01-06-2017,26632.7
02-06-2017,26634.42
03-06-2017,26636.13
04-06-2017,26637.85
05-06-2017,26639.57
06-06-2017,26641.28
07-06-2017,26643
08-06-2017,26644.72
09-06-2017,26646.44
10-06-2017,26647.33
11-06-2017,26648.22
12-06-2017,26649.1
13-06-2017,26649.99
14-06-2017,26650.88
15-06-2017,26651.77
16-06-2017,26652.66
17-06-2017,26653.54
18-06-2017,26654.43
19-06-2017,26655.32
20-06-2017,26656.21
21-06-2017,26657.1
22-06-2017,26657.98
23-06-2017,26658.87
24-06-2017,26659.76
25-06-2017,26660.65
26-06-2017,26661.54
27-06-2017,26662.42
28-06-2017,26663.31
29-06-2017,26664.2
30-06-2017,26665.09
01-07-2017,26665.98
02-07-2017,26666.87
03-07-2017,26667.76
04-07-2017,26668.64
05-07-2017,26669.53
06-07-2017,26670.42
07-07-2017,26671.31
08-07-2017,26672.2
09-07-2017,26673.09
10-07-2017,26669.64
11-07-2017,26666.19
12-07-2017,26662.75
13-07-2017,26659.3
14-07-2017,26655.85
15-07-2017,26652.41
16-07-2017,26648.96
17-07-2017,26645.52
18-07-2017,26642.07
19-07-2017,26638.63
20-07-2017,26635.18
21-07-2017,26631.74
22-07-2017,26628.3
23-07-2017,26624.85
24-07-2017,26621.41
25-07-2017,26617.97
26-07-2017,26614.53
27-07-2017,26611.09
28-07-2017,26607.65
29-07-2017,26604.21
30-07-2017,26600.77
31-07-2017,26597.33
01-08-2017,26593.89
02-08-2017,26590.45
03-08-2017,26587.01
04-08-2017,26583.58
05-08-2017,26580.14
06-08-2017,26576.7
07-08-2017,26573.27
08-08-2017,26569.83
09-08-2017,26566.4
10-08-2017,26568.11
11-08-2017,26569.82
12-08-2017,26571.54
13-08-2017,26573.25
14-08-2017,26574.96
15-08-2017,26576.68
16-08-2017,26578.39
17-08-2017,26580.1
18-08-2017,26581.81
19-08-2017,26583.53
20-08-2017,26585.24
21-08-2017,26586.95
22-08-2017,26588.67
23-08-2017,26590.38
24-08-2017,26592.1
25-08-2017,26593.81
26-08-2017,26595.52
27-08-2017,26597.24
28-08-2017,26598.95
29-08-2017,26600.67
30-08-2017,26602.38
31-08-2017,26604.1
01-09-2017,26605.81
02-09-2017,26607.53
03-09-2017,26609.24
04-09-2017,26610.96
05-09-2017,26612.67
06-09-2017,26614.39
07-09-2017,26616.1
08-09-2017,26617.82
09-09-2017,26619.53
10-09-2017,26621.3
11-09-2017,26623.08
12-09-2017,26624.85
13-09-2017,26626.62
14-09-2017,26628.4
15-09-2017,26630.17
16-09-2017,26631.94
17-09-2017,26633.72
18-09-2017,26635.49
19-09-2017,26637.26
20-09-2017,26639.04
21-09-2017,26640.81
22-09-2017,26642.59
23-09-2017,26644.36
24-09-2017,26646.14
25-09-2017,26647.91
26-09-2017,26649.69
27-09-2017,26651.46
28-09-2017,26653.24
29-09-2017,26655.01
30-09-2017,26656.79
01-10-2017,26658.56
02-10-2017,26660.34
03-10-2017,26662.11
04-10-2017,26663.89
05-10-2017,26665.66
06-10-2017,26667.44
07-10-2017,26669.22
08-10-2017,26670.99
09-10-2017,26672.77
10-10-2017,26671.05
11-10-2017,26669.33
12-10-2017,26667.6
13-10-2017,26665.88
14-10-2017,26664.16
15-10-2017,26662.44
16-10-2017,26660.71
17-10-2017,26658.99
18-10-2017,26657.27
19-10-2017,26655.55
20-10-2017,26653.83
21-10-2017,26652.11
22-10-2017,26650.39
23-10-2017,26648.67
24-10-2017,26646.94
25-10-2017,26645.22
26-10-2017,26643.5
27-10-2017,26641.78
28-10-2017,26640.06
29-10-2017,26638.34
30-10-2017,26636.62
31-10-2017,26634.9
01-11-2017,26633.18
02-11-2017,26631.46
03-11-2017,26629.74
04-11-2017,26628.02
05-11-2017,26626.3
06-11-2017,26624.58
07-11-2017,26622.86
08-11-2017,26621.14
09-11-2017,26619.42
10-11-2017,26624.73
11-11-2017,26630.04
12-11-2017,26635.35
13-11-2017,26640.66
14-11-2017,26645.97
15-11-2017,26651.29
16-11-2017,26656.6
17-11-2017,26661.92
18-11-2017,26667.23
19-11-2017,26672.55
20-11-2017,26677.87
21-11-2017,26683.19
22-11-2017,26688.51
23-11-2017,26693.84
24-11-2017,26699.16
25-11-2017,26704.48
26-11-2017,26709.81
27-11-2017,26715.14
28-11-2017,26720.46
29-11-2017,26725.79
30-11-2017,26731.12
01-12-2017,26736.45
02-12-2017,26741.78
03-12-2017,26747.12
04-12-2017,26752.45
05-12-2017,26757.79
06-12-2017,26763.12
07-12-2017,26768.46
08-12-2017,26773.8
09-12-2017,26779.14
10-12-2017,26780
11-12-2017,26780.87
12-12-2017,26781.73
13-12-2017,26782.59
14-12-2017,26783.46
15-12-2017,26784.32
16-12-2017,26785.18
17-12-2017,26786.05
18-12-2017,26786.91
19-12-2017,26787.78
20-12-2017,26788.64
21-12-2017,26789.5
22-12-2017,26790.37
23-12-2017,26791.23
24-12-2017,26792.09
25-12-2017,26792.96
26-12-2017,26793.82
27-12-2017,26794.69
28-12-2017,26795.55
29-12-2017,26796.41
30-12-2017,26797.28
31-12-2017,26798.14
01-01-2018,26799.01
02-01-2018,26799.87
03-01-2018,26800.73
04-01-2018,26801.6
05-01-2018,26802.46
06-01-2018,26803.33
07-01-2018,26804.19
08-01-2018,26805.05
09-01-2018,26805.92
10-01-2018,26806.78
11-01-2018,26807.65
12-01-2018,26808.51
13-01-2018,26809.38
14-01-2018,26810.24
15-01-2018,26811.11
16-01-2018,26811.97
17-01-2018,26812.84
18-01-2018,26813.7
19-01-2018,26814.56
20-01-2018,26815.43
21-01-2018,26816.29
22-01-2018,26817.16
23-01-2018,26818.02
24-01-2018,26818.89
25-01-2018,26819.75
26-01-2018,26820.62
27-01-2018,26821.48
28-01-2018,26822.35
29-01-2018,26823.21
30-01-2018,26824.08
31-01-2018,26824.94
01-02-2018,26825.81
02-02-2018,26826.67
03-02-2018,26827.54
04-02-2018,26828.4
05-02-2018,26829.27
06-02-2018,26830.13
07-02-2018,26831
08-02-2018,26831.86
09-02-2018,26832.73
10-02-2018,26837.51
11-02-2018,26842.29
12-02-2018,26847.07
13-02-2018,26851.86
14-02-2018,26856.64
15-02-2018,26861.42
16-02-2018,26866.21
17-02-2018,26870.99
18-02-2018,26875.78
19-02-2018,26880.57
20-02-2018,26885.36
21-02-2018,26890.15
22-02-2018,26894.94
23-02-2018,26899.73
24-02-2018,26904.52
25-02-2018,26909.31
26-02-2018,26914.11
27-02-2018,26918.9
28-02-2018,26923.7
01-03-2018,26928.49
02-03-2018,26933.29
03-03-2018,26938.09
04-03-2018,26942.89
05-03-2018,26947.69
06-03-2018,26952.49
07-03-2018,26957.29
08-03-2018,26962.09
09-03-2018,26966.89
10-03-2018,26966.89
11-03-2018,26966.89
12-03-2018,26966.89
13-03-2018,26966.89
14-03-2018,26966.89
15-03-2018,26966.89
16-03-2018,26966.89
17-03-2018,26966.89
18-03-2018,26966.89
19-03-2018,26966.89
20-03-2018,26966.89
21-03-2018,26966.89
22-03-2018,26966.89
23-03-2018,26966.89
24-03-2018,26966.89
25-03-2018,26966.89
26-03-2018,26966.89
27-03-2018,26966.89
28-03-2018,26966.89
29-03-2018,26966.89
30-03-2018,26966.89
31-03-2018,26966.89
01-04-2018,26966.89
02-04-2018,26966.89
03-04-2018,26966.89
04-04-2018,26966.89
05-04-2018,26966.89
06-04-2018,26966.89
07-04-2018,26966.89
08-04-2018,26966.89
09-04-2018,26966.89
10-04-2018,26968.69
11-04-2018,26970.48
12-04-2018,26972.28
13-04-2018,26974.07
14-04-2018,26975.87
15-04-2018,26977.67
16-04-2018,26979.46
17-04-2018,26981.26
18-04-2018,26983.06
19-04-2018,26984.86
20-04-2018,26986.65
21-04-2018,26988.45
22-04-2018,26990.25
23-04-2018,26992.05
24-04-2018,26993.84
25-04-2018,26995.64
26-04-2018,26997.44
27-04-2018,26999.24
28-04-2018,27001.04
29-04-2018,27002.83
30-04-2018,27004.63
01-05-2018,27006.43
02-05-2018,27008.23
03-05-2018,27010.03
04-05-2018,27011.83
05-05-2018,27013.63
06-05-2018,27015.43
07-05-2018,27017.22
08-05-2018,27019.02
09-05-2018,27020.82
10-05-2018,27023.43
11-05-2018,27026.04
12-05-2018,27028.65
13-05-2018,27031.27
14-05-2018,27033.88
15-05-2018,27036.49
16-05-2018,27039.1
17-05-2018,27041.72
18-05-2018,27044.33
19-05-2018,27046.94
20-05-2018,27049.56
21-05-2018,27052.17
22-05-2018,27054.78
23-05-2018,27057.4
24-05-2018,27060.01
25-05-2018,27062.63
26-05-2018,27065.24
27-05-2018,27067.86
28-05-2018,27070.47
29-05-2018,27073.09
30-05-2018,27075.71
31-05-2018,27078.32
01-06-2018,27080.94
02-06-2018,27083.56
03-06-2018,27086.17
04-06-2018,27088.79
05-06-2018,27091.41
06-06-2018,27094.03
07-06-2018,27096.65
08-06-2018,27099.26
09-06-2018,27101.88
10-06-2018,27104.59
11-06-2018,27107.29
12-06-2018,27110
13-06-2018,27112.71
14-06-2018,27115.41
15-06-2018,27118.12
16-06-2018,27120.83
17-06-2018,27123.54
18-06-2018,27126.25
19-06-2018,27128.95
20-06-2018,27131.66
21-06-2018,27134.37
22-06-2018,27137.08
23-06-2018,27139.79
24-06-2018,27142.5
25-06-2018,27145.21
26-06-2018,27147.92
27-06-2018,27150.63
28-06-2018,27153.35
29-06-2018,27156.06
30-06-2018,27158.77
01-07-2018,27161.48
02-07-2018,27164.19
03-07-2018,27166.91
04-07-2018,27169.62
05-07-2018,27172.33
06-07-2018,27175.04
07-07-2018,27177.76
08-07-2018,27180.47
09-07-2018,27183.19
10-07-2018,27184.07
11-07-2018,27184.94
12-07-2018,27185.82
13-07-2018,27186.7
14-07-2018,27187.57
15-07-2018,27188.45
16-07-2018,27189.33
17-07-2018,27190.2
18-07-2018,27191.08
19-07-2018,27191.96
20-07-2018,27192.83
21-07-2018,27193.71
22-07-2018,27194.59
23-07-2018,27195.46
24-07-2018,27196.34
25-07-2018,27197.22
26-07-2018,27198.09
27-07-2018,27198.97
28-07-2018,27199.85
29-07-2018,27200.72
30-07-2018,27201.6
31-07-2018,27202.48
01-08-2018,27203.36
02-08-2018,27204.23
03-08-2018,27205.11
04-08-2018,27205.99
05-08-2018,27206.86
06-08-2018,27207.74
07-08-2018,27208.62
08-08-2018,27209.5
09-08-2018,27210.37
10-08-2018,27213.87
11-08-2018,27217.38
12-08-2018,27220.88
13-08-2018,27224.39
14-08-2018,27227.9
15-08-2018,27231.4
16-08-2018,27234.91
17-08-2018,27238.42
18-08-2018,27241.92
19-08-2018,27245.43
20-08-2018,27248.94
21-08-2018,27252.45
22-08-2018,27255.96
23-08-2018,27259.47
24-08-2018,27262.98
25-08-2018,27266.49
26-08-2018,27270
27-08-2018,27273.52
28-08-2018,27277.03
29-08-2018,27280.54
30-08-2018,27284.05
31-08-2018,27287.57
01-09-2018,27291.08
02-09-2018,27294.6
03-09-2018,27298.11
04-09-2018,27301.63
05-09-2018,27305.14
06-09-2018,27308.66
07-09-2018,27312.18
08-09-2018,27315.69
09-09-2018,27319.21
10-09-2018,27321.03
11-09-2018,27322.85
12-09-2018,27324.67
13-09-2018,27326.49
14-09-2018,27328.31
15-09-2018,27330.13
16-09-2018,27331.95
17-09-2018,27333.77
18-09-2018,27335.59
19-09-2018,27337.41
20-09-2018,27339.23
21-09-2018,27341.05
22-09-2018,27342.87
23-09-2018,27344.69
24-09-2018,27346.52
25-09-2018,27348.34
26-09-2018,27350.16
27-09-2018,27351.98
28-09-2018,27353.8
29-09-2018,27355.62
30-09-2018,27357.45
01-10-2018,27359.27
02-10-2018,27361.09
03-10-2018,27362.91
04-10-2018,27364.73
05-10-2018,27366.56
06-10-2018,27368.38
07-10-2018,27370.2
08-10-2018,27372.03
09-10-2018,27373.85
10-10-2018,27376.5
11-10-2018,27379.14
12-10-2018,27381.79
13-10-2018,27384.43
14-10-2018,27387.08
15-10-2018,27389.73
16-10-2018,27392.37
17-10-2018,27395.02
18-10-2018,27397.67
19-10-2018,27400.31
20-10-2018,27402.96
21-10-2018,27405.61
22-10-2018,27408.26
23-10-2018,27410.91
24-10-2018,27413.56
25-10-2018,27416.2
26-10-2018,27418.85
27-10-2018,27421.5
28-10-2018,27424.15
29-10-2018,27426.8
30-10-2018,27429.45
31-10-2018,27432.1
01-11-2018,27434.76
02-11-2018,27437.41
03-11-2018,27440.06
04-11-2018,27442.71
05-11-2018,27445.36
06-11-2018,27448.01
07-11-2018,27450.67
08-11-2018,27453.32
09-11-2018,27455.97
10-11-2018,27459.62
11-11-2018,27463.28
12-11-2018,27466.93
13-11-2018,27470.59
14-11-2018,27474.24
15-11-2018,27477.9
16-11-2018,27481.56
17-11-2018,27485.21
18-11-2018,27488.87
19-11-2018,27492.53
20-11-2018,27496.19
21-11-2018,27499.85
22-11-2018,27503.51
23-11-2018,27507.17
24-11-2018,27510.83
25-11-2018,27514.49
26-11-2018,27518.15
27-11-2018,27521.81
28-11-2018,27525.47
29-11-2018,27529.14
30-11-2018,27532.8
01-12-2018,27536.46
02-12-2018,27540.13
03-12-2018,27543.79
04-12-2018,27547.46
05-12-2018,27551.13
06-12-2018,27554.79
07-12-2018,27558.46
08-12-2018,27562.13
09-12-2018,27565.79
10-12-2018,27565.79
11-12-2018,27565.79
12-12-2018,27565.79
13-12-2018,27565.79
14-12-2018,27565.79
15-12-2018,27565.79
16-12-2018,27565.79
17-12-2018,27565.79
18-12-2018,27565.79
19-12-2018,27565.79
20-12-2018,27565.79
21-12-2018,27565.79
22-12-2018,27565.79
23-12-2018,27565.79
24-12-2018,27565.79
25-12-2018,27565.79
26-12-2018,27565.79
27-12-2018,27565.79
28-12-2018,27565.79
29-12-2018,27565.79
30-12-2018,27565.79
31-12-2018,27565.79
01-01-2019,27565.79
02-01-2019,27565.79
03-01-2019,27565.79
04-01-2019,27565.79
05-01-2019,27565.79
06-01-2019,27565.79
07-01-2019,27565.79
08-01-2019,27565.79
09-01-2019,27565.79
10-01-2019,27564.9
11-01-2019,27564.01
12-01-2019,27563.12
13-01-2019,27562.23
14-01-2019,27561.34
15-01-2019,27560.45
16-01-2019,27559.56
17-01-2019,27558.67
18-01-2019,27557.78
19-01-2019,27556.89
20-01-2019,27556.01
21-01-2019,27555.12
22-01-2019,27554.23
23-01-2019,27553.34
24-01-2019,27552.45
25-01-2019,27551.56
26-01-2019,27550.67
27-01-2019,27549.78
28-01-2019,27548.89
29-01-2019,27548
30-01-2019,27547.11
31-01-2019,27546.22
01-02-2019,27545.34
02-02-2019,27544.45
03-02-2019,27543.56
04-02-2019,27542.67
05-02-2019,27541.78
06-02-2019,27540.89
07-02-2019,27540
08-02-2019,27539.11
09-02-2019,27538.22
10-02-2019,27539.2
11-02-2019,27540.19
12-02-2019,27541.17
13-02-2019,27542.15
14-02-2019,27543.14
15-02-2019,27544.12
16-02-2019,27545.1
17-02-2019,27546.09
18-02-2019,27547.07
19-02-2019,27548.05
20-02-2019,27549.04
21-02-2019,27550.02
22-02-2019,27551
23-02-2019,27551.99
24-02-2019,27552.97
25-02-2019,27553.95
26-02-2019,27554.94
27-02-2019,27555.92
28-02-2019,27556.9
01-03-2019,27557.89
02-03-2019,27558.87
03-03-2019,27559.85
04-03-2019,27560.84
05-03-2019,27561.82
06-03-2019,27562.81
07-03-2019,27563.79
08-03-2019,27564.77
09-03-2019,27565.76
10-03-2019,27565.76
11-03-2019,27565.76
12-03-2019,27565.76
13-03-2019,27565.76
14-03-2019,27565.76
15-03-2019,27565.76
16-03-2019,27565.76
17-03-2019,27565.76
18-03-2019,27565.76
19-03-2019,27565.76
20-03-2019,27565.76
21-03-2019,27565.76
22-03-2019,27565.76
23-03-2019,27565.76
24-03-2019,27565.76
25-03-2019,27565.76
26-03-2019,27565.76
27-03-2019,27565.76
28-03-2019,27565.76
29-03-2019,27565.76
30-03-2019,27565.76
31-03-2019,27565.76
01-04-2019,27565.76
02-04-2019,27565.76
03-04-2019,27565.76
04-04-2019,27565.76
05-04-2019,27565.76
06-04-2019,27565.76
07-04-2019,27565.76
08-04-2019,27565.76
09-04-2019,27565.76
10-04-2019,27570.34
11-04-2019,27574.93
12-04-2019,27579.51
13-04-2019,27584.1
14-04-2019,27588.68
15-04-2019,27593.27
16-04-2019,27597.86
17-04-2019,27602.45
18-04-2019,27607.04
19-04-2019,27611.63
20-04-2019,27616.22
21-04-2019,27620.81
22-04-2019,27625.4
23-04-2019,27629.99
24-04-2019,27634.59
25-04-2019,27639.18
26-04-2019,27643.78
27-04-2019,27648.37
28-04-2019,27652.97
29-04-2019,27657.57
30-04-2019,27662.17
01-05-2019,27666.77
02-05-2019,27671.37
03-05-2019,27675.97
04-05-2019,27680.57
05-05-2019,27685.17
06-05-2019,27689.77
07-05-2019,27694.38
08-05-2019,27698.98
09-05-2019,27703.59
10-05-2019,27706.27
11-05-2019,27708.94
12-05-2019,27711.62
13-05-2019,27714.3
14-05-2019,27716.98
15-05-2019,27719.66
16-05-2019,27722.34
17-05-2019,27725.01
18-05-2019,27727.69
19-05-2019,27730.37
20-05-2019,27733.05
21-05-2019,27735.73
22-05-2019,27738.41
23-05-2019,27741.09
24-05-2019,27743.77
25-05-2019,27746.45
26-05-2019,27749.14
27-05-2019,27751.82
28-05-2019,27754.5
29-05-2019,27757.18
30-05-2019,27759.86
31-05-2019,27762.55
01-06-2019,27765.23
02-06-2019,27767.91
03-06-2019,27770.6
04-06-2019,27773.28
05-06-2019,27775.96
06-06-2019,27778.65
07-06-2019,27781.33
08-06-2019,27784.02
09-06-2019,27786.7
10-06-2019,27792.24
11-06-2019,27797.78
12-06-2019,27803.33
13-06-2019,27808.87
14-06-2019,27814.42
15-06-2019,27819.96
16-06-2019,27825.51
17-06-2019,27831.06
18-06-2019,27836.61
19-06-2019,27842.16
20-06-2019,27847.71
21-06-2019,27853.27
22-06-2019,27858.82
23-06-2019,27864.38
24-06-2019,27869.94
25-06-2019,27875.49
26-06-2019,27881.05
27-06-2019,27886.61
28-06-2019,27892.17
29-06-2019,27897.74
30-06-2019,27903.3
01-07-2019,27908.86
02-07-2019,27914.43
03-07-2019,27920
04-07-2019,27925.56
05-07-2019,27931.13
06-07-2019,27936.7
07-07-2019,27942.27
08-07-2019,27947.85
09-07-2019,27953.42
10-07-2019,27953.42
11-07-2019,27953.42
12-07-2019,27953.42
13-07-2019,27953.42
14-07-2019,27953.42
15-07-2019,27953.42
16-07-2019,27953.42
17-07-2019,27953.42
18-07-2019,27953.42
19-07-2019,27953.42
20-07-2019,27953.42
21-07-2019,27953.42
22-07-2019,27953.42
23-07-2019,27953.42
24-07-2019,27953.42
25-07-2019,27953.42
26-07-2019,27953.42
27-07-2019,27953.42
28-07-2019,27953.42
29-07-2019,27953.42
30-07-2019,27953.42
31-07-2019,27953.42
01-08-2019,27953.42
02-08-2019,27953.42
03-08-2019,27953.42
04-08-2019,27953.42
05-08-2019,27953.42
06-08-2019,27953.42
07-08-2019,27953.42
08-08-2019,27953.42
09-08-2019,27953.42
10-08-2019,27955.22
11-08-2019,27957.02
12-08-2019,27958.83
13-08-2019,27960.63
14-08-2019,27962.43
15-08-2019,27964.23
16-08-2019,27966.03
17-08-2019,27967.84
18-08-2019,27969.64
19-08-2019,27971.44
20-08-2019,27973.25
21-08-2019,27975.05
22-08-2019,27976.85
23-08-2019,27978.65
24-08-2019,27980.46
25-08-2019,27982.26
26-08-2019,27984.06
27-08-2019,27985.87
28-08-2019,27987.67
29-08-2019,27989.48
30-08-2019,27991.28
31-08-2019,27993.08
01-09-2019,27994.89
02-09-2019,27996.69
03-09-2019,27998.5
04-09-2019,28000.3
05-09-2019,28002.11
06-09-2019,28003.91
07-09-2019,28005.72
08-09-2019,28007.52
09-09-2019,28009.33
10-09-2019,28011.2
11-09-2019,28013.06
12-09-2019,28014.93
13-09-2019,28016.79
14-09-2019,28018.66
15-09-2019,28020.52
16-09-2019,28022.39
17-09-2019,28024.26
18-09-2019,28026.12
19-09-2019,28027.99
20-09-2019,28029.86
21-09-2019,28031.72
22-09-2019,28033.59
23-09-2019,28035.46
24-09-2019,28037.33
25-09-2019,28039.19
26-09-2019,28041.06
27-09-2019,28042.93
28-09-2019,28044.8
29-09-2019,28046.66
30-09-2019,28048.53
01-10-2019,28050.4
02-10-2019,28052.27
03-10-2019,28054.14
04-10-2019,28056
05-10-2019,28057.87
06-10-2019,28059.74
07-10-2019,28061.61
08-10-2019,28063.48
09-10-2019,28065.35
10-10-2019,28065.35
11-10-2019,28065.35
12-10-2019,28065.35
13-10-2019,28065.35
14-10-2019,28065.35
15-10-2019,28065.35
16-10-2019,28065.35
17-10-2019,28065.35
18-10-2019,28065.35
19-10-2019,28065.35
20-10-2019,28065.35
21-10-2019,28065.35
22-10-2019,28065.35
23-10-2019,28065.35
24-10-2019,28065.35
25-10-2019,28065.35
26-10-2019,28065.35
27-10-2019,28065.35
28-10-2019,28065.35
29-10-2019,28065.35
30-10-2019,28065.35
31-10-2019,28065.35
01-11-2019,28065.35
02-11-2019,28065.35
03-11-2019,28065.35
04-11-2019,28065.35
05-11-2019,28065.35
06-11-2019,28065.35
07-11-2019,28065.35
08-11-2019,28065.35
09-11-2019,28065.35
10-11-2019,28072.81
11-11-2019,28080.26
12-11-2019,28087.72
13-11-2019,28095.18
14-11-2019,28102.65
15-11-2019,28110.11
16-11-2019,28117.58
17-11-2019,28125.05
18-11-2019,28132.52
19-11-2019,28139.99
20-11-2019,28147.47
21-11-2019,28154.94
22-11-2019,28162.42
23-11-2019,28169.9
24-11-2019,28177.39
25-11-2019,28184.87
26-11-2019,28192.36
27-11-2019,28199.85
28-11-2019,28207.34
29-11-2019,28214.83
30-11-2019,28222.33
01-12-2019,28229.83
02-12-2019,28237.32
03-12-2019,28244.83
04-12-2019,28252.33
05-12-2019,28259.83
06-12-2019,28267.34
07-12-2019,28274.85
08-12-2019,28282.36
09-12-2019,28289.87
10-12-2019,28290.78
11-12-2019,28291.69
12-12-2019,28292.61
13-12-2019,28293.52
14-12-2019,28294.43
15-12-2019,28295.34
16-12-2019,28296.26
17-12-2019,28297.17
18-12-2019,28298.08
19-12-2019,28298.99
20-12-2019,28299.91
21-12-2019,28300.82
22-12-2019,28301.73
23-12-2019,28302.64
24-12-2019,28303.56
25-12-2019,28304.47
26-12-2019,28305.38
27-12-2019,28306.29
28-12-2019,28307.21
29-12-2019,28308.12
30-12-2019,28309.03
31-12-2019,28309.94
01-01-2020,28310.86
02-01-2020,28311.77
03-01-2020,28312.68
04-01-2020,28313.6
05-01-2020,28314.51
06-01-2020,28315.42
07-01-2020,28316.33
08-01-2020,28317.25
09-01-2020,28318.16
10-01-2020,28319.07
11-01-2020,28319.99
12-01-2020,28320.9
13-01-2020,28321.81
14-01-2020,28322.73
15-01-2020,28323.64
16-01-2020,28324.55
17-01-2020,28325.47
18-01-2020,28326.38
19-01-2020,28327.29
20-01-2020,28328.21
21-01-2020,28329.12
22-01-2020,28330.03
23-01-2020,28330.95
24-01-2020,28331.86
25-01-2020,28332.77
26-01-2020,28333.69
27-01-2020,28334.6
28-01-2020,28335.51
29-01-2020,28336.43
30-01-2020,28337.34
31-01-2020,28338.25
01-02-2020,28339.17
02-02-2020,28340.08
03-02-2020,28341
04-02-2020,28341.91
05-02-2020,28342.82
06-02-2020,28343.74
07-02-2020,28344.65
08-02-2020,28345.56
09-02-2020,28346.48
10-02-2020,28352.33
11-02-2020,28358.18
12-02-2020,28364.03
13-02-2020,28369.88
14-02-2020,28375.73
15-02-2020,28381.59
16-02-2020,28387.44
17-02-2020,28393.3
18-02-2020,28399.15
19-02-2020,28405.01
20-02-2020,28410.87
21-02-2020,28416.73
22-02-2020,28422.6
23-02-2020,28428.46
24-02-2020,28434.32
25-02-2020,28440.19
26-02-2020,28446.06
27-02-2020,28451.93
28-02-2020,28457.8
29-02-2020,28463.67
01-03-2020,28469.54
02-03-2020,28475.41
03-03-2020,28481.29
04-03-2020,28487.16
05-03-2020,28493.04
06-03-2020,28498.92
07-03-2020,28504.8
08-03-2020,28510.68
09-03-2020,28516.56
10-03-2020,28520.23
11-03-2020,28523.91
12-03-2020,28527.58
13-03-2020,28531.25
14-03-2020,28534.93
15-03-2020,28538.6
16-03-2020,28542.28
17-03-2020,28545.95
18-03-2020,28549.63
19-03-2020,28553.31
20-03-2020,28556.98
21-03-2020,28560.66
22-03-2020,28564.34
23-03-2020,28568.02
24-03-2020,28571.7
25-03-2020,28575.38
26-03-2020,28579.06
27-03-2020,28582.74
28-03-2020,28586.42
29-03-2020,28590.1
30-03-2020,28593.78
31-03-2020,28597.46
01-04-2020,28601.15
02-04-2020,28604.83
03-04-2020,28608.51
04-04-2020,28612.2
05-04-2020,28615.88
06-04-2020,28619.57
07-04-2020,28623.25
08-04-2020,28626.94
09-04-2020,28630.63
10-04-2020,28633.49
11-04-2020,28636.35
12-04-2020,28639.21
13-04-2020,28642.07
14-04-2020,28644.93
15-04-2020,28647.79
16-04-2020,28650.65
17-04-2020,28653.51
18-04-2020,28656.37
19-04-2020,28659.23
20-04-2020,28662.09
21-04-2020,28664.96
22-04-2020,28667.82
23-04-2020,28670.68
24-04-2020,28673.54
25-04-2020,28676.41
26-04-2020,28679.27
27-04-2020,28682.13
28-04-2020,28685
29-04-2020,28687.86
30-04-2020,28690.73
01-05-2020,28693.59
02-05-2020,28696.46
03-05-2020,28699.32
04-05-2020,28702.19
05-05-2020,28705.05
06-05-2020,28707.92
07-05-2020,28710.79
08-05-2020,28713.65
09-05-2020,28716.52
10-05-2020,28716.52
11-05-2020,28716.52
12-05-2020,28716.52
13-05-2020,28716.52
14-05-2020,28716.52
15-05-2020,28716.52
16-05-2020,28716.52
17-05-2020,28716.52
18-05-2020,28716.52
19-05-2020,28716.52
20-05-2020,28716.52
21-05-2020,28716.52
22-05-2020,28716.52
23-05-2020,28716.52
24-05-2020,28716.52
25-05-2020,28716.52
26-05-2020,28716.52
27-05-2020,28716.52
28-05-2020,28716.52
29-05-2020,28716.52
30-05-2020,28716.52
31-05-2020,28716.52
01-06-2020,28716.52
02-06-2020,28716.52
03-06-2020,28716.52
04-06-2020,28716.52
05-06-2020,28716.52
06-06-2020,28716.52
07-06-2020,28716.52
08-06-2020,28716.52
09-06-2020,28716.52
10-06-2020,28715.56
11-06-2020,28714.6
12-06-2020,28713.65
13-06-2020,28712.69
14-06-2020,28711.73
15-06-2020,28710.77
16-06-2020,28709.82
17-06-2020,28708.86
18-06-2020,28707.9
19-06-2020,28706.94
20-06-2020,28705.99
21-06-2020,28705.03
22-06-2020,28704.07
23-06-2020,28703.12
24-06-2020,28702.16
25-06-2020,28701.2
26-06-2020,28700.24
27-06-2020,28699.29
28-06-2020,28698.33
29-06-2020,28697.37
30-06-2020,28696.42
01-07-2020,28695.46
02-07-2020,28694.5
03-07-2020,28693.54
04-07-2020,28692.59
05-07-2020,28691.63
06-07-2020,28690.67
07-07-2020,28689.72
08-07-2020,28688.76
09-07-2020,28687.8
10-07-2020,28686.87
11-07-2020,28685.95
12-07-2020,28685.02
13-07-2020,28684.1
14-07-2020,28683.17
15-07-2020,28682.25
16-07-2020,28681.32
17-07-2020,28680.39
18-07-2020,28679.47
19-07-2020,28678.54
20-07-2020,28677.62
21-07-2020,28676.69
22-07-2020,28675.77
23-07-2020,28674.84
24-07-2020,28673.92
25-07-2020,28672.99
26-07-2020,28672.06
27-07-2020,28671.14
28-07-2020,28670.21
29-07-2020,28669.29
30-07-2020,28668.36
31-07-2020,28667.44
01-08-2020,28666.51
02-08-2020,28665.59
03-08-2020,28664.66
04-08-2020,28663.74
05-08-2020,28662.81
06-08-2020,28661.89
07-08-2020,28660.96
08-08-2020,28660.04
09-08-2020,28659.11
10-08-2020,28660.03
11-08-2020,28660.96
12-08-2020,28661.88
13-08-2020,28662.81
14-08-2020,28663.73
15-08-2020,28664.65
16-08-2020,28665.58
17-08-2020,28666.5
18-08-2020,28667.43
19-08-2020,28668.35
20-08-2020,28669.28
21-08-2020,28670.2
22-08-2020,28671.12
23-08-2020,28672.05
24-08-2020,28672.97
25-08-2020,28673.9
26-08-2020,28674.82
27-08-2020,28675.75
28-08-2020,28676.67
29-08-2020,28677.6
30-08-2020,28678.52
31-08-2020,28679.45
01-09-2020,28680.37
02-09-2020,28681.3
03-09-2020,28682.22
04-09-2020,28683.14
05-09-2020,28684.07
06-09-2020,28684.99
07-09-2020,28685.92
08-09-2020,28686.84
09-09-2020,28687.77
10-09-2020,28688.73
11-09-2020,28689.68
12-09-2020,28690.64
13-09-2020,28691.59
14-09-2020,28692.55
15-09-2020,28693.51
16-09-2020,28694.46
17-09-2020,28695.42
18-09-2020,28696.37
19-09-2020,28697.33
20-09-2020,28698.29
21-09-2020,28699.24
22-09-2020,28700.2
23-09-2020,28701.15
24-09-2020,28702.11
25-09-2020,28703.07
26-09-2020,28704.02
27-09-2020,28704.98
28-09-2020,28705.94
29-09-2020,28706.89
30-09-2020,28707.85
01-10-2020,28708.8
02-10-2020,28709.76
03-10-2020,28710.72
04-10-2020,28711.67
05-10-2020,28712.63
06-10-2020,28713.59
07-10-2020,28714.54
08-10-2020,28715.5
09-10-2020,28716.46
10-10-2020,28722
11-10-2020,28727.54
12-10-2020,28733.09
13-10-2020,28738.63
14-10-2020,28744.18
15-10-2020,28749.73
16-10-2020,28755.28
17-10-2020,28760.83
18-10-2020,28766.38
19-10-2020,28771.93
20-10-2020,28777.48
21-10-2020,28783.03
22-10-2020,28788.59
23-10-2020,28794.14
24-10-2020,28799.7
25-10-2020,28805.26
26-10-2020,28810.82
27-10-2020,28816.38
28-10-2020,28821.94
29-10-2020,28827.5
30-10-2020,28833.07
31-10-2020,28838.63
01-11-2020,28844.2
02-11-2020,28849.76
03-11-2020,28855.33
04-11-2020,28860.9
05-11-2020,28866.47
06-11-2020,28872.04
07-11-2020,28877.61
08-11-2020,28883.18
09-11-2020,28888.76
10-11-2020,28895.48
11-11-2020,28902.2
12-11-2020,28908.92
13-11-2020,28915.64
14-11-2020,28922.37
15-11-2020,28929.09
16-11-2020,28935.82
17-11-2020,28942.55
18-11-2020,28949.28
19-11-2020,28956.01
20-11-2020,28962.74
21-11-2020,28969.48
22-11-2020,28976.22
23-11-2020,28982.95
24-11-2020,28989.69
25-11-2020,28996.44
26-11-2020,29003.18
27-11-2020,29009.92
28-11-2020,29016.67
29-11-2020,29023.42
30-11-2020,29030.17
01-12-2020,29036.92
02-12-2020,29043.67
03-12-2020,29050.42
04-12-2020,29057.18
05-12-2020,29063.94
06-12-2020,29070.7
07-12-2020,29077.46
08-12-2020,29084.22
09-12-2020,29090.98
10-12-2020,29090.04
11-12-2020,29089.1
12-12-2020,29088.16
13-12-2020,29087.22
14-12-2020,29086.29
15-12-2020,29085.35
16-12-2020,29084.41
17-12-2020,29083.47
18-12-2020,29082.53
19-12-2020,29081.59
20-12-2020,29080.65
21-12-2020,29079.72
22-12-2020,29078.78
23-12-2020,29077.84
24-12-2020,29076.9
25-12-2020,29075.96
26-12-2020,29075.02
27-12-2020,29074.08
28-12-2020,29073.15
29-12-2020,29072.21
30-12-2020,29071.27
31-12-2020,29070.33
01-01-2021,29069.39
02-01-2021,29068.46
03-01-2021,29067.52
04-01-2021,29066.58
05-01-2021,29065.64
06-01-2021,29064.7
07-01-2021,29063.76
08-01-2021,29062.83
09-01-2021,29061.89
10-01-2021,29064.7
11-01-2021,29067.51
12-01-2021,29070.32
13-01-2021,29073.13
14-01-2021,29075.93
15-01-2021,29078.74
16-01-2021,29081.55
17-01-2021,29084.36
18-01-2021,29087.18
19-01-2021,29089.99
20-01-2021,29092.8
21-01-2021,29095.61
22-01-2021,29098.42
23-01-2021,29101.23
24-01-2021,29104.04
25-01-2021,29106.86
26-01-2021,29109.67
27-01-2021,29112.48
28-01-2021,29115.3
29-01-2021,29118.11
30-01-2021,29120.92
31-01-2021,29123.74
01-02-2021,29126.55
02-02-2021,29129.37
03-02-2021,29132.18
04-02-2021,29135
05-02-2021,29137.81
06-02-2021,29140.63
07-02-2021,29143.44
08-02-2021,29146.26
09-02-2021,29149.08
10-02-2021,29156.34
11-02-2021,29163.61
12-02-2021,29170.87
13-02-2021,29178.14
14-02-2021,29185.41
15-02-2021,29192.68
16-02-2021,29199.96
17-02-2021,29207.23
18-02-2021,29214.51
19-02-2021,29221.79
20-02-2021,29229.07
21-02-2021,29236.35
22-02-2021,29243.64
23-02-2021,29250.92
24-02-2021,29258.21
25-02-2021,29265.5
26-02-2021,29272.79
27-02-2021,29280.09
28-02-2021,29287.38
01-03-2021,29294.68
02-03-2021,29301.98
03-03-2021,29309.28
04-03-2021,29316.58
05-03-2021,29323.89
06-03-2021,29331.19
07-03-2021,29338.5
08-03-2021,29345.81
09-03-2021,29353.12
10-03-2021,29355.01
11-03-2021,29356.9
12-03-2021,29358.8
13-03-2021,29360.69
14-03-2021,29362.58
15-03-2021,29364.47
16-03-2021,29366.37
17-03-2021,29368.26
18-03-2021,29370.15
19-03-2021,29372.04
20-03-2021,29373.94
21-03-2021,29375.83
22-03-2021,29377.72
23-03-2021,29379.62
24-03-2021,29381.51
25-03-2021,29383.41
26-03-2021,29385.3
27-03-2021,29387.19
28-03-2021,29389.09
29-03-2021,29390.98
30-03-2021,29392.88
31-03-2021,29394.77
01-04-2021,29396.67
02-04-2021,29398.56
03-04-2021,29400.45
04-04-2021,29402.35
05-04-2021,29404.24
06-04-2021,29406.14
07-04-2021,29408.04
08-04-2021,29409.93
09-04-2021,29411.83
10-04-2021,29415.74
11-04-2021,29419.66
12-04-2021,29423.57
13-04-2021,29427.49
14-04-2021,29431.41
15-04-2021,29435.32
16-04-2021,29439.24
17-04-2021,29443.16
18-04-2021,29447.07
19-04-2021,29450.99
20-04-2021,29454.91
21-04-2021,29458.83
22-04-2021,29462.75
23-04-2021,29466.67
24-04-2021,29470.59
25-04-2021,29474.52
26-04-2021,29478.44
27-04-2021,29482.36
28-04-2021,29486.29
29-04-2021,29490.21
30-04-2021,29494.13
01-05-2021,29498.06
02-05-2021,29501.98
03-05-2021,29505.91
04-05-2021,29509.84
05-05-2021,29513.76
06-05-2021,29517.69
07-05-2021,29521.62
08-05-2021,29525.55
09-05-2021,29529.48
10-05-2021,29533.28
11-05-2021,29537.09
12-05-2021,29540.89
13-05-2021,29544.69
14-05-2021,29548.5
15-05-2021,29552.3
16-05-2021,29556.11
17-05-2021,29559.92
18-05-2021,29563.72
19-05-2021,29567.53
20-05-2021,29571.34
21-05-2021,29575.15
22-05-2021,29578.96
23-05-2021,29582.77
24-05-2021,29586.57
25-05-2021,29590.39
26-05-2021,29594.2
27-05-2021,29598.01
28-05-2021,29601.82
29-05-2021,29605.63
30-05-2021,29609.44
31-05-2021,29613.26
01-06-2021,29617.07
02-06-2021,29620.88
03-06-2021,29624.7
04-06-2021,29628.51
05-06-2021,29632.33
06-06-2021,29636.15
07-06-2021,29639.96
08-06-2021,29643.78
09-06-2021,29647.6
10-06-2021,29650.56
11-06-2021,29653.52
12-06-2021,29656.48
13-06-2021,29659.44
14-06-2021,29662.41
15-06-2021,29665.37
16-06-2021,29668.33
17-06-2021,29671.29
18-06-2021,29674.25
19-06-2021,29677.22
20-06-2021,29680.18
21-06-2021,29683.15
22-06-2021,29686.11
23-06-2021,29689.07
24-06-2021,29692.04
25-06-2021,29695
26-06-2021,29697.97
27-06-2021,29700.93
28-06-2021,29703.9
29-06-2021,29706.87
30-06-2021,29709.83
01-07-2021,29712.8
02-07-2021,29715.77
03-07-2021,29718.73
04-07-2021,29721.7
05-07-2021,29724.67
06-07-2021,29727.64
07-07-2021,29730.6
08-07-2021,29733.57
09-07-2021,29736.54
10-07-2021,29737.5
11-07-2021,29738.46
12-07-2021,29739.42
13-07-2021,29740.38
14-07-2021,29741.33
15-07-2021,29742.29
16-07-2021,29743.25
17-07-2021,29744.21
18-07-2021,29745.17
19-07-2021,29746.13
20-07-2021,29747.09
21-07-2021,29748.05
22-07-2021,29749.01
23-07-2021,29749.97
24-07-2021,29750.92
25-07-2021,29751.88
26-07-2021,29752.84
27-07-2021,29753.8
28-07-2021,29754.76
29-07-2021,29755.72
30-07-2021,29756.68
31-07-2021,29757.64
01-08-2021,29758.6
02-08-2021,29759.56
03-08-2021,29760.52
04-08-2021,29761.48
05-08-2021,29762.44
06-08-2021,29763.4
07-08-2021,29764.36
08-08-2021,29765.32
09-08-2021,29766.28
10-08-2021,29773.93
11-08-2021,29781.59
12-08-2021,29789.24
13-08-2021,29796.9
14-08-2021,29804.56
15-08-2021,29812.22
16-08-2021,29819.89
17-08-2021,29827.55
18-08-2021,29835.22
19-08-2021,29842.89
20-08-2021,29850.56
21-08-2021,29858.23
22-08-2021,29865.91
23-08-2021,29873.59
24-08-2021,29881.27
25-08-2021,29888.95
26-08-2021,29896.63
27-08-2021,29904.32
28-08-2021,29912.01
29-08-2021,29919.7
30-08-2021,29927.39
31-08-2021,29935.08
01-09-2021,29942.78
02-09-2021,29950.47
03-09-2021,29958.17
04-09-2021,29965.87
05-09-2021,29973.58
06-09-2021,29981.28
07-09-2021,29988.99
08-09-2021,29996.7
09-09-2021,30004.41
10-09-2021,30008.4
11-09-2021,30012.4
12-09-2021,30016.39
13-09-2021,30020.38
14-09-2021,30024.38
15-09-2021,30028.38
16-09-2021,30032.37
17-09-2021,30036.37
18-09-2021,30040.36
19-09-2021,30044.36
20-09-2021,30048.36
21-09-2021,30052.36
22-09-2021,30056.36
23-09-2021,30060.36
24-09-2021,30064.36
25-09-2021,30068.36
26-09-2021,30072.36
27-09-2021,30076.36
28-09-2021,30080.37
29-09-2021,30084.37
30-09-2021,30088.37
01-10-2021,30092.38
02-10-2021,30096.38
03-10-2021,30100.39
04-10-2021,30104.39
05-10-2021,30108.4
06-10-2021,30112.4
07-10-2021,30116.41
08-10-2021,30120.42
09-10-2021,30124.43
10-10-2021,30136.02
11-10-2021,30147.62
12-10-2021,30159.23
13-10-2021,30170.83
14-10-2021,30182.44
15-10-2021,30194.06
16-10-2021,30205.68
17-10-2021,30217.31
18-10-2021,30228.94
19-10-2021,30240.57
20-10-2021,30252.21
21-10-2021,30263.85
22-10-2021,30275.5
23-10-2021,30287.15
24-10-2021,30298.81
25-10-2021,30310.47
26-10-2021,30322.13
27-10-2021,30333.8
28-10-2021,30345.48
29-10-2021,30357.16
30-10-2021,30368.84
31-10-2021,30380.53
01-11-2021,30392.22
02-11-2021,30403.92
03-11-2021,30415.62
04-11-2021,30427.33
05-11-2021,30439.04
06-11-2021,30450.75
07-11-2021,30462.47
08-11-2021,30474.19
09-11-2021,30485.92
10-11-2021,30499.05
11-11-2021,30512.18
12-11-2021,30525.32
13-11-2021,30538.47
14-11-2021,30551.62
15-11-2021,30564.77
16-11-2021,30577.94
17-11-2021,30591.1
18-11-2021,30604.28
19-11-2021,30617.46
20-11-2021,30630.64
21-11-2021,30643.83
22-11-2021,30657.03
23-11-2021,30670.23
24-11-2021,30683.44
25-11-2021,30696.65
26-11-2021,30709.87
27-11-2021,30723.1
28-11-2021,30736.33
29-11-2021,30749.56
30-11-2021,30762.8
01-12-2021,30776.05
02-12-2021,30789.3
03-12-2021,30802.56
04-12-2021,30815.83
05-12-2021,30829.1
06-12-2021,30842.37
07-12-2021,30855.66
08-12-2021,30868.94
09-12-2021,30882.24
10-12-2021,30887.21
11-12-2021,30892.18
12-12-2021,30897.15
13-12-2021,30902.12
14-12-2021,30907.09
15-12-2021,30912.07
16-12-2021,30917.04
17-12-2021,30922.01
18-12-2021,30926.99
19-12-2021,30931.97
20-12-2021,30936.94
21-12-2021,30941.92
22-12-2021,30946.9
23-12-2021,30951.88
24-12-2021,30956.86
25-12-2021,30961.84
26-12-2021,30966.82
27-12-2021,30971.8
28-12-2021,30976.79
29-12-2021,30981.77
30-12-2021,30986.76
31-12-2021,30991.74
01-01-2022,30996.73
02-01-2022,31001.72
03-01-2022,31006.71
04-01-2022,31011.69
05-01-2022,31016.68
06-01-2022,31021.67
07-01-2022,31026.67
08-01-2022,31031.66
09-01-2022,31036.65
10-01-2022,31044.63
11-01-2022,31052.61
12-01-2022,31060.59
13-01-2022,31068.58
14-01-2022,31076.56
15-01-2022,31084.55
16-01-2022,31092.54
17-01-2022,31100.54
18-01-2022,31108.53
19-01-2022,31116.53
20-01-2022,31124.53
21-01-2022,31132.53
22-01-2022,31140.53
23-01-2022,31148.54
24-01-2022,31156.54
25-01-2022,31164.55
26-01-2022,31172.57
27-01-2022,31180.58
28-01-2022,31188.59
29-01-2022,31196.61
30-01-2022,31204.63
31-01-2022,31212.65
01-02-2022,31220.68
02-02-2022,31228.7
03-02-2022,31236.73
04-02-2022,31244.76
05-02-2022,31252.79
06-02-2022,31260.83
07-02-2022,31268.86
08-02-2022,31276.9
09-02-2022,31284.94
10-02-2022,31298.27
11-02-2022,31311.61
12-02-2022,31324.95
13-02-2022,31338.3
14-02-2022,31351.65
15-02-2022,31365.01
16-02-2022,31378.38
17-02-2022,31391.75
18-02-2022,31405.12
19-02-2022,31418.5
20-02-2022,31431.89
21-02-2022,31445.29
22-02-2022,31458.68
23-02-2022,31472.09
24-02-2022,31485.5
25-02-2022,31498.92
26-02-2022,31512.34
27-02-2022,31525.77
28-02-2022,31539.2
01-03-2022,31552.64
02-03-2022,31566.08
03-03-2022,31579.53
04-03-2022,31592.99
05-03-2022,31606.45
06-03-2022,31619.92
07-03-2022,31633.39
08-03-2022,31646.87
09-03-2022,31660.36
10-03-2022,31663.42
11-03-2022,31666.48
12-03-2022,31669.54
13-03-2022,31672.6
14-03-2022,31675.66
15-03-2022,31678.72
16-03-2022,31681.78
17-03-2022,31684.84
18-03-2022,31687.91
19-03-2022,31690.97
20-03-2022,31694.03
21-03-2022,31697.09
22-03-2022,31700.16
23-03-2022,31703.22
24-03-2022,31706.28
25-03-2022,31709.35
26-03-2022,31712.41
27-03-2022,31715.48
28-03-2022,31718.54
29-03-2022,31721.61
30-03-2022,31724.67
31-03-2022,31727.74
01-04-2022,31730.8
02-04-2022,31733.87
03-04-2022,31736.94
04-04-2022,31740
05-04-2022,31743.07
06-04-2022,31746.14
07-04-2022,31749.2
08-04-2022,31752.27
09-04-2022,31755.34
10-04-2022,31775.27
11-04-2022,31795.21
12-04-2022,31815.17
13-04-2022,31835.13
14-04-2022,31855.11
15-04-2022,31875.1
16-04-2022,31895.11
17-04-2022,31915.12
18-04-2022,31935.15
19-04-2022,31955.2
20-04-2022,31975.25
21-04-2022,31995.32
22-04-2022,32015.4
23-04-2022,32035.49
24-04-2022,32055.6
25-04-2022,32075.71
26-04-2022,32095.84
27-04-2022,32115.99
28-04-2022,32136.14
29-04-2022,32156.31
30-04-2022,32176.49
01-05-2022,32196.69
02-05-2022,32216.89
03-05-2022,32237.11
04-05-2022,32257.34
05-05-2022,32277.59
06-05-2022,32297.84
07-05-2022,32318.11
08-05-2022,32338.4
09-05-2022,32358.69
10-05-2022,32373.21
11-05-2022,32387.73
12-05-2022,32402.26
13-05-2022,32416.79
14-05-2022,32431.33
15-05-2022,32445.88
16-05-2022,32460.44
17-05-2022,32475
18-05-2022,32489.56
19-05-2022,32504.14
20-05-2022,32518.72
21-05-2022,32533.31
22-05-2022,32547.9
23-05-2022,32562.5
24-05-2022,32577.11
25-05-2022,32591.72
26-05-2022,32606.34
27-05-2022,32620.97
28-05-2022,32635.6
29-05-2022,32650.24
30-05-2022,32664.89
31-05-2022,32679.54
01-06-2022,32694.2
02-06-2022,32708.87
03-06-2022,32723.54
04-06-2022,32738.22
05-06-2022,32752.9
06-06-2022,32767.6
07-06-2022,32782.29
08-06-2022,32797
09-06-2022,32811.71
10-06-2022,32824.76
11-06-2022,32837.81
12-06-2022,32850.87
13-06-2022,32863.94
14-06-2022,32877.01
15-06-2022,32890.08
16-06-2022,32903.16
17-06-2022,32916.25
18-06-2022,32929.34
19-06-2022,32942.44
20-06-2022,32955.54
21-06-2022,32968.64
22-06-2022,32981.75
23-06-2022,32994.87
24-06-2022,33007.99
25-06-2022,33021.12
26-06-2022,33034.25
27-06-2022,33047.39
28-06-2022,33060.53
29-06-2022,33073.68
30-06-2022,33086.83
01-07-2022,33099.99
02-07-2022,33113.16
03-07-2022,33126.33
04-07-2022,33139.5
05-07-2022,33152.68
06-07-2022,33165.86
07-07-2022,33179.05
08-07-2022,33192.25
09-07-2022,33205.45
10-07-2022,33215.05
11-07-2022,33224.65
12-07-2022,33234.25
13-07-2022,33243.86
14-07-2022,33253.47
15-07-2022,33263.08
16-07-2022,33272.7
17-07-2022,33282.32
18-07-2022,33291.94
19-07-2022,33301.56
20-07-2022,33311.19
21-07-2022,33320.82
22-07-2022,33330.45
23-07-2022,33340.08
24-07-2022,33349.72
25-07-2022,33359.36
26-07-2022,33369
27-07-2022,33378.65
28-07-2022,33388.3
29-07-2022,33397.95
30-07-2022,33407.6
31-07-2022,33417.26
01-08-2022,33426.92
02-08-2022,33436.58
03-08-2022,33446.25
04-08-2022,33455.92
05-08-2022,33465.59
06-08-2022,33475.26
07-08-2022,33484.94
08-08-2022,33494.62
09-08-2022,33504.3
10-08-2022,33519.33
11-08-2022,33534.37
12-08-2022,33549.41
13-08-2022,33564.46
14-08-2022,33579.51
15-08-2022,33594.58
16-08-2022,33609.65
17-08-2022,33624.72
18-08-2022,33639.81
19-08-2022,33654.9
20-08-2022,33669.99
21-08-2022,33685.1
22-08-2022,33700.21
23-08-2022,33715.33
24-08-2022,33730.45
25-08-2022,33745.58
26-08-2022,33760.72
27-08-2022,33775.86
28-08-2022,33791.01
29-08-2022,33806.17
30-08-2022,33821.34
31-08-2022,33836.51
01-09-2022,33851.69
02-09-2022,33866.87
03-09-2022,33882.06
04-09-2022,33897.26
05-09-2022,33912.47
06-09-2022,33927.68
07-09-2022,33942.9
08-09-2022,33958.13
09-09-2022,33973.36
10-09-2022,33986.87
11-09-2022,34000.39
12-09-2022,34013.91
13-09-2022,34027.44
14-09-2022,34040.97
15-09-2022,34054.51
16-09-2022,34068.05
17-09-2022,34081.6
18-09-2022,34095.15
19-09-2022,34108.71
20-09-2022,34122.28
21-09-2022,34135.85
22-09-2022,34149.42
23-09-2022,34163.01
24-09-2022,34176.59
25-09-2022,34190.18
26-09-2022,34203.78
27-09-2022,34217.38
28-09-2022,34230.99
29-09-2022,34244.61
30-09-2022,34258.23
01-10-2022,34271.85
02-10-2022,34285.48
03-10-2022,34299.11
04-10-2022,34312.76
05-10-2022,34326.4
06-10-2022,34340.05
07-10-2022,34353.71
08-10-2022,34367.37
09-10-2022,34381.04
10-10-2022,34390.98
11-10-2022,34400.92
12-10-2022,34410.86
13-10-2022,34420.81
14-10-2022,34430.76
15-10-2022,34440.71
16-10-2022,34450.67
17-10-2022,34460.63
18-10-2022,34470.59
19-10-2022,34480.55
20-10-2022,34490.52
21-10-2022,34500.49
22-10-2022,34510.46
23-10-2022,34520.44
24-10-2022,34530.42
25-10-2022,34540.4
26-10-2022,34550.38
27-10-2022,34560.37
28-10-2022,34570.36
29-10-2022,34580.35
30-10-2022,34590.35
31-10-2022,34600.35
01-11-2022,34610.35
02-11-2022,34620.36
03-11-2022,34630.36
04-11-2022,34640.37
05-11-2022,34650.39
06-11-2022,34660.4
07-11-2022,34670.42
08-11-2022,34680.44
09-11-2022,34690.47
10-11-2022,34696.24
11-11-2022,34702.01
12-11-2022,34707.78
13-11-2022,34713.55
14-11-2022,34719.32
15-11-2022,34725.09
16-11-2022,34730.86
17-11-2022,34736.64
18-11-2022,34742.41
19-11-2022,34748.19
20-11-2022,34753.97
21-11-2022,34759.75
22-11-2022,34765.53
23-11-2022,34771.31
24-11-2022,34777.09
25-11-2022,34782.87
26-11-2022,34788.65
27-11-2022,34794.44
28-11-2022,34800.22
29-11-2022,34806.01
30-11-2022,34811.8
01-12-2022,34817.58
02-12-2022,34823.37
03-12-2022,34829.16
04-12-2022,34834.95
05-12-2022,34840.75
06-12-2022,34846.54
07-12-2022,34852.33
08-12-2022,34858.13
09-12-2022,34863.92
10-12-2022,34875.11
11-12-2022,34886.31
12-12-2022,34897.51
13-12-2022,34908.71
14-12-2022,34919.92
15-12-2022,34931.13
16-12-2022,34942.34
17-12-2022,34953.56
18-12-2022,34964.78
19-12-2022,34976.01
20-12-2022,34987.23
21-12-2022,34998.47
22-12-2022,35009.7
23-12-2022,35020.94
24-12-2022,35032.18
25-12-2022,35043.43
26-12-2022,35054.68
27-12-2022,35065.93
28-12-2022,35077.19
29-12-2022,35088.45
30-12-2022,35099.72
31-12-2022,35110.98
01-01-2023,35122.26
02-01-2023,35133.53
03-01-2023,35144.81
04-01-2023,35156.09
05-01-2023,35167.38
06-01-2023,35178.67
07-01-2023,35189.96
08-01-2023,35201.26
09-01-2023,35212.56
10-01-2023,35215.96
11-01-2023,35219.37
12-01-2023,35222.77
13-01-2023,35226.17
14-01-2023,35229.58
15-01-2023,35232.98
16-01-2023,35236.39
17-01-2023,35239.79
18-01-2023,35243.2
19-01-2023,35246.6
20-01-2023,35250.01
21-01-2023,35253.41
22-01-2023,35256.82
23-01-2023,35260.23
24-01-2023,35263.64
25-01-2023,35267.04
26-01-2023,35270.45
27-01-2023,35273.86
28-01-2023,35277.27
29-01-2023,35280.68
30-01-2023,35284.09
31-01-2023,35287.5
01-02-2023,35290.91
02-02-2023,35294.32
03-02-2023,35297.73
04-02-2023,35301.14
05-02-2023,35304.55
06-02-2023,35307.96
07-02-2023,35311.37
08-02-2023,35314.79
09-02-2023,35318.2
10-02-2023,35328.25
11-02-2023,35338.31
12-02-2023,35348.37
13-02-2023,35358.43
14-02-2023,35368.49
15-02-2023,35378.56
16-02-2023,35388.63
17-02-2023,35398.7
18-02-2023,35408.77
19-02-2023,35418.85
20-02-2023,35428.93
21-02-2023,35439.02
22-02-2023,35449.1
23-02-2023,35459.19
24-02-2023,35469.28
25-02-2023,35479.38
26-02-2023,35489.48
27-02-2023,35499.58
28-02-2023,35509.68
01-03-2023,35519.79
02-03-2023,35529.9
03-03-2023,35540.01
04-03-2023,35550.13
05-03-2023,35560.24
06-03-2023,35570.37
07-03-2023,35580.49
08-03-2023,35590.62
09-03-2023,35600.75
10-03-2023,35599.6
11-03-2023,35598.45
12-03-2023,35597.3
13-03-2023,35596.15
14-03-2023,35595.01
15-03-2023,35593.86
16-03-2023,35592.71
17-03-2023,35591.56
18-03-2023,35590.41
19-03-2023,35589.26
20-03-2023,35588.11
21-03-2023,35586.96
22-03-2023,35585.82
23-03-2023,35584.67
24-03-2023,35583.52
25-03-2023,35582.37
26-03-2023,35581.22
27-03-2023,35580.07
28-03-2023,35578.93
29-03-2023,35577.78
30-03-2023,35576.63
31-03-2023,35575.48
01-04-2023,35574.33
02-04-2023,35573.19
03-04-2023,35572.04
04-04-2023,35570.89
05-04-2023,35569.74
06-04-2023,35568.59
07-04-2023,35567.44
08-04-2023,35566.3
09-04-2023,35565.15
10-04-2023,35578.12
11-04-2023,35591.1
12-04-2023,35604.08
13-04-2023,35617.07
14-04-2023,35630.06
15-04-2023,35643.05
16-04-2023,35656.05
17-04-2023,35669.06
18-04-2023,35682.07
19-04-2023,35695.08
20-04-2023,35708.1
21-04-2023,35721.12
22-04-2023,35734.15
23-04-2023,35747.19
24-04-2023,35760.22
25-04-2023,35773.27
26-04-2023,35786.31
27-04-2023,35799.37
28-04-2023,35812.42
29-04-2023,35825.49
30-04-2023,35838.55
01-05-2023,35851.62
02-05-2023,35864.7
03-05-2023,35877.78
04-05-2023,35890.87
05-05-2023,35903.96
06-05-2023,35917.05
07-05-2023,35930.15
08-05-2023,35943.26
09-05-2023,35956.37
10-05-2023,35959.84
11-05-2023,35963.32
12-05-2023,35966.79
13-05-2023,35970.27
14-05-2023,35973.75
15-05-2023,35977.22
16-05-2023,35980.7
17-05-2023,35984.18
18-05-2023,35987.65
19-05-2023,35991.13
20-05-2023,35994.61
21-05-2023,35998.09
22-05-2023,36001.57
23-05-2023,36005.05
24-05-2023,36008.52
25-05-2023,36012
26-05-2023,36015.48
27-05-2023,36018.96
28-05-2023,36022.44
29-05-2023,36025.93
30-05-2023,36029.41
31-05-2023,36032.89
01-06-2023,36036.37
02-06-2023,36039.85
03-06-2023,36043.34
04-06-2023,36046.82
05-06-2023,36050.3
06-06-2023,36053.79
07-06-2023,36057.27
08-06-2023,36060.75
09-06-2023,36064.24
10-06-2023,36065.44
11-06-2023,36066.64
12-06-2023,36067.84
13-06-2023,36069.05
14-06-2023,36070.25
15-06-2023,36071.45
16-06-2023,36072.65
17-06-2023,36073.85
18-06-2023,36075.06
19-06-2023,36076.26
20-06-2023,36077.46
21-06-2023,36078.66
22-06-2023,36079.86
23-06-2023,36081.07
24-06-2023,36082.27
25-06-2023,36083.47
26-06-2023,36084.67
27-06-2023,36085.87
28-06-2023,36087.08
29-06-2023,36088.28
30-06-2023,36089.48
01-07-2023,36090.68
02-07-2023,36091.89
03-07-2023,36093.09
04-07-2023,36094.29
05-07-2023,36095.49
06-07-2023,36096.7
07-07-2023,36097.9
08-07-2023,36099.1
09-07-2023,36100.3
10-07-2023,36097.97
11-07-2023,36095.64
12-07-2023,36093.31
13-07-2023,36090.98
14-07-2023,36088.64
15-07-2023,36086.31
16-07-2023,36083.98
17-07-2023,36081.65
18-07-2023,36079.32
19-07-2023,36076.99
20-07-2023,36074.66
21-07-2023,36072.33
22-07-2023,36070
23-07-2023,36067.68
24-07-2023,36065.35
25-07-2023,36063.02
26-07-2023,36060.69
27-07-2023,36058.36
28-07-2023,36056.03
29-07-2023,36053.7
30-07-2023,36051.37
31-07-2023,36049.05
01-08-2023,36046.72
02-08-2023,36044.39
03-08-2023,36042.06
04-08-2023,36039.73
05-08-2023,36037.41
06-08-2023,36035.08
07-08-2023,36032.75
08-08-2023,36030.43
09-08-2023,36028.1
10-08-2023,36032.74
11-08-2023,36037.38
12-08-2023,36042.02
13-08-2023,36046.66
14-08-2023,36051.31
15-08-2023,36055.95
16-08-2023,36060.59
17-08-2023,36065.24
18-08-2023,36069.88
19-08-2023,36074.53
20-08-2023,36079.17
21-08-2023,36083.82
22-08-2023,36088.46
23-08-2023,36093.11
24-08-2023,36097.76
25-08-2023,36102.41
26-08-2023,36107.06
27-08-2023,36111.71
28-08-2023,36116.36
29-08-2023,36121.01
30-08-2023,36125.66
31-08-2023,36130.31
01-09-2023,36134.97
02-09-2023,36139.62
03-09-2023,36144.27
04-09-2023,36148.93
05-09-2023,36153.58
06-09-2023,36158.24
07-09-2023,36162.9
08-09-2023,36167.55
09-09-2023,36172.21
10-09-2023,36173.42
11-09-2023,36174.62
12-09-2023,36175.83
13-09-2023,36177.03
14-09-2023,36178.24
15-09-2023,36179.44
16-09-2023,36180.65
17-09-2023,36181.85
18-09-2023,36183.06
19-09-2023,36184.26
20-09-2023,36185.47
21-09-2023,36186.67
22-09-2023,36187.88
23-09-2023,36189.09
24-09-2023,36190.29
25-09-2023,36191.5
26-09-2023,36192.7
27-09-2023,36193.91
28-09-2023,36195.11
29-09-2023,36196.32
30-09-2023,36197.53
01-10-2023,36198.73
02-10-2023,36199.94
03-10-2023,36201.14
04-10-2023,36202.35
05-10-2023,36203.56
06-10-2023,36204.76
07-10-2023,36205.97
08-10-2023,36207.18
09-10-2023,36208.38
10-10-2023,36216.53
11-10-2023,36224.68
12-10-2023,36232.83
13-10-2023,36240.99
14-10-2023,36249.14
15-10-2023,36257.3
16-10-2023,36265.46
17-10-2023,36273.62
18-10-2023,36281.78
19-10-2023,36289.95
20-10-2023,36298.11
21-10-2023,36306.28
22-10-2023,36314.45
23-10-2023,36322.63
24-10-2023,36330.8
25-10-2023,36338.98
26-10-2023,36347.15
27-10-2023,36355.33
28-10-2023,36363.52
29-10-2023,36371.7
30-10-2023,36379.88
31-10-2023,36388.07
01-11-2023,36396.26
02-11-2023,36404.45
03-11-2023,36412.64
04-11-2023,36420.84
05-11-2023,36429.03
06-11-2023,36437.23
07-11-2023,36445.43
08-11-2023,36453.63
09-11-2023,36461.84
10-11-2023,36466.69
11-11-2023,36471.55
12-11-2023,36476.4
13-11-2023,36481.25
14-11-2023,36486.11
15-11-2023,36490.96
16-11-2023,36495.82
17-11-2023,36500.68
18-11-2023,36505.53
19-11-2023,36510.39
20-11-2023,36515.25
21-11-2023,36520.11
22-11-2023,36524.97
23-11-2023,36529.83
24-11-2023,36534.69
25-11-2023,36539.55
26-11-2023,36544.42
27-11-2023,36549.28
28-11-2023,36554.14
29-11-2023,36559.01
30-11-2023,36563.87
01-12-2023,36568.74
02-12-2023,36573.6
03-12-2023,36578.47
04-12-2023,36583.34
05-12-2023,36588.21
06-12-2023,36593.08
07-12-2023,36597.95
08-12-2023,36602.82
09-12-2023,36607.69
10-12-2023,36615.93
11-12-2023,36624.17
12-12-2023,36632.41
13-12-2023,36640.65
14-12-2023,36648.9
15-12-2023,36657.15
16-12-2023,36665.4
17-12-2023,36673.65
18-12-2023,36681.9
19-12-2023,36690.16
20-12-2023,36698.41
21-12-2023,36706.67
22-12-2023,36714.93
23-12-2023,36723.2
24-12-2023,36731.46
25-12-2023,36739.73
26-12-2023,36747.99
27-12-2023,36756.26
28-12-2023,36764.54
29-12-2023,36772.81
30-12-2023,36781.09
31-12-2023,36789.36
01-01-2024,36797.64
02-01-2024,36805.92
03-01-2024,36814.21
04-01-2024,36822.49
05-01-2024,36830.78
06-01-2024,36839.07
07-01-2024,36847.36
08-01-2024,36855.65
09-01-2024,36863.94
10-01-2024,36857.98
11-01-2024,36852.02
12-01-2024,36846.06
13-01-2024,36840.1
14-01-2024,36834.15
15-01-2024,36828.19
16-01-2024,36822.24
17-01-2024,36816.29
18-01-2024,36810.33
19-01-2024,36804.38
20-01-2024,36798.43
21-01-2024,36792.48
22-01-2024,36786.53
23-01-2024,36780.58
24-01-2024,36774.64
25-01-2024,36768.69
26-01-2024,36762.75
27-01-2024,36756.8
28-01-2024,36750.86
29-01-2024,36744.92
30-01-2024,36738.98
31-01-2024,36733.04
01-02-2024,36727.1
02-02-2024,36721.16
03-02-2024,36715.22
04-02-2024,36709.29
05-02-2024,36703.35
06-02-2024,36697.42
07-02-2024,36691.48
08-02-2024,36685.55
09-02-2024,36679.62
10-02-2024,36688.44
11-02-2024,36697.27
12-02-2024,36706.1
13-02-2024,36714.93
14-02-2024,36723.76
15-02-2024,36732.6
16-02-2024,36741.43
17-02-2024,36750.27
18-02-2024,36759.11
19-02-2024,36767.95
20-02-2024,36776.8
21-02-2024,36785.65
22-02-2024,36794.5
23-02-2024,36803.35
24-02-2024,36812.2
25-02-2024,36821.06
26-02-2024,36829.92
27-02-2024,36838.78
28-02-2024,36847.64
29-02-2024,36856.5
01-03-2024,36865.37
02-03-2024,36874.24
03-03-2024,36883.11
04-03-2024,36891.98
05-03-2024,36900.86
06-03-2024,36909.73
07-03-2024,36918.61
08-03-2024,36927.49
09-03-2024,36936.38
10-03-2024,36943.51
11-03-2024,36950.64
12-03-2024,36957.77
13-03-2024,36964.9
14-03-2024,36972.04
15-03-2024,36979.17
16-03-2024,36986.31
17-03-2024,36993.44
18-03-2024,37000.58
19-03-2024,37007.72
20-03-2024,37014.87
21-03-2024,37022.01
22-03-2024,37029.16
23-03-2024,37036.3
24-03-2024,37043.45
25-03-2024,37050.6
26-03-2024,37057.75
27-03-2024,37064.9
28-03-2024,37072.05
29-03-2024,37079.21
30-03-2024,37086.36
31-03-2024,37093.52
01-04-2024,37100.68
02-04-2024,37107.84
03-04-2024,37115
04-04-2024,37122.16
05-04-2024,37129.33
06-04-2024,37136.49
07-04-2024,37143.66
08-04-2024,37150.83
09-04-2024,37158
10-04-2024,37162.94
11-04-2024,37167.89
12-04-2024,37172.84
13-04-2024,37177.78
14-04-2024,37182.73
15-04-2024,37187.68
16-04-2024,37192.63
17-04-2024,37197.58
18-04-2024,37202.53
19-04-2024,37207.48
20-04-2024,37212.43
21-04-2024,37217.38
22-04-2024,37222.33
23-04-2024,37227.29
24-04-2024,37232.24
25-04-2024,37237.2
26-04-2024,37242.15
27-04-2024,37247.11
28-04-2024,37252.06
29-04-2024,37257.02
30-04-2024,37261.98
01-05-2024,37266.94
02-05-2024,37271.9
03-05-2024,37276.86
04-05-2024,37281.82
05-05-2024,37286.78
06-05-2024,37291.74
07-05-2024,37296.7
08-05-2024,37301.67
09-05-2024,37306.63
10-05-2024,37312.63
11-05-2024,37318.64
12-05-2024,37324.64
13-05-2024,37330.65
14-05-2024,37336.65
15-05-2024,37342.66
16-05-2024,37348.67
17-05-2024,37354.68
18-05-2024,37360.69
19-05-2024,37366.7
20-05-2024,37372.71
21-05-2024,37378.73
22-05-2024,37384.74
23-05-2024,37390.76
24-05-2024,37396.77
25-05-2024,37402.79
26-05-2024,37408.81
27-05-2024,37414.83
28-05-2024,37420.85
29-05-2024,37426.87
30-05-2024,37432.89
31-05-2024,37438.91
01-06-2024,37444.94
02-06-2024,37450.96
03-06-2024,37456.99
04-06-2024,37463.01
05-06-2024,37469.04
06-06-2024,37475.07
07-06-2024,37481.1
08-06-2024,37487.13
09-06-2024,37493.16
10-06-2024,37496.9
11-06-2024,37500.65
12-06-2024,37504.39
13-06-2024,37508.14
14-06-2024,37511.88
15-06-2024,37515.63
16-06-2024,37519.38
17-06-2024,37523.12
18-06-2024,37526.87
19-06-2024,37530.62
20-06-2024,37534.36
21-06-2024,37538.11
22-06-2024,37541.86
23-06-2024,37545.61
24-06-2024,37549.36
25-06-2024,37553.11
26-06-2024,37556.86
27-06-2024,37560.61
28-06-2024,37564.36
29-06-2024,37568.11
30-06-2024,37571.86
01-07-2024,37575.61
02-07-2024,37579.36
03-07-2024,37583.12
04-07-2024,37586.87
05-07-2024,37590.62
06-07-2024,37594.38
07-07-2024,37598.13
08-07-2024,37601.88
09-07-2024,37605.64
10-07-2024,37604.43
11-07-2024,37603.21
12-07-2024,37602
13-07-2024,37600.79
14-07-2024,37599.57
15-07-2024,37598.36
16-07-2024,37597.15
17-07-2024,37595.93
18-07-2024,37594.72
19-07-2024,37593.51
20-07-2024,37592.29
21-07-2024,37591.08
22-07-2024,37589.87
23-07-2024,37588.65
24-07-2024,37587.44
25-07-2024,37586.23
26-07-2024,37585.01
27-07-2024,37583.8
28-07-2024,37582.59
29-07-2024,37581.37
30-07-2024,37580.16
31-07-2024,37578.95
01-08-2024,37577.74
02-08-2024,37576.52
03-08-2024,37575.31
04-08-2024,37574.1
05-08-2024,37572.88
06-08-2024,37571.67
07-08-2024,37570.46
08-08-2024,37569.25
09-08-2024,37568.03
10-08-2024,37576.48
11-08-2024,37584.94
12-08-2024,37593.4
13-08-2024,37601.86
14-08-2024,37610.32
15-08-2024,37618.79
16-08-2024,37627.25
17-08-2024,37635.72
18-08-2024,37644.19
19-08-2024,37652.66
20-08-2024,37661.13
21-08-2024,37669.61
22-08-2024,37678.09
23-08-2024,37686.57
24-08-2024,37695.05
25-08-2024,37703.53
26-08-2024,37712.02
27-08-2024,37720.5
28-08-2024,37728.99
29-08-2024,37737.48
30-08-2024,37745.97
31-08-2024,37754.47
01-09-2024,37762.97
02-09-2024,37771.46
03-09-2024,37779.96
04-09-2024,37788.47
05-09-2024,37796.97
06-09-2024,37805.48
07-09-2024,37813.98
08-09-2024,37822.49
09-09-2024,37831.01
10-09-2024,37834.79
11-09-2024,37838.57
12-09-2024,37842.34
13-09-2024,37846.12
14-09-2024,37849.9
15-09-2024,37853.68
16-09-2024,37857.46
17-09-2024,37861.24
18-09-2024,37865.02
19-09-2024,37868.8
20-09-2024,37872.58
21-09-2024,37876.37
22-09-2024,37880.15
23-09-2024,37883.93
24-09-2024,37887.71
25-09-2024,37891.5
26-09-2024,37895.28
27-09-2024,37899.07
28-09-2024,37902.85
29-09-2024,37906.63
30-09-2024,37910.42
01-10-2024,37914.2
02-10-2024,37917.99
03-10-2024,37921.78
04-10-2024,37925.56
05-10-2024,37929.35
06-10-2024,37933.14
07-10-2024,37936.93
08-10-2024,37940.71
09-10-2024,37944.5
10-10-2024,37945.72
11-10-2024,37946.95
12-10-2024,37948.17
13-10-2024,37949.39
14-10-2024,37950.62
15-10-2024,37951.84
16-10-2024,37953.06
17-10-2024,37954.29
18-10-2024,37955.51
19-10-2024,37956.74
20-10-2024,37957.96
21-10-2024,37959.18
22-10-2024,37960.41
23-10-2024,37961.63
24-10-2024,37962.86
25-10-2024,37964.08
26-10-2024,37965.3
27-10-2024,37966.53
28-10-2024,37967.75
29-10-2024,37968.98
30-10-2024,37970.2
31-10-2024,37971.42
01-11-2024,37972.65
02-11-2024,37973.87
03-11-2024,37975.1
04-11-2024,37976.32
05-11-2024,37977.55
06-11-2024,37978.77
07-11-2024,37980
08-11-2024,37981.22
09-11-2024,37982.44
10-11-2024,37995.04
11-11-2024,38007.64
12-11-2024,38020.25
13-11-2024,38032.87
14-11-2024,38045.48
15-11-2024,38058.1
16-11-2024,38070.73
17-11-2024,38083.36
18-11-2024,38095.99
19-11-2024,38108.63
20-11-2024,38121.27
21-11-2024,38133.92
22-11-2024,38146.57
23-11-2024,38159.22
24-11-2024,38171.88
25-11-2024,38184.54
26-11-2024,38197.21
27-11-2024,38209.88
28-11-2024,38222.56
29-11-2024,38235.24
30-11-2024,38247.92
01-12-2024,38260.61
02-12-2024,38273.3
03-12-2024,38286
04-12-2024,38298.7
05-12-2024,38311.4
06-12-2024,38324.11
07-12-2024,38336.83
08-12-2024,38349.54
09-12-2024,38362.26
10-12-2024,38364.73
11-12-2024,38367.21
12-12-2024,38369.68
13-12-2024,38372.15
14-12-2024,38374.62
15-12-2024,38377.1
16-12-2024,38379.57
17-12-2024,38382.05
18-12-2024,38384.52
19-12-2024,38386.99
20-12-2024,38389.47
21-12-2024,38391.94
22-12-2024,38394.42
23-12-2024,38396.89
24-12-2024,38399.37
25-12-2024,38401.84
26-12-2024,38404.32
27-12-2024,38406.79
28-12-2024,38409.27
29-12-2024,38411.74
30-12-2024,38414.22
31-12-2024,38416.69
01-01-2025,38419.17
02-01-2025,38421.65
03-01-2025,38424.12
04-01-2025,38426.6
05-01-2025,38429.08
06-01-2025,38431.55
07-01-2025,38434.03
08-01-2025,38436.51
09-01-2025,38438.98
10-01-2025,38436.5
11-01-2025,38434.02
12-01-2025,38431.53
13-01-2025,38429.05
14-01-2025,38426.57
15-01-2025,38424.09
16-01-2025,38421.61
17-01-2025,38419.13
18-01-2025,38416.64
19-01-2025,38414.16
20-01-2025,38411.68
21-01-2025,38409.2
22-01-2025,38406.72
23-01-2025,38404.24
24-01-2025,38401.76
25-01-2025,38399.28
26-01-2025,38396.8
27-01-2025,38394.32
28-01-2025,38391.84
29-01-2025,38389.36
30-01-2025,38386.88
31-01-2025,38384.41
01-02-2025,38381.93
02-02-2025,38379.45
03-02-2025,38376.97
04-02-2025,38374.49
05-02-2025,38372.01
06-02-2025,38369.54
07-02-2025,38367.06
08-02-2025,38364.58
09-02-2025,38362.1
10-02-2025,38377.09
11-02-2025,38392.09
12-02-2025,38407.09
13-02-2025,38422.1
14-02-2025,38437.12
15-02-2025,38452.14
16-02-2025,38467.16
17-02-2025,38482.2
18-02-2025,38497.23
19-02-2025,38512.28
20-02-2025,38527.33
21-02-2025,38542.38
22-02-2025,38557.45
23-02-2025,38572.51
24-02-2025,38587.59
25-02-2025,38602.67
26-02-2025,38617.75
27-02-2025,38632.84
28-02-2025,38647.94
01-03-2025,38663.05
02-03-2025,38678.15
03-03-2025,38693.27
04-03-2025,38708.39
05-03-2025,38723.52
06-03-2025,38738.65
07-03-2025,38753.79
08-03-2025,38768.93
09-03-2025,38784.08
10-03-2025,38789.07
11-03-2025,38794.07
12-03-2025,38799.07
13-03-2025,38804.06
14-03-2025,38809.06
15-03-2025,38814.06
16-03-2025,38819.06
17-03-2025,38824.06
18-03-2025,38829.06
19-03-2025,38834.06
20-03-2025,38839.06
21-03-2025,38844.06
22-03-2025,38849.06
23-03-2025,38854.06
24-03-2025,38859.07
25-03-2025,38864.07
26-03-2025,38869.08
27-03-2025,38874.08
28-03-2025,38879.09
29-03-2025,38884.1
30-03-2025,38889.1
31-03-2025,38894.11
01-04-2025,38899.12
02-04-2025,38904.13
03-04-2025,38909.14
04-04-2025,38914.15
05-04-2025,38919.16
06-04-2025,38924.18
07-04-2025,38929.19
08-04-2025,38934.2
09-04-2025,38939.22
10-04-2025,38945.69
11-04-2025,38952.17
12-04-2025,38958.65
13-04-2025,38965.12
14-04-2025,38971.6
15-04-2025,38978.08
16-04-2025,38984.56
17-04-2025,38991.04
18-04-2025,38997.53
19-04-2025,39004.01
20-04-2025,39010.5
21-04-2025,39016.98
22-04-2025,39023.47
23-04-2025,39029.96
24-04-2025,39036.45
25-04-2025,39042.94
26-04-2025,39049.43
27-04-2025,39055.92
28-04-2025,39062.41
29-04-2025,39068.91
30-04-2025,39075.41
01-05-2025,39081.9
02-05-2025,39088.4
03-05-2025,39094.9
04-05-2025,39101.4
05-05-2025,39107.9
06-05-2025,39114.4
07-05-2025,39120.91
08-05-2025,39127.41
09-05-2025,39133.92
10-05-2025,39136.44
11-05-2025,39138.96
12-05-2025,39141.49
13-05-2025,39144.01
14-05-2025,39146.53
15-05-2025,39149.06
16-05-2025,39151.58
17-05-2025,39154.1
18-05-2025,39156.63
19-05-2025,39159.15
20-05-2025,39161.67
21-05-2025,39164.2
22-05-2025,39166.72
23-05-2025,39169.25
24-05-2025,39171.77
25-05-2025,39174.3
26-05-2025,39176.82
27-05-2025,39179.35
28-05-2025,39181.87
29-05-2025,39184.4
30-05-2025,39186.92
31-05-2025,39189.45
01-06-2025,39191.97
02-06-2025,39194.5
03-06-2025,39197.03
04-06-2025,39199.55
05-06-2025,39202.08
06-06-2025,39204.61
07-06-2025,39207.13
08-06-2025,39209.66
09-06-2025,39212.19
10-06-2025,39214.8
11-06-2025,39217.41
12-06-2025,39220.03
13-06-2025,39222.64
14-06-2025,39225.25
15-06-2025,39227.86
16-06-2025,39230.48
17-06-2025,39233.09
18-06-2025,39235.7
19-06-2025,39238.31
20-06-2025,39240.93
21-06-2025,39243.54
22-06-2025,39246.15
23-06-2025,39248.77
24-06-2025,39251.38
25-06-2025,39254
26-06-2025,39256.61
27-06-2025,39259.23
28-06-2025,39261.84
29-06-2025,39264.46
30-06-2025,39267.07
01-07-2025,39269.69
02-07-2025,39272.3
03-07-2025,39274.92
04-07-2025,39277.53
05-07-2025,39280.15
06-07-2025,39282.76
07-07-2025,39285.38
08-07-2025,39288
09-07-2025,39290.61
10-07-2025,39285.53
11-07-2025,39280.45
12-07-2025,39275.37
13-07-2025,39270.3
14-07-2025,39265.22
15-07-2025,39260.14
16-07-2025,39255.07
17-07-2025,39249.99
18-07-2025,39244.92
19-07-2025,39239.84
20-07-2025,39234.77
21-07-2025,39229.7
22-07-2025,39224.63
23-07-2025,39219.56
24-07-2025,39214.48
25-07-2025,39209.42
26-07-2025,39204.35
27-07-2025,39199.28
28-07-2025,39194.21
29-07-2025,39189.14
30-07-2025,39184.08
31-07-2025,39179.01
01-08-2025,39173.95
02-08-2025,39168.88
03-08-2025,39163.82
04-08-2025,39158.75
05-08-2025,39153.69
06-08-2025,39148.63
07-08-2025,39143.57
08-08-2025,39138.51
09-08-2025,39133.45
10-08-2025,39144.76
11-08-2025,39156.08
12-08-2025,39167.4
13-08-2025,39178.72
14-08-2025,39190.04
15-08-2025,39201.37
16-08-2025,39212.7
17-08-2025,39224.04
18-08-2025,39235.38
19-08-2025,39246.72
20-08-2025,39258.06
21-08-2025,39269.41
22-08-2025,39280.76
23-08-2025,39292.12
24-08-2025,39303.48
25-08-2025,39314.84
26-08-2025,39326.2
27-08-2025,39337.57
28-08-2025,39348.94
29-08-2025,39360.32
30-08-2025,39371.69
31-08-2025,39383.07
01-09-2025,39394.46
02-09-2025,39405.85
03-09-2025,39417.24
04-09-2025,39428.63
05-09-2025,39440.03
06-09-2025,39451.43
07-09-2025,39462.83
08-09-2025,39474.24
09-09-2025,39485.65
10-09-2025,39485.65
11-09-2025,39485.65
12-09-2025,39485.65
13-09-2025,39485.65
14-09-2025,39485.65
15-09-2025,39485.65
16-09-2025,39485.65
17-09-2025,39485.65
18-09-2025,39485.65
19-09-2025,39485.65
20-09-2025,39485.65
21-09-2025,39485.65
22-09-2025,39485.65
23-09-2025,39485.65
24-09-2025,39485.65
25-09-2025,39485.65
26-09-2025,39485.65
27-09-2025,39485.65
28-09-2025,39485.65
29-09-2025,39485.65
30-09-2025,39485.65
01-10-2025,39485.65
02-10-2025,39485.65
03-10-2025,39485.65
04-10-2025,39485.65
05-10-2025,39485.65
06-10-2025,39485.65
07-10-2025,39485.65
08-10-2025,39485.65
09-10-2025,39485.65
10-10-2025,39490.74
11-10-2025,39495.82
12-10-2025,39500.91
13-10-2025,39505.99
14-10-2025,39511.08
15-10-2025,39516.17
16-10-2025,39521.26
17-10-2025,39526.35
18-10-2025,39531.44
19-10-2025,39536.53
20-10-2025,39541.62
21-10-2025,39546.71
22-10-2025,39551.81
23-10-2025,39556.9
24-10-2025,39562
25-10-2025,39567.09
26-10-2025,39572.19
27-10-2025,39577.28
28-10-2025,39582.38
29-10-2025,39587.48
30-10-2025,39592.57
31-10-2025,39597.67
01-11-2025,39602.77
02-11-2025,39607.87
03-11-2025,39612.97
04-11-2025,39618.08
05-11-2025,39623.18
06-11-2025,39628.28
07-11-2025,39633.38
08-11-2025,39638.49
09-11-2025,39643.59
10-11-2025,39643.59
11-11-2025,39643.59
12-11-2025,39643.59
13-11-2025,39643.59
14-11-2025,39643.59
15-11-2025,39643.59
16-11-2025,39643.59
17-11-2025,39643.59
18-11-2025,39643.59
19-11-2025,39643.59
20-11-2025,39643.59
21-11-2025,39643.59
22-11-2025,39643.59
23-11-2025,39643.59
24-11-2025,39643.59
25-11-2025,39643.59
26-11-2025,39643.59
27-11-2025,39643.59
28-11-2025,39643.59
29-11-2025,39643.59
30-11-2025,39643.59
01-12-2025,39643.59
02-12-2025,39643.59
03-12-2025,39643.59
04-12-2025,39643.59
05-12-2025,39643.59
06-12-2025,39643.59
07-12-2025,39643.59
08-12-2025,39643.59
09-12-2025,39643.59
10-12-2025,39647.42
11-12-2025,39651.25
12-12-2025,39655.08
13-12-2025,39658.92
14-12-2025,39662.75
15-12-2025,39666.58
16-12-2025,39670.41
17-12-2025,39674.25
18-12-2025,39678.08
19-12-2025,39681.92
20-12-2025,39685.75
21-12-2025,39689.59
22-12-2025,39693.42
23-12-2025,39697.26
24-12-2025,39701.09
25-12-2025,39704.93
26-12-2025,39708.77
27-12-2025,39712.6
28-12-2025,39716.44
29-12-2025,39720.28
30-12-2025,39724.12
31-12-2025,39727.96
01-01-2026,39731.79
02-01-2026,39735.63
03-01-2026,39739.47
04-01-2026,39743.31
05-01-2026,39747.15
06-01-2026,39751
07-01-2026,39754.84
08-01-2026,39758.68
09-01-2026,39762.52
10-01-2026,39759.95
11-01-2026,39757.38
12-01-2026,39754.82
13-01-2026,39752.25
14-01-2026,39749.68
15-01-2026,39747.12
16-01-2026,39744.55
17-01-2026,39741.98
18-01-2026,39739.42
19-01-2026,39736.85
20-01-2026,39734.28
21-01-2026,39731.72
22-01-2026,39729.15
23-01-2026,39726.59
24-01-2026,39724.02
25-01-2026,39721.45
26-01-2026,39718.89
27-01-2026,39716.32
28-01-2026,39713.76
29-01-2026,39711.2
30-01-2026,39708.63
31-01-2026,39706.07
01-02-2026,39703.5
02-02-2026,39700.94
03-02-2026,39698.37
04-02-2026,39695.81
05-02-2026,39693.25
06-02-2026,39690.68
07-02-2026,39688.12
08-02-2026,39685.56
09-02-2026,39682.99
10-02-2026,39688.65
11-02-2026,39694.31
12-02-2026,39699.97
13-02-2026,39705.63
14-02-2026,39711.29
15-02-2026,39716.95
16-02-2026,39722.61
17-02-2026,39728.28
18-02-2026,39733.94
19-02-2026,39739.61
20-02-2026,39745.27
21-02-2026,39750.94
22-02-2026,39756.61
23-02-2026,39762.28
24-02-2026,39767.95
25-02-2026,39773.62
26-02-2026,39779.29
27-02-2026,39784.96
28-02-2026,39790.63
01-03-2026,39796.31
02-03-2026,39801.98
03-03-2026,39807.65
04-03-2026,39813.33
05-03-2026,39819.01
06-03-2026,39824.68
07-03-2026,39830.36
08-03-2026,39836.04
09-03-2026,39841.72
10-03-2026,39841.72
11-03-2026,39841.72
12-03-2026,39841.72
13-03-2026,39841.72
14-03-2026,39841.72
15-03-2026,39841.72
16-03-2026,39841.72
17-03-2026,39841.72
18-03-2026,39841.72
19-03-2026,39841.72
20-03-2026,39841.72
21-03-2026,39841.72
22-03-2026,39841.72
23-03-2026,39841.72
24-03-2026,39841.72
25-03-2026,39841.72
26-03-2026,39841.72
27-03-2026,39841.72
28-03-2026,39841.72
29-03-2026,39841.72
30-03-2026,39841.72
31-03-2026,39841.72
01-04-2026,39841.72
02-04-2026,39841.72
03-04-2026,39841.72
04-04-2026,39841.72
05-04-2026,39841.72
06-04-2026,39841.72
07-04-2026,39841.72
08-04-2026,39841.72
09-04-2026,39841.72
10-04-2026,39854.94
11-04-2026,39868.16
12-04-2026,39881.38
13-04-2026,39894.61
14-04-2026,39907.85
15-04-2026,39921.09
16-04-2026,39934.33
17-04-2026,39947.58
18-04-2026,39960.83
19-04-2026,39974.09
20-04-2026,39987.35
21-04-2026,40000.61
22-04-2026,40013.88
23-04-2026,40027.15
24-04-2026,40040.43
25-04-2026,40053.72
26-04-2026,40067
27-04-2026,40080.29
28-04-2026,40093.59
29-04-2026,40106.89
30-04-2026,40120.2
01-05-2026,40133.5
02-05-2026,40146.82
03-05-2026,40160.14
04-05-2026,40173.46
05-05-2026,40186.79
06-05-2026,40200.12
07-05-2026,40213.45
08-05-2026,40226.79
09-05-2026,40240.14
10-05-2026,40256.91
11-05-2026,40273.69
12-05-2026,40290.47
13-05-2026,40307.26
14-05-2026,40324.06
15-05-2026,40340.86
16-05-2026,40357.67
17-05-2026,40374.49
18-05-2026,40391.32
19-05-2026,40408.15
20-05-2026,40424.99
21-05-2026,40441.84
22-05-2026,40458.69
23-05-2026,40475.55
24-05-2026,40492.42
25-05-2026,40509.29
26-05-2026,40526.18
27-05-2026,40543.07
28-05-2026,40559.96
29-05-2026,40576.86
30-05-2026,40593.77
31-05-2026,40610.69
01-06-2026,40627.62
02-06-2026,40644.55
03-06-2026,40661.48
04-06-2026,40678.43
05-06-2026,40695.38
06-06-2026,40712.34
07-06-2026,40729.31
08-06-2026,40746.28
09-06-2026,40763.26
10-06-2026,40765.97
11-06-2026,40768.69
12-06-2026,40771.41
13-06-2026,40774.12
14-06-2026,40776.84
15-06-2026,40779.55
16-06-2026,40782.27
17-06-2026,40784.98
18-06-2026,40787.7
19-06-2026,40790.42
20-06-2026,40793.13
21-06-2026,40795.85
22-06-2026,40798.57
23-06-2026,40801.29
24-06-2026,40804
25-06-2026,40806.72
26-06-2026,40809.44
27-06-2026,40812.16
28-06-2026,40814.87
29-06-2026,40817.59
30-06-2026,40820.31
01-07-2026,40823.03
02-07-2026,40825.75
03-07-2026,40828.47
04-07-2026,40831.19
05-07-2026,40833.91
06-07-2026,40836.63
07-07-2026,40839.35
08-07-2026,40842.07
09-07-2026,40844.79
10-07-2026,40844.79
11-07-2026,40844.79
12-07-2026,40844.79
13-07-2026,40844.79
14-07-2026,40844.79
15-07-2026,40844.79
16-07-2026,40844.79
17-07-2026,40844.79
18-07-2026,40844.79
19-07-2026,40844.79
20-07-2026,40844.79
21-07-2026,40844.79
22-07-2026,40844.79
23-07-2026,40844.79
24-07-2026,40844.79
25-07-2026,40844.79
26-07-2026,40844.79
27-07-2026,40844.79
28-07-2026,40844.79
29-07-2026,40844.79
30-07-2026,40844.79
31-07-2026,40844.79
01-08-2026,40844.79
02-08-2026,40844.79
03-08-2026,40844.79
04-08-2026,40844.79
05-08-2026,40844.79
06-08-2026,40844.79
07-08-2026,40844.79
08-08-2026,40844.79
09-08-2026,40844.79
